========================================================================
  STEP NOISE FINDER — SCAN REPORT
========================================================================

Date:       2026-04-22 13:52:26
Folder:     D:/Data/Complete_Runs\HAK04-008B-02L64869w15-205B16a
Files:      32
            - HAK04-008B-02L64869w15-205B16a-OHMX205-UNO256_205_20260403154431_Baseline.tdd
            - HAK04-008B-02L64869w15-205B16a-OHMX205-UNO256_205_20260403154950_Baseline.tdd
            - HAK04-008B-02L64869w15-205B16a-OHMX205-UNO256_205_20260403162311_Baseline.tdd
            - HAK04-008B-02L64869w15-205B16a-OHMX205-UNO256_205_20260403165630_Baseline.tdd
            - HAK04-008B-02L64869w15-205B16a-OHMX205-UNO256_205_20260403172948_Baseline.tdd
            - HAK04-008B-02L64869w15-205B16a-OHMX205-UNO256_205_20260403180307_Baseline.tdd
            - HAK04-008B-02L64869w15-205B16a-OHMX205-UNO256_205_20260403183625_Baseline.tdd
            - HAK04-008B-02L64869w15-205B16a-OHMX205-UNO256_205_20260403190945_Baseline.tdd
            - HAK04-008B-02L64869w15-205B16a-OHMX205-UNO256_205_20260403194304_Baseline.tdd
            - HAK04-008B-02L64869w15-205B16a-OHMX205-UNO256_205_20260403201624_Baseline.tdd
            - HAK04-008B-02L64869w15-205B16a-OHMX205-UNO256_205_20260403204943_Baseline.tdd
            - HAK04-008B-02L64869w15-205B16a-OHMX205-UNO256_205_20260403212301_Baseline.tdd
            - HAK04-008B-02L64869w15-205B16a-OHMX205-UNO256_205_20260403215619_Baseline.tdd
            - HAK04-008B-02L64869w15-205B16a-OHMX205-UNO256_205_20260403222940_Baseline.tdd
            - HAK04-008B-02L64869w15-205B16a-OHMX205-UNO256_205_20260403230259_Baseline.tdd
            - HAK04-008B-02L64869w15-205B16a-OHMX205-UNO256_205_20260403233619_Baseline.tdd
            - HAK04-008B-02L64869w15-205B16a-OHMX205-UNO256_205_20260404000939_Baseline.tdd
            - HAK04-008B-02L64869w15-205B16a-OHMX205-UNO256_205_20260404004257_Baseline.tdd
            - HAK04-008B-02L64869w15-205B16a-OHMX205-UNO256_205_20260404011616_Baseline.tdd
            - HAK04-008B-02L64869w15-205B16a-OHMX205-UNO256_205_20260404014933_Baseline.tdd
            - HAK04-008B-02L64869w15-205B16a-OHMX205-UNO256_205_20260404022250_Baseline.tdd
            - HAK04-008B-02L64869w15-205B16a-OHMX205-UNO256_205_20260404025609_Baseline.tdd
            - HAK04-008B-02L64869w15-205B16a-OHMX205-UNO256_205_20260404032926_Baseline.tdd
            - HAK04-008B-02L64869w15-205B16a-OHMX205-UNO256_205_20260404040242_Baseline.tdd
            - HAK04-008B-02L64869w15-205B16a-OHMX205-UNO256_205_20260404043600_Baseline.tdd
            - HAK04-008B-02L64869w15-205B16a-OHMX205-UNO256_205_20260404050917_Baseline.tdd
            - HAK04-008B-02L64869w15-205B16a-OHMX205-UNO256_205_20260404054234_Baseline.tdd
            - HAK04-008B-02L64869w15-205B16a-OHMX205-UNO256_205_20260404061552_Baseline.tdd
            - HAK04-008B-02L64869w15-205B16a-OHMX205-UNO256_205_20260404064909_Baseline.tdd
            - HAK04-008B-02L64869w15-205B16a-OHMX205-UNO256_205_20260404072227_Baseline.tdd
            - HAK04-008B-02L64869w15-205B16a-OHMX205-UNO256_205_20260404075543_Baseline.tdd
            - HAK04-008B-02L64869w15-205B16a-OHMX205-UNO256_205_20260404082859_Baseline.tdd

Parameters:
  Amplitude  >= 20.0 mV
  Frequency     0.1 - 20.0 Hz
  Periodicity >= 0.4
  Gap merge  <= 30.0 s

========================================================================
  SUMMARY
========================================================================

  Channels with step noise: 4614
  Total segments detected:  10873
  Files with detections:    32

========================================================================
  DETECTIONS
========================================================================

File               Ch    Start      End   Freq      Amp    PreBL   PostBL  Period
---------------------------------------------------------------------------------
20260403154431     22     60.0     75.0   20.0     45.9   1106.5   1104.3   0.764
20260403154431     94     10.0     25.0   20.0     23.5   1008.0   1037.0   0.744
20260403154431     94    100.0    120.0   20.0     86.7   1076.1   1005.6   0.842
20260403154431     95     55.0    110.0   20.0    188.1   1001.2   1001.4   0.802
20260403154431    136      5.0     20.0   20.0     45.9   1018.4   1018.7   0.527
20260403154431    161     20.0     65.0   20.0     35.8    866.7    903.4   0.416
20260403154431    192     40.0     80.0   20.0    135.6   1099.7   1098.8   0.762
20260403154431    223     35.0     50.0   20.0    404.0   1199.2   1197.1   0.800
20260403154950      1     45.0     60.0   20.0     28.3   1159.7   1206.0   0.714
20260403154950      1    755.0    770.0   20.0     93.3   1249.9   1262.7   0.689
20260403154950      1    815.0    830.0   20.0     35.8   1249.6   1255.1   0.660
20260403154950      3   1435.0   1475.0   20.0     28.6   1187.3   1181.2   0.823
20260403154950      3   1655.0   1670.0   20.0     42.2   1184.8   1308.5   0.869
20260403154950      4   1460.0   1480.0   20.0    140.8   1136.5   1136.5   0.874
20260403154950      5    500.0    515.0   20.0     46.0   1133.6   1131.2   0.667
20260403154950      5   1515.0   1585.0   20.0    170.7   1122.6   1125.9   0.869
20260403154950      6    685.0    700.0   20.0     72.0   1139.0   1141.0   0.553
20260403154950      7   1145.0   1160.0   20.0    186.3   1126.7   1127.9   0.778
20260403154950      7   1750.0   1765.0   20.0     46.5   1120.5   1118.5   0.664
20260403154950     10    540.0    595.0   20.0     66.8   1123.2   1309.2   0.846
20260403154950     10    835.0    855.0   20.0     92.9   1472.2   1328.0   0.792
20260403154950     10    890.0    905.0   20.0    176.0   1341.9   1118.0   0.789
20260403154950     12   1630.0   1645.0   20.0     68.5   1116.4   1115.5   0.728
20260403154950     13    235.0    250.0   20.0    162.0   1126.6   1125.6   0.779
20260403154950     13   1435.0   1455.0   20.0    156.1   1115.6   1114.9   0.788
20260403154950     18   1115.0   1205.0   20.0     48.4   1106.3   1277.2   0.792
20260403154950     18   1245.0   1260.0   20.0    139.8   1247.7   1107.4   0.735
20260403154950     21   1775.0   1790.0   20.0     65.7   1070.7   1144.0   0.768
20260403154950     22    335.0    350.0   20.0     52.8   1113.9   1112.2   0.812
20260403154950     26    560.0    575.0   20.0     50.6   1089.1   1089.1   0.696
20260403154950     27    865.0    905.0   20.0    124.1   1091.9   1376.2   0.817
20260403154950     27   1085.0   1100.0   20.0     32.6   1386.8   1398.3   0.807
20260403154950     30    690.0    705.0   20.0     74.0   1084.9   1235.5   0.741
20260403154950     30    785.0    800.0   20.0     52.9   1223.0   1273.5   0.925
20260403154950     30    920.0    975.0   20.0     31.2   1261.7   1312.2   0.893
20260403154950     30   1240.0   1255.0   20.0     40.7   1308.2   1354.5   0.913
20260403154950     30   1325.0   1340.0   20.0     22.4   1358.3   1369.1   0.806
20260403154950     30   1575.0   1630.0   20.0     59.1   1365.8   1391.5   0.777
20260403154950     33   1210.0   1235.0   20.0    213.4   1078.9   1079.4   0.849
20260403154950     34   1655.0   1750.0   20.0     49.6   1071.3   1258.8   0.794
20260403154950     37   1080.0   1095.0   20.0     51.1   1190.6   1205.1   0.628
20260403154950     37   1380.0   1400.0   20.0     39.4   1238.1   1220.7   0.760
20260403154950     38    690.0    705.0   20.0     85.0   1076.8   1077.6   0.772
20260403154950     39    725.0    740.0   20.0    185.4   1049.0   1049.7   0.846
20260403154950     40    685.0    745.0   20.0    124.7   1065.5   1346.5   0.914
20260403154950     40    865.0    905.0   20.0    194.4   1356.8   1061.4   0.805
20260403154950     43    320.0    340.0   20.0    163.2   1067.0   1070.2   0.803
20260403154950     45   1010.0   1025.0   20.0     61.6   1087.3   1073.9   0.733
20260403154950     46    635.0    655.0   20.0     47.5   1063.3   1062.9   0.765
20260403154950     47    540.0    560.0   20.0     54.7   1045.7   1047.6   0.756
20260403154950     48      0.0     15.0   20.0     43.3      0.0    352.8   0.682
20260403154950     48    140.0    155.0   20.0     53.3    358.2    354.9   0.681
20260403154950     48    560.0    575.0   20.0     23.1    349.0    349.2   0.596
20260403154950     48    795.0    810.0   20.0     22.5    349.0    351.7   0.538
20260403154950     48   1135.0   1150.0   20.0     32.2    351.3    347.3   0.550
20260403154950     48   1230.0   1245.0   20.0     46.3    362.7    391.4   0.628
20260403154950     49     95.0    110.0   20.0     52.5   1050.0   1052.5   0.762
20260403154950     53    910.0    925.0   20.0     60.9   1043.9   1044.7   0.635
20260403154950     54    420.0    435.0   20.0     79.3   1055.8   1054.6   0.761
20260403154950     54   1060.0   1100.0   20.0     94.9   1047.1   1046.6   0.802
20260403154950     55   1525.0   1540.0   20.0     21.0   1057.8   1056.5   0.673
20260403154950     59    680.0    695.0   20.0    113.6   1049.3   1049.8   0.785
20260403154950     63   1125.0   1140.0   20.0     80.9   1047.2   1047.8   0.724
20260403154950     63   1365.0   1425.0   20.0     27.1   1047.7   1187.8   0.744
20260403154950     63   1540.0   1560.0   20.0    251.2   1235.1   1045.4   0.899
20260403154950     64    180.0    195.0   20.0     53.6   1013.5   1012.4   0.660
20260403154950     64    865.0    880.0   20.0     37.2   1005.4   1005.7   0.634
20260403154950     68    800.0    815.0   20.0     86.9   1035.6   1035.6   0.602
20260403154950     68    865.0    880.0   20.0     62.0   1036.0   1038.6   0.754
20260403154950     70    400.0    425.0   20.0    190.3   1032.0   1031.4   0.784
20260403154950     72    215.0    235.0   20.0    172.6   1034.6   1035.9   0.827
20260403154950     72    670.0    700.0   20.0    126.0   1030.6   1204.2   0.846
20260403154950     72    940.0    960.0   20.0     65.9   1212.8   1356.8   0.860
20260403154950     72    995.0   1010.0   20.0     31.5   1334.2   1380.2   0.796
20260403154950     72   1190.0   1235.0   20.0     21.8   1385.5   1447.3   0.767
20260403154950     72   1300.0   1315.0   20.0     43.5   1436.9   1482.1   0.800
20260403154950     73    300.0    315.0   20.0     64.3   1047.4   1048.7   0.765
20260403154950     77      0.0     15.0   20.0     80.8      0.0   1021.5   0.570
20260403154950     79   1465.0   1475.0   20.0     21.8   1019.2   1020.6   0.429
20260403154950     80   1465.0   1555.0   20.0    191.4   1018.9   1143.5   0.800
20260403154950     80   1615.0   1630.0   20.0     23.7   1159.3   1135.3   0.538
20260403154950     80   1665.0   1680.0   20.0     23.1   1146.5   1161.3   0.606
20260403154950     80   1735.0   1750.0   20.0     21.8   1156.4   1158.5   0.567
20260403154950     82   1380.0   1395.0   20.0    103.2   1028.6   1026.1   0.806
20260403154950     83   1155.0   1170.0   20.0     69.7   1031.1   1016.7   0.745
20260403154950     83   1390.0   1410.0   20.0    145.3   1016.0   1015.6   0.773
20260403154950     85   1585.0   1600.0   20.0     95.1   1029.1   1028.7   0.760
20260403154950     86    980.0   1030.0   20.0    151.3   1016.8   1017.7   0.829
20260403154950     88   1610.0   1670.0   20.0     51.6   1018.3   1207.0   0.785
20260403154950     88   1725.0   1740.0   20.0     22.3   1223.0   1293.8   0.798
20260403154950     91   1565.0   1590.0   20.0    146.7   1022.1   1012.6   0.769
20260403154950     92    485.0    545.0   20.0    150.4   1005.1   1303.7   0.822
20260403154950     92    660.0    675.0   20.0     26.3   1328.9   1331.4   0.795
20260403154950     92    990.0   1005.0   20.0     25.5   1335.7   1363.8   0.835
20260403154950     93   1385.0   1410.0   20.0    185.3   1018.5   1017.2   0.866
20260403154950     94    810.0    825.0   20.0     25.9   1016.6   1017.6   0.771
20260403154950     96   1150.0   1170.0   20.0     73.1   1023.8   1023.8   0.760
20260403154950     97    950.0    970.0   20.0     33.4   1024.0   1119.9   0.840
20260403154950     97   1025.0   1055.0   20.0    271.4   1285.7   1021.0   0.788
20260403154950     99   1660.0   1685.0   20.0    124.0   1023.4   1024.7   0.769
20260403154950    100    945.0    995.0   20.0     74.5   1008.3   1236.8   0.790
20260403154950    100   1080.0   1190.0   20.0     64.0   1231.8   1244.4   0.756
20260403154950    100   1305.0   1320.0   20.0     22.2   1214.9   1230.7   0.780
20260403154950    100   1520.0   1540.0   20.0     29.2   1233.0   1238.1   0.793
20260403154950    100   1645.0   1710.0   20.0     40.6   1235.9   1313.8   0.918
20260403154950    101    680.0    695.0   20.0     93.4   1016.3   1018.7   0.691
20260403154950    101   1360.0   1375.0   20.0     62.6   1018.1   1172.7   0.911
20260403154950    101   1695.0   1710.0   20.0     20.8   1252.9   1275.9   0.739
20260403154950    102    400.0    435.0   20.0    135.7   1010.8   1011.8   0.769
20260403154950    102    915.0    945.0   20.0    127.8   1008.8   1010.7   0.800
20260403154950    105   1270.0   1285.0   20.0     86.3   1002.3   1005.9   0.771
20260403154950    107   1325.0   1340.0   20.0    126.0   1020.1   1020.3   0.768
20260403154950    111    805.0    845.0   20.0    105.7   1035.3   1038.0   0.776
20260403154950    111   1010.0   1025.0   20.0     23.8   1043.3   1025.4   0.699
20260403154950    111   1350.0   1370.0   20.0     74.0   1020.2   1185.8   0.897
20260403154950    111   1550.0   1560.0   20.0     41.8   1379.1   1229.1   0.594
20260403154950    111   1600.0   1620.0   20.0     40.2   1224.6   1228.1   0.523
20260403154950    111   1690.0   1720.0   20.0    223.7   1295.1   1020.1   0.872
20260403154950    112   1430.0   1445.0   20.0     47.8   1017.8   1014.5   0.736
20260403154950    113    675.0    705.0   20.0    122.9   1002.4   1005.5   0.752
20260403154950    114    355.0    370.0   20.0     33.8   1035.9   1032.4   0.698
20260403154950    114   1220.0   1235.0   20.0    100.2   1029.8   1031.7   0.589
20260403154950    114   1375.0   1390.0   20.0    106.9   1029.8   1030.5   0.733
20260403154950    120    130.0    145.0   20.0     48.4   1025.9   1026.1   0.751
20260403154950    120    920.0   1000.0   20.0     41.9   1016.0   1297.0   0.818
20260403154950    120   1065.0   1085.0   20.0     30.5   1251.5   1245.5   0.641
20260403154950    120   1260.0   1310.0   20.0     37.9   1250.9   1292.4   0.698
20260403154950    120   1635.0   1650.0   20.0     21.4   1335.1   1360.9   0.635
20260403154950    124   1645.0   1660.0   20.0     20.8   1027.3   1012.3   0.611
20260403154950    126   1465.0   1480.0   20.0     92.0   1030.0   1028.8   0.808
20260403154950    128    780.0    820.0   20.0     71.3   1024.6   1216.8   0.817
20260403154950    128    880.0    895.0   20.0     30.4   1264.5   1282.4   0.774
20260403154950    128    975.0    990.0   20.0     32.6   1291.3   1314.3   0.738
20260403154950    128   1105.0   1120.0   20.0     32.3   1328.9   1361.3   0.759
20260403154950    128   1160.0   1175.0   20.0     29.6   1351.6   1388.0   0.830
20260403154950    128   1480.0   1495.0   20.0     21.1   1348.9   1364.8   0.785
20260403154950    128   1690.0   1705.0   20.0     35.1   1400.2   1385.4   0.891
20260403154950    129    740.0    755.0   20.0     65.0   1011.8   1014.4   0.811
20260403154950    130   1580.0   1595.0   20.0    123.8   1025.9   1025.4   0.722
20260403154950    131   1165.0   1180.0   20.0     55.0   1025.8   1024.7   0.809
20260403154950    132    290.0    305.0   20.0     49.6   1027.4   1026.9   0.626
20260403154950    132    980.0    995.0   20.0     46.8   1020.2   1152.7   0.785
20260403154950    132   1045.0   1060.0   20.0     26.1   1160.0   1195.0   0.525
20260403154950    132   1095.0   1120.0   20.0     78.8   1184.9   1197.8   0.508
20260403154950    132   1695.0   1745.0   20.0     23.4   1238.4   1280.2   0.792
20260403154950    134    405.0    500.0   20.0     91.8   1022.6   1021.7   0.824
20260403154950    136    285.0    315.0   20.0     98.0   1034.1   1032.6   0.760
20260403154950    136   1200.0   1215.0   20.0     70.0   1030.7   1105.5   0.769
20260403154950    139    610.0    630.0   20.0     64.5   1018.1   1018.3   0.788
20260403154950    139   1020.0   1035.0   20.0     23.0   1029.8   1034.3   0.602
20260403154950    139   1070.0   1085.0   20.0     26.3   1039.6   1067.0   0.678
20260403154950    139   1180.0   1195.0   20.0     25.9   1088.6   1146.2   0.831
20260403154950    139   1340.0   1355.0   20.0     28.8   1171.2   1159.7   0.729
20260403154950    139   1535.0   1550.0   20.0     31.4   1174.0   1179.7   0.669
20260403154950    141   1225.0   1240.0   20.0    141.9   1032.3   1297.3   0.819
20260403154950    141   1300.0   1315.0   20.0     29.1   1296.5   1322.3   0.808
20260403154950    141   1400.0   1415.0   20.0     26.3   1329.4   1358.4   0.728
20260403154950    143    875.0    890.0   20.0     38.5   1029.4   1027.1   0.798
20260403154950    146    675.0    690.0   20.0     21.9   1032.5   1098.5   0.697
20260403154950    146    735.0    755.0   20.0    122.0   1162.6   1033.5   0.755
20260403154950    146   1195.0   1210.0   20.0     39.3   1043.1   1047.2   0.722
20260403154950    146   1575.0   1595.0   20.0    114.6   1136.3   1041.2   0.837
20260403154950    147    605.0    620.0   20.0    189.4   1049.9   1048.7   0.850
20260403154950    148    795.0    820.0   20.0    110.0   1054.7   1039.9   0.810
20260403154950    148   1560.0   1580.0   20.0     68.0   1047.1   1044.2   0.755
20260403154950    155   1785.0   1800.0   20.0    306.7   1036.3   1653.2   0.864
20260403154950    159    155.0    170.0   20.0     78.2   1053.5   1053.2   0.739
20260403154950    159   1110.0   1130.0   20.0    167.0   1053.1   1051.4   0.879
20260403154950    160    800.0    815.0   20.0     58.4   1061.1   1058.8   0.726
20260403154950    161     70.0     80.0   20.0     48.5    877.4    883.2   0.463
20260403154950    161    155.0    170.0   20.0     49.1    883.3    891.4   0.446
20260403154950    161    225.0    260.0   20.0     54.1    887.8    915.6   0.495
20260403154950    161    305.0    565.0   20.0     41.3    924.3    953.3   0.618
20260403154950    161    710.0    720.0   20.0     78.4    959.7    919.9   0.431
20260403154950    161    925.0    940.0   20.0     42.9    929.3    928.4   0.541
20260403154950    161   1075.0   1140.0   20.0     34.9    916.7    918.3   0.510
20260403154950    161   1180.0   1195.0   20.0     30.1    926.1    930.5   0.417
20260403154950    161   1255.0   1275.0   20.0     30.1    932.9    925.2   0.513
20260403154950    162    140.0    155.0   20.0     83.4   1068.0   1066.9   0.654
20260403154950    162    925.0    940.0   20.0    145.3   1063.0   1062.3   0.699
20260403154950    162   1505.0   1520.0   20.0     38.0   1077.6   1070.5   0.637
20260403154950    163    800.0    825.0   20.0    226.2   1059.9   1056.4   0.901
20260403154950    163   1060.0   1090.0   20.0    128.2   1058.7   1265.2   0.893
20260403154950    163   1130.0   1185.0   20.0     45.1   1266.3   1309.6   0.856
20260403154950    163   1290.0   1305.0   20.0     43.5   1320.0   1348.0   0.687
20260403154950    163   1400.0   1415.0   20.0     22.6   1368.1   1390.6   0.829
20260403154950    164   1675.0   1695.0   20.0    181.6   1060.5   1058.9   0.822
20260403154950    166    405.0    420.0   20.0    233.5   1075.3   1077.2   0.882
20260403154950    167   1380.0   1390.0   20.0     22.6   1062.5   1066.0   0.435
20260403154950    168    455.0    470.0   20.0     23.1   1081.2   1082.8   0.562
20260403154950    171     20.0     35.0   20.0    100.8   1070.9   1073.7   0.657
20260403154950    174   1010.0   1040.0   20.0    225.3   1080.7   1642.1   0.875
20260403154950    174   1415.0   1450.0   20.0     23.2   1658.6   1657.8   0.877
20260403154950    175   1640.0   1655.0   20.0    105.6   1075.1   1075.2   0.677
20260403154950    177    905.0    920.0   20.0     58.7   1088.3   1087.6   0.638
20260403154950    178      0.0     45.0   20.0     30.1      0.0   1283.1   0.841
20260403154950    178    115.0    130.0   20.0    152.5   1284.6   1083.0   0.797
20260403154950    178   1265.0   1280.0   20.0     73.9   1078.3   1075.7   0.780
20260403154950    183    305.0    320.0   20.0     78.8   1102.1   1100.6   0.703
20260403154950    183   1340.0   1365.0   20.0    131.3   1099.3   1100.0   0.779
20260403154950    184     50.0     65.0   20.0    103.1   1102.2   1101.5   0.778
20260403154950    184    940.0    965.0   20.0    171.3   1188.8   1090.7   0.678
20260403154950    185      0.0     15.0   20.0    165.4      0.0   1079.2   0.762
20260403154950    185   1175.0   1190.0   20.0     49.2   1070.0   1068.4   0.676
20260403154950    187    170.0    185.0   20.0    113.5   1098.8   1099.2   0.757
20260403154950    187    365.0    380.0   20.0     56.7   1095.3   1095.0   0.625
20260403154950    187   1730.0   1750.0   20.0    147.3   1090.8   1090.4   0.761
20260403154950    189    615.0    630.0   20.0     75.2   1107.6   1107.6   0.748
20260403154950    190    180.0    195.0   20.0     89.2   1119.8   1283.4   0.840
20260403154950    190    275.0    290.0   20.0     22.1   1366.0   1391.0   0.466
20260403154950    190    325.0    415.0   20.0    149.9   1384.3   1113.1   0.801
20260403154950    190   1075.0   1095.0   20.0    286.5   1114.6   1719.2   0.903
20260403154950    190   1455.0   1470.0   20.0     43.2   1720.2   1703.0   0.909
20260403154950    190   1540.0   1555.0   20.0     49.4   1705.5   1726.1   0.749
20260403154950    191    665.0    680.0   20.0     38.1    978.8    955.6   0.830
20260403154950    191   1755.0   1800.0   20.0     33.6   1028.5   1052.5   0.857
20260403154950    192   1760.0   1780.0   20.0     94.9   1103.3   1103.8   0.761
20260403154950    193    340.0    375.0   20.0     45.3   1119.6   1306.3   0.840
20260403154950    193    625.0    640.0   20.0     90.6   1342.3   1120.7   0.874
20260403154950    194    670.0    685.0   20.0     29.3   1118.4   1157.3   0.679
20260403154950    195   1040.0   1140.0   20.0    145.0   1116.1   1427.2   0.831
20260403154950    195   1410.0   1425.0   20.0     24.9   1438.4   1449.1   0.731
20260403154950    198   1365.0   1385.0   20.0    130.0   1136.4   1358.8   0.829
20260403154950    198   1535.0   1550.0   20.0     21.5   1373.1   1413.0   0.595
20260403154950    198   1600.0   1615.0   20.0     34.5   1434.1   1471.7   0.745
20260403154950    200      5.0     20.0   20.0     33.9   1184.3   1184.0   0.731
20260403154950    203    675.0    690.0   20.0    180.2   1135.2   1135.8   0.831
20260403154950    206      0.0     55.0   20.0    197.9      0.0   1142.5   0.881
20260403154950    208    455.0    475.0   20.0    102.6   1148.0   1149.4   0.760
20260403154950    209   1585.0   1615.0   20.0     92.5   1149.4   1391.4   0.923
20260403154950    210     25.0     40.0   20.0    119.2   1174.2   1171.6   0.801
20260403154950    210   1585.0   1600.0   20.0    108.3   1157.2   1159.5   0.730
20260403154950    211    480.0    495.0   20.0     57.7   1157.5   1156.6   0.664
20260403154950    215    360.0    380.0   20.0    209.6   1176.9   1175.2   0.794
20260403154950    215    525.0    545.0   20.0     89.7   1174.5   1176.9   0.816
20260403154950    217   1340.0   1380.0   20.0     97.7   1183.6   1176.3   0.831
20260403154950    218   1590.0   1600.0   20.0     79.2   1354.0   1161.5   0.576
20260403154950    219    635.0    670.0   20.0    258.0   1181.7   1179.7   0.903
20260403154950    221    450.0    490.0   20.0    189.2   1178.1   1178.6   0.858
20260403154950    221   1610.0   1625.0   20.0     42.4   1167.5   1168.0   0.703
20260403154950    222   1285.0   1300.0   20.0     47.1   1182.8   1180.8   0.746
20260403154950    225    705.0    730.0   20.0     87.7   1191.2   1194.3   0.760
20260403154950    227   1620.0   1635.0   20.0     36.5   1200.8   1197.7   0.475
20260403154950    228   1005.0   1025.0   20.0     61.2   1214.8   1249.9   0.827
20260403154950    228   1635.0   1650.0   20.0     43.6   1266.9   1468.0   0.817
20260403154950    231    975.0    990.0   20.0    260.2   1225.7   1831.8   0.836
20260403154950    231   1070.0   1085.0   20.0     23.0   1855.9   1867.7   0.888
20260403154950    232   1610.0   1635.0   20.0     58.5   1204.5   1327.7   0.816
20260403154950    232   1680.0   1800.0   20.0     75.4   1347.0   1462.6   0.737
20260403154950    233    520.0    535.0   20.0    138.3   1222.7   1219.9   0.698
20260403154950    235    170.0    185.0   20.0     30.3   1243.1   1283.2   0.756
20260403154950    235    220.0    235.0   20.0     27.8   1298.1   1301.0   0.683
20260403154950    235    570.0    590.0   20.0     73.4   1363.8   1330.7   0.778
20260403154950    235    745.0    760.0   20.0     23.4   1350.2   1387.1   0.672
20260403154950    235   1120.0   1135.0   20.0     28.1   1356.5   1361.6   0.466
20260403154950    235   1210.0   1225.0   20.0    186.1   1375.8   1410.2   0.581
20260403154950    235   1375.0   1435.0   20.0     39.1   1382.3   1379.9   0.847
20260403154950    235   1645.0   1660.0   20.0     26.5   1417.7   1438.4   0.747
20260403154950    235   1740.0   1780.0   20.0     83.8   1442.3   1224.7   0.865
20260403154950    236   1595.0   1610.0   20.0    410.5   1240.7   1926.8   0.801
20260403154950    237    670.0    735.0   20.0    128.9   1230.6   1552.5   0.802
20260403154950    237    840.0    855.0   20.0     24.7   1594.6   1618.6   0.676
20260403154950    237   1120.0   1160.0   20.0     45.7   1569.0   1222.8   0.952
20260403154950    238    870.0    890.0   20.0    143.0   1231.8   1230.3   0.815
20260403154950    238   1235.0   1250.0   20.0     38.9   1224.3   1393.0   0.784
20260403154950    238   1300.0   1330.0   20.0    130.3   1330.0   1221.2   0.786
20260403154950    239    615.0    630.0   20.0    157.3   1235.9   1236.3   0.747
20260403154950    239   1605.0   1630.0   20.0    210.4   1236.1   1227.6   0.844
20260403154950    240    265.0    280.0   20.0     41.6   1626.6   1682.3   0.821
20260403154950    240   1430.0   1445.0   20.0     45.6   1734.5   1799.8   0.761
20260403154950    241    995.0   1010.0   20.0    132.8   1258.6   1404.9   0.815
20260403154950    242   1145.0   1160.0   20.0     59.2   1277.3   1266.9   0.776
20260403154950    245    570.0    590.0   20.0    176.5   1281.8   1663.5   0.790
20260403154950    245    630.0    645.0   20.0     33.2   1704.3   1711.0   0.612
20260403154950    245    695.0    710.0   20.0     30.6   1707.7   1717.2   0.827
20260403154950    245    780.0    805.0   20.0     22.9   1740.3   1822.3   0.747
20260403154950    245    930.0    940.0   20.0     32.6   1871.6   1795.0   0.781
20260403154950    245   1055.0   1070.0   20.0     22.1   1806.6   1792.4   0.763
20260403154950    245   1260.0   1275.0   20.0     25.6   1798.5   1787.3   0.624
20260403154950    245   1570.0   1585.0   20.0     22.7   1808.9   1816.9   0.761
20260403154950    245   1660.0   1675.0   20.0     22.2   1793.2   1800.1   0.689
20260403154950    247    565.0    580.0   20.0     70.9   1273.4   1276.9   0.726
20260403154950    247   1260.0   1295.0   20.0    110.0   1266.6   1268.0   0.747
20260403154950    248    450.0    465.0   20.0    104.0   1325.0   1303.7   0.748
20260403154950    248   1690.0   1715.0   20.0    255.1   1294.1   1290.6   0.851
20260403154950    249    730.0    750.0   20.0    192.4   1284.5   1488.9   0.747
20260403154950    249   1070.0   1085.0   20.0     33.3   1517.9   1510.6   0.696
20260403154950    249   1155.0   1170.0   20.0     36.1   1534.8   1549.9   0.700
20260403154950    249   1255.0   1270.0   20.0     58.5   1504.2   1559.0   0.894
20260403154950    250   1675.0   1710.0   20.0    168.2   1299.4   1762.0   0.863
20260403154950    250   1750.0   1800.0   20.0     52.0   1719.8   1879.0   0.839
20260403154950    251   1300.0   1315.0   20.0     23.0   1301.2   1285.6   0.702
20260403154950    253    140.0    155.0   20.0    131.6   1314.9   1314.9   0.694
20260403154950    253    190.0    210.0   20.0    158.7   1313.5   1314.7   0.748
20260403154950    253   1465.0   1490.0   20.0    233.1   1298.6   1301.0   0.775
20260403154950    254     20.0     35.0   20.0     50.4   1317.6   1318.4   0.752
20260403154950    254    590.0    605.0   20.0     88.7   1309.0   1425.3   0.762
20260403154950    254    640.0    690.0   20.0     50.8   1428.2   1468.7   0.820
20260403154950    254   1075.0   1120.0   20.0    141.8   1468.0   1599.3   0.860
20260403154950    254   1370.0   1385.0   20.0     33.4   1672.1   1673.0   0.606
20260403154950    255   1345.0   1405.0   20.0     79.9   1297.1   1648.0   0.894
20260403154950    255   1440.0   1460.0   20.0    131.7   1572.1   1593.7   0.772
20260403154950    255   1545.0   1565.0   20.0    163.5   1684.2   1292.3   0.845
20260403154950    256    830.0    845.0   20.0    122.0   1334.7   1321.8   0.750
20260403154950    256    910.0    990.0   20.0    273.8   1321.3   1320.0   0.873
20260403162311      1     95.0    110.0   20.0     32.1   1158.5   1206.0   0.704
20260403162311      1    160.0    175.0   20.0    195.8   1246.8   1325.2   0.808
20260403162311      2    955.0    985.0   20.0    189.9   1141.2   1140.8   0.799
20260403162311      3    480.0    500.0   20.0     46.7   1130.9   1129.1   0.736
20260403162311      3    570.0    610.0   20.0    104.4   1130.1   1128.1   0.822
20260403162311      4    735.0    750.0   20.0    105.2   1145.3   1320.7   0.819
20260403162311      4    870.0    920.0   20.0     30.3   1352.2   1384.5   0.814
20260403162311      4   1010.0   1025.0   20.0     35.2   1386.7   1393.9   0.701
20260403162311      4   1375.0   1390.0   20.0     24.7   1399.7   1414.1   0.792
20260403162311      4   1675.0   1690.0   20.0     41.2   1430.2   1428.0   0.951
20260403162311      6   1235.0   1250.0   20.0    139.6   1139.2   1331.3   0.809
20260403162311      6   1395.0   1410.0   20.0     66.5   1353.2   1532.1   0.892
20260403162311      7    755.0    770.0   20.0     76.8   1130.5   1131.3   0.615
20260403162311      8     10.0    110.0   20.0    163.1   1144.0   1143.2   0.826
20260403162311     10     35.0     50.0   20.0    172.8   1132.4   1131.8   0.693
20260403162311     11   1565.0   1585.0   20.0    124.0   1116.2   1112.9   0.762
20260403162311     12    905.0    925.0   20.0     67.1   1122.9   1196.0   0.790
20260403162311     12   1455.0   1470.0   20.0     26.5   1197.6   1178.4   0.745
20260403162311     13    715.0    730.0   20.0     99.7   1124.9   1125.0   0.730
20260403162311     13   1780.0   1800.0   20.0     52.0   1112.6   1243.9   0.796
20260403162311     14    675.0    690.0   20.0    100.4    871.3   1126.1   0.826
20260403162311     17    335.0    350.0   20.0    127.6   1107.4   1106.7   0.807
20260403162311     17    405.0    420.0   20.0    139.8   1106.8   1107.4   0.792
20260403162311     18    425.0    440.0   20.0    167.6   1107.7   1462.7   0.843
20260403162311     27    720.0    735.0   20.0     82.7   1097.9   1098.5   0.727
20260403162311     30   1745.0   1755.0   20.0     20.1   1476.0   1478.7   0.449
20260403162311     31    920.0    935.0   20.0     39.9   1085.4   1221.0   0.848
20260403162311     31    990.0   1005.0   20.0    115.1   1253.3   1086.9   0.821
20260403162311     33     15.0     40.0   20.0     26.7   1263.6   1312.4   0.584
20260403162311     33     75.0    110.0   20.0     30.7   1330.3   1318.3   0.767
20260403162311     33    155.0    185.0   20.0    181.2   1323.6   1089.3   0.825
20260403162311     33    690.0    705.0   20.0     45.3   1089.4   1086.8   0.531
20260403162311     37     70.0     85.0   20.0     31.6   1230.3   1353.7   0.760
20260403162311     37    175.0    210.0   20.0     79.2   1407.2   1401.4   0.739
20260403162311     38     10.0     50.0   20.0    163.0   1087.0   1086.8   0.909
20260403162311     39   1105.0   1120.0   20.0     28.6   1051.8   1050.1   0.743
20260403162311     39   1505.0   1530.0   20.0    144.6   1048.8   1048.8   0.792
20260403162311     40   1545.0   1560.0   20.0     72.8   1064.3   1064.6   0.632
20260403162311     41   1445.0   1460.0   20.0    183.3   1057.5   1435.4   0.844
20260403162311     43   1370.0   1390.0   20.0    120.5   1064.7   1064.3   0.855
20260403162311     44   1300.0   1405.0   20.0     78.9   1057.2   1317.2   0.896
20260403162311     44   1440.0   1455.0   20.0     25.5   1297.9   1338.7   0.699
20260403162311     44   1720.0   1735.0   20.0     23.0   1354.0   1378.9   0.722
20260403162311     47    495.0    510.0   20.0     76.5   1051.0   1140.2   0.747
20260403162311     47    695.0    710.0   20.0     44.5   1218.6   1257.4   0.689
20260403162311     48      0.0    415.0   20.0     94.6      0.0    393.2   0.794
20260403162311     48    450.0    595.0   20.0     51.2    372.7    351.3   0.653
20260403162311     48    715.0    765.0   20.0     52.7    347.9    348.1   0.656
20260403162311     48    830.0    860.0   20.0     28.9    348.1    346.6   0.583
20260403162311     48    925.0    955.0   20.0     29.4    359.6    364.5   0.674
20260403162311     48   1040.0   1065.0   20.0     29.0    359.0    372.9   0.566
20260403162311     48   1155.0   1210.0   20.0     30.8    379.9    380.4   0.666
20260403162311     48   1245.0   1265.0   20.0     26.7    380.7    385.8   0.537
20260403162311     48   1305.0   1490.0   20.0     29.4    370.7    394.3   0.693
20260403162311     48   1610.0   1620.0   20.0     26.5    389.6    385.4   0.493
20260403162311     48   1715.0   1785.0   20.0     31.9    384.3    395.3   0.646
20260403162311     50   1505.0   1545.0   18.4     20.8   1040.1   1191.7   0.809
20260403162311     50   1610.0   1625.0   20.0     24.8   1101.5   1091.3   0.695
20260403162311     50   1750.0   1780.0   20.0     48.6   1246.0   1261.5   0.659
20260403162311     51   1500.0   1520.0   20.0     77.0   1042.1   1042.7   0.761
20260403162311     52     75.0    100.0   20.0     69.4   1061.5   1060.5   0.817
20260403162311     53    480.0    495.0   20.0     88.5   1053.1   1053.8   0.779
20260403162311     56   1715.0   1755.0   20.0    205.0   1037.8   1036.8   0.865
20260403162311     58   1275.0   1290.0   20.0     95.4   1055.8   1187.3   0.712
20260403162311     58   1380.0   1395.0   20.0     25.0   1189.2   1239.5   0.695
20260403162311     58   1700.0   1735.0   20.0    120.5   1242.6   1051.3   0.867
20260403162311     63   1465.0   1490.0   20.0    114.6   1047.6   1047.9   0.822
20260403162311     63   1690.0   1740.0   20.0    127.0   1045.9   1050.4   0.734
20260403162311     66    235.0    250.0   20.0     23.3   1051.0   1053.2   0.772
20260403162311     68   1085.0   1105.0   20.0    168.0   1041.1   1041.3   0.811
20260403162311     69   1445.0   1460.0   20.0     90.6   1041.5   1043.1   0.819
20260403162311     70   1325.0   1340.0   20.0     42.9   1033.6   1032.1   0.497
20260403162311     76     50.0     65.0   20.0     48.0   1057.2   1056.4   0.713
20260403162311     77    445.0    470.0   20.0    116.8   1056.8   1020.0   0.857
20260403162311     78      5.0     25.0   20.0     22.4   1537.5   1571.4   0.547
20260403162311     78    195.0    210.0   20.0     21.5   1606.5   1610.3   0.510
20260403162311     78    455.0    490.0   20.0     23.8   1610.7   1616.5   0.564
20260403162311     78    555.0    670.0   20.0    101.7   1622.2   1626.1   0.849
20260403162311     78    810.0    825.0   20.0     30.8   1649.7   1647.1   0.826
20260403162311     79    350.0    365.0   20.0     55.7   1027.3   1028.4   0.758
20260403162311     86    360.0    375.0   20.0     81.8   1024.9   1025.2   0.744
20260403162311     87    150.0    165.0   20.0    183.1   1028.2   1404.7   0.892
20260403162311     88   1285.0   1300.0   20.0     56.7   1021.4   1021.5   0.757
20260403162311     92   1255.0   1270.0   20.0     57.3   1005.6   1004.1   0.810
20260403162311     93    180.0    210.0   20.0    133.1   1026.3   1028.6   0.773
20260403162311     93    935.0    985.0   20.0    199.3   1024.2   1026.9   0.859
20260403162311     95    945.0    960.0   20.0     90.3   1015.1   1208.1   0.833
20260403162311     95   1360.0   1375.0   20.0     29.5   1263.0   1285.7   0.786
20260403162311     96    990.0   1005.0   20.0    100.1   1027.6   1026.3   0.442
20260403162311     97   1000.0   1015.0   20.0    163.7   1027.0   1320.2   0.800
20260403162311     97   1075.0   1090.0   20.0     49.6   1267.7   1278.4   0.623
20260403162311     97   1675.0   1690.0   20.0     29.7   1273.2   1293.1   0.742
20260403162311     99   1210.0   1225.0   20.0     87.2   1026.5   1027.4   0.739
20260403162311    104   1660.0   1680.0   20.0     72.6   1027.3   1026.3   0.780
20260403162311    105     45.0     60.0   20.0     33.3   1010.1   1056.7   0.769
20260403162311    105     95.0    110.0   20.0     65.9   1083.6   1011.3   0.725
20260403162311    106   1300.0   1320.0   20.0    230.4   1010.1   1009.9   0.843
20260403162311    109   1270.0   1335.0   20.0     63.2   1007.1   1302.5   0.927
20260403162311    109   1450.0   1465.0   20.0     21.7   1325.0   1392.1   0.770
20260403162311    110   1205.0   1220.0   20.0     64.7   1012.2   1020.9   0.609
20260403162311    111   1660.0   1720.0   20.0    215.1   1020.9   1026.2   0.821
20260403162311    111   1770.0   1785.0   20.0     55.9   1020.6   1021.0   0.812
20260403162311    114    155.0    190.0   20.0     48.0   1040.3   1231.2   0.804
20260403162311    114    270.0    285.0   20.0    164.7   1254.8   1039.3   0.790
20260403162311    117    165.0    210.0   20.0    307.8   1021.4   1020.3   0.884
20260403162311    117   1080.0   1100.0   20.0     95.7   1016.1   1016.6   0.830
20260403162311    117   1595.0   1685.0   20.0     61.2   1014.2   1162.5   0.828
20260403162311    118   1175.0   1190.0   20.0     88.8   1034.7   1191.4   0.807
20260403162311    118   1415.0   1430.0   20.0     39.3   1359.7   1407.3   0.831
20260403162311    119   1540.0   1595.0   20.0     52.5   1019.8   1015.8   0.738
20260403162311    120     20.0     40.0   20.0     22.3   1298.0   1254.9   0.636
20260403162311    120    920.0    935.0   20.0     40.0   1438.7   1456.8   0.720
20260403162311    120   1420.0   1435.0   20.0     35.0   1463.7   1486.4   0.805
20260403162311    121   1730.0   1785.0   20.0     67.6   1023.7   1284.5   0.887
20260403162311    125    400.0    420.0   20.0    133.6   1022.7   1021.0   0.857
20260403162311    125   1670.0   1690.0   20.0     83.0   1015.0   1015.7   0.867
20260403162311    127    295.0    310.0   20.0     73.6   1031.1   1030.2   0.662
20260403162311    127   1785.0   1800.0   20.0    150.1   1021.1   1021.1   0.862
20260403162311    129    840.0    855.0   20.0     66.5   1015.3   1016.7   0.728
20260403162311    129   1370.0   1390.0   20.0    124.0   1013.4   1013.9   0.804
20260403162311    134   1160.0   1175.0   20.0     49.6   1024.9   1024.3   0.605
20260403162311    135   1595.0   1620.0   20.0     85.6   1028.1   1028.3   0.827
20260403162311    136    265.0    275.0   20.0     55.5   1318.1   1328.1   0.406
20260403162311    136    315.0    330.0   20.0     41.3   1371.1   1352.2   0.772
20260403162311    136    410.0    425.0   20.0    105.5   1374.5   1384.7   0.645
20260403162311    136    600.0    615.0   20.0     21.5   1424.7   1463.2   0.679
20260403162311    136    655.0    995.0   20.0     98.4   1479.1   1491.8   0.857
20260403162311    136   1370.0   1385.0   20.0     20.7   1427.9   1432.0   0.544
20260403162311    137    920.0    935.0   20.0     26.0   1039.3   1037.5   0.708
20260403162311    137   1725.0   1740.0   20.0     27.3   1030.7   1033.1   0.498
20260403162311    139    750.0    765.0   20.0     98.1   1024.1   1020.8   0.746
20260403162311    140    795.0    880.0   20.0     89.7   1035.3   1319.1   0.867
20260403162311    140    950.0    960.0   20.0     20.2   1308.1   1350.2   0.883
20260403162311    141    270.0    285.0   20.0    170.9   1041.0   1040.0   0.704
20260403162311    141    445.0    465.0   20.0    199.5   1042.1   1037.9   0.791
20260403162311    141    520.0    535.0   20.0    100.0   1037.5   1037.7   0.696
20260403162311    141    620.0    640.0   20.0    151.5   1035.9   1300.0   0.818
20260403162311    141    820.0    835.0   20.0     98.2   1264.9   1033.5   0.880
20260403162311    142     35.0     80.0   20.0    171.0   1033.7   1033.8   0.858
20260403162311    143   1465.0   1480.0   20.0    101.7   1029.6   1030.6   0.827
20260403162311    145    200.0    215.0   20.0     29.0   1053.9   1052.2   0.433
20260403162311    147    425.0    440.0   20.0     89.8   1049.6   1049.2   0.695
20260403162311    150    750.0    760.0   20.0     81.1    475.7    475.0   0.436
20260403162311    151    660.0    675.0   20.0     76.5   1057.0   1056.6   0.790
20260403162311    151   1355.0   1370.0   20.0     32.1   1054.7   1055.1   0.752
20260403162311    152    365.0    380.0   20.0     50.5   1085.4   1046.5   0.802
20260403162311    154    510.0    525.0   20.0     56.0   1045.6   1044.5   0.733
20260403162311    154   1700.0   1725.0   20.0    150.9   1040.3   1041.0   0.749
20260403162311    161    105.0    115.0   20.0     35.5    887.2    877.7   0.410
20260403162311    161    200.0    210.0   20.0     36.8    876.3    866.4   0.411
20260403162311    161    475.0    495.0   20.0     31.3    880.4    883.6   0.507
20260403162311    161   1525.0   1540.0   20.0     36.6    916.0    924.1   0.438
20260403162311    163   1060.0   1070.0   20.0     57.7   1062.5   1164.7   0.424
20260403162311    164    380.0    395.0   20.0     74.8   1064.3   1242.6   0.903
20260403162311    164    975.0    990.0   20.0     23.3   1280.6   1293.3   0.741
20260403162311    165   1005.0   1020.0   20.0     44.2   1060.8   1062.4   0.556
20260403162311    165   1720.0   1750.0   20.0    247.2   1059.7   1058.7   0.878
20260403162311    166   1060.0   1095.0   20.0     42.9   1077.5   1077.9   0.804
20260403162311    166   1540.0   1565.0   20.0     82.9   1073.4   1072.8   0.810
20260403162311    168   1715.0   1755.0   20.0    177.2   1093.9   1483.9   0.755
20260403162311    170   1775.0   1795.0   20.0     82.9   1048.2   1051.3   0.858
20260403162311    173    595.0    610.0   20.0     82.9   1063.8   1063.8   0.756
20260403162311    175    660.0    685.0   20.0    180.8   1083.7   1083.8   0.779
20260403162311    176     80.0     95.0   20.0     54.3   1307.4   1380.6   0.660
20260403162311    176    165.0    180.0   20.0    199.2   1314.6   1088.6   0.757
20260403162311    176   1260.0   1305.0   20.0    127.0   1082.7   1086.1   0.772
20260403162311    177    905.0    920.0   20.0     26.1   1091.7   1088.9   0.507
20260403162311    179   1310.0   1340.0   20.0    227.7   1078.1   1081.5   0.884
20260403162311    182    430.0    450.0   20.0    158.9   1104.8   1104.2   0.908
20260403162311    183    140.0    175.0   20.0     37.3   1105.2   1257.1   0.774
20260403162311    183    695.0    710.0   20.0     20.7   1379.1   1389.1   0.670
20260403162311    183   1160.0   1175.0   20.0     29.8   1360.4   1359.2   0.577
20260403162311    184     75.0    110.0   20.0    142.2   1103.1   1410.6   0.879
20260403162311    184    235.0    250.0   20.0     27.9   1389.1   1444.4   0.734
20260403162311    185      5.0     25.0   20.0    130.1   1076.9   1078.6   0.858
20260403162311    185    955.0    970.0   20.0    105.7   1083.3   1276.1   0.890
20260403162311    188   1385.0   1400.0   20.0     22.9   1105.6   1105.2   0.755
20260403162311    189    270.0    285.0   20.0     22.4   1115.0   1113.7   0.412
20260403162311    190    370.0    440.0   20.0    125.6   1121.4   1430.9   0.808
20260403162311    190   1395.0   1410.0   20.0     33.8   1475.2   1490.0   0.754
20260403162311    191   1570.0   1585.0   20.0     35.8    945.2   1033.5   0.905
20260403162311    194    630.0    645.0   20.0     82.6   1127.6   1123.2   0.734
20260403162311    194   1605.0   1700.0   20.0    210.7   1115.5   1755.8   0.864
20260403162311    197    780.0    795.0   20.0     73.9   1145.8   1142.5   0.734
20260403162311    200    185.0    205.0   20.0     75.9   1126.7   1127.3   0.706
20260403162311    200    935.0    975.0   20.0    195.5   1124.8   1131.2   0.852
20260403162311    203   1545.0   1565.0   20.0    192.6   1131.3   1129.4   0.822
20260403162311    204   1525.0   1560.0   20.0    178.5   1129.8   1129.9   0.854
20260403162311    206     60.0    105.0   20.0    209.3   1142.9   1143.7   0.873
20260403162311    207    200.0    220.0   20.0     64.1   1165.6   1420.6   0.846
20260403162311    207    690.0    730.0   20.0    116.5   1425.6   1154.8   0.882
20260403162311    210   1735.0   1750.0   20.0    137.4   1157.6   1157.1   0.714
20260403162311    213   1530.0   1590.0   20.0    165.6   1158.6   1156.6   0.780
20260403162311    214    270.0    285.0   20.0     35.3   1165.5   1164.6   0.637
20260403162311    214    985.0   1000.0   20.0     73.0   1163.5   1165.6   0.604
20260403162311    215      0.0     20.0   20.0    317.5      0.0   1178.1   0.806
20260403162311    217   1035.0   1050.0   20.0     98.6   1180.0   1179.1   0.806
20260403162311    217   1710.0   1725.0   20.0     74.5   1172.5   1286.2   0.767
20260403162311    219   1610.0   1625.0   20.0    102.5   1178.1   1179.5   0.633
20260403162311    220    685.0    700.0   20.0     96.6   1188.5   1298.5   0.764
20260403162311    220    745.0    760.0   20.0     33.8   1324.5   1318.0   0.592
20260403162311    220    795.0    820.0   20.0     31.0   1319.5   1305.9   0.571
20260403162311    220    885.0    900.0   20.0     33.9   1306.7   1392.5   0.747
20260403162311    220    950.0    965.0   20.0     31.2   1395.4   1414.4   0.626
20260403162311    220   1020.0   1040.0   20.0     71.7   1426.3   1304.9   0.807
20260403162311    220   1210.0   1225.0   20.0     25.1   1321.1   1322.7   0.637
20260403162311    220   1455.0   1470.0   20.0     22.8   1345.1   1350.3   0.689
20260403162311    220   1765.0   1790.0   20.0    198.4   1476.4   1440.0   0.784
20260403162311    221     40.0     60.0   20.0    197.2   1180.2   1181.4   0.814
20260403162311    221   1440.0   1460.0   20.0    115.6   1169.2   1167.7   0.837
20260403162311    221   1505.0   1530.0   20.0    159.4   1168.8   1169.5   0.832
20260403162311    223   1035.0   1050.0   20.0     51.4   1206.0   1205.7   0.696
20260403162311    224    440.0    460.0   20.0     44.4   1197.7   1196.3   0.771
20260403162311    224    645.0    660.0   20.0    106.9   1194.2   1194.6   0.768
20260403162311    225    960.0    975.0   20.0     60.2   1195.6   1192.7   0.747
20260403162311    226   1045.0   1055.0   16.7     33.4   1077.5   1112.9   0.443
20260403162311    227     95.0    120.0   20.0    145.8   1208.1   1208.8   0.811
20260403162311    227    815.0    840.0   20.0    226.3   1199.7   1201.3   0.890
20260403162311    231    455.0    470.0   20.0     61.5   1230.4   1230.7   0.742
20260403162311    232    620.0    640.0   20.0    109.8   1214.6   1214.6   0.801
20260403162311    232   1075.0   1095.0   20.0     97.9   1222.9   1209.5   0.827
20260403162311    232   1600.0   1620.0   20.0     70.4   1207.4   1319.4   0.815
20260403162311    232   1670.0   1740.0   20.0     26.8   1317.9   1318.1   0.614
20260403162311    234    750.0    770.0   20.0    126.2   1233.5   1236.9   0.764
20260403162311    235    185.0    200.0   20.0     40.8   1246.1   1243.7   0.770
20260403162311    235    410.0    430.0   20.0    192.8   1241.4   1240.4   0.923
20260403162311    236    725.0    750.0   20.0    196.5   1235.4   1235.7   0.842
20260403162311    236    815.0    910.0   20.0    131.9   1238.0   1842.0   0.922
20260403162311    236   1300.0   1390.0   20.0    123.0   1915.7   1881.5   0.889
20260403162311    237    490.0    505.0   20.0    140.2   1235.3   1450.9   0.865
20260403162311    237    750.0    765.0   20.0     35.8   1558.8   1614.5   0.810
20260403162311    237    955.0    970.0   20.0     39.6   1644.3   1687.9   0.820
20260403162311    237   1110.0   1135.0   20.0     93.0   1595.8   1526.6   0.806
20260403162311    237   1200.0   1215.0   20.0     40.3   1550.7   1563.9   0.919
20260403162311    237   1300.0   1335.0   20.0     81.0   1528.9   1218.8   0.927
20260403162311    242     95.0    110.0   20.0    106.2   1275.2   1593.2   0.804
20260403162311    242    255.0    295.0   20.0    117.8   1650.1   1717.2   0.687
20260403162311    242    330.0    340.0   20.0     21.6   1715.6   1727.2   0.409
20260403162311    242    445.0    465.0   20.0    256.7   1750.3   1269.8   0.868
20260403162311    242   1060.0   1075.0   20.0     21.6   1270.2   1320.3   0.735
20260403162311    242   1315.0   1330.0   20.0     23.6   1371.9   1335.5   0.650
20260403162311    242   1370.0   1385.0   20.0     29.0   1331.4   1386.5   0.840
20260403162311    243    605.0    635.0   20.0    215.4   1255.5   1254.0   0.820
20260403162311    243   1325.0   1410.0   20.0    221.3   1245.8   1244.8   0.831
20260403162311    246   1045.0   1115.0   20.0     42.9   1278.8   1486.4   0.767
20260403162311    246   1180.0   1280.0   20.0     33.9   1506.1   1567.2   0.638
20260403162311    246   1370.0   1415.0   20.0     37.6   1596.1   1631.4   0.775
20260403162311    248   1500.0   1570.0   20.0    125.6   1289.1   1287.3   0.759
20260403162311    249     45.0     65.0   20.0    122.6   1290.2   1553.0   0.833
20260403162311    249    125.0    225.0   20.0     70.8   1531.7   1681.0   0.872
20260403162311    249    355.0    370.0   20.0     20.9   1704.2   1745.7   0.806
20260403162311    249    950.0    960.0   20.0     21.6   1810.5   1838.3   0.771
20260403162311    250      0.0     10.0   20.0     35.7      0.0   1481.9   0.586
20260403162311    250    105.0    120.0   20.0     34.8   1604.2   1647.1   0.731
20260403162311    250   1055.0   1070.0   20.0     21.5   1789.8   1802.0   0.735
20260403162311    251    460.0    505.0   20.0    230.9   1285.1   1281.3   0.815
20260403162311    252   1080.0   1095.0   20.0    143.8   1301.0   1518.1   0.870
20260403162311    252   1240.0   1255.0   20.0     24.3   1521.6   1567.9   0.817
20260403162311    252   1290.0   1320.0   20.0     50.0   1570.7   1636.2   0.773
20260403162311    253   1390.0   1405.0   20.0    106.4   1296.1   1297.8   0.820
20260403162311    254    510.0    525.0   20.0     42.4   1314.5   1308.5   0.836
20260403162311    254   1010.0   1030.0   20.0    228.0   1304.7   1302.2   0.841
20260403162311    254   1755.0   1775.0   20.0    173.8   1292.8   1677.7   0.836
20260403162311    255    980.0    995.0   20.0    213.3   1305.1   1298.8   0.787
20260403162311    255   1300.0   1390.0   20.0    163.4   1296.8   1293.9   0.847
20260403165630      1    840.0    855.0   20.0     58.2   1158.0   1159.1   0.749
20260403165630      3     60.0     75.0   20.0     56.3   1135.9   1410.8   0.895
20260403165630      3    135.0    150.0   20.0    280.3   1429.9   1131.8   0.796
20260403165630      6     10.0     25.0   20.0     84.3   1152.1   1151.9   0.647
20260403165630      7   1215.0   1275.0   20.0     78.2   1127.2   1334.2   0.852
20260403165630      7   1385.0   1400.0   20.0     28.5   1409.9   1429.6   0.530
20260403165630      7   1460.0   1545.0   20.0     92.1   1424.9   1121.4   0.891
20260403165630     10   1520.0   1570.0   20.0    116.3   1116.5   1116.0   0.877
20260403165630     11    480.0    495.0   20.0     83.2   1122.0   1124.8   0.794
20260403165630     11    645.0    660.0   20.0    111.5   1122.3   1124.6   0.745
20260403165630     12    530.0    545.0   20.0    125.2   1126.2   1123.6   0.768
20260403165630     14    905.0    935.0   20.0     39.0    864.2    900.1   0.821
20260403165630     17    290.0    305.0   20.0    105.3   1110.0   1109.1   0.780
20260403165630     18    675.0    745.0   20.0    172.6   1135.6   1113.0   0.796
20260403165630     18    920.0    945.0   20.0     67.3   1113.1   1110.7   0.859
20260403165630     18   1080.0   1130.0   20.0    227.2   1108.4   1105.4   0.881
20260403165630     18   1265.0   1285.0   20.0    168.0   1106.2   1103.3   0.778
20260403165630     18   1410.0   1425.0   20.0     33.3   1102.4   1101.3   0.434
20260403165630     19    310.0    325.0   20.0     70.0   1124.5   1123.9   0.748
20260403165630     20    750.0    765.0   20.0     80.6   1105.4   1104.0   0.775
20260403165630     21   1620.0   1635.0   20.0     20.6   1075.1   1076.5   0.504
20260403165630     22     55.0     95.0   20.0    232.6   1121.4   1120.2   0.889
20260403165630     24    635.0    650.0   20.0     30.3   1099.9   1137.9   0.768
20260403165630     24    735.0    755.0   20.0     61.2   1155.0   1211.3   0.753
20260403165630     24    815.0    845.0   20.0     29.6   1243.6   1260.3   0.604
20260403165630     24    940.0    955.0   20.0    185.7   1252.6   1257.6   0.437
20260403165630     24   1050.0   1070.0   20.0     29.2   1249.4   1249.3   0.755
20260403165630     24   1165.0   1195.0   20.0    142.7   1255.9   1094.6   0.752
20260403165630     25    320.0    360.0   20.0    315.7   1112.2   1111.9   0.869
20260403165630     32    395.0    410.0   20.0     33.4   1094.6   1092.7   0.539
20260403165630     33    620.0    640.0   20.0    181.7   1087.2   1089.0   0.811
20260403165630     35    710.0    725.0   20.0     92.8   1080.9   1080.6   0.784
20260403165630     35   1625.0   1685.0   20.0    106.5   1074.2   1361.0   0.903
20260403165630     38      5.0     70.0   20.0    330.1   1087.6   1087.9   0.871
20260403165630     38   1730.0   1750.0   20.0    135.1   1078.7   1077.5   0.813
20260403165630     39    835.0    850.0   20.0     62.0   1053.9   1232.1   0.873
20260403165630     40   1410.0   1425.0   20.0     25.7   1064.4   1112.3   0.727
20260403165630     40   1530.0   1545.0   20.0     23.6   1118.1   1147.9   0.813
20260403165630     40   1745.0   1765.0   20.0    158.8   1140.8   1190.3   0.835
20260403165630     41    570.0    585.0   20.0    223.7   1062.3   1514.1   0.834
20260403165630     42   1185.0   1265.0   20.0     73.6   1073.5   1333.5   0.789
20260403165630     42   1300.0   1315.0   20.0     58.2   1335.8   1370.2   0.822
20260403165630     42   1440.0   1455.0   20.0     24.6   1382.9   1378.3   0.704
20260403165630     42   1615.0   1630.0   20.0     21.0   1396.1   1406.7   0.638
20260403165630     44   1605.0   1620.0   20.0     52.6   1059.9   1166.6   0.821
20260403165630     44   1760.0   1775.0   20.0     35.3   1202.0   1202.9   0.731
20260403165630     45   1090.0   1230.0   20.0    239.1   1073.5   1322.1   0.891
20260403165630     45   1320.0   1340.0   20.0    288.7   1321.7   1071.3   0.795
20260403165630     46    255.0    280.0   20.0     93.7   1071.8   1071.1   0.790
20260403165630     47   1230.0   1245.0   20.0     29.2   1346.4   1399.4   0.853
20260403165630     48    460.0    480.0   20.0     68.5    359.9    397.5   0.607
20260403165630     48   1145.0   1160.0   20.0     29.8    415.0    412.1   0.479
20260403165630     48   1295.0   1305.0   20.0    109.0    410.2    379.8   0.595
20260403165630     51    735.0    755.0   20.0     64.3   1048.5   1049.5   0.780
20260403165630     52   1105.0   1125.0   20.0    117.6   1056.1   1055.8   0.860
20260403165630     52   1165.0   1210.0   20.0     99.5   1056.7   1324.1   0.849
20260403165630     52   1500.0   1515.0   20.0     58.5   1339.8   1054.5   0.893
20260403165630     53   1170.0   1180.0   20.0     24.8   1049.8   1050.8   0.452
20260403165630     53   1610.0   1630.0   20.0     31.4   1048.4   1046.6   0.779
20260403165630     54   1620.0   1635.0   20.0     72.6   1049.6   1049.6   0.621
20260403165630     55    165.0    180.0   20.0    140.7   1067.9   1066.1   0.827
20260403165630     55    875.0    895.0   20.0    161.6   1061.7   1063.0   0.784
20260403165630     55   1495.0   1515.0   20.0    111.1   1059.1   1058.7   0.794
20260403165630     58    980.0    995.0   20.0     33.0   1061.4   1062.2   0.734
20260403165630     59   1035.0   1065.0   20.0    190.5   1053.7   1049.9   0.806
20260403165630     65    830.0    855.0   20.0    172.3   1038.3   1038.6   0.749
20260403165630     66    125.0    145.0   20.0    121.4   1055.5   1257.9   0.806
20260403165630     66    280.0    295.0   20.0     21.8   1300.1   1334.8   0.812
20260403165630     66    590.0    605.0   20.0     38.5   1355.3   1413.6   0.867
20260403165630     66    985.0   1000.0   20.0     36.7   1307.5   1362.1   0.800
20260403165630     66   1755.0   1770.0   20.0     33.2   1382.3   1411.6   0.783
20260403165630     67    625.0    665.0   20.0    140.6   1035.0   1034.9   0.754
20260403165630     68    825.0    850.0   20.0    100.5   1042.1   1041.8   0.778
20260403165630     68   1140.0   1190.0   20.0     44.7   1040.0   1180.8   0.750
20260403165630     68   1235.0   1345.0   20.0     79.0   1207.3   1218.2   0.779
20260403165630     68   1380.0   1435.0   20.0     70.9   1212.5   1187.7   0.786
20260403165630     69   1360.0   1395.0   20.0     86.2   1045.2   1262.1   0.867
20260403165630     69   1755.0   1770.0   20.0     22.6   1335.0   1358.7   0.714
20260403165630     72    225.0    330.0   20.0    118.9   1045.4   1041.1   0.842
20260403165630     72   1210.0   1230.0   20.0     48.0   1053.6   1151.0   0.748
20260403165630     72   1370.0   1405.0   20.0    100.4   1258.7   1426.4   0.800
20260403165630     73    830.0    845.0   20.0     25.5   1059.5   1235.4   0.861
20260403165630     73    880.0    925.0   20.0    151.6   1250.8   1050.3   0.811
20260403165630     73   1390.0   1430.0   20.0    170.4   1051.0   1048.9   0.883
20260403165630     75   1185.0   1205.0   20.0     73.4   1034.1   1239.2   0.923
20260403165630     76    905.0    955.0   20.0    196.3   1054.7   1052.6   0.887
20260403165630     78    815.0    830.0   20.0     35.4   1393.9   1373.8   0.685
20260403165630     78   1325.0   1340.0   20.0     20.1   1374.6   1371.6   0.793
20260403165630     79    640.0    655.0   20.0     25.5   1028.5   1029.2   0.581
20260403165630     80   1685.0   1700.0   20.0     64.1   1023.5   1022.5   0.643
20260403165630     82   1235.0   1250.0   20.0    100.8   1028.9   1029.9   0.807
20260403165630     82   1740.0   1800.0   20.0     33.7   1025.5   1250.6   0.880
20260403165630     84    800.0    830.0   20.0    117.6   1029.4   1030.1   0.765
20260403165630     85    160.0    175.0   20.0     86.5   1038.4   1041.0   0.748
20260403165630     85    325.0    340.0   20.0     21.8   1038.3   1038.6   0.746
20260403165630     85    805.0    820.0   20.0    102.1   1036.8   1036.2   0.797
20260403165630     85   1275.0   1335.0   20.0    100.6   1039.4   1120.4   0.856
20260403165630     85   1385.0   1450.0   20.0     97.1   1134.8   1299.2   0.854
20260403165630     85   1520.0   1535.0   20.0     32.6   1350.6   1364.0   0.756
20260403165630     86   1190.0   1280.0   20.0    161.7   1023.3   1025.9   0.838
20260403165630     87    910.0    925.0   20.0     39.0   1032.5   1180.6   0.881
20260403165630     87    960.0    975.0   20.0     31.8   1175.9   1151.8   0.468
20260403165630     92     80.0    215.0   20.0     45.9   1013.9   1245.4   0.776
20260403165630     92    325.0    340.0   20.0     35.5   1298.0   1281.7   0.745
20260403165630     92    380.0    395.0   20.0    102.6   1290.6   1011.9   0.870
20260403165630     92   1540.0   1610.0   20.0     87.6   1010.1   1264.3   0.858
20260403165630     93    515.0    530.0   20.0     27.7   1026.8   1077.8   0.723
20260403165630     94   1615.0   1655.0   20.0    167.7   1021.9   1021.9   0.886
20260403165630     95   1210.0   1250.0   20.0    156.6   1016.3   1015.7   0.752
20260403165630     96     10.0     25.0   20.0     96.5   1030.3   1275.9   0.899
20260403165630     96    130.0    140.0   20.0     38.3   1332.1   1312.3   0.402
20260403165630     96    320.0    335.0   20.0     31.6   1387.7   1404.3   0.692
20260403165630     96    585.0    640.0   20.0     26.4   1455.4   1441.4   0.659
20260403165630     96    680.0    800.0   20.0    201.8   1439.3   1466.9   0.880
20260403165630     96   1060.0   1170.0   20.0    164.6   1497.8   1456.0   0.878
20260403165630     97   1220.0   1245.0   20.0     51.8   1027.3   1030.2   0.706
20260403165630     99   1590.0   1650.0   20.0    174.4   1029.7   1029.4   0.834
20260403165630    100    520.0    535.0   20.0     21.3   1360.2   1322.6   0.891
20260403165630    101    145.0    165.0   20.0     46.9   1375.7   1444.1   0.919
20260403165630    101    650.0    665.0   20.0     22.1   1447.9   1523.7   0.864
20260403165630    103    330.0    340.0   20.0     21.2   1024.0   1022.8   0.492
20260403165630    105    250.0    265.0   20.0     75.3   1014.8   1012.8   0.729
20260403165630    106    670.0    690.0   20.0     93.9   1020.2   1018.4   0.798
20260403165630    107   1775.0   1790.0   20.0     63.6   1025.8   1026.0   0.765
20260403165630    108   1180.0   1240.0   20.0     38.3   1034.4   1132.4   0.732
20260403165630    108   1280.0   1295.0   20.0     42.9   1169.8   1208.2   0.771
20260403165630    108   1475.0   1515.0   20.0    112.6   1325.0   1032.2   0.868
20260403165630    110    290.0    320.0   20.0     44.1   1053.1   1256.8   0.889
20260403165630    110    900.0    915.0   20.0     22.4   1312.0   1327.4   0.644
20260403165630    110   1025.0   1070.0   20.0     27.8   1266.7   1241.4   0.626
20260403165630    110   1600.0   1655.0   20.0     38.8   1311.5   1310.4   0.756
20260403165630    115    430.0    450.0   20.0     61.1   1032.6   1266.0   0.814
20260403165630    115    575.0    605.0   20.0    132.7   1348.2   1029.7   0.896
20260403165630    118    235.0    250.0   20.0     21.4   1368.1   1383.6   0.761
20260403165630    118   1690.0   1705.0   20.0     22.4   1469.7   1481.6   0.757
20260403165630    120    280.0    295.0   20.0     27.0   1337.6   1330.3   0.539
20260403165630    122    745.0    760.0   20.0     74.6   1028.5   1026.7   0.607
20260403165630    122    930.0    970.0   20.0     63.5   1025.5   1026.7   0.820
20260403165630    123   1485.0   1505.0   20.0    158.5   1011.1   1011.9   0.857
20260403165630    124    495.0    515.0   20.0    191.4   1024.8   1673.3   0.892
20260403165630    127    620.0    635.0   20.0     23.9   1030.4   1063.3   0.778
20260403165630    127    825.0    840.0   20.0     31.5   1071.2   1136.6   0.771
20260403165630    127    900.0    915.0   20.0     89.2   1153.2   1181.1   0.683
20260403165630    127   1335.0   1350.0   20.0     23.3   1229.2   1254.3   0.764
20260403165630    127   1730.0   1745.0   20.0     31.8   1272.5   1296.4   0.700
20260403165630    130    750.0    815.0   20.0    119.7   1037.0   1034.8   0.825
20260403165630    131      0.0     10.0   20.0    167.8      0.0   1032.5   0.776
20260403165630    131   1560.0   1575.0   20.0    105.2   1030.9   1030.8   0.614
20260403165630    133   1750.0   1770.0   20.0     82.8   1024.5   1024.7   0.776
20260403165630    135    225.0    245.0   20.0    116.4   1037.8   1038.0   0.824
20260403165630    135   1295.0   1310.0   20.0     66.9   1082.1   1032.0   0.784
20260403165630    136    165.0    180.0   20.0     42.0   1320.3   1357.1   0.678
20260403165630    136    250.0    265.0   20.0     60.7   1379.4   1384.7   0.458
20260403165630    136   1760.0   1775.0   20.0     20.5   1449.3   1433.0   0.504
20260403165630    139      0.0     15.0   20.0    118.9      0.0   1027.5   0.627
20260403165630    140   1460.0   1480.0   20.0     62.8   1035.1   1205.5   0.884
20260403165630    140   1580.0   1620.0   20.0     31.0   1226.8   1261.5   0.700
20260403165630    140   1760.0   1775.0   20.0     20.6   1263.0   1279.0   0.674
20260403165630    141     45.0     60.0   20.0    108.8   1040.2   1040.0   0.632
20260403165630    141   1310.0   1365.0   20.0     49.4   1036.7   1140.3   0.751
20260403165630    141   1490.0   1505.0   20.0     54.1   1112.7   1211.7   0.854
20260403165630    141   1655.0   1670.0   20.0     31.3   1292.6   1303.6   0.747
20260403165630    141   1730.0   1745.0   20.0     21.1   1307.5   1312.2   0.630
20260403165630    142    130.0    145.0   20.0     53.5   1037.9   1038.6   0.768
20260403165630    143    185.0    220.0   20.0     61.5   1038.9   1203.5   0.850
20260403165630    143    285.0    295.0   20.0     21.3   1231.9   1274.9   0.404
20260403165630    143    390.0    445.0   20.0    244.8   1258.7   1030.2   0.826
20260403165630    144    985.0   1000.0   20.0     39.2   1062.8   1133.2   0.779
20260403165630    144   1045.0   1060.0   20.0    111.9   1178.9   1061.2   0.806
20260403165630    144   1270.0   1285.0   20.0     82.0   1063.2   1064.9   0.722
20260403165630    146   1425.0   1445.0   20.0     30.8   1039.1   1235.6   0.824
20260403165630    146   1480.0   1495.0   20.0     40.0   1250.5   1252.9   0.593
20260403165630    146   1655.0   1670.0   20.0    102.6   1289.8   1032.0   0.916
20260403165630    147    610.0    630.0   20.0     75.8   1055.4   1056.9   0.808
20260403165630    149    215.0    275.0   20.0    251.9   1042.8   1041.1   0.858
20260403165630    150    235.0    250.0   20.0     82.2    570.8    575.6   0.610
20260403165630    150    295.0    310.0   20.0     92.5    588.8    562.3   0.572
20260403165630    151   1095.0   1110.0   20.0    116.7   1058.5   1059.3   0.760
20260403165630    153    230.0    255.0   20.0    193.5   1065.1   1061.6   0.878
20260403165630    155    940.0    955.0   20.0    120.5   1047.0   1279.9   0.822
20260403165630    155   1250.0   1265.0   20.0     28.1   1414.1   1424.5   0.760
20260403165630    155   1650.0   1665.0   20.0    138.6   1394.8   1467.2   0.694
20260403165630    158     85.0    100.0   20.0     44.0   1049.2   1137.9   0.736
20260403165630    158    135.0    150.0   20.0    109.8   1229.9   1051.3   0.808
20260403165630    159   1640.0   1715.0   20.0    169.9   1056.0   1054.3   0.847
20260403165630    161   1040.0   1050.0   20.0     21.7    939.4    945.5   0.441
20260403165630    161   1270.0   1285.0   20.0     45.5    936.5    930.2   0.530
20260403165630    162    500.0    520.0   20.0     87.4   1071.6   1073.6   0.774
20260403165630    163    355.0    370.0   20.0    119.9   1070.0   1068.3   0.728
20260403165630    164    945.0    975.0   20.0    138.3   1068.9   1070.6   0.866
20260403165630    165     65.0     80.0   20.0    160.2   1064.4   1065.1   0.782
20260403165630    165   1095.0   1115.0   20.0    113.8   1062.2   1061.4   0.804
20260403165630    166   1720.0   1785.0   20.0     31.6   1082.8   1327.7   0.854
20260403165630    167   1400.0   1415.0   20.0     27.4   1070.3   1071.7   0.691
20260403165630    168    135.0    185.0   20.0    105.8   1090.5   1092.3   0.842
20260403165630    169    405.0    415.0   20.0     30.0   1075.7   1294.8   0.800
20260403165630    169   1755.0   1770.0   20.0     39.1   1069.2   1255.8   0.720
20260403165630    171   1555.0   1570.0   20.0     77.9   1066.3   1189.4   0.796
20260403165630    171   1625.0   1640.0   20.0     23.1   1222.3   1238.3   0.523
20260403165630    174    120.0    145.0   20.0    113.8   1093.5   1320.9   0.830
20260403165630    174    450.0    510.0   20.0     43.1   1387.4   1435.1   0.893
20260403165630    174   1285.0   1300.0   20.0    209.8   1454.8   1634.0   0.748
20260403165630    176    250.0    265.0   20.0    129.8   1094.5   1093.0   0.771
20260403165630    176    560.0    575.0   20.0     31.5   1090.3   1090.9   0.693
20260403165630    177   1680.0   1695.0   20.0     89.3   1087.3   1284.7   0.808
20260403165630    178     25.0     70.0   20.0    189.1   1382.3   1086.5   0.820
20260403165630    178   1435.0   1480.0   18.4    107.6   1091.7   1338.7   0.859
20260403165630    178   1780.0   1795.0   20.0     32.5   1263.3   1283.5   0.726
20260403165630    180      0.0     10.0   20.0    119.2      0.0   1099.6   0.752
20260403165630    180   1015.0   1040.0   20.0     77.3   1096.9   1095.2   0.766
20260403165630    181    180.0    195.0   20.0     88.8   1105.5   1106.6   0.745
20260403165630    181   1080.0   1095.0   20.0    127.8   1101.2   1101.1   0.821
20260403165630    184     60.0     75.0   20.0     33.8   1589.9   1593.8   0.799
20260403165630    185    405.0    425.0   20.0     74.0   1082.1   1080.4   0.829
20260403165630    185   1185.0   1295.0   20.0    171.7   1075.4   1073.4   0.819
20260403165630    186    540.0    625.0   20.0    114.8   1102.3   1346.6   0.755
20260403165630    186    680.0    695.0   20.0     25.8   1341.7   1355.0   0.653
20260403165630    186    805.0    815.0   20.0     31.0   1352.7   1375.8   0.417
20260403165630    186    925.0    980.0   20.0     34.5   1394.0   1490.1   0.775
20260403165630    186   1305.0   1320.0   20.0     38.1   1491.9   1527.4   0.715
20260403165630    187     40.0     60.0   20.0    207.9   1342.3   1100.4   0.826
20260403165630    189    795.0    810.0   20.0     68.5   1111.3   1110.9   0.727
20260403165630    189   1270.0   1285.0   20.0     35.9   1109.4   1246.4   0.726
20260403165630    189   1360.0   1370.0   20.0     21.9   1312.0   1301.0   0.505
20260403165630    189   1590.0   1635.0   20.0    155.5   1300.9   1103.1   0.888
20260403165630    190   1055.0   1070.0   20.0     63.0   1120.0   1118.2   0.752
20260403165630    190   1120.0   1135.0   20.0     82.5   1118.4   1116.9   0.828
20260403165630    191    240.0    275.0   20.0     76.7    941.9    941.5   0.797
20260403165630    191   1500.0   1515.0   20.0     20.5    963.6    958.9   0.844
20260403165630    196    745.0    760.0   20.0     45.7   1122.4   1122.3   0.502
20260403165630    197    640.0    695.0   20.0     50.5   1159.2   1167.4   0.833
20260403165630    199    930.0    945.0   20.0    209.5   1135.1   1133.4   0.810
20260403165630    202    935.0    960.0   20.0    255.3   1162.0   1141.4   0.906
20260403165630    202   1065.0   1080.0   20.0     29.6   1176.7   1140.3   0.691
20260403165630    204    800.0    845.0   20.0     36.6   1142.4   1254.3   0.722
20260403165630    204    890.0   1055.0   20.0     92.6   1276.6   1343.5   0.796
20260403165630    204   1215.0   1230.0   20.0     52.5   1363.3   1354.0   0.744
20260403165630    204   1480.0   1495.0   20.0    173.8   1401.9   1721.7   0.805
20260403165630    206   1140.0   1160.0   20.0    106.3   1135.6   1135.6   0.731
20260403165630    206   1390.0   1475.0   20.0    269.4   1133.2   1206.8   0.872
20260403165630    206   1770.0   1785.0   20.0    146.4   1132.6   1443.3   0.893
20260403165630    207   1525.0   1540.0   20.0     84.5   1168.3   1168.0   0.763
20260403165630    210    745.0    770.0   20.0    155.4   1167.7   1166.7   0.815
20260403165630    212    460.0    475.0   20.0     53.5   1174.1   1171.1   0.716
20260403165630    214   1475.0   1560.0   20.0     82.1   1158.7   1398.5   0.800
20260403165630    214   1630.0   1645.0   20.0     22.7   1424.5   1419.0   0.459
20260403165630    214   1705.0   1800.0   20.0     57.8   1415.4   1455.7   0.618
20260403165630    215    670.0    685.0   20.0    172.3   1178.6   1178.7   0.811
20260403165630    215    945.0    970.0   20.0     78.3   1173.8   1469.3   0.730
20260403165630    215   1035.0   1070.0   20.0    232.1   1462.9   1170.1   0.806
20260403165630    216    795.0    810.0   20.0    108.0   1178.8   1180.8   0.795
20260403165630    217    550.0    565.0   20.0    116.0   1182.3   1182.8   0.729
20260403165630    217   1755.0   1770.0   20.0    109.4   1172.5   1171.9   0.694
20260403165630    218    515.0    530.0   20.0     33.2   1173.8   1174.5   0.762
20260403165630    219    665.0    710.0   20.0    211.0   1184.3   1183.1   0.873
20260403165630    220    140.0    155.0   20.0     34.7   1589.3   1683.4   0.726
20260403165630    220    540.0    555.0   20.0     21.1   1724.0   1756.6   0.761
20260403165630    222    400.0    495.0   20.0    168.9   1195.1   1197.4   0.832
20260403165630    222   1195.0   1210.0   20.0     31.2   1186.4   1232.1   0.806
20260403165630    222   1270.0   1295.0   20.0    157.1   1299.2   1186.1   0.808
20260403165630    222   1370.0   1440.0   20.0    188.7   1183.8   1184.9   0.815
20260403165630    225    230.0    245.0   20.0    132.5   1199.8   1202.4   0.767
20260403165630    225   1500.0   1520.0   20.0    141.7   1190.2   1187.6   0.774
20260403165630    226    335.0    350.0   20.0     80.5   1138.1   1083.7   0.436
20260403165630    227    770.0    855.0   20.0     61.7   1203.0   1453.2   0.844
20260403165630    227    945.0    960.0   20.0     67.8   1519.5   1576.5   0.779
20260403165630    227   1085.0   1160.0   20.0     33.6   1573.7   1564.0   0.808
20260403165630    227   1270.0   1300.0   20.0     99.9   1523.8   1194.4   0.913
20260403165630    228    195.0    265.0   20.0    498.9   1221.1   1221.3   0.954
20260403165630    230    680.0    695.0   20.0    117.3    391.9    383.7   0.813
20260403165630    231    605.0    665.0   20.0    118.2   1227.8   1544.5   0.755
20260403165630    231    785.0    830.0   20.0    172.0   1625.5   1224.9   0.888
20260403165630    233    915.0    930.0   20.0     84.5   1219.7   1218.2   0.684
20260403165630    235    725.0    745.0   20.0    208.5   1240.8   1609.3   0.835
20260403165630    236     25.0     75.0   20.0    129.8   1490.4   1492.3   0.672
20260403165630    236   1190.0   1205.0   20.0     22.9   1823.7   1764.4   0.831
20260403165630    236   1260.0   1290.0   20.0     71.8   1757.0   1731.7   0.810
20260403165630    236   1380.0   1395.0   20.0     90.1   1732.2   1723.6   0.823
20260403165630    236   1495.0   1510.0   20.0     81.9   1695.7   1675.2   0.709
20260403165630    236   1570.0   1625.0   20.0    132.1   1668.4   1664.6   0.806
20260403165630    237     55.0     85.0   20.0    131.9   1236.0   1235.5   0.886
20260403165630    238    235.0    265.0   20.0    213.4   1237.8   1238.7   0.790
20260403165630    238   1225.0   1280.0   20.0     50.3   1224.7   1326.8   0.756
20260403165630    238   1405.0   1425.0   20.0    217.9   1298.7   1223.8   0.832
20260403165630    239      0.0     15.0   20.0    130.6      0.0   1245.5   0.648
20260403165630    239    160.0    175.0   20.0    107.4   1241.6   1243.3   0.711
20260403165630    239   1440.0   1455.0   20.0     57.1   1232.2   1233.9   0.687
20260403165630    241   1050.0   1065.0   20.0     20.4   1258.9   1259.8   0.673
20260403165630    241   1170.0   1285.0   20.0     36.3   1262.9   1441.2   0.802
20260403165630    243    860.0    895.0   20.0    253.9   1253.5   1255.2   0.877
20260403165630    245   1320.0   1375.0   20.0    254.2   1276.1   1278.8   0.807
20260403165630    246    250.0    310.0   20.0     54.4   1823.4   1859.9   0.781
20260403165630    246    410.0    425.0   20.0     28.9   1857.6   1908.5   0.758
20260403165630    246   1515.0   1545.0   20.0     29.5   1899.4   1921.9   0.839
20260403165630    250      0.0     90.0   20.0     67.5      0.0   1734.8   0.658
20260403165630    250    140.0    155.0   20.0     52.4   1772.6   1801.9   0.712
20260403165630    250    460.0    475.0   20.0     20.3   1887.5   1877.3   0.467
20260403165630    251    170.0    185.0   20.0     24.8   1340.1   1334.6   0.767
20260403165630    251    700.0    765.0   20.0    127.8   1355.2   1319.7   0.907
20260403165630    251   1095.0   1110.0   20.0     78.9   1340.7   1344.4   0.772
20260403165630    252    795.0    810.0   20.0    137.0   1301.2   1593.8   0.819
20260403165630    252    870.0    885.0   20.0     27.0   1640.7   1647.7   0.768
20260403165630    252    950.0    965.0   20.0     51.1   1649.4   1707.7   0.854
20260403165630    252   1230.0   1245.0   20.0     23.8   1732.6   1741.0   0.813
20260403165630    252   1400.0   1415.0   20.0     33.6   1751.6   1771.1   0.770
20260403165630    253   1090.0   1135.0   20.0    222.5   1303.2   1302.9   0.871
20260403165630    256    480.0    495.0   20.0    105.0   1328.0   1327.0   0.611
20260403172948      1   1565.0   1580.0   20.0     49.1   1156.4   1156.8   0.777
20260403172948      1   1660.0   1730.0   20.0    162.1   1160.9   1155.7   0.821
20260403172948      2    410.0    430.0   20.0    188.1   1153.5   1563.8   0.819
20260403172948      2    620.0    635.0   20.0     66.6   1542.9   1533.3   0.587
20260403172948      3    890.0    905.0   20.0    383.4   1150.2   1597.8   0.915
20260403172948      4   1025.0   1040.0   20.0    158.9   1152.6   1487.2   0.849
20260403172948      6    550.0    590.0   20.0    181.1   1153.2   1152.3   0.851
20260403172948      7    350.0    450.0   20.0    134.4   1139.7   1139.8   0.810
20260403172948      8    970.0    990.0   20.0    105.3   1149.6   1147.0   0.789
20260403172948      9    720.0    750.0   20.0    148.3   1139.1   1393.7   0.802
20260403172948      9    795.0    810.0   20.0     38.3   1420.3   1463.1   0.748
20260403172948      9    850.0    865.0   20.0     54.5   1474.1   1507.0   0.883
20260403172948      9    925.0    940.0   20.0     23.6   1503.5   1503.0   0.635
20260403172948      9   1000.0   1030.0   20.0     63.0   1496.6   1134.1   0.947
20260403172948     11   1385.0   1400.0   20.0    100.9   1126.5   1126.0   0.825
20260403172948     12   1280.0   1295.0   20.0     30.5   1128.2   1130.3   0.497
20260403172948     13    365.0    380.0   20.0    165.8   1134.5   1135.9   0.865
20260403172948     14   1440.0   1455.0   20.0     40.1    930.5    899.0   0.757
20260403172948     15    550.0    565.0   20.0     55.3   1129.2   1210.9   0.724
20260403172948     15    730.0    750.0   20.0    168.6   1224.1   1129.3   0.791
20260403172948     15   1570.0   1610.0   20.0     61.1   1126.1   1258.6   0.800
20260403172948     15   1645.0   1785.0   20.0    247.6   1269.9   1122.6   0.875
20260403172948     17   1275.0   1335.0   20.0    275.8   1112.5   1110.7   0.795
20260403172948     18    405.0    420.0   20.0     27.1   1117.2   1150.5   0.751
20260403172948     18   1135.0   1150.0   20.0     55.3   1189.4   1442.7   0.884
20260403172948     19   1570.0   1610.0   20.0     84.0   1123.8   1357.8   0.849
20260403172948     19   1645.0   1710.0   20.0     46.2   1376.2   1380.8   0.761
20260403172948     20    425.0    445.0   20.0    207.7   1111.9   1115.0   0.797
20260403172948     20    640.0    720.0   20.0     51.0   1112.2   1442.5   0.743
20260403172948     20    845.0    860.0   20.0     73.1   1439.5   1108.9   0.940
20260403172948     21   1765.0   1780.0   20.0     20.5   1086.8   1087.1   0.527
20260403172948     23   1160.0   1180.0   20.0    131.6   1117.2   1116.1   0.771
20260403172948     25     40.0     85.0   20.0    176.5   1119.5   1119.8   0.800
20260403172948     26    330.0    345.0   20.0     33.4   1099.7   1149.6   0.741
20260403172948     26   1710.0   1725.0   20.0    118.2   1218.5   1347.0   0.749
20260403172948     27    180.0    195.0   20.0     89.3   1107.1   1105.7   0.779
20260403172948     30    435.0    450.0   20.0     25.4   1628.1   1629.8   0.713
20260403172948     31   1750.0   1790.0   20.0    166.2   1091.1   1092.3   0.824
20260403172948     32    705.0    735.0   20.0     86.5   1100.6   1416.5   0.878
20260403172948     32    835.0    850.0   20.0     27.7   1457.1   1448.2   0.569
20260403172948     35   1390.0   1425.0   20.0    136.7   1086.7   1087.6   0.806
20260403172948     37    840.0    855.0   20.0     87.2   1306.0   1514.9   0.829
20260403172948     38   1355.0   1375.0   20.0    236.5   1091.5   1089.9   0.863
20260403172948     41    330.0    345.0   20.0     51.8   1501.4   1553.7   0.771
20260403172948     42     75.0    105.0   20.0    117.5   1087.0   1335.0   0.836
20260403172948     43    505.0    520.0   20.0    128.9   1082.1   1081.1   0.800
20260403172948     43   1295.0   1310.0   20.0     48.9   1079.0   1078.2   0.733
20260403172948     44     25.0     40.0   20.0     49.6   1177.9   1223.8   0.882
20260403172948     45    975.0    995.0   20.0    179.0   1086.8   1088.6   0.779
20260403172948     45   1275.0   1310.0   20.0     52.8   1085.8   1084.6   0.771
20260403172948     47    130.0    200.0   20.0    302.0   1061.4   1329.2   0.821
20260403172948     47    255.0    280.0   20.0     23.6   1338.9   1344.3   0.822
20260403172948     48    345.0    360.0   20.0     31.3    436.1    418.1   0.674
20260403172948     48    560.0    615.0   20.0     38.0    408.3    425.8   0.765
20260403172948     48   1010.0   1025.0   20.0     32.6    420.6    399.6   0.663
20260403172948     48   1300.0   1310.0   20.0     20.5    409.1    413.7   0.564
20260403172948     48   1450.0   1460.0   20.0     20.5    414.1    417.2   0.509
20260403172948     48   1620.0   1635.0   20.0     30.6    433.6    440.1   0.613
20260403172948     48   1670.0   1685.0   20.0     29.4    441.8    457.7   0.562
20260403172948     51   1170.0   1190.0   20.0     74.2   1062.3   1060.9   0.853
20260403172948     51   1585.0   1670.0   20.0    235.3   1058.4   1057.2   0.791
20260403172948     55    105.0    120.0   20.0     25.7   1072.8   1122.4   0.727
20260403172948     55    840.0    895.0   20.0     97.8   1230.9   1309.9   0.790
20260403172948     61    850.0    905.0   20.0     44.3   1059.6   1265.4   0.756
20260403172948     61    940.0   1020.0   20.0    155.5   1261.4   1056.4   0.833
20260403172948     64    830.0    845.0   20.0     34.3   1057.5   1022.1   0.730
20260403172948     67   1520.0   1535.0   20.0     24.4   1043.8   1107.9   0.684
20260403172948     68    245.0    260.0   20.0     30.1   1183.8   1185.6   0.810
20260403172948     68    305.0    320.0   20.0     33.2   1198.0   1274.7   0.740
20260403172948     68    475.0    490.0   20.0     47.4   1341.7   1324.5   0.809
20260403172948     68   1150.0   1195.0   20.0     36.2   1433.1   1486.5   0.818
20260403172948     68   1250.0   1265.0   20.0     25.8   1476.5   1483.0   0.824
20260403172948     68   1335.0   1385.0   20.0     49.3   1503.5   1533.1   0.791
20260403172948     68   1490.0   1540.0   20.0     24.4   1533.2   1521.3   0.669
20260403172948     68   1585.0   1605.0   20.0     54.7   1513.4   1503.6   0.744
20260403172948     68   1780.0   1795.0   20.0     55.3   1480.1   1496.3   0.817
20260403172948     69    890.0    910.0   20.0    105.1   1061.7   1058.9   0.811
20260403172948     70   1315.0   1345.0   20.0    127.1   1045.1   1046.8   0.912
20260403172948     77    250.0    265.0   20.0     22.3   1032.3   1030.5   0.772
20260403172948     77   1225.0   1240.0   20.0     50.5   1033.8   1033.1   0.731
20260403172948     78    140.0    155.0   20.0     58.5   1286.0   1274.2   0.836
20260403172948     78   1270.0   1285.0   20.0     44.3   1329.8   1337.9   0.575
20260403172948     81    175.0    210.0   20.0    266.2   1041.5   1043.3   0.828
20260403172948     83     50.0     95.0   20.0     45.4   1026.7   1327.7   0.826
20260403172948     85      0.0     20.0   20.0     69.5      0.0   1147.1   0.822
20260403172948     85    165.0    180.0   20.0     23.8   1254.5   1287.7   0.675
20260403172948     88   1015.0   1035.0   20.0    114.2   1038.5   1243.2   0.816
20260403172948     91    810.0    825.0   20.0     24.4   1027.0   1080.8   0.850
20260403172948     91   1085.0   1100.0   20.0     20.3   1153.8   1193.4   0.815
20260403172948     94    530.0    550.0   20.0    142.0   1039.8   1039.7   0.855
20260403172948     95    515.0    535.0   20.0     76.8   1027.1   1320.0   0.901
20260403172948     95    820.0    835.0   20.0     46.1   1250.6   1344.1   0.806
20260403172948     96    340.0    355.0   20.0     45.5   1382.5   1360.2   0.787
20260403172948     96    390.0    405.0   20.0    104.5   1368.4   1318.5   0.799
20260403172948     96    495.0    510.0   20.0     24.6   1348.5   1356.5   0.852
20260403172948     96    605.0    615.0   20.0     21.0   1372.2   1374.9   0.624
20260403172948     96    685.0    700.0   20.0     21.5   1375.9   1411.7   0.789
20260403172948     96   1105.0   1135.0   20.0     38.8   1412.0   1432.7   0.814
20260403172948     96   1460.0   1475.0   20.0     35.8   1461.3   1445.3   0.806
20260403172948     96   1630.0   1690.0   20.0     51.3   1461.9   1353.2   0.896
20260403172948     97    445.0    460.0   20.0     21.3   1036.8   1038.0   0.513
20260403172948    100    515.0    530.0   20.0    282.4   1333.1   1611.0   0.764
20260403172948    103    130.0    145.0   20.0     37.8   1029.8   1117.0   0.739
20260403172948    103    185.0    200.0   20.0     41.9   1180.1   1244.3   0.729
20260403172948    103    235.0    300.0   20.0     83.3   1222.5   1272.5   0.662
20260403172948    103    505.0    520.0   20.0     45.4   1328.8   1459.0   0.753
20260403172948    107    605.0    685.0   20.0    151.5   1039.5   1039.3   0.769
20260403172948    107   1265.0   1280.0   20.0     53.7   1041.5   1040.6   0.751
20260403172948    107   1420.0   1440.0   20.0    204.6   1039.5   1040.1   0.840
20260403172948    109     65.0     80.0   20.0    226.9   1020.8   1458.0   0.899
20260403172948    110    320.0    335.0   20.0     35.4   1303.1   1294.3   0.896
20260403172948    110    705.0    725.0   20.0     87.2   1350.2   1387.4   0.840
20260403172948    111   1425.0   1445.0   20.0    183.4   1044.7   1045.1   0.850
20260403172948    120   1535.0   1555.0   20.0     22.5   1496.6   1530.7   0.854
20260403172948    121    490.0    505.0   20.0     67.5   1040.1   1039.9   0.613
20260403172948    122    965.0    980.0   20.0     94.8   1037.6   1193.5   0.822
20260403172948    123    625.0    640.0   20.0     59.7   1023.5   1023.5   0.667
20260403172948    123   1155.0   1170.0   20.0    129.9   1025.0   1024.3   0.798
20260403172948    126    360.0    395.0   20.0    235.0   1046.9   1051.3   0.844
20260403172948    126    655.0    745.0   20.0    153.6   1047.2   1048.6   0.843
20260403172948    128    525.0    540.0   20.0    137.4   1042.3   1044.4   0.790
20260403172948    129   1605.0   1620.0   20.0     22.8   1033.9   1028.9   0.617
20260403172948    130     30.0     45.0   20.0     27.4   1229.8   1292.7   0.555
20260403172948    130     80.0     95.0   20.0     26.0   1264.4   1268.0   0.710
20260403172948    130    375.0    395.0   20.0     42.0   1324.1   1342.9   0.785
20260403172948    131    270.0    285.0   20.0    106.8   1040.3   1039.2   0.787
20260403172948    137    610.0    625.0   20.0     83.6   1049.7   1049.5   0.717
20260403172948    137    730.0    745.0   20.0     22.8   1051.2   1079.6   0.698
20260403172948    137    875.0    890.0   20.0     53.7   1117.3   1176.3   0.754
20260403172948    140   1190.0   1205.0   20.0     26.2   1089.3   1047.5   0.767
20260403172948    141    240.0    260.0   20.0    167.4   1049.0   1049.5   0.776
20260403172948    143   1660.0   1680.0   20.0    126.6   1044.4   1043.3   0.820
20260403172948    144   1290.0   1305.0   20.0     73.7   1218.8   1074.2   0.824
20260403172948    146   1720.0   1740.0   20.0    159.3   1047.2   1046.3   0.832
20260403172948    147      0.0     30.0   20.0     29.8      0.0   1435.3   0.604
20260403172948    152   1155.0   1305.0   20.0     96.1   1058.4   1287.1   0.877
20260403172948    152   1575.0   1595.0   20.0     29.8   1219.2   1054.0   0.931
20260403172948    153    970.0    985.0   20.0    133.0   1069.5   1320.6   0.798
20260403172948    153   1180.0   1195.0   20.0     34.2   1364.1   1396.6   0.898
20260403172948    154   1675.0   1695.0   20.0    222.0   1053.6   1052.8   0.906
20260403172948    157    335.0    440.0   20.0    122.9   1065.0   1352.5   0.794
20260403172948    157    575.0    590.0   20.0     20.9   1352.9   1373.4   0.874
20260403172948    157   1085.0   1100.0   20.0     41.2   1427.4   1405.5   0.607
20260403172948    158   1440.0   1455.0   20.0     89.2   1057.6   1062.5   0.759
20260403172948    159    460.0    475.0   20.0     28.2   1114.5   1228.9   0.676
20260403172948    159    630.0    645.0   20.0     39.2   1278.7   1313.0   0.662
20260403172948    160   1000.0   1025.0   20.0     74.9   1074.4   1073.5   0.838
20260403172948    161    485.0    505.0   20.0     24.0    960.3    954.3   0.547
20260403172948    161    625.0    640.0   20.0     35.7    959.3    953.0   0.576
20260403172948    161    930.0    945.0   20.0     21.6    954.8    955.5   0.440
20260403172948    161   1125.0   1160.0   20.0    106.5   1033.2   1051.5   0.491
20260403172948    161   1350.0   1365.0   20.0     47.0   1063.5   1069.3   0.410
20260403172948    162   1205.0   1310.0   20.0    159.6   1076.9   1079.0   0.814
20260403172948    162   1780.0   1795.0   20.0     38.7   1074.9   1072.0   0.701
20260403172948    164   1785.0   1800.0   20.0     44.5   1073.0   1071.3   0.684
20260403172948    165   1570.0   1590.0   20.0     49.7   1070.9   1070.0   0.864
20260403172948    166    175.0    190.0   20.0     24.9   1450.0   1490.4   0.658
20260403172948    166    470.0    485.0   20.0     32.1   1521.6   1533.4   0.863
20260403172948    169    580.0    600.0   20.0    153.0   1088.4   1085.2   0.834
20260403172948    170   1790.0   1800.0   20.0     44.6   1062.9   1124.6   0.763
20260403172948    171   1060.0   1075.0   20.0    101.7   1080.4   1080.1   0.704
20260403172948    172   1340.0   1375.0   20.0    151.1   1098.5   1102.6   0.875
20260403172948    174    650.0    665.0   20.0     49.4   1104.6   1103.0   0.675
20260403172948    174   1685.0   1700.0   20.0     54.7   1098.5   1097.6   0.734
20260403172948    175   1100.0   1190.0   20.0     25.1   1092.9   1234.6   0.682
20260403172948    175   1245.0   1265.0   20.0    106.7   1244.4   1266.7   0.817
20260403172948    175   1330.0   1340.0   20.0     26.3   1233.4   1346.4   0.742
20260403172948    176    820.0    835.0   20.0     20.5   1405.6   1440.8   0.694
20260403172948    177   1390.0   1410.0   20.0    141.6   1100.6   1334.6   0.817
20260403172948    179    485.0    500.0   20.0     37.0   1100.3   1152.9   0.776
20260403172948    179    590.0    605.0   20.0    121.3   1290.8   1102.5   0.903
20260403172948    180    535.0    580.0   20.0    131.6   1107.7   1107.9   0.814
20260403172948    181     20.0     40.0   20.0    256.1   1289.3   1107.3   0.774
20260403172948    184   1755.0   1770.0   20.0     25.4   1350.6   1257.9   0.922
20260403172948    185    715.0    750.0   20.0     65.0   1089.1   1452.9   0.878
20260403172948    185   1000.0   1015.0   20.0     20.2   1462.0   1472.0   0.734
20260403172948    186    470.0    495.0   20.0    251.0   1110.4   1587.8   0.833
20260403172948    186    770.0    785.0   20.0     21.2   1639.7   1653.1   0.771
20260403172948    186    820.0    835.0   20.0     48.0   1647.8   1662.6   0.908
20260403172948    186   1605.0   1650.0   20.0     70.7   1659.0   1654.6   0.684
20260403172948    189    210.0    235.0   20.0    219.0   1122.7   1120.5   0.849
20260403172948    189    675.0    725.0   20.0    129.8   1120.8   1317.9   0.805
20260403172948    189    845.0    865.0   20.0     87.8   1307.0   1372.9   0.818
20260403172948    189    955.0    970.0   20.0     39.5   1401.9   1442.2   0.741
20260403172948    189   1095.0   1110.0   20.0     21.5   1444.3   1435.6   0.760
20260403172948    189   1285.0   1300.0   20.0     29.6   1471.4   1511.5   0.689
20260403172948    190   1240.0   1290.0   20.0     40.6   1129.2   1316.0   0.832
20260403172948    190   1335.0   1385.0   20.0    146.5   1297.6   1128.2   0.794
20260403172948    191    235.0    255.0   20.0     92.0    941.5    943.1   0.758
20260403172948    191   1320.0   1335.0   20.0     74.8    954.1    954.1   0.774
20260403172948    191   1610.0   1625.0   20.0     51.5    985.1    947.5   0.745
20260403172948    193    595.0    610.0   20.0    124.2   1123.8   1378.4   0.852
20260403172948    194    545.0    560.0   20.0     85.4   1135.4   1134.8   0.624
20260403172948    194   1415.0   1430.0   20.0    147.2   1132.2   1131.2   0.777
20260403172948    196    960.0    975.0   20.0    126.6   1131.2   1131.1   0.813
20260403172948    197   1675.0   1695.0   20.0    145.2   1140.6   1137.4   0.798
20260403172948    199    525.0    540.0   20.0     37.4   1144.6   1204.7   0.749
20260403172948    199    620.0    635.0   20.0     72.3   1380.5   1423.8   0.437
20260403172948    199    685.0    700.0   20.0     23.2   1436.4   1473.3   0.729
20260403172948    199   1000.0   1015.0   20.0     25.0   1577.8   1567.1   0.777
20260403172948    200    420.0    440.0   20.0     54.8   1135.0   1136.3   0.732
20260403172948    203    420.0    440.0   20.0    191.3   1158.4   1614.9   0.918
20260403172948    203    685.0    700.0   20.0     46.7   1684.5   1655.7   0.776
20260403172948    203   1615.0   1630.0   20.0     25.7   1651.5   1631.2   0.705
20260403172948    205    555.0    575.0   20.0    176.8   1167.1   1162.1   0.792
20260403172948    206    680.0    700.0   20.0     45.9   1147.8   1148.1   0.741
20260403172948    206   1510.0   1525.0   20.0     42.4   1142.1   1325.8   0.795
20260403172948    206   1560.0   1575.0   20.0     51.6   1328.3   1309.3   0.735
20260403172948    206   1705.0   1725.0   20.0     32.5   1315.4   1298.7   0.832
20260403172948    207   1740.0   1755.0   20.0     20.9   1192.7   1186.8   0.542
20260403172948    208    550.0    565.0   20.0    325.2   1160.9   1161.3   0.813
20260403172948    208   1460.0   1475.0   20.0     35.5   1157.2   1154.9   0.651
20260403172948    209    315.0    330.0   20.0     32.2   1159.4   1159.1   0.796
20260403172948    210    295.0    315.0   20.0     75.1   1176.6   1225.2   0.844
20260403172948    211    700.0    710.0   20.0     25.8   1165.0   1166.0   0.408
20260403172948    212    970.0    985.0   20.0    158.5   1176.9   1422.8   0.821
20260403172948    212   1025.0   1050.0   20.0    154.4   1428.3   1175.4   0.866
20260403172948    215   1210.0   1225.0   20.0    131.0   1186.1   1184.6   0.812
20260403172948    215   1475.0   1495.0   20.0    204.3   1180.8   1180.6   0.756
20260403172948    216    320.0    380.0   20.0    164.2   1187.1   1190.7   0.820
20260403172948    216    440.0    455.0   20.0     47.4   1191.2   1189.7   0.584
20260403172948    216   1755.0   1770.0   20.0     40.5   1182.5   1276.9   0.898
20260403172948    219   1345.0   1360.0   20.0     22.5   1188.8   1247.8   0.760
20260403172948    219   1615.0   1630.0   20.0     48.7   1243.1   1301.0   0.777
20260403172948    219   1710.0   1740.0   20.0     28.8   1356.9   1456.3   0.793
20260403172948    222    435.0    450.0   20.0     56.9   1199.3   1199.1   0.610
20260403172948    222   1710.0   1750.0   20.0    153.2   1191.2   1509.5   0.825
20260403172948    223     55.0     75.0   20.0    127.7   1213.2   1211.9   0.747
20260403172948    225    655.0    670.0   20.0     75.7   1202.4   1202.9   0.645
20260403172948    226    370.0    385.0   20.0    104.8   1086.6   1077.5   0.699
20260403172948    227    625.0    640.0   20.0     69.5   1208.1   1209.8   0.814
20260403172948    228    655.0    675.0   20.0    149.3   1224.4   1224.9   0.762
20260403172948    230    270.0    285.0   20.0     25.5    444.9    443.2   0.757
20260403172948    230    320.0    335.0   20.0     35.0    453.2    446.0   0.641
20260403172948    230   1540.0   1555.0   20.0     21.0    385.2    552.3   0.841
20260403172948    231     45.0     60.0   20.0     93.6   1237.1   1234.5   0.614
20260403172948    232    890.0    930.0   20.0    205.8   1227.1   1229.5   0.813
20260403172948    232    980.0   1035.0   20.0    143.3   1228.9   1227.8   0.846
20260403172948    232   1385.0   1405.0   20.0    227.3   1226.2   1218.8   0.870
20260403172948    233    370.0    395.0   20.0    109.6   1230.5   1239.2   0.845
20260403172948    234      5.0     20.0   20.0     21.1   1244.6   1246.4   0.699
20260403172948    235   1770.0   1790.0   20.0    135.9   1231.4   1233.6   0.801
20260403172948    236      0.0     10.0   20.0    170.8      0.0   1714.1   0.709
20260403172948    237    920.0    945.0   20.0    273.4   1244.4   1237.4   0.869
20260403172948    237   1745.0   1785.0   20.0     83.5   1228.9   1480.6   0.731
20260403172948    238    415.0    505.0   20.0    102.4   1241.0   1445.1   0.786
20260403172948    238    620.0    645.0   20.0     82.8   1483.4   1509.6   0.778
20260403172948    238    720.0    730.0   20.0     26.1   1510.2   1523.9   0.478
20260403172948    238    845.0    875.0   20.0     42.9   1480.1   1460.7   0.646
20260403172948    238    950.0    965.0   20.0     45.6   1481.7   1588.9   0.824
20260403172948    238   1055.0   1070.0   20.0     27.7   1596.1   1604.7   0.721
20260403172948    238   1105.0   1120.0   20.0     43.7   1599.4   1613.4   0.720
20260403172948    238   1170.0   1185.0   20.0     22.3   1620.6   1651.5   0.738
20260403172948    238   1475.0   1490.0   20.0    214.6   1678.8   1878.4   0.750
20260403172948    239     95.0    130.0   20.0    276.9   1249.6   1246.5   0.860
20260403172948    240    380.0    420.0   20.0    314.2   1259.5   1595.0   0.852
20260403172948    240    835.0    850.0   20.0     23.6   1660.5   1673.3   0.853
20260403172948    240   1780.0   1795.0   20.0     80.3   1661.4   1666.5   0.733
20260403172948    241   1390.0   1405.0   20.0    129.6   1263.7   1264.8   0.788
20260403172948    241   1770.0   1785.0   20.0     57.5   1256.4   1255.6   0.568
20260403172948    242    645.0    745.0   20.0     77.2   1283.2   1565.7   0.767
20260403172948    242    790.0    850.0   20.0    100.8   1567.9   1605.9   0.781
20260403172948    242   1055.0   1070.0   20.0     38.5   1582.3   1617.2   0.721
20260403172948    242   1215.0   1230.0   20.0     51.7   1628.6   1694.9   0.757
20260403172948    242   1420.0   1440.0   20.0     45.9   1745.8   1664.4   0.862
20260403172948    243    315.0    325.0   20.0     20.4   1263.5   1262.3   0.427
20260403172948    244   1350.0   1375.0   20.0    342.9   1281.7   1283.9   0.862
20260403172948    245    190.0    205.0   20.0     39.8   1288.8   1346.8   0.757
20260403172948    245    340.0    390.0   20.0    249.5   1374.6   1293.2   0.840
20260403172948    246     25.0     50.0   20.0     67.3   1865.6   1647.7   0.904
20260403172948    246    830.0    855.0   20.0     54.5   1366.3   1368.1   0.768
20260403172948    247    355.0    370.0   20.0     25.7   1281.8   1283.2   0.461
20260403172948    247   1425.0   1445.0   20.0    123.5   1274.0   1271.9   0.794
20260403172948    248    320.0    330.0   20.0     20.3   1312.1   1319.2   0.512
20260403172948    248    640.0    695.0   20.0    108.7   1308.1   1446.8   0.867
20260403172948    248    765.0    785.0   20.0    144.8   1442.3   1436.4   0.791
20260403172948    248   1630.0   1650.0   20.0    258.3   1477.9   1447.9   0.868
20260403172948    250     85.0    150.0   20.0     32.0   1485.0   1782.8   0.868
20260403172948    250    470.0    490.0   20.0    117.5   1905.7   1978.7   0.813
20260403172948    250    695.0    710.0   20.0     39.1   1963.2   1989.4   0.691
20260403172948    251    980.0    995.0   20.0    191.2   1284.9   1285.3   0.705
20260403172948    252    850.0    870.0   20.0     41.7   1310.1   1307.6   0.833
20260403172948    253   1445.0   1460.0   20.0     68.7   1306.6   1304.5   0.795
20260403172948    254    320.0    335.0   20.0    250.1   1319.7   1320.6   0.806
20260403172948    254    470.0    485.0   20.0     34.6   1319.8   1316.1   0.792
20260403172948    255    240.0    255.0   20.0    188.0   1314.4   1313.2   0.749
20260403172948    255    610.0    625.0   20.0     41.8   1310.2   1360.7   0.712
20260403172948    255    670.0    685.0   20.0     91.8   1369.9   1308.7   0.817
20260403172948    256    155.0    170.0   20.0     32.3   1526.9   1561.3   0.756
20260403172948    256   1350.0   1370.0   20.0     37.6   2332.8   1981.5   0.764
20260403172948    256   1645.0   1660.0   20.0     45.3   1957.2   1926.9   0.665
20260403180307      1   1410.0   1470.0   20.0     27.1   1160.5   1368.1   0.792
20260403180307      1   1525.0   1540.0   20.0     20.1   1377.9   1390.9   0.708
20260403180307      4     20.0     55.0   20.0     35.7   1232.7   1352.9   0.901
20260403180307      5     65.0     80.0   20.0     30.4   1149.9   1190.9   0.717
20260403180307      5    205.0    220.0   20.0     24.6   1198.6   1183.5   0.751
20260403180307      5    295.0    315.0   20.0     24.1   1233.4   1246.5   0.707
20260403180307      5    825.0    840.0   20.0     25.4   1373.1   1412.1   0.786
20260403180307      5   1640.0   1655.0   20.0     32.1   1457.5   1486.9   0.745
20260403180307      6     55.0     75.0   20.0    231.6   1157.2   1155.9   0.808
20260403180307      8   1400.0   1415.0   20.0     38.8   1166.5   1139.1   0.740
20260403180307      8   1575.0   1590.0   20.0    130.9   1139.5   1152.3   0.818
20260403180307      8   1705.0   1775.0   20.0     34.8   1138.9   1284.1   0.765
20260403180307      9   1485.0   1505.0   20.0    113.7   1134.8   1135.7   0.873
20260403180307     11    380.0    395.0   20.0    145.3   1132.1   1133.3   0.816
20260403180307     16    755.0    775.0   20.0    179.0   1203.3   1413.5   0.816
20260403180307     16    825.0    845.0   20.0    102.0   1431.5   1198.9   0.877
20260403180307     18    865.0    880.0   20.0     73.9   1114.1   1112.4   0.795
20260403180307     19   1645.0   1785.0   20.0    150.0   1119.6   1407.2   0.785
20260403180307     20   1630.0   1645.0   20.0     34.7   1110.7   1108.7   0.764
20260403180307     20   1720.0   1735.0   20.0     32.6   1107.6   1133.0   0.755
20260403180307     21   1475.0   1490.0   20.0    104.8   1086.4   1096.6   0.807
20260403180307     22   1420.0   1435.0   20.0     45.5   1120.5   1352.2   0.846
20260403180307     22   1485.0   1520.0   20.0    139.2   1437.3   1116.7   0.837
20260403180307     23     55.0     75.0   20.0     29.9   1376.9   1415.3   0.717
20260403180307     24   1085.0   1170.0   20.0     92.8   1111.4   1116.0   0.819
20260403180307     26    810.0    825.0   20.0     21.9   1107.4   1129.7   0.706
20260403180307     26   1640.0   1755.0   20.0     31.1   1151.8   1216.4   0.903
20260403180307     27    710.0    725.0   20.0     22.0   1104.4   1141.6   0.754
20260403180307     27   1095.0   1110.0   20.0     33.1   1174.8   1143.7   0.834
20260403180307     27   1420.0   1435.0   20.0     23.2   1153.2   1153.5   0.834
20260403180307     29    890.0    970.0   20.0    153.9   1101.2   1360.9   0.872
20260403180307     29   1210.0   1225.0   20.0    131.2   1354.4   1312.0   0.737
20260403180307     31   1240.0   1270.0   20.0    167.7   1095.5   1096.0   0.873
20260403180307     33    820.0    835.0   20.0     20.6   1094.5   1134.5   0.728
20260403180307     33    885.0    900.0   20.0     53.8   1135.3   1140.1   0.682
20260403180307     33   1255.0   1270.0   20.0     54.2   1169.3   1259.6   0.906
20260403180307     37    725.0    735.0   20.0     20.5   1302.0   1332.8   0.678
20260403180307     40    525.0    545.0   20.0     88.2   1089.4   1079.2   0.839
20260403180307     41    220.0    325.0   20.0    201.7   1714.5   1669.4   0.754
20260403180307     41    410.0    425.0   20.0     43.4   1663.4   1689.0   0.681
20260403180307     41    710.0    765.0   20.0     75.9   1648.6   1550.0   0.841
20260403180307     41   1120.0   1135.0   20.0    166.5   1518.7   1655.9   0.730
20260403180307     44    465.0    505.0   20.0     33.5   1151.7   1314.4   0.818
20260403180307     45    805.0    830.0   20.0    207.0   1085.1   1085.7   0.839
20260403180307     48     20.0     80.0   20.0     44.4    401.3    403.6   0.645
20260403180307     48    150.0    245.0   20.0     23.3    404.4    394.1   0.688
20260403180307     48    290.0    345.0   20.0     36.6    395.8    388.1   0.691
20260403180307     48    390.0    405.0   20.0     20.2    382.4    387.8   0.609
20260403180307     48    445.0    485.0   20.0     22.6    379.6    380.7   0.630
20260403180307     48    580.0    595.0   20.0     28.5    385.8    398.6   0.580
20260403180307     48    680.0    765.0   20.0     55.0    403.8    392.8   0.704
20260403180307     48    820.0    845.0   20.0     40.7    391.9    397.7   0.667
20260403180307     48    905.0   1040.0   20.0     22.2    400.6    405.8   0.702
20260403180307     48   1150.0   1380.0   20.0     45.2    404.1    395.2   0.732
20260403180307     48   1485.0   1520.0   20.0     22.5    399.1    399.8   0.519
20260403180307     48   1690.0   1705.0   20.0     38.7    396.4    396.3   0.679
20260403180307     48   1790.0   1800.0   20.0     21.3    393.2    385.0   0.571
20260403180307     52     80.0     95.0   20.0    145.8   1072.4   1073.0   0.794
20260403180307     52   1210.0   1310.0   20.0    209.7   1066.0   1069.5   0.857
20260403180307     55    115.0    135.0   20.0    175.7   1076.1   1074.9   0.785
20260403180307     57    620.0    640.0   20.0    179.9   1059.4   1060.3   0.914
20260403180307     57    765.0    815.0   20.0    231.7   1057.3   1059.2   0.789
20260403180307     57   1250.0   1265.0   20.0     61.3   1057.4   1058.6   0.796
20260403180307     58    425.0    440.0   20.0     57.2   1072.4   1170.7   0.828
20260403180307     58    500.0    510.0   20.0     27.7   1180.3   1190.8   0.631
20260403180307     63    135.0    150.0   20.0     66.7   1068.3   1066.9   0.610
20260403180307     63    485.0    505.0   20.0    136.8   1065.0   1064.2   0.780
20260403180307     64    580.0    600.0   20.0     92.7   1022.1   1023.7   0.827
20260403180307     64    945.0    960.0   20.0     81.0   1028.2   1027.6   0.824
20260403180307     66   1075.0   1090.0   20.0     45.7   1061.7   1061.5   0.693
20260403180307     68     45.0     60.0   20.0     40.3   1184.6   1274.9   0.901
20260403180307     69   1530.0   1545.0   20.0     70.5   1057.3   1054.9   0.772
20260403180307     71      0.0     15.0   20.0    151.6      0.0   1043.0   0.844
20260403180307     71   1610.0   1625.0   20.0     91.8   1039.0   1040.6   0.724
20260403180307     73   1125.0   1140.0   20.0     93.5   1060.6   1060.1   0.765
20260403180307     73   1215.0   1235.0   20.0     59.9   1058.9   1059.5   0.711
20260403180307     78    360.0    375.0   20.0     64.2   1049.2   1052.5   0.734
20260403180307     78    670.0    750.0   20.0     92.2   1051.2   1374.6   0.868
20260403180307     78    915.0    945.0   20.0    207.3   1474.4   1512.8   0.901
20260403180307     79    585.0    605.0   20.0     48.9   1037.3   1131.2   0.844
20260403180307     79    675.0    740.0   20.0     46.4   1166.4   1228.3   0.683
20260403180307     79    845.0    860.0   20.0     85.4   1305.9   1397.8   0.708
20260403180307     81    870.0    885.0   20.0    176.6   1042.4   1334.5   0.821
20260403180307     81    930.0    960.0   20.0     26.3   1344.2   1382.3   0.713
20260403180307     81   1230.0   1245.0   20.0     48.6   1399.0   1447.3   0.834
20260403180307     82   1430.0   1445.0   20.0     46.5   1039.3   1040.6   0.678
20260403180307     84   1005.0   1020.0   20.0     32.5   1052.5   1087.3   0.686
20260403180307     84   1255.0   1270.0   20.0     39.2   1131.3   1157.4   0.653
20260403180307     84   1325.0   1345.0   20.0    378.7   1171.5   1567.6   0.827
20260403180307     92   1670.0   1705.0   20.0    105.0   1020.8   1021.2   0.757
20260403180307     95     45.0     60.0   20.0     59.0   1218.1   1272.9   0.903
20260403180307     95    100.0    115.0   20.0     42.9   1157.9   1082.5   0.684
20260403180307     99      0.0     20.0   20.0    102.8      0.0   1059.5   0.760
20260403180307     99   1000.0   1015.0   20.0    119.9   1046.3   1045.9   0.804
20260403180307    100     50.0     65.0   20.0    166.1   1588.8   1644.5   0.730
20260403180307    101   1205.0   1220.0   20.0    115.4   1034.4   1036.1   0.820
20260403180307    102   1360.0   1375.0   20.0     50.9   1032.9   1029.3   0.697
20260403180307    104    995.0   1010.0   20.0     35.7   1041.8   1092.3   0.718
20260403180307    104   1200.0   1210.0   20.0     29.7   1103.9   1083.4   0.422
20260403180307    105    905.0    920.0   20.0     55.7   1062.0   1024.6   0.647
20260403180307    106    950.0    970.0   20.0    200.7   1030.3   1372.1   0.841
20260403180307    107   1250.0   1265.0   20.0     81.8   1037.3   1037.1   0.748
20260403180307    109      0.0     40.0   20.0     72.0      0.0   1600.6   0.849
20260403180307    112   1260.0   1310.0   20.0    111.0   1035.2   1232.0   0.818
20260403180307    112   1400.0   1420.0   20.0    130.0   1254.0   1251.1   0.793
20260403180307    113    215.0    235.0   20.0     82.0   1026.2   1164.1   0.843
20260403180307    113    320.0    345.0   20.0    138.5   1219.7   1025.6   0.756
20260403180307    114    360.0    445.0   20.0     71.4   1053.2   1265.6   0.863
20260403180307    114    480.0    520.0   20.0     40.5   1282.0   1245.6   0.704
20260403180307    114    575.0    605.0   20.0    182.5   1267.3   1058.4   0.836
20260403180307    115   1045.0   1060.0   20.0     76.8   1046.1   1042.4   0.700
20260403180307    118   1345.0   1360.0   20.0     21.2   1451.8   1443.5   0.651
20260403180307    122    110.0    125.0   20.0    130.1   1037.0   1039.1   0.579
20260403180307    122   1130.0   1145.0   20.0     68.3   1039.0   1038.2   0.670
20260403180307    123    720.0    750.0   20.0    154.1   1023.2   1024.7   0.845
20260403180307    124   1045.0   1065.0   20.0    107.3   1035.0   1035.6   0.871
20260403180307    124   1440.0   1505.0   20.0    171.9   1031.5   1033.9   0.823
20260403180307    125    355.0    395.0   20.0    181.0   1028.0   1028.5   0.823
20260403180307    125    960.0    995.0   20.0    121.9   1029.5   1029.0   0.865
20260403180307    130    115.0    145.0   20.0    126.4   1049.3   1051.2   0.831
20260403180307    130    765.0    830.0   20.0    167.9   1061.6   1510.6   0.835
20260403180307    130    885.0    910.0   20.0     39.4   1517.1   1571.1   0.823
20260403180307    131   1435.0   1450.0   20.0     72.9   1041.4   1041.5   0.790
20260403180307    133   1050.0   1120.0   20.0     45.4   1041.9   1301.0   0.770
20260403180307    133   1170.0   1185.0   20.0    189.1   1314.6   1038.5   0.882
20260403180307    134    730.0    755.0   20.0    173.1   1045.1   1042.6   0.814
20260403180307    134   1680.0   1715.0   20.0    163.5   1042.4   1040.5   0.888
20260403180307    136   1090.0   1105.0   20.0     63.8   1508.6   1532.0   0.561
20260403180307    137   1605.0   1625.0   20.0     63.3   1046.5   1049.0   0.770
20260403180307    139    770.0    795.0   20.0     48.6   1035.2   1036.4   0.747
20260403180307    141   1695.0   1710.0   20.0     74.2   1047.3   1047.2   0.817
20260403180307    142      0.0     45.0   20.0     48.0      0.0   1281.7   0.720
20260403180307    142     95.0    110.0   20.0    113.6   1289.7   1044.1   0.761
20260403180307    142    425.0    440.0   20.0     35.8   1044.6   1045.4   0.705
20260403180307    142    555.0    570.0   20.0     24.0   1088.7   1045.0   0.742
20260403180307    142   1340.0   1370.0   20.0    100.0   1045.3   1045.0   0.776
20260403180307    144    735.0    775.0   20.0     66.7   1073.6   1074.9   0.790
20260403180307    144   1130.0   1145.0   20.0     45.0   1072.5   1073.6   0.714
20260403180307    146    100.0    115.0   20.0     62.2   1049.8   1050.2   0.655
20260403180307    146   1740.0   1755.0   20.0     36.9   1055.2   1054.3   0.692
20260403180307    148   1185.0   1240.0   20.0    103.7   1059.6   1058.9   0.804
20260403180307    150    965.0    980.0   20.0     94.5    625.9    638.7   0.411
20260403180307    154   1390.0   1405.0   20.0     78.5   1060.2   1060.0   0.702
20260403180307    158    560.0    605.0   20.0    229.8   1063.4   1561.6   0.867
20260403180307    159      0.0     55.0   20.0     39.4      0.0   1349.7   0.718
20260403180307    161    135.0    150.0   20.0     26.9    928.9    966.4   0.551
20260403180307    161    370.0    395.0   20.0     26.1    977.1    980.0   0.616
20260403180307    161   1105.0   1120.0   20.0     28.8    984.5    991.4   0.734
20260403180307    162    205.0    220.0   20.0     46.8   1082.2   1081.9   0.621
20260403180307    162    280.0    310.0   20.0    109.3   1087.0   1085.2   0.780
20260403180307    165     60.0     85.0   20.0    221.2   1075.4   1077.3   0.821
20260403180307    167   1370.0   1385.0   20.0     72.7   1079.4   1296.5   0.839
20260403180307    167   1440.0   1470.0   20.0     78.3   1274.0   1398.4   0.834
20260403180307    168   1445.0   1490.0   20.0    175.5   1100.8   1099.7   0.900
20260403180307    172    110.0    130.0   20.0    193.9   1101.1   1100.5   0.837
20260403180307    173     75.0     90.0   20.0    100.5   1076.3   1075.3   0.672
20260403180307    174    645.0    660.0   20.0    313.3   1103.6   1662.8   0.927
20260403180307    175    405.0    450.0   20.0    145.6   1095.0   1381.6   0.853
20260403180307    175    730.0    745.0   20.0     23.5   1428.2   1431.4   0.611
20260403180307    175    915.0    930.0   20.0     43.8   1446.6   1480.7   0.550
20260403180307    175   1095.0   1110.0   20.0     65.1   1453.6   1506.5   0.744
20260403180307    175   1725.0   1740.0   20.0     26.6   1514.1   1515.4   0.637
20260403180307    177     35.0     50.0   20.0    174.1   1103.2   1104.2   0.836
20260403180307    177    525.0    540.0   20.0     21.4   1104.2   1102.2   0.482
20260403180307    177   1750.0   1765.0   20.0     29.6   1099.0   1097.5   0.460
20260403180307    179    325.0    340.0   20.0     93.4   1099.7   1280.6   0.858
20260403180307    179    465.0    480.0   20.0     28.8   1298.9   1288.1   0.550
20260403180307    179   1155.0   1170.0   20.0    114.5   1325.0   1331.8   0.764
20260403180307    180    230.0    245.0   20.0     40.4   1113.9   1112.5   0.792
20260403180307    180   1020.0   1090.0   20.0     96.6   1111.6   1111.5   0.844
20260403180307    182     65.0    115.0   20.0    135.9   1313.2   1115.6   0.853
20260403180307    183    770.0    785.0   20.0     73.6   1116.6   1116.4   0.779
20260403180307    183   1495.0   1520.0   20.0    232.8   1114.8   1112.9   0.821
20260403180307    184    135.0    155.0   20.0     79.4   1111.0   1112.8   0.756
20260403180307    184    365.0    390.0   20.0    181.5   1112.8   1111.5   0.900
20260403180307    184    795.0    815.0   20.0    116.4   1114.9   1119.9   0.827
20260403180307    185   1325.0   1340.0   20.0     65.0   1087.8   1086.1   0.633
20260403180307    186     10.0     20.0   20.0     21.1   1414.6   1397.3   0.509
20260403180307    186    545.0    560.0   20.0     23.5   1432.9   1449.5   0.634
20260403180307    187    360.0    385.0   20.0    172.8   1111.3   1133.7   0.835
20260403180307    188     50.0    110.0   20.0    106.7   1124.3   1124.8   0.745
20260403180307    188   1620.0   1650.0   20.0    233.7   1120.2   1117.6   0.832
20260403180307    189     15.0     30.0   20.0     24.4   1698.3   1701.4   0.525
20260403180307    189    175.0    190.0   20.0     23.3   1694.6   1715.7   0.581
20260403180307    189    225.0    240.0   20.0     35.5   1724.3   1772.9   0.779
20260403180307    189    690.0    885.0   20.0     72.9   1797.9   1726.9   0.895
20260403180307    189    925.0    940.0   20.0     47.3   1722.8   1733.4   0.858
20260403180307    189   1020.0   1085.0   20.0     83.0   1728.4   1722.2   0.888
20260403180307    189   1280.0   1295.0   20.0     20.3   1711.4   1712.6   0.801
20260403180307    189   1365.0   1385.0   20.0     31.4   1712.1   1720.0   0.896
20260403180307    190    245.0    265.0   20.0    119.1   1137.8   1132.8   0.813
20260403180307    190   1245.0   1260.0   20.0     25.4   1135.4   1136.7   0.403
20260403180307    192    435.0    470.0   20.0     86.4   1126.6   1125.8   0.788
20260403180307    193   1040.0   1055.0   20.0     74.0   1129.7   1128.0   0.731
20260403180307    195   1645.0   1660.0   20.0     22.5   1129.7   1180.6   0.761
20260403180307    199     80.0     90.0   20.0     22.0   1596.8   1617.9   0.631
20260403180307    200     55.0     70.0   20.0     58.0   1140.7   1139.9   0.713
20260403180307    200    680.0    705.0   20.0    125.4   1140.3   1138.9   0.774
20260403180307    201    685.0    705.0   20.0    194.2   1159.6   1160.0   0.837
20260403180307    202    570.0    635.0   20.0     49.2   1158.7   1431.0   0.822
20260403180307    202    670.0    685.0   20.0     20.1   1441.8   1452.6   0.714
20260403180307    202    780.0    795.0   20.0     29.9   1459.5   1513.1   0.789
20260403180307    202   1140.0   1155.0   20.0     41.9   1528.9   1669.0   0.864
20260403180307    206   1520.0   1535.0   20.0     25.8   1145.4   1193.5   0.748
20260403180307    206   1710.0   1725.0   20.0     22.2   1202.0   1229.4   0.746
20260403180307    207      0.0     35.0   20.0     43.2      0.0   1409.3   0.702
20260403180307    207   1390.0   1405.0   20.0    113.5   1642.8   1779.3   0.685
20260403180307    208    100.0    120.0   20.0    146.1   1170.2   1168.2   0.834
20260403180307    208    535.0    555.0   20.0     42.0   1168.8   1239.6   0.810
20260403180307    208    690.0    710.0   20.0     80.0   1262.1   1170.1   0.735
20260403180307    208   1430.0   1445.0   20.0     70.7   1172.8   1167.7   0.728
20260403180307    210    785.0    825.0   20.0     43.0   1185.3   1302.7   0.777
20260403180307    210    900.0    915.0   20.0     22.3   1354.1   1490.7   0.704
20260403180307    210    985.0   1000.0   20.0    136.3   1543.9   1674.1   0.731
20260403180307    213    905.0    975.0   20.0     99.4   1179.0   1400.2   0.795
20260403180307    213   1015.0   1065.0   20.0     34.8   1408.7   1355.2   0.709
20260403180307    213   1125.0   1140.0   20.0     39.0   1364.3   1388.6   0.891
20260403180307    213   1395.0   1450.0   20.0     40.8   1488.0   1502.4   0.868
20260403180307    214    425.0    505.0   20.0     75.6   1180.8   1369.3   0.859
20260403180307    214    555.0    570.0   20.0     95.0   1365.2   1376.9   0.506
20260403180307    214    625.0    640.0   20.0     36.6   1384.5   1382.2   0.597
20260403180307    214    685.0    700.0   20.0     64.6   1393.3   1502.5   0.867
20260403180307    214   1105.0   1120.0   20.0     29.7   1664.6   1592.9   0.779
20260403180307    214   1320.0   1335.0   20.0     20.7   1566.5   1585.2   0.747
20260403180307    215    395.0    450.0   20.0     26.6   1186.2   1220.5   0.779
20260403180307    215    525.0    540.0   20.0     47.1   1259.4   1224.8   0.750
20260403180307    215    665.0    680.0   20.0     56.7   1283.2   1238.3   0.692
20260403180307    215    765.0    780.0   20.0    184.9   1250.8   1477.4   0.839
20260403180307    217   1700.0   1715.0   20.0     77.7   1183.3   1182.9   0.624
20260403180307    218    285.0    305.0   20.0    253.7   1192.1   1191.2   0.863
20260403180307    218    405.0    420.0   20.0     37.8   1199.1   1237.8   0.760
20260403180307    218    485.0    505.0   20.0    191.2   1289.4   1602.6   0.832
20260403180307    218    810.0    825.0   20.0     62.3   1793.2   1871.2   0.763
20260403180307    219     65.0     85.0   20.0    231.3   1193.6   1196.0   0.811
20260403180307    219   1480.0   1495.0   20.0    170.7   1190.4   1188.2   0.834
20260403180307    219   1635.0   1655.0   20.0    172.2   1186.8   1184.9   0.848
20260403180307    220      0.0     10.0   20.0     61.4      0.0   1945.0   0.860
20260403180307    222     90.0    105.0   20.0    153.7   1205.6   1204.3   0.771
20260403180307    222    465.0    485.0   20.0    154.3   1202.0   1202.1   0.820
20260403180307    223    135.0    165.0   20.0    207.8   1245.6   1220.5   0.814
20260403180307    223   1255.0   1270.0   20.0     38.0   1249.7   1367.2   0.832
20260403180307    223   1315.0   1405.0   20.0    269.5   1382.1   1208.7   0.829
20260403180307    225    930.0    950.0   20.0    186.6   1205.1   1204.7   0.785
20260403180307    227    525.0    535.0   20.0     22.3   1213.3   1212.9   0.427
20260403180307    227    905.0    920.0   20.0     57.7   1210.5   1211.4   0.745
20260403180307    230     30.0     75.0   20.0     28.5    530.9    704.8   0.925
20260403180307    230    150.0    165.0   20.0     20.2    722.5    707.6   0.479
20260403180307    230    455.0    470.0   20.0     21.8    639.8    627.7   0.886
20260403180307    231    355.0    370.0   20.0    118.0   1238.2   1252.6   0.849
20260403180307    231   1255.0   1270.0   20.0    168.3   1231.5   1532.5   0.834
20260403180307    231   1395.0   1465.0   20.0     60.1   1524.2   1529.3   0.718
20260403180307    231   1560.0   1575.0   20.0     73.6   1553.6   1542.0   0.674
20260403180307    231   1690.0   1705.0   20.0     22.4   1524.4   1551.7   0.768
20260403180307    232   1640.0   1730.0   20.0     61.2   1223.8   1526.3   0.811
20260403180307    232   1790.0   1800.0   20.0     25.3   1559.9   1596.7   0.648
20260403180307    233    720.0    745.0   20.0    137.8   1231.4   1229.3   0.876
20260403180307    235    925.0    940.0   20.0    100.1   1252.3   1251.5   0.687
20260403180307    236      5.0     70.0   20.0     33.6   1752.8   1842.7   0.917
20260403180307    236    320.0    335.0   20.0     22.8   1726.3   1743.6   0.875
20260403180307    236    665.0    680.0   20.0     32.4   1733.2   1722.3   0.796
20260403180307    236    930.0    980.0   20.0     42.3   1694.9   1809.4   0.887
20260403180307    239    220.0    250.0   20.0    252.1   1249.8   1249.3   0.855
20260403180307    239    955.0    985.0   20.0    262.2   1245.5   1245.2   0.878
20260403180307    240    385.0    405.0   20.0    217.3   1266.4   1274.6   0.848
20260403180307    241   1480.0   1585.0   20.0    128.5   1268.6   1607.8   0.880
20260403180307    244     90.0    110.0   20.0     52.1   1291.4   1640.7   0.745
20260403180307    244    175.0    235.0   20.0     33.1   1724.3   1703.5   0.594
20260403180307    244    345.0    360.0   20.0     23.4   1698.7   1701.8   0.557
20260403180307    244   1085.0   1100.0   20.0     33.2   1795.6   1803.4   0.585
20260403180307    246      0.0     95.0   20.0    262.8      0.0   1327.1   0.892
20260403180307    246    150.0    200.0   20.0    357.5   1318.2   1313.7   0.867
20260403180307    248     40.0     60.0   20.0    370.0   1315.5   1318.0   0.843
20260403180307    248    120.0    155.0   20.0    341.7   1314.6   1314.9   0.865
20260403180307    248    220.0    245.0   20.0    340.7   1313.2   1313.8   0.819
20260403180307    248   1270.0   1330.0   20.0    107.7   1304.8   1646.2   0.907
20260403180307    248   1365.0   1425.0   20.0    225.7   1681.0   1301.4   0.911
20260403180307    252    505.0    535.0   20.0    155.4   1320.3   1322.4   0.764
20260403180307    254    475.0    550.0   20.0     87.6   1316.7   1688.3   0.781
20260403180307    254    740.0    755.0   20.0     26.7   1732.1   1770.9   0.848
20260403180307    255   1665.0   1750.0   20.0    165.0   1300.7   1296.1   0.801
20260403183625      1    240.0    255.0   20.0    142.3   1345.3   1163.8   0.825
20260403183625      3      0.0     15.0   20.0    190.7      0.0   1144.0   0.818
20260403183625      8    595.0    610.0   20.0     41.7   1157.4   1200.2   0.768
20260403183625      8   1010.0   1065.0   20.0    131.1   1243.8   1222.1   0.614
20260403183625      8   1690.0   1705.0   20.0     42.8   1255.0   1282.5   0.734
20260403183625      9   1170.0   1190.0   20.0    128.8   1137.4   1135.7   0.796
20260403183625      9   1240.0   1255.0   20.0    152.6   1133.1   1131.6   0.788
20260403183625      9   1685.0   1705.0   20.0    122.3   1128.5   1129.9   0.745
20260403183625     11   1450.0   1485.0   20.0    221.2   1127.3   1127.6   0.892
20260403183625     13    795.0    810.0   20.0     30.7   1136.2   1136.8   0.744
20260403183625     15    160.0    175.0   20.0     21.7   1136.7   1164.5   0.697
20260403183625     15    675.0    690.0   20.0     25.4   1224.9   1201.0   0.805
20260403183625     15   1325.0   1340.0   20.0     60.9   1183.7   1190.6   0.852
20260403183625     15   1440.0   1450.0   20.0     25.0   1187.3   1188.1   0.406
20260403183625     15   1560.0   1575.0   20.0     80.7   1185.5   1325.9   0.920
20260403183625     15   1630.0   1670.0   20.0     39.6   1370.5   1422.4   0.678
20260403183625     15   1770.0   1785.0   20.0     20.0   1442.6   1444.1   0.578
20260403183625     18   1250.0   1295.0   20.0     79.6   1126.1   1529.6   0.936
20260403183625     19    610.0    630.0   20.0    155.1   1135.6   1136.3   0.738
20260403183625     20   1050.0   1085.0   20.0    161.0   1114.3   1112.8   0.799
20260403183625     21   1310.0   1325.0   20.0     79.9   1090.2   1088.7   0.742
20260403183625     21   1575.0   1590.0   20.0     41.7   1086.4   1089.4   0.592
20260403183625     23   1705.0   1720.0   20.0     43.4   1111.9   1211.0   0.734
20260403183625     23   1755.0   1795.0   20.0     39.1   1235.3   1291.3   0.668
20260403183625     25   1470.0   1550.0   20.0     48.0   1114.0   1289.7   0.735
20260403183625     25   1645.0   1660.0   20.0     21.4   1277.6   1282.3   0.675
20260403183625     25   1740.0   1765.0   20.0     37.2   1328.7   1248.7   0.797
20260403183625     26    745.0    760.0   20.0    160.3   1103.9   1102.4   0.696
20260403183625     27   1740.0   1755.0   20.0    162.6   1102.1   1101.3   0.828
20260403183625     28    880.0    895.0   20.0    108.2   1105.8   1104.3   0.689
20260403183625     28   1685.0   1800.0   20.0     50.0   1099.1   1394.7   0.802
20260403183625     29   1250.0   1270.0   20.0    107.3   1091.4   1086.5   0.825
20260403183625     31    130.0    150.0   20.0    139.9   1104.7   1103.4   0.863
20260403183625     31   1735.0   1750.0   20.0     30.7   1094.1   1143.6   0.751
20260403183625     32   1145.0   1180.0   20.0    235.9   1103.4   1100.4   0.799
20260403183625     33    310.0    325.0   20.0     35.0   1102.3   1139.4   0.727
20260403183625     33    570.0    625.0   20.0     42.5   1176.0   1162.8   0.822
20260403183625     33    665.0    680.0   20.0     21.1   1166.1   1203.1   0.810
20260403183625     33   1535.0   1550.0   20.0     26.2   1253.3   1289.5   0.797
20260403183625     35    440.0    460.0   20.0    120.0   1097.6   1095.1   0.830
20260403183625     35    990.0   1015.0   20.0     76.3   1090.9   1092.0   0.807
20260403183625     35   1750.0   1765.0   20.0     44.2   1088.5   1088.1   0.688
20260403183625     39    735.0    770.0   20.0     58.5   1072.5   1070.9   0.767
20260403183625     39   1075.0   1095.0   20.0    116.0   1064.9   1064.1   0.727
20260403183625     44    405.0    420.0   20.0    297.3   1081.6   1616.3   0.855
20260403183625     45    460.0    475.0   20.0     62.9   1090.1   1222.7   0.868
20260403183625     45    525.0    590.0   20.0    191.4   1327.6   1085.5   0.841
20260403183625     46   1265.0   1280.0   20.0     20.4   1116.7   1080.6   0.753
20260403183625     47    755.0    770.0   20.0     61.2   1074.4   1076.2   0.753
20260403183625     47   1265.0   1285.0   20.0    319.1   1077.8   1564.3   0.836
20260403183625     48     10.0     90.0   20.0     35.3    401.3    387.1   0.689
20260403183625     48    370.0    445.0   20.0     39.1    396.8    402.7   0.682
20260403183625     48    610.0    635.0   20.0     40.0    403.9    413.8   0.571
20260403183625     48    775.0    785.0   20.0     26.0    404.6    410.6   0.406
20260403183625     48    945.0    955.0   20.0     23.2    408.0    402.4   0.478
20260403183625     48   1115.0   1160.0   20.0    127.6    399.7    439.2   0.517
20260403183625     48   1195.0   1210.0   20.0    161.6    441.0    273.6   0.708
20260403183625     48   1775.0   1790.0   20.0     37.9    290.6    291.4   0.435
20260403183625     49     30.0     45.0   20.0     28.4   1063.8   1107.5   0.751
20260403183625     49    170.0    185.0   20.0     28.0   1138.2   1113.4   0.759
20260403183625     49    585.0    600.0   20.0     53.5   1141.4   1156.7   0.709
20260403183625     49    980.0    995.0   20.0     42.8   1139.1   1137.5   0.879
20260403183625     49   1125.0   1140.0   20.0     25.0   1134.2   1140.0   0.787
20260403183625     50      5.0     20.0   20.0     39.1   1062.8   1199.7   0.784
20260403183625     50    245.0    300.0   20.0     55.8   1243.7   1350.7   0.753
20260403183625     50    580.0    595.0   20.0     21.1   1289.3   1301.5   0.789
20260403183625     50    950.0    965.0   20.0     34.6   1262.1   1255.6   0.493
20260403183625     50   1255.0   1275.0   20.0     91.5   1189.2   1057.0   0.852
20260403183625     51   1040.0   1060.0   20.0     94.5   1062.7   1059.9   0.769
20260403183625     52   1710.0   1745.0   20.0    164.3   1067.3   1336.0   0.828
20260403183625     55    260.0    280.0   20.0    247.5   1077.1   1077.1   0.838
20260403183625     55    885.0    900.0   20.0    175.6   1078.3   1084.9   0.777
20260403183625     59    175.0    195.0   20.0     75.4   1065.6   1067.6   0.787
20260403183625     59    725.0    740.0   20.0     22.7   1066.0   1066.5   0.788
20260403183625     59   1495.0   1510.0   20.0     68.7   1065.8   1062.0   0.602
20260403183625     64   1270.0   1285.0   20.0     32.2   1216.9   1281.1   0.817
20260403183625     65    605.0    625.0   20.0    174.3   1049.8   1048.9   0.854
20260403183625     67   1115.0   1130.0   20.0     35.1   1046.1   1200.3   0.725
20260403183625     67   1165.0   1205.0   20.0    137.4   1238.4   1044.2   0.845
20260403183625     69    595.0    610.0   20.0     62.9   1056.1   1057.1   0.623
20260403183625     69   1010.0   1070.0   20.0    180.6   1055.5   1057.3   0.880
20260403183625     71   1465.0   1515.0   20.0    193.3   1044.8   1042.3   0.896
20260403183625     72     55.0     70.0   20.0     24.4   1549.8   1576.0   0.826
20260403183625     76   1395.0   1430.0   20.0    189.2   1067.4   1068.8   0.837
20260403183625     76   1675.0   1695.0   20.0    109.1   1068.3   1278.7   0.894
20260403183625     76   1740.0   1755.0   20.0     55.5   1315.1   1348.5   0.656
20260403183625     77   1215.0   1230.0   20.0     41.3   1033.5   1033.5   0.704
20260403183625     77   1545.0   1560.0   20.0     27.9   1043.7   1075.8   0.781
20260403183625     77   1595.0   1670.0   20.0     40.6   1086.1   1219.0   0.783
20260403183625     77   1775.0   1800.0   20.0     27.9   1233.9   1257.5   0.823
20260403183625     78    905.0    920.0   20.0     48.5   1558.9   1560.7   0.853
20260403183625     79    110.0    175.0   20.0    176.6   1044.9   1602.5   0.843
20260403183625     82    845.0    865.0   20.0     84.3   1047.2   1045.9   0.864
20260403183625     82   1335.0   1350.0   20.0     58.9   1044.1   1042.8   0.676
20260403183625     82   1790.0   1800.0   20.0     61.7   1045.1   1040.8   0.741
20260403183625     83   1135.0   1150.0   20.0     60.2   1032.6   1031.7   0.666
20260403183625     84   1385.0   1400.0   20.0     63.3   1065.2   1212.7   0.920
20260403183625     85    390.0    450.0   20.0    250.8   1058.2   1181.3   0.850
20260403183625     86    230.0    245.0   20.0     37.0   1044.7   1151.2   0.793
20260403183625     86    280.0    310.0   20.0    211.2   1170.7   1044.0   0.721
20260403183625     87    280.0    295.0   20.0    107.6   1043.7   1042.7   0.803
20260403183625     88    690.0    705.0   20.0    143.3   1049.0   1043.0   0.800
20260403183625     88   1245.0   1260.0   20.0     82.0   1042.7   1040.5   0.725
20260403183625     89    710.0    735.0   20.0     96.0   1056.6   1057.7   0.890
20260403183625     90    515.0    535.0   20.0     60.2    449.5    441.6   0.674
20260403183625     92    110.0    160.0   20.0     23.9   1027.9   1071.4   0.814
20260403183625     92    830.0    845.0   20.0    100.4   1121.0   1027.9   0.801
20260403183625     92   1185.0   1200.0   20.0    152.4   1026.1   1026.1   0.825
20260403183625     93   1195.0   1215.0   20.0    172.7   1038.3   1039.4   0.756
20260403183625     94    425.0    440.0   20.0     40.3   1047.2   1047.1   0.807
20260403183625     95    655.0    670.0   20.0     24.7   1032.6   1075.7   0.786
20260403183625     95    795.0    810.0   20.0     78.2   1168.2   1033.0   0.759
20260403183625     96    650.0    665.0   20.0     47.2   1050.4   1050.7   0.653
20260403183625     97    240.0    255.0   20.0     43.0   1043.7   1299.4   0.816
20260403183625     97    295.0    345.0   20.0    113.7   1310.1   1048.0   0.921
20260403183625     99     35.0     85.0   20.0    279.7   1046.0   1447.0   0.826
20260403183625    101    900.0    915.0   20.0     32.0   1039.3   1042.7   0.789
20260403183625    102    195.0    210.0   20.0     24.6   1037.1   1071.4   0.762
20260403183625    103    265.0    280.0   20.0     23.9   1390.8   1411.1   0.716
20260403183625    103   1070.0   1085.0   20.0     21.8   1422.6   1413.8   0.870
20260403183625    104    605.0    640.0   20.0    185.2   1049.7   1050.0   0.810
20260403183625    106    505.0    530.0   20.0     64.7   1038.0   1035.6   0.752
20260403183625    107   1195.0   1250.0   20.0     54.9   1043.6   1179.9   0.798
20260403183625    107   1290.0   1325.0   20.0     61.9   1231.1   1041.6   0.882
20260403183625    107   1760.0   1780.0   20.0    192.7   1043.6   1040.4   0.829
20260403183625    108    210.0    225.0   20.0     24.1   1129.0   1156.9   0.826
20260403183625    110     50.0     65.0   20.0     23.2   1417.7   1418.4   0.617
20260403183625    111    825.0    840.0   20.0    130.4   1044.3   1281.3   0.835
20260403183625    111   1050.0   1060.0   20.0     45.2   1349.1   1332.2   0.539
20260403183625    111   1405.0   1420.0   20.0     68.8   1229.2   1039.5   0.932
20260403183625    112    440.0    460.0   20.0     55.3   1042.7   1043.0   0.763
20260403183625    114    405.0    425.0   20.0     76.6   1062.6   1063.8   0.832
20260403183625    115   1095.0   1105.0   20.0     21.2   1045.4   1046.3   0.480
20260403183625    115   1525.0   1540.0   20.0     71.7   1042.7   1042.5   0.735
20260403183625    118    935.0    955.0   20.0     41.4   1442.4   1489.3   0.938
20260403183625    118   1005.0   1095.0   20.0     45.6   1485.3   1480.6   0.918
20260403183625    119   1350.0   1365.0   20.0     87.3   1038.3   1041.0   0.767
20260403183625    120   1415.0   1435.0   20.0    116.2   1508.7   1610.4   0.867
20260403183625    121     70.0     85.0   20.0     24.9   1044.4   1097.4   0.744
20260403183625    121    685.0    700.0   20.0     20.6   1095.2   1107.3   0.788
20260403183625    121    755.0    785.0   20.0     43.7   1099.3   1247.3   0.824
20260403183625    122    910.0    945.0   20.0     56.7   1044.6   1247.0   0.784
20260403183625    123   1645.0   1665.0   20.0     60.3   1026.1   1026.2   0.847
20260403183625    126    910.0    940.0   20.0     82.5   1058.3   1057.6   0.766
20260403183625    129    340.0    365.0   20.0    244.7   1035.6   1037.2   0.844
20260403183625    129   1520.0   1535.0   20.0     64.5   1032.0   1030.1   0.796
20260403183625    135    960.0    980.0   20.0     73.9   1049.2   1241.3   0.847
20260403183625    137    145.0    160.0   20.0     98.6   1056.3   1055.8   0.802
20260403183625    138   1235.0   1290.0   20.0     40.1   1066.8   1150.6   0.851
20260403183625    138   1360.0   1375.0   20.0     50.3   1155.8   1276.7   0.897
20260403183625    138   1525.0   1540.0   20.0     32.1   1319.3   1329.0   0.656
20260403183625    138   1585.0   1600.0   20.0     30.2   1342.3   1341.1   0.448
20260403183625    144     30.0     45.0   20.0     56.3   1056.7   1184.2   0.800
20260403183625    144     80.0     95.0   20.0     20.7   1197.3   1210.7   0.556
20260403183625    144    215.0    230.0   20.0     25.3   1262.6   1272.2   0.746
20260403183625    144    370.0    385.0   20.0     27.0   1365.5   1400.8   0.684
20260403183625    146    225.0    255.0   20.0     82.5   1214.4   1065.0   0.831
20260403183625    146   1410.0   1425.0   20.0     30.9   1060.3   1229.8   0.940
20260403183625    148    385.0    405.0   20.0     96.2   1060.4   1061.8   0.795
20260403183625    148   1790.0   1800.0   20.0     81.3   1065.6   1064.5   0.773
20260403183625    150     95.0    110.0   20.0    119.6    599.2    613.4   0.458
20260403183625    150   1350.0   1360.0   20.0    127.3    647.6    638.7   0.424
20260403183625    150   1505.0   1645.0   20.0     59.9    691.5    703.4   0.569
20260403183625    150   1695.0   1755.0   20.0     61.3    705.4    701.5   0.554
20260403183625    152     10.0     50.0   20.0     57.1   1059.3   1406.7   0.799
20260403183625    152    105.0    120.0   20.0     28.7   1386.2   1461.9   0.791
20260403183625    153    115.0    135.0   20.0     80.8   1076.8   1068.8   0.831
20260403183625    153   1095.0   1110.0   20.0     71.8   1068.7   1073.3   0.712
20260403183625    154    450.0    465.0   20.0     99.7   1070.8   1068.0   0.807
20260403183625    154   1015.0   1035.0   20.0     60.0   1066.8   1065.0   0.762
20260403183625    156   1680.0   1695.0   20.0     26.2   1069.5   1130.6   0.701
20260403183625    157     65.0     80.0   20.0     44.6   1075.1   1070.0   0.564
20260403183625    160   1040.0   1090.0   20.0    170.2   1090.6   1092.3   0.860
20260403183625    161    855.0    870.0   20.0     21.3   1009.4   1008.2   0.709
20260403183625    161    915.0    930.0   20.0     24.6   1008.3   1008.6   0.666
20260403183625    161   1570.0   1585.0   20.0     31.8   1003.1   1003.7   0.790
20260403183625    162   1075.0   1100.0   20.0     66.7   1089.6   1087.8   0.877
20260403183625    164    940.0    980.0   20.0     64.5   1080.6   1082.0   0.769
20260403183625    165    350.0    365.0   20.0    192.2   1130.7   1081.5   0.574
20260403183625    167   1440.0   1455.0   20.0     94.1   1079.8   1080.5   0.794
20260403183625    169   1290.0   1320.0   20.0    146.2   1088.8   1087.2   0.858
20260403183625    170    950.0    965.0   20.0     37.4   1084.3   1084.8   0.690
20260403183625    171     25.0     40.0   20.0     52.6   1081.4   1147.8   0.755
20260403183625    171    335.0    355.0   20.0    165.2   1206.2   1320.2   0.846
20260403183625    171    515.0    585.0   20.0    162.4   1321.9   1399.5   0.877
20260403183625    171   1155.0   1170.0   20.0     28.5   1349.2   1291.9   0.634
20260403183625    174   1110.0   1125.0   20.0     84.4   1108.3   1106.1   0.766
20260403183625    175    325.0    340.0   20.0     32.7   1420.7   1353.0   0.664
20260403183625    177    735.0    850.0   20.0    235.7   1110.6   1563.1   0.828
20260403183625    177    890.0    905.0   20.0     31.2   1582.8   1522.2   0.936
20260403183625    177    965.0    980.0   20.0     49.0   1536.7   1647.9   0.889
20260403183625    179    640.0    650.0   20.0     23.0   1102.0   1188.3   0.414
20260403183625    179    690.0    755.0   20.0    227.7   1101.1   1593.6   0.878
20260403183625    179    870.0    885.0   20.0     43.5   1583.6   1580.3   0.554
20260403183625    179   1585.0   1600.0   20.0     55.9   1507.6   1524.4   0.671
20260403183625    180    160.0    245.0   20.0    142.4   1113.8   1459.0   0.825
20260403183625    182   1175.0   1190.0   20.0    103.9   1143.6   1145.8   0.815
20260403183625    182   1710.0   1725.0   20.0     43.0   1137.9   1139.2   0.677
20260403183625    185   1540.0   1560.0   20.0    200.1   1087.4   1086.4   0.766
20260403183625    186    820.0    840.0   20.0     33.2   1597.3   1598.6   0.914
20260403183625    186    995.0   1010.0   20.0     98.1   1592.9   1593.4   0.792
20260403183625    187    305.0    325.0   20.0    115.5   1117.2   1382.3   0.886
20260403183625    187    365.0    380.0   20.0     46.9   1398.7   1480.6   0.897
20260403183625    187   1105.0   1125.0   20.0     33.1   1465.2   1510.6   0.773
20260403183625    189    120.0    210.0   20.0     74.5   1625.8   1790.6   0.791
20260403183625    189    650.0    665.0   20.0    193.4   1654.9   1662.8   0.665
20260403183625    191    105.0    150.0   20.0     82.7    927.3    929.1   0.890
20260403183625    194    520.0    600.0   20.0    139.9   1149.1   1148.7   0.860
20260403183625    194    790.0    805.0   20.0     72.0   1147.6   1148.9   0.791
20260403183625    194   1495.0   1510.0   20.0     39.3   1137.6   1320.6   0.786
20260403183625    194   1595.0   1605.0   20.0     24.0   1357.0   1415.7   0.562
20260403183625    195    765.0    780.0   20.0    175.0   1144.0   1186.1   0.840
20260403183625    196    405.0    450.0   20.0    203.5   1141.6   1140.4   0.860
20260403183625    196   1770.0   1790.0   20.0     86.5   1135.4   1134.5   0.772
20260403183625    198    170.0    210.0   20.0     39.4   1159.0   1368.0   0.828
20260403183625    198    250.0    275.0   20.0     37.5   1380.5   1395.5   0.644
20260403183625    198    380.0    490.0   20.0     78.5   1415.6   1573.7   0.748
20260403183625    198    825.0    855.0   20.0     71.6   1584.5   1651.0   0.899
20260403183625    198   1120.0   1155.0   20.0     36.3   1663.8   1481.3   0.811
20260403183625    198   1685.0   1700.0   20.0     20.1   1300.1   1311.1   0.689
20260403183625    199    380.0    395.0   20.0    114.5   1646.9   1673.7   0.486
20260403183625    200   1680.0   1695.0   20.0    419.7   1138.8   1138.1   0.894
20260403183625    201    490.0    510.0   20.0    213.4   1162.2   1160.8   0.893
20260403183625    202     45.0     70.0   20.0    131.7   1159.6   1725.8   0.883
20260403183625    202   1310.0   1325.0   20.0     21.1   1751.9   1759.6   0.871
20260403183625    203    350.0    365.0   20.0     22.5   1154.9   1154.0   0.437
20260403183625    203   1070.0   1085.0   20.0     25.0   1160.8   1162.6   0.524
20260403183625    204    205.0    220.0   20.0     42.5   1864.4   1959.0   0.912
20260403183625    206   1045.0   1065.0   20.0     93.4   1154.0   1155.6   0.877
20260403183625    206   1100.0   1115.0   20.0     24.6   1154.6   1186.7   0.745
20260403183625    206   1370.0   1420.0   20.0     30.8   1245.5   1275.1   0.796
20260403183625    206   1595.0   1610.0   20.0     24.7   1306.9   1321.6   0.781
20260403183625    206   1655.0   1670.0   20.0     79.0   1319.4   1145.4   0.755
20260403183625    207    160.0    175.0   20.0     26.8   1721.6   1726.1   0.520
20260403183625    207    240.0    435.0   20.0     75.2   1762.8   1706.0   0.822
20260403183625    208    350.0    365.0   20.0     51.3   1175.7   1173.0   0.737
20260403183625    209    600.0    620.0   20.0     74.3   1170.0   1172.5   0.817
20260403183625    209    675.0    690.0   20.0     23.3   1167.4   1221.2   0.775
20260403183625    209   1215.0   1275.0   20.0    175.4   1299.5   1282.9   0.803
20260403183625    209   1400.0   1415.0   20.0     40.9   1297.8   1289.3   0.802
20260403183625    211    140.0    155.0   20.0     23.9   1170.3   1212.7   0.633
20260403183625    211   1300.0   1315.0   20.0     90.5   1254.5   1196.9   0.739
20260403183625    212    160.0    175.0   20.0    172.7   1184.5   1185.1   0.822
20260403183625    213   1635.0   1695.0   20.0    290.5   1169.5   1169.5   0.858
20260403183625    214    785.0    800.0   20.0     49.6   1438.4   1484.7   0.721
20260403183625    214    890.0    905.0   20.0     23.5   1508.2   1605.1   0.803
20260403183625    217   1765.0   1790.0   20.0     61.2   1186.4   1187.7   0.825
20260403183625    218    735.0    750.0   20.0    191.2   1187.3   1506.7   0.847
20260403183625    218    805.0    820.0   20.0     38.8   1560.4   1555.0   0.558
20260403183625    218   1510.0   1525.0   20.0     23.6   1562.7   1574.4   0.829
20260403183625    219    375.0    385.0   20.0     21.7   1404.8   1199.0   0.881
20260403183625    221    215.0    230.0   20.0     68.0   1193.0   1192.5   0.658
20260403183625    221   1205.0   1225.0   20.0    132.2   1193.8   1188.1   0.868
20260403183625    222    340.0    355.0   20.0     48.2   1210.0   1208.7   0.742
20260403183625    222   1100.0   1190.0   20.0    169.6   1203.0   1538.8   0.865
20260403183625    222   1240.0   1255.0   20.0     20.2   1591.6   1572.4   0.641
20260403183625    222   1300.0   1325.0   20.0     27.9   1519.1   1586.9   0.721
20260403183625    222   1400.0   1415.0   20.0     29.8   1559.6   1539.5   0.661
20260403183625    222   1525.0   1540.0   20.0     95.4   1545.7   1599.8   0.735
20260403183625    224    375.0    480.0   20.0    147.6   1225.0   1722.7   0.791
20260403183625    225   1520.0   1535.0   20.0    121.4   1202.8   1410.1   0.662
20260403183625    225   1605.0   1620.0   20.0     69.1   1467.4   1489.4   0.606
20260403183625    226   1565.0   1580.0   20.0     29.1   1146.3   1165.1   0.626
20260403183625    226   1615.0   1630.0   20.0     74.1   1173.9   1147.4   0.540
20260403183625    227      5.0     20.0   20.0    205.6   1215.5   1212.8   0.739
20260403183625    227   1305.0   1345.0   20.0    126.3   1208.9   1206.6   0.814
20260403183625    227   1550.0   1565.0   20.0     84.7   1249.5   1210.7   0.709
20260403183625    228    360.0    375.0   20.0     38.1   1497.8   1300.5   0.857
20260403183625    228    415.0    430.0   20.0     23.3   1299.1   1307.4   0.767
20260403183625    228    730.0    745.0   20.0     36.2   1320.3   1431.6   0.806
20260403183625    228    865.0    880.0   20.0     21.2   1442.4   1455.2   0.635
20260403183625    228   1050.0   1065.0   20.0    140.1   1463.1   1587.8   0.719
20260403183625    229    290.0    305.0   20.0     76.1   1233.6   1234.8   0.768
20260403183625    230     10.0     30.0   20.0     46.0    581.9    422.8   0.828
20260403183625    230     65.0     85.0   20.0     59.9    454.3    674.9   0.851
20260403183625    230    215.0    230.0   20.0     60.5    772.5    756.6   0.758
20260403183625    230    295.0    310.0   20.0     29.2    770.3    775.9   0.874
20260403183625    231    240.0    265.0   20.0    162.6   1243.5   1243.0   0.821
20260403183625    231    325.0    370.0   20.0     86.8   1242.5   1245.6   0.756
20260403183625    232    315.0    485.0   20.0     61.3   1238.7   1735.4   0.859
20260403183625    232    595.0    610.0   20.0    125.6   1553.5   1628.9   0.694
20260403183625    233    700.0    715.0   20.0     86.1   1235.7   1237.8   0.776
20260403183625    233   1160.0   1175.0   20.0     45.2   1244.9   1233.6   0.710
20260403183625    233   1225.0   1300.0   20.0    235.7   1227.2   1228.2   0.834
20260403183625    234     80.0    100.0   20.0    129.9   1497.9   1250.0   0.806
20260403183625    235    105.0    120.0   20.0     29.4   1273.1   1250.7   0.749
20260403183625    235   1445.0   1470.0   20.0    162.9   1239.8   1239.7   0.857
20260403183625    237   1650.0   1665.0   20.0     26.9   1230.4   1231.5   0.525
20260403183625    238    235.0    250.0   20.0    121.3   1800.9   1872.4   0.721
20260403183625    239    875.0    890.0   20.0     65.8   1246.5   1246.5   0.618
20260403183625    241    390.0    410.0   20.0    169.0   1275.0   1275.0   0.869
20260403183625    243     45.0     60.0   20.0     24.6   1300.9   1404.8   0.713
20260403183625    243    150.0    165.0   20.0     80.0   1327.0   1448.2   0.764
20260403183625    244   1295.0   1310.0   20.0    112.6   1283.2   1283.8   0.789
20260403183625    245    100.0    120.0   20.0    180.9   1293.1   1295.8   0.812
20260403183625    246    425.0    440.0   20.0     37.5   1665.7   1683.2   0.639
20260403183625    246    530.0    545.0   20.0     38.2   1673.3   1696.5   0.601
20260403183625    246   1525.0   1545.0   20.0     58.1   1563.5   1550.1   0.838
20260403183625    247   1425.0   1440.0   20.0     70.9   1270.2   1271.0   0.792
20260403183625    247   1600.0   1700.0   20.0    367.4   1270.3   2031.4   0.797
20260403183625    248    130.0    150.0   20.0    378.9   1318.5   1321.0   0.754
20260403183625    248    390.0    460.0   20.0    310.3   1323.0   1605.6   0.886
20260403183625    248   1175.0   1190.0   20.0     22.2   1678.3   1697.3   0.719
20260403183625    248   1610.0   1625.0   20.0     42.5   1691.0   1718.7   0.711
20260403183625    251    170.0    345.0   20.0     90.6   1291.1   1744.2   0.873
20260403183625    251    380.0    445.0   20.0    146.5   1720.1   1728.0   0.845
20260403183625    251    580.0    600.0   20.0     55.7   1760.8   1856.7   0.809
20260403183625    251    755.0    770.0   20.0     23.1   1861.5   1880.8   0.709
20260403183625    251   1090.0   1105.0   20.0     22.9   1670.8   1432.3   0.940
20260403183625    252    710.0    750.0   20.0     95.5   1321.2   1313.5   0.856
20260403183625    253   1260.0   1410.0   20.0     63.2   1310.3   1617.4   0.845
20260403183625    253   1445.0   1465.0   20.0    119.2   1630.7   1706.2   0.790
20260403183625    253   1530.0   1545.0   20.0     24.4   1689.2   1734.4   0.784
20260403183625    253   1645.0   1660.0   20.0    281.6   1773.5   1979.4   0.737
20260403183625    254    660.0    685.0   20.0     27.0   1879.3   1858.8   0.726
20260403183625    254    990.0   1005.0   20.0     30.5   1783.4   1822.9   0.797
20260403183625    255    480.0    495.0   20.0    209.8   1318.0   1314.9   0.817
20260403183625    256    290.0    305.0   20.0     21.3   1855.3   1860.8   0.702
20260403183625    256   1410.0   1425.0   20.0     50.0   1842.0   1836.1   0.562
20260403190945      1   1400.0   1430.0   20.0    183.8   1169.8   1172.9   0.808
20260403190945      3    495.0    510.0   20.0     58.5   1146.9   1238.7   0.787
20260403190945      3    645.0    700.0   20.0    226.8   1290.9   1617.2   0.722
20260403190945      4    850.0    865.0   20.0     37.5   1303.8   1317.2   0.784
20260403190945      5    930.0    945.0   20.0     83.6   1150.2   1148.4   0.787
20260403190945      5   1190.0   1210.0   20.0    152.0   1149.8   1152.0   0.888
20260403190945      7    245.0    300.0   20.0     85.3   1148.2   1594.9   0.824
20260403190945      8    790.0    880.0   20.0     54.6   1154.4   1413.5   0.914
20260403190945      8    915.0    930.0   20.0     28.5   1392.9   1399.7   0.837
20260403190945      8   1015.0   1030.0   20.0     28.7   1447.5   1468.1   0.852
20260403190945      8   1135.0   1145.0   20.0     20.7   1475.8   1484.8   0.785
20260403190945      8   1270.0   1285.0   20.0     27.1   1520.8   1566.6   0.848
20260403190945      8   1500.0   1515.0   20.0     76.7   1516.0   1554.6   0.831
20260403190945      9    775.0    790.0   20.0     23.8   1146.2   1192.9   0.719
20260403190945      9   1215.0   1225.0   20.0     21.6   1181.4   1231.2   0.722
20260403190945      9   1500.0   1515.0   20.0     21.3   1327.6   1338.3   0.565
20260403190945     10    435.0    450.0   20.0     62.6   1141.7   1145.2   0.798
20260403190945     10   1330.0   1405.0   20.0    124.6   1146.2   1352.1   0.888
20260403190945     10   1490.0   1505.0   20.0    174.0   1442.6   1139.4   0.844
20260403190945     11    655.0    675.0   20.0    101.8   1144.0   1141.5   0.905
20260403190945     11    720.0    745.0   20.0     90.8   1143.8   1142.9   0.780
20260403190945     11   1080.0   1100.0   20.0    168.0   1144.1   1143.1   0.762
20260403190945     13   1535.0   1550.0   20.0     31.1   1139.2   1139.7   0.716
20260403190945     15   1780.0   1800.0   20.0    100.3   1144.0   1382.7   0.895
20260403190945     18     30.0     40.0   20.0     23.8   1243.3   1123.2   0.793
20260403190945     20      0.0     10.0   20.0     86.7      0.0   1123.1   0.660
20260403190945     20    905.0    920.0   20.0     30.3   1122.9   1184.0   0.737
20260403190945     20   1110.0   1130.0   20.0    263.1   1199.5   1629.8   0.858
20260403190945     21    345.0    360.0   20.0     25.0   1098.1   1125.8   0.825
20260403190945     21    990.0   1005.0   20.0     23.8   1103.9   1103.6   0.753
20260403190945     21   1675.0   1725.0   20.0     77.5   1126.3   1105.4   0.804
20260403190945     23    450.0    490.0   20.0     35.5   1181.0   1254.4   0.742
20260403190945     23    555.0    570.0   20.0     23.6   1300.9   1340.4   0.779
20260403190945     23    975.0    990.0   20.0     30.0   1369.0   1398.5   0.745
20260403190945     24    260.0    280.0   20.0    175.8   1116.2   1116.6   0.802
20260403190945     25    120.0    140.0   20.0     39.7   1460.8   1515.5   0.765
20260403190945     25    185.0    200.0   20.0     35.6   1507.3   1531.7   0.725
20260403190945     25    255.0    270.0   20.0     42.1   1509.1   1511.2   0.604
20260403190945     25    635.0    655.0   20.0    173.0   1477.8   1667.4   0.818
20260403190945     26   1105.0   1125.0   20.0    352.7   1109.5   1668.2   0.861
20260403190945     27   1655.0   1745.0   20.0     25.7   1149.9   1264.0   0.737
20260403190945     28    255.0    280.0   20.0     35.3   1114.4   1270.2   0.757
20260403190945     28    320.0    415.0   20.0    125.3   1324.7   1371.6   0.785
20260403190945     28    450.0    475.0   20.0     22.6   1382.0   1447.0   0.796
20260403190945     28    590.0    605.0   20.0     82.7   1579.7   1607.6   0.730
20260403190945     31   1190.0   1260.0   20.0     54.4   1108.6   1365.5   0.794
20260403190945     31   1335.0   1355.0   20.0    190.0   1395.5   1108.1   0.850
20260403190945     31   1495.0   1510.0   20.0    161.0   1106.6   1101.5   0.843
20260403190945     32    615.0    630.0   20.0     94.1   1115.4   1117.2   0.743
20260403190945     32    665.0    680.0   20.0    114.9   1114.9   1114.2   0.810
20260403190945     32   1575.0   1590.0   20.0    102.5   1121.1   1122.3   0.774
20260403190945     32   1660.0   1710.0   20.0     60.7   1117.8   1115.9   0.742
20260403190945     33   1250.0   1260.0   20.0     43.7   1106.1   1105.4   0.584
20260403190945     34    605.0    620.0   20.0     30.7   1100.6   1136.1   0.744
20260403190945     34    700.0    720.0   20.0     58.3   1182.2   1379.4   0.845
20260403190945     35    915.0    930.0   20.0     20.9   1098.5   1099.6   0.639
20260403190945     35   1475.0   1500.0   20.0     40.3   1099.7   1100.5   0.738
20260403190945     36    930.0   1010.0   20.0     68.3   1094.1   1094.2   0.837
20260403190945     37      5.0     20.0   20.0     27.9   1290.5   1343.1   0.741
20260403190945     37    500.0    515.0   20.0     24.4   1494.8   1547.2   0.788
20260403190945     38    260.0    280.0   20.0     74.6   1100.5   1102.1   0.790
20260403190945     38    535.0    550.0   20.0     76.4   1104.0   1100.0   0.626
20260403190945     38    765.0    785.0   20.0    259.7   1103.8   1104.2   0.900
20260403190945     39    360.0    375.0   20.0     78.9   1123.5   1348.4   0.799
20260403190945     45    555.0    570.0   20.0     31.0   1093.0   1137.0   0.747
20260403190945     45    730.0    750.0   20.0     48.3   1165.5   1194.1   0.724
20260403190945     45   1085.0   1100.0   20.0     55.4   1260.9   1328.0   0.773
20260403190945     47     20.0     35.0   20.0    256.3   1068.0   1525.1   0.914
20260403190945     48    165.0    185.0   20.0     42.7    313.0    330.5   0.641
20260403190945     48    365.0    380.0   20.0     24.9    315.8    316.1   0.474
20260403190945     49   1405.0   1425.0   20.0    104.9   1073.8   1070.0   0.866
20260403190945     50   1245.0   1270.0   20.0    120.3   1071.5   1066.6   0.768
20260403190945     52    100.0    135.0   20.0    194.9   1265.4   1608.0   0.785
20260403190945     52    215.0    230.0   20.0     24.1   1615.6   1580.8   0.880
20260403190945     55    425.0    440.0   20.0     90.7   1081.3   1078.6   0.738
20260403190945     55    475.0    490.0   20.0     25.7   1079.2   1104.1   0.714
20260403190945     55   1585.0   1600.0   20.0     27.3   1136.4   1142.9   0.648
20260403190945     56    230.0    245.0   20.0    138.1   1066.2   1067.1   0.802
20260403190945     57    100.0    115.0   20.0     38.4   1138.0   1069.3   0.781
20260403190945     57   1605.0   1630.0   20.0    167.4   1074.1   1075.1   0.839
20260403190945     60   1345.0   1365.0   20.0    157.1   1063.9   1069.3   0.807
20260403190945     61    375.0    390.0   20.0    129.8   1065.4   1149.8   0.679
20260403190945     61    545.0    590.0   20.0     52.1   1171.3   1327.3   0.767
20260403190945     61    640.0    655.0   20.0     21.8   1339.5   1384.6   0.755
20260403190945     62   1030.0   1150.0   20.0    103.3   1068.1   1060.1   0.757
20260403190945     63   1490.0   1505.0   20.0     66.3   1077.5   1155.6   0.743
20260403190945     63   1545.0   1560.0   20.0     92.1   1168.7   1074.8   0.747
20260403190945     63   1700.0   1715.0   20.0     71.8   1075.1   1074.7   0.746
20260403190945     64    665.0    680.0   20.0     41.6   1036.0   1035.7   0.803
20260403190945     65   1440.0   1455.0   20.0     65.9   1065.0   1178.1   0.749
20260403190945     65   1600.0   1660.0   20.0    228.5   1251.2   1064.4   0.824
20260403190945     66   1300.0   1315.0   20.0     25.7   1079.4   1074.9   0.488
20260403190945     67   1520.0   1535.0   20.0     23.5   1055.5   1054.7   0.475
20260403190945     69   1385.0   1400.0   20.0    105.1   1068.9   1069.2   0.697
20260403190945     73    110.0    160.0   20.0    233.2   1068.9   1079.8   0.767
20260403190945     73   1405.0   1420.0   20.0     99.4   1072.8   1073.3   0.778
20260403190945     73   1715.0   1735.0   20.0     99.8   1071.7   1069.7   0.757
20260403190945     77      5.0     20.0   20.0     27.6   1295.4   1376.7   0.783
20260403190945     77    210.0    225.0   20.0     43.1   1483.0   1501.8   0.733
20260403190945     78      0.0     10.0   20.0    113.3      0.0   1625.7   0.875
20260403190945     79     55.0     70.0   20.0     35.2   1572.3   1566.3   0.683
20260403190945     80    580.0    620.0   20.0    144.3   1061.4   1059.1   0.882
20260403190945     83   1350.0   1365.0   20.0    225.1   1048.7   1049.6   0.737
20260403190945     84    700.0    715.0   20.0     73.1   1071.5   1271.8   0.823
20260403190945     84    810.0    825.0   20.0     67.0   1321.1   1342.1   0.638
20260403190945     84   1260.0   1280.0   20.0    267.7   1076.4   1577.1   0.928
20260403190945     86    440.0    455.0   20.0     48.6   1053.4   1099.5   0.665
20260403190945     86    560.0    575.0   20.0     45.6   1129.7   1271.9   0.865
20260403190945     86   1515.0   1530.0   20.0     22.2   1410.3   1440.1   0.645
20260403190945     87   1235.0   1250.0   20.0     77.9   1105.7   1282.1   0.858
20260403190945     88     55.0     70.0   20.0    103.7   1046.4   1047.3   0.816
20260403190945     92   1375.0   1390.0   20.0     45.0   1042.5   1112.0   0.794
20260403190945     92   1425.0   1455.0   20.0     45.7   1131.8   1322.5   0.808
20260403190945     92   1530.0   1545.0   20.0     22.5   1306.1   1342.9   0.504
20260403190945     93    225.0    300.0   20.0    142.4   1043.4   1042.5   0.775
20260403190945     93   1280.0   1295.0   20.0     48.6   1049.9   1049.3   0.680
20260403190945     96    790.0    805.0   20.0     90.7   1058.1   1056.9   0.693
20260403190945     97   1650.0   1665.0   20.0     96.9   1086.7   1053.4   0.734
20260403190945    101   1055.0   1070.0   20.0     89.3   1046.3   1261.1   0.883
20260403190945    102     50.0     65.0   20.0     84.6   1037.6   1038.6   0.712
20260403190945    103     80.0     95.0   20.0     39.1   1397.6   1433.2   0.846
20260403190945    103    190.0    205.0   20.0     59.9   1415.5   1441.4   0.889
20260403190945    103    375.0    385.0   20.0     20.8   1435.6   1438.3   0.430
20260403190945    104    330.0    395.0   20.0     61.8   1051.0   1221.1   0.824
20260403190945    104    430.0    490.0   20.0     49.7   1240.9   1303.4   0.733
20260403190945    104    545.0    560.0   20.0     23.9   1353.9   1431.0   0.788
20260403190945    104    670.0    690.0   20.0    114.2   1355.5   1050.1   0.915
20260403190945    105    685.0    700.0   20.0     32.7   1031.1   1032.3   0.751
20260403190945    105   1275.0   1290.0   20.0     63.9   1035.2   1034.5   0.826
20260403190945    105   1605.0   1620.0   20.0     28.8   1038.5   1079.7   0.855
20260403190945    105   1730.0   1755.0   20.0    154.6   1161.3   1032.2   0.876
20260403190945    108     85.0    105.0   20.0     46.7   1112.9   1148.5   0.720
20260403190945    108    705.0    720.0   20.0    167.6   1219.3   1409.9   0.727
20260403190945    111    660.0    675.0   20.0    147.6   1048.2   1049.2   0.723
20260403190945    111   1065.0   1085.0   20.0    138.6   1050.4   1052.5   0.827
20260403190945    113    525.0    550.0   20.0    149.9   1032.5   1031.4   0.810
20260403190945    113   1460.0   1550.0   20.0     62.4   1036.7   1226.8   0.794
20260403190945    113   1620.0   1675.0   20.0     49.0   1221.1   1245.2   0.892
20260403190945    114     30.0     45.0   20.0     35.8   1056.6   1095.4   0.656
20260403190945    114    230.0    245.0   20.0     81.7   1127.8   1059.6   0.746
20260403190945    114   1680.0   1755.0   20.0    180.3   1065.6   1065.0   0.838
20260403190945    117    385.0    465.0   20.0    228.5   1038.4   1512.1   0.777
20260403190945    118   1190.0   1205.0   20.0    108.4   1432.3   1491.0   0.781
20260403190945    118   1680.0   1695.0   20.0     38.8   1383.2   1314.6   0.818
20260403190945    119   1645.0   1660.0   20.0    144.7   1059.9   1046.1   0.803
20260403190945    120     15.0     35.0   20.0     61.5   1603.1   1651.8   0.878
20260403190945    121    545.0    565.0   20.0     90.2   1054.4   1055.7   0.838
20260403190945    121   1470.0   1485.0   20.0     27.1   1056.2   1116.8   0.754
20260403190945    121   1585.0   1605.0   20.0    133.7   1130.3   1406.0   0.870
20260403190945    122    305.0    320.0   20.0    263.8   1047.8   1049.1   0.797
20260403190945    123    500.0    515.0   20.0     51.5   1032.7   1032.6   0.844
20260403190945    124    355.0    370.0   20.0     74.5   1044.8   1115.2   0.698
20260403190945    124    455.0    505.0   20.0    168.8   1190.9   1044.9   0.816
20260403190945    124   1090.0   1105.0   20.0     50.9   1047.4   1046.0   0.809
20260403190945    126   1285.0   1330.0   20.0     63.9   1064.0   1273.7   0.786
20260403190945    128   1460.0   1475.0   20.0     57.7   1059.9   1059.6   0.785
20260403190945    129     80.0    185.0   20.0    141.6   1031.7   1038.1   0.837
20260403190945    130    315.0    335.0   20.0    116.9   1490.4   1611.7   0.839
20260403190945    132    945.0    970.0   20.0     34.9   1059.8   1063.2   0.760
20260403190945    132   1025.0   1040.0   20.0     29.9   1059.9   1102.6   0.739
20260403190945    132   1300.0   1315.0   20.0     66.5   1149.7   1060.5   0.765
20260403190945    134   1250.0   1265.0   20.0     38.3   1072.1   1070.7   0.760
20260403190945    135    130.0    195.0   20.0    106.3   1557.8   1594.1   0.840
20260403190945    135    605.0    630.0   20.0     73.5   1613.3   1613.0   0.835
20260403190945    135   1230.0   1245.0   20.0     92.9   1536.4   1592.5   0.650
20260403190945    135   1690.0   1705.0   20.0     78.3   1557.1   1594.2   0.572
20260403190945    137    185.0    220.0   20.0    103.4   1057.6   1165.8   0.742
20260403190945    137    380.0    395.0   20.0     25.3   1213.4   1218.1   0.610
20260403190945    137    470.0    505.0   20.0    118.1   1228.9   1307.8   0.824
20260403190945    137    940.0    955.0   20.0     24.0   1354.1   1360.0   0.622
20260403190945    137   1120.0   1135.0   20.0    162.4   1360.1   1416.5   0.631
20260403190945    138    850.0    870.0   20.0     34.5   1371.2   1358.8   0.881
20260403190945    142    180.0    195.0   20.0     51.2   1074.7   1054.6   0.736
20260403190945    144      0.0     20.0   20.0    183.7      0.0   1496.3   0.881
20260403190945    144     65.0     80.0   20.0     37.8   1513.5   1510.4   0.604
20260403190945    144    225.0    300.0   20.0     45.0   1536.4   1542.6   0.687
20260403190945    144    380.0    390.0   20.0     38.0   1549.0   1559.0   0.537
20260403190945    144    575.0   1155.0   20.0    209.0   1571.4   1523.3   0.884
20260403190945    144   1540.0   1555.0   20.0     44.3   1515.6   1519.3   0.804
20260403190945    145     20.0     35.0   20.0    122.8   1088.9   1064.4   0.743
20260403190945    149   1220.0   1235.0   20.0     58.1   1063.0   1066.6   0.694
20260403190945    149   1440.0   1460.0   20.0     77.2   1062.9   1062.8   0.786
20260403190945    150      0.0    405.0   20.0     64.9      0.0    628.1   0.606
20260403190945    150    440.0    540.0   20.0     55.4    626.8    634.2   0.536
20260403190945    150    620.0    780.0   20.0     56.8    635.6    633.1   0.568
20260403190945    150    835.0   1180.0   20.0     83.0    627.8    631.9   0.551
20260403190945    150   1215.0   1265.0   20.0     91.9    631.5    636.9   0.549
20260403190945    150   1305.0   1780.0   20.0     72.4    637.6    643.3   0.600
20260403190945    151    925.0    940.0   20.0     27.9   1109.7   1078.9   0.796
20260403190945    151   1135.0   1150.0   20.0     82.1   1081.1   1079.6   0.607
20260403190945    152    480.0    640.0   20.0     96.7   1612.6   1687.7   0.863
20260403190945    154    830.0    880.0   20.0    231.7   1074.4   1075.3   0.816
20260403190945    154   1580.0   1645.0   20.0    187.6   1074.7   1073.1   0.828
20260403190945    156    190.0    205.0   20.0     24.8   1068.7   1104.3   0.737
20260403190945    157    710.0    730.0   20.0    209.4   1076.1   1076.3   0.816
20260403190945    159    670.0    685.0   20.0     23.7   1601.4   1626.4   0.796
20260403190945    160    535.0    550.0   20.0     42.2   1088.0   1135.4   0.737
20260403190945    160    615.0    695.0   20.0     41.1   1208.2   1231.5   0.675
20260403190945    160    940.0    960.0   20.0     55.9   1289.4   1289.9   0.860
20260403190945    160   1025.0   1080.0   20.0    158.9   1339.9   1479.8   0.752
20260403190945    161    530.0    575.0   20.0     22.6   1004.3   1019.0   0.855
20260403190945    161   1360.0   1395.0   20.0     28.8    999.0    998.8   0.818
20260403190945    161   1530.0   1545.0   20.0     20.4    998.9    997.8   0.651
20260403190945    161   1625.0   1690.0   20.0     28.0    994.3    992.8   0.712
20260403190945    162    955.0    985.0   20.0    178.7   1093.8   1091.8   0.775
20260403190945    162   1320.0   1340.0   20.0    147.6   1090.4   1090.4   0.892
20260403190945    166      5.0     15.0   20.0     21.6   1512.5   1412.5   0.870
20260403190945    167     95.0    115.0   20.0    106.9   1080.2   1084.4   0.872
20260403190945    169    380.0    395.0   20.0     47.1   1092.3   1093.8   0.671
20260403190945    170     85.0    100.0   20.0     37.9   1080.4   1128.2   0.733
20260403190945    170    145.0    160.0   20.0     27.9   1142.2   1156.4   0.512
20260403190945    170    200.0    215.0   20.0    106.4   1181.4   1204.0   0.878
20260403190945    170    310.0    330.0   20.0     78.6   1203.2   1077.8   0.893
20260403190945    170    380.0    465.0   20.0    234.3   1082.1   1353.2   0.804
20260403190945    173    990.0   1090.0   20.0     43.8   1139.8   1431.3   0.681
20260403190945    178    585.0    605.0   20.0    158.0   1108.9   1110.0   0.790
20260403190945    178   1125.0   1145.0   20.0    137.0   1112.2   1112.5   0.798
20260403190945    179    505.0    525.0   20.0     60.8   1102.4   1101.7   0.755
20260403190945    179   1420.0   1435.0   20.0    105.5   1105.7   1107.4   0.766
20260403190945    180    275.0    290.0   20.0     55.7   1642.8   1630.5   0.647
20260403190945    180    660.0    680.0   20.0     37.8   1518.8   1473.7   0.878
20260403190945    181    345.0    360.0   20.0    126.1   1122.3   1120.6   0.779
20260403190945    181   1475.0   1540.0   20.0    253.7   1126.7   1124.6   0.852
20260403190945    181   1735.0   1750.0   20.0     24.0   1121.8   1157.0   0.820
20260403190945    185     60.0     75.0   20.0     98.4   1089.3   1090.4   0.651
20260403190945    185   1610.0   1645.0   20.0     74.7   1097.9   1123.5   0.813
20260403190945    185   1710.0   1725.0   20.0     45.8   1138.1   1092.6   0.762
20260403190945    187    260.0    275.0   20.0     23.5   1122.9   1126.5   0.723
20260403190945    188    300.0    315.0   20.0     42.6   1133.9   1193.2   0.769
20260403190945    188    365.0    380.0   20.0     58.7   1197.6   1224.7   0.477
20260403190945    188    475.0    610.0   20.0    139.6   1262.4   1134.7   0.830
20260403190945    188   1335.0   1470.0   20.0     58.3   1139.5   1328.6   0.822
20260403190945    188   1540.0   1555.0   20.0     76.7   1238.0   1134.7   0.786
20260403190945    189    225.0    290.0   11.8    101.6   1755.5   1731.9   0.540
20260403190945    189    345.0    355.0   20.0     37.3   1739.2   1738.6   0.558
20260403190945    189    405.0    485.0   20.0     32.1   1733.5   1724.4   0.795
20260403190945    189    520.0    720.0   20.0    145.0   1739.4   1616.8   0.868
20260403190945    189    800.0   1275.0   20.0    158.9   1616.8   1730.9   0.901
20260403190945    189   1320.0   1335.0   20.0     40.9   1700.5   1649.9   0.783
20260403190945    189   1370.0   1385.0   20.0    111.4   1644.7   1728.8   0.679
20260403190945    189   1445.0   1460.0   20.0     55.1   1701.7   1732.5   0.669
20260403190945    189   1500.0   1560.0   20.0     94.8   1704.2   1708.4   0.786
20260403190945    189   1660.0   1695.0   20.0    110.9   1642.1   1648.3   0.858
20260403190945    189   1735.0   1785.0   20.0     98.1   1640.0   1636.2   0.901
20260403190945    190    770.0    810.0   20.0     59.0   1145.4   1143.7   0.766
20260403190945    190   1415.0   1595.0   20.0    111.0   1144.3   1316.2   0.886
20260403190945    190   1660.0   1695.0   20.0     29.3   1314.9   1354.7   0.750
20260403190945    191      5.0     20.0   20.0     44.4    925.8    929.3   0.854
20260403190945    194    215.0    230.0   20.0     32.3   1231.1   1232.3   0.827
20260403190945    195     10.0     30.0   20.0    263.1   1130.6   1131.2   0.863
20260403190945    195    215.0    230.0   20.0    103.9   1139.7   1138.8   0.725
20260403190945    195   1340.0   1350.0   20.0     45.2   1138.9   1139.9   0.402
20260403190945    196    575.0    590.0   20.0     45.1   1147.6   1205.8   0.742
20260403190945    196    625.0    680.0   20.0    138.7   1232.4   1319.7   0.709
20260403190945    196    765.0    780.0   20.0     27.1   1326.3   1372.5   0.824
20260403190945    196    845.0    860.0   20.0    138.5   1390.1   1571.1   0.757
20260403190945    197    875.0    890.0   20.0     32.6   1153.5   1228.0   0.771
20260403190945    197    935.0    950.0   20.0    101.9   1263.4   1153.3   0.762
20260403190945    199   1030.0   1070.0   20.0     99.5   1151.8   1151.1   0.802
20260403190945    200     40.0     85.0   20.0     34.2   1208.0   1265.4   0.621
20260403190945    200    310.0    325.0   20.0    129.8   1329.1   1147.1   0.792
20260403190945    200    620.0    635.0   20.0     39.8   1147.8   1192.9   0.751
20260403190945    200    680.0    695.0   20.0     81.3   1275.7   1145.6   0.751
20260403190945    201    240.0    255.0   20.0    168.2   1191.7   1460.6   0.834
20260403190945    202    515.0    985.0   20.0     55.8   1846.0   1886.4   0.905
20260403190945    206    735.0    750.0   20.0     75.4   1157.3   1254.6   0.748
20260403190945    206    960.0    975.0   20.0     37.8   1361.9   1420.2   0.733
20260403190945    206   1025.0   1055.0   20.0     83.7   1401.3   1156.7   0.939
20260403190945    206   1235.0   1265.0   20.0     37.2   1203.8   1318.2   0.876
20260403190945    206   1395.0   1410.0   20.0     36.9   1341.6   1444.8   0.694
20260403190945    206   1540.0   1555.0   20.0    149.8   1506.8   1667.5   0.764
20260403190945    207    410.0    445.0   20.0     23.2   1843.0   1837.1   0.871
20260403190945    207    545.0    560.0   20.0     75.6   1844.0   1901.2   0.874
20260403190945    208    900.0    915.0   20.0     45.9   1173.7   1237.3   0.760
20260403190945    208    960.0    975.0   20.0     93.0   1248.2   1433.1   0.869
20260403190945    208   1020.0   1035.0   20.0     32.7   1416.5   1442.9   0.721
20260403190945    208   1075.0   1095.0   20.0    143.4   1456.2   1285.8   0.863
20260403190945    208   1140.0   1155.0   20.0     38.0   1264.7   1372.0   0.880
20260403190945    208   1190.0   1205.0   20.0     28.0   1371.9   1377.9   0.755
20260403190945    208   1240.0   1255.0   20.0     39.7   1376.9   1414.7   0.729
20260403190945    208   1415.0   1430.0   20.0     42.4   1390.1   1453.9   0.780
20260403190945    210    885.0    905.0   20.0     86.9   1186.4   1188.3   0.749
20260403190945    211     20.0     55.0   20.0    122.9   1167.3   1168.4   0.791
20260403190945    211   1620.0   1675.0   20.0    135.1   1170.4   1405.9   0.830
20260403190945    212    255.0    305.0   20.0     70.8   1206.3   1293.2   0.809
20260403190945    212    430.0    445.0   20.0     23.0   1398.3   1457.4   0.777
20260403190945    214    135.0    190.0   20.0    200.9   1326.4   1572.6   0.864
20260403190945    215    830.0    940.0   20.0     95.6   1188.2   1727.2   0.889
20260403190945    215   1090.0   1265.0   20.0    418.5   1785.4   1777.9   0.851
20260403190945    215   1315.0   1330.0   20.0    142.5   1767.7   1752.2   0.772
20260403190945    216    365.0    395.0   20.0     72.5   1206.8   1206.2   0.764
20260403190945    216    930.0   1035.0   20.0    109.7   1208.2   1203.9   0.828
20260403190945    216   1135.0   1155.0   20.0    212.6   1205.8   1202.6   0.911
20260403190945    216   1515.0   1535.0   20.0     68.2   1199.3   1199.9   0.825
20260403190945    216   1615.0   1635.0   20.0     80.2   1199.8   1199.8   0.855
20260403190945    219     25.0     45.0   20.0    159.5   1195.0   1199.5   0.857
20260403190945    219   1180.0   1200.0   20.0    185.6   1195.0   1596.1   0.865
20260403190945    220   1160.0   1175.0   20.0     28.3   2125.2   2063.0   0.839
20260403190945    221   1225.0   1270.0   20.0    112.3   1194.7   1195.8   0.753
20260403190945    222   1025.0   1055.0   20.0    142.8   1223.8   1717.8   0.898
20260403190945    224    200.0    240.0   20.0    232.7   1216.7   1218.5   0.821
20260403190945    224    400.0    415.0   20.0     60.2   1217.4   1216.7   0.771
20260403190945    225    495.0    510.0   20.0     51.5   1209.6   1285.0   0.734
20260403190945    225    560.0    590.0   20.0    131.1   1297.4   1479.6   0.852
20260403190945    226    580.0    595.0   20.0     52.4   1149.0   1194.9   0.898
20260403190945    227    965.0    980.0   20.0    158.5   1220.2   1219.7   0.806
20260403190945    227   1045.0   1065.0   20.0     63.4   1219.3   1220.1   0.730
20260403190945    227   1635.0   1660.0   20.0    165.1   1221.2   1222.2   0.818
20260403190945    228    275.0    390.0   20.0     80.0   1241.0   1569.5   0.806
20260403190945    228    685.0    710.0   20.0     48.4   1574.9   1288.8   0.916
20260403190945    228    980.0   1025.0   20.0     51.1   1483.0   1585.3   0.728
20260403190945    229   1435.0   1450.0   20.0    366.8   1230.8   1229.5   0.776
20260403190945    231   1150.0   1200.0   20.0    120.9   1240.5   1581.6   0.836
20260403190945    232      0.0     90.0   20.0     91.0      0.0   1334.3   0.924
20260403190945    234      0.0     95.0   20.0    265.6      0.0   1565.9   0.835
20260403190945    234    185.0    200.0   20.0     33.9   1667.0   1714.0   0.757
20260403190945    235    640.0    685.0   20.0     84.5   1247.5   1246.0   0.850
20260403190945    235   1075.0   1090.0   20.0    156.5   1247.0   1247.8   0.778
20260403190945    237   1355.0   1370.0   20.0     40.3   1244.5   1291.4   0.818
20260403190945    237   1455.0   1605.0   20.0    211.6   1312.2   1241.6   0.884
20260403190945    238   1530.0   1545.0   20.0     42.9   1957.9   1970.2   0.879
20260403190945    239    590.0    605.0   20.0     31.6   1250.5   1258.8   0.790
20260403190945    240     85.0    125.0   20.0     76.4   1268.5   1267.2   0.738
20260403190945    240    705.0    745.0   20.0     74.7   1308.3   1669.1   0.807
20260403190945    240   1045.0   1060.0   20.0     97.9   1658.3   1702.3   0.834
20260403190945    241    820.0    845.0   20.0    162.7   1282.6   1282.9   0.829
20260403190945    242    980.0    995.0   20.0    145.7   1295.5   1296.6   0.653
20260403190945    242   1710.0   1735.0   20.0    138.2   1291.3   1285.3   0.783
20260403190945    243   1095.0   1165.0   20.0     59.7   1269.5   1532.7   0.841
20260403190945    243   1200.0   1220.0   20.0    100.0   1520.0   1279.4   0.939
20260403190945    243   1545.0   1560.0   20.0     29.5   1293.0   1270.2   0.774
20260403190945    244    370.0    385.0   20.0    194.2   1297.1   1296.8   0.757
20260403190945    245    245.0    260.0   20.0     46.0   1295.4   1318.3   0.641
20260403190945    246    190.0    235.0   20.0     52.6   1705.8   1760.2   0.691
20260403190945    246    315.0    325.0   20.0     20.3   1750.1   1766.8   0.778
20260403190945    246    900.0    915.0   20.0    109.4   1643.2   1655.8   0.563
20260403190945    246   1360.0   1375.0   20.0     33.6   1644.2   1646.2   0.654
20260403190945    247    100.0    150.0   20.0    380.3   1292.8   2028.5   0.835
20260403190945    251   1385.0   1400.0   20.0     22.3   1364.3   1363.6   0.744
20260403190945    252     55.0     70.0   20.0     44.6   1402.0   1442.8   0.740
20260403190945    252    145.0    160.0   20.0     27.3   1434.7   1448.9   0.783
20260403190945    252    820.0    835.0   20.0     52.3   1331.3   1383.3   0.738
20260403190945    252   1035.0   1050.0   20.0    113.7   1420.0   1626.0   0.763
20260403190945    252   1705.0   1720.0   20.0     63.0   1659.3   1715.2   0.837
20260403190945    253    340.0    355.0   20.0     65.1   1321.2   1333.4   0.730
20260403190945    253    405.0    420.0   20.0     90.7   1320.9   1418.0   0.763
20260403190945    253    465.0    555.0   20.0    424.4   1454.4   1315.8   0.896
20260403190945    253   1320.0   1340.0   20.0    175.8   1315.3   1313.5   0.807
20260403190945    255     90.0    105.0   20.0     35.9   1315.1   1316.9   0.770
20260403190945    255    985.0   1005.0   20.0    125.5   1310.3   1313.8   0.811
20260403190945    255   1220.0   1275.0   20.0     42.6   1313.9   1468.9   0.801
20260403190945    255   1415.0   1430.0   20.0     35.5   1735.6   1755.2   0.783
20260403190945    255   1510.0   1525.0   20.0     31.1   1780.4   1776.6   0.865
20260403194304      2   1490.0   1515.0   20.0     49.8   1155.6   1311.1   0.836
20260403194304      2   1565.0   1670.0   20.0    173.2   1338.3   1181.1   0.857
20260403194304      2   1740.0   1755.0   20.0    140.5   1157.4   1392.4   0.822
20260403194304      3    950.0    965.0   20.0     99.7   1146.2   1147.7   0.802
20260403194304      3   1155.0   1190.0   20.0    152.7   1149.7   1146.9   0.925
20260403194304      3   1300.0   1315.0   20.0     91.2   1150.7   1147.5   0.812
20260403194304      4    115.0    130.0   20.0    109.9   1152.8   1150.3   0.609
20260403194304      4   1435.0   1450.0   20.0     60.9   1143.8   1143.2   0.706
20260403194304      4   1530.0   1545.0   20.0     70.8   1143.1   1142.1   0.635
20260403194304      5    170.0    210.0   20.0    222.1   1150.8   1149.8   0.830
20260403194304      5    665.0    680.0   20.0     35.6   1147.2   1204.6   0.688
20260403194304      5   1000.0   1040.0   20.0    362.9   1212.8   1769.6   0.874
20260403194304      6   1265.0   1280.0   20.0     20.7   1186.3   1198.5   0.705
20260403194304      6   1575.0   1590.0   20.0     38.0   1246.3   1359.4   0.828
20260403194304      6   1665.0   1680.0   20.0    222.2   1407.8   1676.5   0.892
20260403194304      7    330.0    345.0   20.0     24.5   1144.8   1145.7   0.464
20260403194304      8    155.0    170.0   20.0     23.7   1563.4   1614.5   0.820
20260403194304      9   1460.0   1475.0   20.0     29.6   1162.0   1158.5   0.616
20260403194304     10    185.0    200.0   20.0     45.5   1143.7   1142.7   0.808
20260403194304     10   1305.0   1330.0   20.0    108.0   1140.6   1139.1   0.835
20260403194304     11      5.0     20.0   20.0    115.5   1139.6   1141.7   0.719
20260403194304     11    785.0    835.0   20.0    134.5   1136.6   1402.8   0.829
20260403194304     11    985.0   1005.0   20.0     91.9   1479.3   1134.2   0.938
20260403194304     12   1645.0   1720.0   20.0    279.1   1141.5   1231.5   0.863
20260403194304     13    960.0    975.0   20.0    129.5   1140.5   1136.8   0.792
20260403194304     14    640.0    655.0   20.0     73.1    898.2    915.9   0.698
20260403194304     15     70.0     85.0   20.0     27.4   1140.4   1166.5   0.740
20260403194304     15    260.0    285.0   20.0     58.3   1180.8   1170.1   0.810
20260403194304     15   1325.0   1345.0   20.0     33.6   1207.8   1210.1   0.759
20260403194304     16    170.0    200.0   20.0     50.1   1215.0   1219.9   0.760
20260403194304     16   1005.0   1020.0   20.0    239.0   1232.1   1220.2   0.818
20260403194304     18     35.0     60.0   20.0    138.4   1129.8   1125.8   0.760
20260403194304     18   1080.0   1095.0   20.0     27.6   1121.8   1166.2   0.740
20260403194304     18   1585.0   1640.0   20.0    120.3   1174.3   1550.6   0.882
20260403194304     18   1675.0   1690.0   20.0     43.2   1515.6   1596.5   0.842
20260403194304     19    355.0    375.0   20.0     56.1   1136.9   1138.2   0.749
20260403194304     22    485.0    500.0   20.0     80.4   1133.3   1132.7   0.736
20260403194304     22   1710.0   1725.0   20.0    111.7   1131.2   1129.1   0.773
20260403194304     23    730.0    745.0   20.0     42.1   1125.1   1176.4   0.747
20260403194304     23    895.0    910.0   20.0     31.7   1211.4   1245.4   0.767
20260403194304     23   1170.0   1190.0   20.0    102.4   1305.7   1122.3   0.918
20260403194304     23   1680.0   1700.0   20.0    179.4   1123.2   1123.5   0.793
20260403194304     25    270.0    320.0   20.0    424.3   1130.0   1124.0   0.929
20260403194304     26    330.0    360.0   20.0    142.1   1108.3   1385.8   0.815
20260403194304     26    705.0    745.0   20.0     25.2   1424.7   1454.1   0.733
20260403194304     27    700.0    720.0   20.0     73.4   1112.0   1155.4   0.749
20260403194304     27    840.0    855.0   20.0     48.6   1241.3   1164.9   0.539
20260403194304     27   1095.0   1110.0   20.0    134.8   1217.7   1508.3   0.823
20260403194304     28    990.0   1005.0   20.0     65.9   1151.7   1146.2   0.712
20260403194304     28   1360.0   1375.0   20.0     23.8   1135.0   1165.0   0.725
20260403194304     28   1565.0   1580.0   20.0     54.7   1168.1   1235.4   0.818
20260403194304     29    845.0    950.0   20.0    349.0   1093.3   1704.1   0.847
20260403194304     31    330.0    350.0   20.0     51.3   1103.3   1105.7   0.751
20260403194304     31   1740.0   1765.0   20.0     57.0   1115.2   1198.0   0.786
20260403194304     32     45.0     85.0   20.0    361.3   1293.3   1358.4   0.770
20260403194304     33    945.0   1055.0   20.0    152.4   1106.0   1108.7   0.788
20260403194304     35     75.0     90.0   20.0     21.4   1099.9   1130.3   0.717
20260403194304     35    180.0    200.0   20.0    112.9   1137.9   1132.7   0.918
20260403194304     35    500.0    520.0   20.0    289.7   1140.6   1587.8   0.794
20260403194304     36    230.0    245.0   20.0     42.3   1087.8   1163.2   0.792
20260403194304     36    285.0    330.0   20.0    135.5   1154.8   1083.6   0.829
20260403194304     37    195.0    210.0   20.0     33.5   1337.8   1338.5   0.680
20260403194304     38    735.0    750.0   20.0     84.1   1104.0   1105.5   0.680
20260403194304     38    955.0    980.0   20.0    105.5   1134.7   1107.9   0.767
20260403194304     38   1590.0   1650.0   20.0    155.3   1101.5   1102.8   0.770
20260403194304     39    230.0    245.0   20.0     40.2   1124.3   1127.1   0.879
20260403194304     39    355.0    365.0   20.0    145.0   1231.5   1157.4   0.639
20260403194304     39   1290.0   1305.0   20.0     24.0   1192.4   1205.4   0.817
20260403194304     41   1135.0   1160.0   20.0     99.2   1079.6   1082.8   0.886
20260403194304     43    190.0    205.0   20.0     66.7   1092.3   1086.8   0.735
20260403194304     45    890.0    905.0   20.0     48.7   1094.5   1097.1   0.698
20260403194304     45   1680.0   1720.0   20.0     48.5   1093.2   1093.1   0.856
20260403194304     46    840.0    860.0   20.0    127.3   1092.6   1371.6   0.875
20260403194304     48     40.0     55.0   20.0     21.7    302.9    296.1   0.625
20260403194304     48    345.0    360.0   20.0     41.5    267.4    291.7   0.696
20260403194304     48    930.0    945.0   20.0     34.5    314.5    313.0   0.613
20260403194304     48   1120.0   1155.0   20.0     37.9    316.6    330.5   0.583
20260403194304     48   1510.0   1525.0   20.0     21.9    326.1    337.6   0.571
20260403194304     49   1125.0   1140.0   20.0     23.5   1067.5   1106.5   0.747
20260403194304     49   1210.0   1225.0   20.0     81.0   1178.0   1246.0   0.866
20260403194304     49   1280.0   1310.0   20.0    118.2   1257.6   1448.9   0.770
20260403194304     50    375.0    390.0   20.0     22.8   1068.3   1120.2   0.725
20260403194304     50    470.0    485.0   20.0     91.5   1158.0   1067.0   0.753
20260403194304     50   1370.0   1385.0   20.0     25.4   1066.1   1119.1   0.790
20260403194304     51    930.0    965.0   20.0    146.6   1064.7   1066.2   0.870
20260403194304     51   1345.0   1365.0   20.0     66.3   1066.5   1065.6   0.759
20260403194304     52     35.0     50.0   20.0     58.2   1329.0   1359.7   0.698
20260403194304     54      0.0     15.0   20.0     53.9      0.0   1232.7   0.629
20260403194304     54    140.0    195.0   20.0     38.9   1255.5   1399.1   0.838
20260403194304     54    270.0    290.0   20.0    134.2   1387.2   1542.9   0.792
20260403194304     57   1580.0   1600.0   20.0    134.9   1071.1   1070.3   0.927
20260403194304     59   1460.0   1475.0   20.0    141.2   1132.9   1429.8   0.831
20260403194304     62     15.0     35.0   20.0     66.7   1059.4   1059.7   0.749
20260403194304     62   1460.0   1490.0   20.0     38.3   1067.7   1217.5   0.783
20260403194304     62   1545.0   1560.0   20.0    180.8   1279.2   1062.2   0.869
20260403194304     63    580.0    595.0   20.0     61.9   1070.6   1071.9   0.691
20260403194304     65    995.0   1010.0   20.0     30.3   1054.6   1105.1   0.748
20260403194304     65   1170.0   1185.0   20.0     45.1   1163.7   1174.3   0.568
20260403194304     65   1270.0   1285.0   20.0     89.8   1179.6   1284.1   0.724
20260403194304     66    485.0    500.0   20.0     30.6   1158.4   1074.7   0.838
20260403194304     67    370.0    385.0   20.0    113.3   1052.1   1050.4   0.837
20260403194304     67   1245.0   1260.0   20.0     29.9   1054.9   1093.2   0.782
20260403194304     67   1440.0   1495.0   20.0    128.8   1264.8   1058.0   0.906
20260403194304     69     85.0    135.0   20.0    276.2   1065.9   1067.2   0.903
20260403194304     70     50.0     70.0   20.0    163.5   1058.3   1059.6   0.849
20260403194304     70    295.0    315.0   20.0     39.7   1062.1   1057.5   0.798
20260403194304     70    535.0    570.0   20.0     42.0   1059.3   1188.8   0.850
20260403194304     70    605.0    635.0   20.0    195.8   1208.2   1189.4   0.834
20260403194304     70    680.0    695.0   20.0     30.4   1204.5   1244.8   0.566
20260403194304     70    755.0    815.0   20.0    105.5   1305.6   1390.9   0.807
20260403194304     70   1255.0   1270.0   20.0     52.5   1518.9   1568.7   0.773
20260403194304     70   1660.0   1675.0   20.0     31.2   1530.6   1522.2   0.788
20260403194304     71     55.0     75.0   20.0     86.3   1050.7   1050.8   0.920
20260403194304     71   1060.0   1075.0   20.0     31.0   1109.7   1184.9   0.758
20260403194304     74    675.0    690.0   20.0    196.6   1189.1   1051.3   0.667
20260403194304     75   1550.0   1565.0   20.0     22.4   1061.7   1094.5   0.752
20260403194304     76    655.0    675.0   20.0    105.2   1076.5   1078.6   0.882
20260403194304     79    170.0    185.0   20.0     20.2   1475.2   1295.4   0.945
20260403194304     80    125.0    155.0   20.0    169.9   1343.7   1049.8   0.955
20260403194304     81    115.0    135.0   20.0    149.0   1050.9   1050.6   0.846
20260403194304     81   1055.0   1070.0   20.0     62.4   1053.0   1051.8   0.742
20260403194304     82    420.0    435.0   20.0     33.1   1173.0   1210.4   0.766
20260403194304     83    235.0    265.0   20.0    263.4   1041.4   1040.3   0.844
20260403194304     83    450.0    505.0   20.0    107.4   1040.6   1043.8   0.894
20260403194304     84    850.0    875.0   20.0     69.1   1055.0   1280.2   0.801
20260403194304     84   1025.0   1040.0   20.0    137.4   1302.1   1407.9   0.768
20260403194304     84   1230.0   1265.0   20.0     40.6   1391.4   1454.3   0.771
20260403194304     84   1480.0   1495.0   20.0     42.1   1438.1   1441.7   0.744
20260403194304     85   1325.0   1340.0   20.0     61.7   1059.6   1057.4   0.721
20260403194304     86    810.0    825.0   20.0     69.1   1187.9   1190.0   0.518
20260403194304     87    880.0    905.0   20.0    115.2   1045.6   1045.0   0.787
20260403194304     88      0.0     15.0   20.0     47.0      0.0   1227.0   0.772
20260403194304     88    175.0    190.0   20.0    106.4   1229.3   1048.7   0.874
20260403194304     88   1690.0   1705.0   20.0     21.5   1136.4   1167.5   0.828
20260403194304     88   1765.0   1785.0   20.0     67.8   1168.9   1192.6   0.811
20260403194304     89     35.0     50.0   20.0    170.8   1057.0   1056.9   0.731
20260403194304     92    600.0    615.0   20.0     24.0   1033.7   1075.2   0.781
20260403194304     92    705.0    730.0   20.0     24.2   1202.0   1268.5   0.557
20260403194304     92    965.0    980.0   20.0     33.6   1344.8   1350.9   0.892
20260403194304     92   1115.0   1130.0   20.0     32.5   1352.9   1370.0   0.703
20260403194304     92   1240.0   1255.0   20.0     99.6   1396.1   1380.8   0.893
20260403194304     93    465.0    480.0   20.0     65.9   1044.2   1043.0   0.761
20260403194304     94   1790.0   1800.0   20.0    101.7   1051.8   1050.9   0.788
20260403194304     95    195.0    215.0   20.0     75.9   1033.1   1037.0   0.821
20260403194304     95    935.0    950.0   20.0     63.1   1035.9   1036.7   0.803
20260403194304    101    110.0    125.0   20.0    169.4   1215.5   1041.9   0.767
20260403194304    102    760.0    780.0   20.0    139.2   1041.3   1041.3   0.768
20260403194304    103    625.0    640.0   20.0     49.4   1387.8   1465.6   0.827
20260403194304    103    795.0    810.0   20.0     42.2   1438.2   1439.0   0.894
20260403194304    103    965.0    980.0   20.0     31.2   1277.0   1207.5   0.843
20260403194304    104    230.0    250.0   20.0     40.8   1057.8   1054.9   0.758
20260403194304    107   1480.0   1520.0   20.0     36.8   1111.3   1295.2   0.852
20260403194304    107   1620.0   1635.0   20.0     55.8   1287.9   1393.3   0.748
20260403194304    108    335.0    350.0   20.0     98.1   1062.2   1363.7   0.827
20260403194304    108    500.0    515.0   20.0     24.0   1384.7   1429.2   0.840
20260403194304    110    490.0    505.0   20.0     32.1   1594.5   1564.3   0.633
20260403194304    111   1650.0   1665.0   20.0     21.9   1054.6   1096.4   0.741
20260403194304    113    750.0    765.0   20.0     40.7   1034.1   1032.2   0.712
20260403194304    118   1265.0   1275.0   20.0     25.8   1490.7   1486.0   0.414
20260403194304    119   1580.0   1595.0   20.0     33.8   1045.6   1080.4   0.768
20260403194304    119   1660.0   1685.0   20.0     55.8   1110.6   1247.9   0.779
20260403194304    120    960.0    975.0   20.0     52.4   1651.7   1722.6   0.924
20260403194304    122   1105.0   1135.0   20.0     49.9   1055.4   1059.5   0.769
20260403194304    122   1580.0   1610.0   20.0     22.2   1085.5   1205.4   0.882
20260403194304    122   1645.0   1660.0   20.0     30.0   1253.2   1254.2   0.810
20260403194304    122   1710.0   1725.0   20.0     66.4   1359.5   1083.6   0.942
20260403194304    123    585.0    605.0   20.0     73.2   1031.2   1032.9   0.825
20260403194304    123   1430.0   1445.0   20.0     46.3   1034.3   1035.0   0.756
20260403194304    124    705.0    720.0   20.0     36.7   1044.8   1087.0   0.678
20260403194304    124   1125.0   1145.0   20.0     56.3   1116.6   1292.0   0.823
20260403194304    125   1140.0   1155.0   20.0     90.9   1048.1   1046.1   0.824
20260403194304    127   1200.0   1325.0   20.0    144.3   1050.4   1050.7   0.878
20260403194304    129   1545.0   1560.0   20.0     71.9   1043.0   1041.8   0.733
20260403194304    132    520.0    535.0   20.0     43.9   1064.7   1057.6   0.576
20260403194304    135    170.0    220.0   20.0    220.7   1050.7   1568.8   0.925
20260403194304    135    270.0    285.0   20.0    123.8   1522.8   1526.4   0.813
20260403194304    135    385.0    435.0   20.0     73.4   1520.6   1513.9   0.902
20260403194304    135    500.0    520.0   20.0    112.2   1515.6   1613.9   0.791
20260403194304    137    345.0    395.0   20.0     97.9   1062.6   1063.2   0.802
20260403194304    138    785.0    800.0   20.0     60.3   1543.5   1541.6   0.756
20260403194304    139    670.0    725.0   20.0     65.8   1041.8   1362.5   0.816
20260403194304    139    830.0    885.0   20.0     36.1   1416.8   1459.8   0.682
20260403194304    139    965.0    980.0   20.0     60.3   1460.9   1461.5   0.924
20260403194304    140     10.0     60.0   20.0     31.5   1286.2   1305.8   0.576
20260403194304    140    175.0    190.0   20.0     25.7   1388.4   1422.4   0.681
20260403194304    140    430.0    445.0   20.0     25.3   1483.5   1486.8   0.832
20260403194304    141    420.0    435.0   20.0     29.1   1058.3   1057.4   0.693
20260403194304    141   1485.0   1500.0   20.0     29.6   1059.9   1060.0   0.573
20260403194304    142    625.0    640.0   20.0     44.5   1059.9   1122.6   0.766
20260403194304    142    690.0    705.0   20.0     21.2   1146.9   1146.4   0.755
20260403194304    142    745.0    800.0   20.0     93.4   1182.4   1418.5   0.849
20260403194304    143    265.0    280.0   20.0     55.2   1471.2   1500.0   0.863
20260403194304    143    420.0    435.0   20.0     32.6   1405.2   1338.2   0.831
20260403194304    144    575.0    585.0   20.0     20.3   1634.4   1653.4   0.622
20260403194304    144    625.0    640.0   20.0     21.4   1646.8   1654.0   0.592
20260403194304    144    675.0    785.0   20.0     24.3   1648.0   1663.7   0.745
20260403194304    144    885.0    900.0   20.0     21.1   1669.8   1667.6   0.671
20260403194304    144   1005.0   1160.0   20.0     37.2   1671.0   1668.8   0.899
20260403194304    144   1210.0   1425.0   20.0    113.3   1679.5   1684.1   0.887
20260403194304    144   1660.0   1675.0   20.0     20.1   1693.4   1691.1   0.834
20260403194304    144   1775.0   1800.0   20.0     23.5   1692.3   1680.1   0.894
20260403194304    145   1400.0   1420.0   20.0    145.7   1129.0   1460.4   0.895
20260403194304    147    125.0    140.0   20.0    140.8   1067.3   1068.3   0.694
20260403194304    147    595.0    610.0   20.0    102.7   1072.5   1073.6   0.823
20260403194304    148    520.0    535.0   20.0     47.4   1065.9   1191.2   0.811
20260403194304    148    580.0    600.0   20.0     95.1   1187.9   1066.0   0.797
20260403194304    150      0.0    795.0   20.0     76.1      0.0    655.2   0.679
20260403194304    150    830.0    965.0   20.0     54.5    654.4    659.0   0.591
20260403194304    150   1010.0   1500.0   20.0     78.6    660.4    671.2   0.619
20260403194304    150   1535.0   1545.0   20.0     50.7    675.3    674.3   0.537
20260403194304    150   1620.0   1765.0   20.0     52.4    671.6    667.5   0.554
20260403194304    151   1145.0   1160.0   20.0     27.6   1080.7   1116.3   0.729
20260403194304    151   1680.0   1695.0   20.0     27.2   1172.8   1124.5   0.833
20260403194304    151   1785.0   1800.0   20.0     46.3   1170.7   1133.6   0.821
20260403194304    153    250.0    275.0   20.0    117.8   1073.4   1073.0   0.828
20260403194304    153    350.0    525.0   20.0     85.6   1072.7   1268.2   0.854
20260403194304    153    580.0    630.0   20.0     39.9   1282.1   1312.9   0.660
20260403194304    153    665.0    680.0   20.0     26.3   1312.4   1343.4   0.731
20260403194304    153    875.0    890.0   20.0     94.5   1402.8   1550.8   0.838
20260403194304    154    420.0    475.0   20.0     48.0   1078.9   1234.6   0.813
20260403194304    154    540.0    585.0   20.0     35.0   1359.3   1375.9   0.692
20260403194304    154    720.0    735.0   20.0     20.3   1371.9   1369.9   0.801
20260403194304    155    630.0    645.0   20.0     99.2   1061.1   1059.6   0.792
20260403194304    155   1390.0   1415.0   20.0    158.1   1061.1   1062.0   0.888
20260403194304    159     15.0     30.0   20.0     44.0   1491.0   1409.6   0.728
20260403194304    160      0.0     55.0   20.0    104.6      0.0   1518.5   0.857
20260403194304    160    585.0    725.0   20.0     53.0   1621.8   1596.8   0.884
20260403194304    160    780.0    795.0   20.0     25.3   1586.3   1569.8   0.841
20260403194304    160    915.0    930.0   20.0     28.5   1563.4   1585.9   0.816
20260403194304    160   1110.0   1125.0   20.0     21.0   1554.0   1552.9   0.743
20260403194304    160   1500.0   1510.0   20.0     20.5   1577.4   1581.5   0.670
20260403194304    161    480.0    510.0   20.0     22.6   1008.3   1009.3   0.777
20260403194304    161   1135.0   1150.0   20.0     25.9   1007.2   1009.2   0.836
20260403194304    161   1430.0   1450.0   20.0     43.1   1020.9   1021.7   0.660
20260403194304    161   1780.0   1800.0   20.0     71.6   1021.6   1022.5   0.673
20260403194304    163    280.0    335.0   20.0    188.3   1082.0   1084.5   0.839
20260403194304    163   1400.0   1410.0   20.0     32.5   1087.0   1086.4   0.441
20260403194304    163   1695.0   1715.0   20.0    141.6   1090.6   1086.7   0.835
20260403194304    164   1440.0   1470.0   20.0    123.1   1095.1   1353.9   0.829
20260403194304    164   1525.0   1540.0   20.0    128.6   1338.6   1095.0   0.882
20260403194304    166    600.0    615.0   20.0     38.8   1139.1   1204.9   0.790
20260403194304    166    735.0    750.0   20.0    116.3   1385.5   1145.1   0.871
20260403194304    167     45.0     65.0   20.0     81.0   1080.9   1084.1   0.817
20260403194304    167   1240.0   1270.0   20.0     85.6   1090.2   1089.3   0.906
20260403194304    168    840.0    855.0   20.0    139.8   1112.7   1114.2   0.800
20260403194304    169    740.0    755.0   20.0     21.7   1092.0   1133.6   0.755
20260403194304    169    890.0    905.0   20.0     65.8   1158.2   1277.3   0.859
20260403194304    169    950.0    965.0   20.0     28.8   1293.9   1352.1   0.742
20260403194304    169   1090.0   1105.0   20.0     43.7   1415.7   1420.0   0.612
20260403194304    169   1335.0   1350.0   20.0    128.0   1423.2   1458.0   0.643
20260403194304    169   1745.0   1760.0   20.0     26.9   1477.5   1479.5   0.707
20260403194304    171    825.0    840.0   20.0     92.2   1085.4   1086.6   0.834
20260403194304    171    985.0   1000.0   20.0     23.3   1129.2   1149.6   0.719
20260403194304    171   1280.0   1305.0   20.0    122.5   1170.4   1145.6   0.882
20260403194304    172     40.0     55.0   20.0     36.8   1111.9   1151.4   0.747
20260403194304    172    240.0    290.0   20.0     52.1   1205.4   1280.8   0.498
20260403194304    172    420.0    435.0   20.0     22.5   1344.3   1351.2   0.781
20260403194304    172    630.0    645.0   20.0     24.5   1386.5   1406.4   0.740
20260403194304    172    890.0    905.0   20.0     25.4   1466.0   1482.4   0.570
20260403194304    172    955.0    975.0   20.0     35.4   1464.0   1463.0   0.887
20260403194304    173    695.0    710.0   20.0     25.3   1083.2   1125.0   0.743
20260403194304    174     60.0    130.0   20.0    118.3   1114.7   1410.5   0.752
20260403194304    174    225.0    240.0   20.0     30.5   1474.8   1470.0   0.704
20260403194304    174    340.0    355.0   20.0     40.8   1514.7   1541.7   0.653
20260403194304    174    730.0    745.0   20.0     36.7   1581.7   1638.6   0.796
20260403194304    174    865.0    880.0   20.0     44.8   1644.2   1706.5   0.802
20260403194304    175    565.0    655.0   20.0    311.3   1102.1   1101.8   0.832
20260403194304    179     45.0     70.0   20.0    142.8   1098.4   1100.1   0.834
20260403194304    179   1100.0   1115.0   20.0     22.2   1105.6   1143.0   0.660
20260403194304    179   1195.0   1210.0   20.0     47.3   1164.6   1232.5   0.854
20260403194304    180    580.0    595.0   20.0     31.8   1124.5   1162.7   0.776
20260403194304    180    680.0    700.0   20.0     56.8   1173.0   1120.3   0.736
20260403194304    181    280.0    295.0   20.0     30.5   1120.2   1142.5   0.742
20260403194304    182    570.0    585.0   20.0     27.7   1132.7   1182.5   0.717
20260403194304    182    725.0    745.0   20.0     65.7   1197.1   1189.4   0.768
20260403194304    182    785.0    800.0   20.0     26.4   1204.6   1231.9   0.564
20260403194304    183   1635.0   1660.0   20.0     37.5   1122.6   1539.7   0.762
20260403194304    184    190.0    205.0   20.0     56.4   1124.3   1128.2   0.746
20260403194304    184   1610.0   1630.0   20.0     86.0   1124.6   1124.7   0.824
20260403194304    186    145.0    165.0   20.0     36.4   1683.3   1675.3   0.941
20260403194304    186    440.0    455.0   20.0     77.4   1700.9   1691.6   0.866
20260403194304    186    850.0    865.0   20.0     66.0   1689.1   1687.5   0.901
20260403194304    188   1405.0   1420.0   20.0     27.0   1146.1   1264.0   0.812
20260403194304    188   1460.0   1495.0   20.0     98.5   1375.2   1146.3   0.828
20260403194304    189    570.0    585.0   20.0     23.7   1747.4   1749.0   0.596
20260403194304    190    150.0    355.0   20.0    191.3   1147.4   1219.8   0.792
20260403194304    190    395.0    420.0   20.0     29.5   1238.4   1251.7   0.713
20260403194304    190    500.0    545.0   20.0     27.6   1243.0   1255.9   0.677
20260403194304    190   1545.0   1560.0   20.0     50.6   1329.8   1288.2   0.762
20260403194304    191   1560.0   1600.0   20.0     68.6   1048.0    955.8   0.752
20260403194304    194   1430.0   1495.0   20.0     49.3   1152.5   1440.2   0.801
20260403194304    194   1540.0   1555.0   20.0     59.9   1454.2   1544.7   0.829
20260403194304    194   1710.0   1725.0   20.0     35.8   1495.2   1555.2   0.704
20260403194304    195    145.0    165.0   20.0    158.3   1135.1   1134.9   0.852
20260403194304    195   1750.0   1780.0   20.0     70.7   1135.5   1413.2   0.813
20260403194304    198     80.0     95.0   20.0     78.6   1162.9   1163.7   0.773
20260403194304    198   1490.0   1505.0   20.0    164.8   1165.8   1164.5   0.784
20260403194304    199   1760.0   1775.0   20.0     90.3   1152.1   1350.5   0.852
20260403194304    200      0.0     15.0   20.0     32.3      0.0   1149.8   0.470
20260403194304    200    315.0    330.0   20.0     54.3   1151.9   1151.4   0.645
20260403194304    203    355.0    400.0   20.0     79.5   1156.5   1379.6   0.895
20260403194304    203    550.0    630.0   20.0     36.7   1417.1   1422.4   0.791
20260403194304    203   1510.0   1525.0   20.0    124.8   1518.9   1566.4   0.808
20260403194304    205   1220.0   1235.0   20.0     94.4   1166.9   1168.4   0.833
20260403194304    206    955.0    975.0   20.0     80.6   1158.8   1157.6   0.746
20260403194304    209    370.0    395.0   20.0     70.9   1167.7   1167.4   0.934
20260403194304    210   1210.0   1230.0   20.0    209.6   1186.8   1195.1   0.841
20260403194304    212    280.0    300.0   20.0     48.9   1190.9   1192.9   0.726
20260403194304    212    745.0    785.0   20.0    146.6   1192.2   1192.6   0.914
20260403194304    214      0.0     25.0   20.0     29.1      0.0   1569.7   0.665
20260403194304    214     85.0    105.0   20.0    141.8   1544.1   1222.7   0.893
20260403194304    214    245.0    260.0   20.0     67.9   1225.3   1223.2   0.792
20260403194304    215     55.0    230.0   20.0    237.4   1193.0   1797.9   0.857
20260403194304    215    940.0    955.0   20.0     26.8   1839.5   1838.0   0.810
20260403194304    216    300.0    335.0   20.0    254.8   1202.2   1203.0   0.808
20260403194304    216   1475.0   1490.0   20.0     41.4   1199.8   1269.0   0.726
20260403194304    216   1625.0   1640.0   20.0    109.1   1324.1   1198.3   0.774
20260403194304    217   1620.0   1655.0   20.0     51.4   1192.8   1193.8   0.742
20260403194304    218   1175.0   1210.0   20.0    117.3   1207.6   1211.6   0.878
20260403194304    219    135.0    155.0   20.0    173.4   1197.8   1197.4   0.814
20260403194304    219    530.0    545.0   20.0     22.1   1200.4   1247.8   0.686
20260403194304    219    815.0    830.0   20.0     76.0   1285.6   1385.9   0.786
20260403194304    219   1075.0   1090.0   20.0    111.3   1392.3   1544.1   0.776
20260403194304    221    130.0    145.0   20.0     28.5   1190.3   1228.0   0.756
20260403194304    221    500.0    515.0   20.0     39.1   1269.1   1284.6   0.733
20260403194304    221    585.0    600.0   20.0     41.3   1279.3   1357.1   0.739
20260403194304    221    890.0    905.0   20.0     27.4   1292.5   1387.3   0.879
20260403194304    222    330.0    350.0   20.0    293.6   1222.9   1709.8   0.850
20260403194304    222    410.0    420.0   20.0    286.3   1785.1   1798.3   0.443
20260403194304    223    185.0    200.0   20.0    409.2   1218.7   1221.4   0.825
20260403194304    224    970.0    985.0   20.0     40.6   1223.1   1271.6   0.741
20260403194304    224   1095.0   1140.0   20.0     41.3   1355.0   1436.1   0.849
20260403194304    225     70.0     90.0   20.0    249.8   1207.2   1209.4   0.859
20260403194304    225    195.0    230.0   20.0    138.6   1210.5   1628.6   0.823
20260403194304    226    335.0    350.0   20.0     90.1   1193.5   1147.0   0.565
20260403194304    226   1065.0   1090.0   20.0     96.9   1150.0   1152.4   0.567
20260403194304    227    440.0    450.0   20.0     20.9   1219.0   1219.8   0.540
20260403194304    227    505.0    545.0   20.0    221.1   1219.4   1217.6   0.869
20260403194304    227   1000.0   1055.0   20.0    122.2   1229.0   1401.2   0.757
20260403194304    227   1165.0   1240.0   20.0     32.2   1391.3   1405.0   0.827
20260403194304    227   1310.0   1365.0   20.0     83.4   1423.0   1489.3   0.705
20260403194304    227   1410.0   1490.0   20.0    141.0   1451.6   1816.9   0.815
20260403194304    227   1775.0   1790.0   20.0     24.4   1770.3   1776.0   0.851
20260403194304    228     50.0     85.0   20.0    105.8   1239.5   1241.1   0.815
20260403194304    228   1265.0   1300.0   20.0    171.5   1233.0   1331.5   0.807
20260403194304    228   1365.0   1380.0   20.0     96.5   1341.3   1244.5   0.856
20260403194304    230    770.0    785.0   20.0     36.8    959.7    963.9   0.687
20260403194304    230   1205.0   1220.0   20.0     21.7   1001.2    987.7   0.829
20260403194304    230   1295.0   1345.0   20.0     22.1    994.9    982.3   0.858
20260403194304    230   1440.0   1480.0   20.0     20.2    982.5    971.1   0.875
20260403194304    231     60.0     75.0   20.0     55.1   1245.4   1472.3   0.819
20260403194304    232    625.0    640.0   20.0     21.4   1250.5   1249.3   0.521
20260403194304    232   1760.0   1775.0   20.0     23.4   1233.0   1255.5   0.717
20260403194304    233    420.0    455.0   20.0    200.2   1238.4   1238.0   0.804
20260403194304    233   1335.0   1355.0   20.0     89.4   1231.3   1235.7   0.767
20260403194304    235    390.0    405.0   20.0     76.4   1254.4   1252.8   0.726
20260403194304    237    965.0    980.0   20.0     20.9   1258.1   1238.6   0.740
20260403194304    239    435.0    450.0   20.0     31.5   1255.9   1261.7   0.543
20260403194304    239    580.0    625.0   20.0     46.9   1270.5   1724.0   0.805
20260403194304    239    665.0    690.0   20.0     65.4   1429.6   1475.8   0.672
20260403194304    239    735.0    785.0   20.0     40.7   1478.6   1554.3   0.897
20260403194304    239    840.0    855.0   20.0     47.4   1610.8   1666.7   0.606
20260403194304    239    890.0    910.0   20.0    123.4   1658.7   1247.6   0.884
20260403194304    239   1495.0   1510.0   20.0     40.3   1247.4   1247.0   0.749
20260403194304    240     10.0     95.0   20.0     59.4   1510.4   1558.4   0.626
20260403194304    240    155.0    170.0   20.0    213.2   1626.4   2055.6   0.751
20260403194304    240    585.0    605.0   20.0     41.7   1902.1   1755.2   0.817
20260403194304    241    560.0    575.0   20.0    172.4   1276.4   1275.3   0.758
20260403194304    242    365.0    500.0   20.0     98.7   1304.3   1528.5   0.799
20260403194304    242    550.0    680.0   20.0     87.1   1561.2   1441.6   0.918
20260403194304    242    725.0    840.0   20.0    108.9   1439.9   1303.0   0.918
20260403194304    242   1055.0   1070.0   20.0     71.5   1289.3   1440.3   0.833
20260403194304    242   1105.0   1215.0   20.0    162.8   1450.6   1286.5   0.775
20260403194304    242   1430.0   1530.0   20.0    134.0   1285.7   1282.1   0.810
20260403194304    243    190.0    205.0   20.0    167.0   1269.2   1269.9   0.840
20260403194304    243    745.0    760.0   20.0     87.1   1267.7   1268.2   0.653
20260403194304    243   1065.0   1180.0   20.0     88.3   1270.8   1275.2   0.948
20260403194304    243   1290.0   1320.0   20.0    166.9   1269.8   1263.4   0.862
20260403194304    243   1635.0   1650.0   20.0    170.4   1274.7   1548.9   0.813
20260403194304    244     20.0     75.0   20.0     48.9   1300.7   1547.7   0.795
20260403194304    244    115.0    160.0   20.0    123.4   1575.1   1298.8   0.804
20260403194304    244   1550.0   1650.0   20.0     86.3   1288.4   1680.5   0.794
20260403194304    244   1685.0   1705.0   20.0    173.1   1745.1   1287.1   0.917
20260403194304    245    230.0    275.0   20.0    298.2   1296.6   1302.5   0.892
20260403194304    245   1170.0   1195.0   20.0    148.2   1288.5   1288.8   0.800
20260403194304    246     45.0     60.0   20.0     58.6   1870.2   1888.3   0.569
20260403194304    246    180.0    195.0   20.0     33.7   1848.4   1882.5   0.872
20260403194304    246    230.0    245.0   20.0     46.2   1858.1   1863.0   0.835
20260403194304    246   1010.0   1025.0   20.0     73.7   1887.6   1890.3   0.583
20260403194304    246   1715.0   1730.0   20.0     27.0   1813.3   1819.6   0.884
20260403194304    247    105.0    120.0   20.0    127.2   1284.3   1631.9   0.874
20260403194304    247    165.0    185.0   20.0     81.5   1630.0   1606.8   0.777
20260403194304    247    810.0    825.0   20.0     36.9   1768.8   1776.3   0.783
20260403194304    247   1045.0   1065.0   20.0    125.8   1709.3   1770.4   0.933
20260403194304    248   1240.0   1325.0   20.0    417.5   1331.2   1897.1   0.909
20260403194304    248   1395.0   1410.0   20.0     23.1   1901.1   1911.5   0.553
20260403194304    251    320.0    340.0   20.0    165.4   1301.3   1297.7   0.857
20260403194304    252   1570.0   1590.0   20.0    103.4   1336.6   1343.3   0.818
20260403194304    253    600.0    620.0   20.0    149.8   1320.4   1317.3   0.880
20260403194304    253   1640.0   1665.0   20.0    167.0   1310.4   1309.9   0.804
20260403194304    254     80.0     95.0   20.0     21.1   1633.6   1607.2   0.851
20260403194304    255   1765.0   1790.0   20.0     45.6   1304.4   1639.5   0.862
20260403201624      1     85.0     95.0   20.0     21.7   1167.8   1205.8   0.633
20260403201624      1    215.0    230.0   20.0     27.6   1208.0   1238.6   0.711
20260403201624      1    285.0    300.0   20.0     65.6   1235.7   1369.6   0.877
20260403201624      3   1460.0   1475.0   20.0     68.2   1146.8   1143.8   0.771
20260403201624      4     50.0     65.0   20.0     55.1   1475.0   1484.0   0.926
20260403201624      4    230.0    245.0   20.0     72.7   1461.3   1338.9   0.841
20260403201624      4    315.0    330.0   20.0     21.7   1280.3   1295.9   0.766
20260403201624      4    385.0    395.0   20.0     43.6   1309.3   1294.8   0.595
20260403201624      4    775.0    875.0   20.0    113.4   1404.1   1357.0   0.917
20260403201624      6    595.0    715.0   20.0    132.3   1160.3   1171.6   0.882
20260403201624      6   1480.0   1495.0   20.0     29.0   1155.3   1201.0   0.739
20260403201624      6   1625.0   1640.0   20.0    148.4   1215.6   1263.8   0.671
20260403201624      6   1685.0   1700.0   20.0     67.8   1242.3   1273.6   0.770
20260403201624      7    425.0    445.0   20.0    207.0   1142.5   1545.5   0.868
20260403201624      9   1235.0   1285.0   20.0     53.4   1144.6   1291.3   0.788
20260403201624      9   1350.0   1365.0   20.0     33.2   1283.5   1306.6   0.728
20260403201624      9   1450.0   1495.0   20.0    115.2   1311.3   1531.3   0.878
20260403201624     10    900.0    920.0   20.0     80.4   1148.2   1143.9   0.756
20260403201624     12   1655.0   1690.0   20.0     41.8   1134.7   1430.1   0.824
20260403201624     12   1730.0   1745.0   20.0     25.2   1402.5   1435.9   0.629
20260403201624     13      0.0     70.0   20.0    127.1      0.0   1141.9   0.750
20260403201624     13   1740.0   1755.0   20.0     55.0   1134.2   1208.6   0.729
20260403201624     14   1450.0   1465.0   20.0     25.6    868.7    884.8   0.749
20260403201624     15    910.0    925.0   20.0     45.8   1133.6   1136.5   0.655
20260403201624     17   1060.0   1075.0   20.0     40.0   1118.7   1119.4   0.747
20260403201624     18   1285.0   1320.0   20.0    199.5   1120.5   1119.2   0.870
20260403201624     18   1510.0   1525.0   20.0     32.9   1120.2   1135.7   0.552
20260403201624     21    140.0    155.0   20.0     28.3   1102.1   1312.1   0.824
20260403201624     21    205.0    245.0   20.0     41.3   1341.4   1389.1   0.692
20260403201624     21    345.0    360.0   20.0    108.2   1411.8   1095.6   0.786
20260403201624     21    605.0    620.0   20.0    116.9   1101.5   1356.9   0.820
20260403201624     21    675.0    720.0   20.0    148.6   1362.2   1099.7   0.887
20260403201624     22   1140.0   1185.0   20.0     25.4   1133.6   1233.6   0.775
20260403201624     22   1740.0   1755.0   20.0     40.3   1328.0   1351.7   0.504
20260403201624     24    390.0    410.0   20.0     67.9   1117.8   1268.9   0.911
20260403201624     26    200.0    215.0   20.0    103.5   1114.5   1108.0   0.755
20260403201624     26   1330.0   1345.0   20.0     28.5   1135.0   1104.8   0.739
20260403201624     26   1575.0   1590.0   20.0     58.6   1104.1   1104.8   0.766
20260403201624     29    655.0    670.0   20.0     26.2   1097.6   1140.0   0.797
20260403201624     29    800.0    815.0   20.0     56.7   1150.2   1173.6   0.879
20260403201624     29   1660.0   1675.0   20.0    102.6   1181.1   1177.2   0.756
20260403201624     30     35.0     50.0   20.0     26.9   1895.5   1890.9   0.791
20260403201624     31    160.0    200.0   20.0    231.7   1105.8   1103.8   0.910
20260403201624     31    920.0    985.0   20.0     82.7   1103.3   1100.9   0.771
20260403201624     33    845.0    860.0   20.0     44.5   1108.2   1108.5   0.745
20260403201624     34   1175.0   1205.0   20.0    109.3   1096.1   1094.4   0.821
20260403201624     34   1425.0   1440.0   20.0     36.4   1094.1   1093.8   0.557
20260403201624     37    515.0    530.0   20.0     55.7   1317.6   1314.8   0.620
20260403201624     37    905.0    920.0   20.0    103.5   1380.1   1414.5   0.541
20260403201624     39    545.0    560.0   20.0     21.8   1070.8   1099.1   0.731
20260403201624     39   1155.0   1170.0   20.0     37.0   1153.4   1227.0   0.886
20260403201624     40    210.0    225.0   20.0     28.8   1087.6   1142.3   0.714
20260403201624     40    495.0    510.0   20.0     22.2   1282.3   1193.5   0.724
20260403201624     41    350.0    365.0   20.0     56.5   1075.9   1074.7   0.774
20260403201624     41   1190.0   1220.0   20.0    141.0   1081.0   1081.3   0.848
20260403201624     43     90.0    105.0   20.0     93.6   1090.3   1083.6   0.612
20260403201624     43   1635.0   1650.0   20.0     96.3   1078.1   1207.2   0.746
20260403201624     43   1720.0   1800.0   20.0    239.4   1240.6   1214.1   0.842
20260403201624     45   1640.0   1655.0   20.0    312.6   1089.9   1092.3   0.869
20260403201624     45   1765.0   1790.0   20.0     73.4   1089.8   1250.6   0.818
20260403201624     46     65.0     90.0   20.0    112.4   1088.7   1087.9   0.780
20260403201624     46   1280.0   1295.0   20.0     28.4   1085.2   1133.1   0.815
20260403201624     46   1330.0   1345.0   20.0     24.9   1135.9   1132.7   0.802
20260403201624     46   1565.0   1580.0   20.0     23.4   1137.8   1145.5   0.862
20260403201624     48     40.0     55.0   20.0     39.4    293.5    316.2   0.657
20260403201624     48   1255.0   1275.0   20.0     22.9    294.4    292.6   0.744
20260403201624     49    765.0    780.0   20.0    103.6   1065.6   1067.2   0.738
20260403201624     49   1315.0   1370.0   20.0    176.6   1063.3   1061.7   0.831
20260403201624     51    935.0    950.0   20.0     45.9   1064.4   1121.2   0.753
20260403201624     51   1280.0   1295.0   20.0     24.0   1136.3   1175.9   0.725
20260403201624     51   1340.0   1350.0   20.0     28.0   1145.7   1285.2   0.715
20260403201624     52   1080.0   1095.0   20.0     20.9   1582.7   1698.2   0.805
20260403201624     52   1750.0   1780.0   20.0     39.1   1707.5   1754.5   0.732
20260403201624     53    450.0    465.0   20.0     80.4   1075.0   1067.6   0.710
20260403201624     53    765.0    830.0   20.0    183.6   1071.9   1147.7   0.794
20260403201624     57    365.0    470.0   20.0     82.0   1099.7   1339.3   0.915
20260403201624     57    505.0    530.0   20.0     45.0   1347.0   1386.0   0.699
20260403201624     57    720.0    735.0   20.0     28.4   1487.4   1568.4   0.801
20260403201624     60    385.0    400.0   20.0     89.1   1060.4   1061.9   0.693
20260403201624     61    165.0    180.0   20.0     36.1   1065.8   1308.5   0.712
20260403201624     61    275.0    305.0   20.0    141.3   1386.4   1059.9   0.883
20260403201624     62    415.0    430.0   20.0     29.4   1060.0   1110.6   0.663
20260403201624     62    650.0    665.0   20.0     37.9   1178.7   1267.2   0.768
20260403201624     62    755.0    780.0   20.0    101.8   1203.6   1378.8   0.790
20260403201624     65    510.0    540.0   20.0     25.0   1317.9   1437.1   0.780
20260403201624     67     55.0     80.0   20.0     58.8   1049.5   1318.0   0.803
20260403201624     67    115.0    125.0   20.0     21.7   1435.3   1453.6   0.400
20260403201624     67    200.0    215.0   20.0    129.1   1494.5   1049.1   0.881
20260403201624     69     90.0    115.0   20.0    190.1   1066.4   1064.7   0.882
20260403201624     69    230.0    250.0   20.0    145.3   1063.2   1063.2   0.858
20260403201624     69    920.0    940.0   20.0    116.0   1064.2   1065.0   0.796
20260403201624     70     10.0     25.0   20.0     35.4   1202.6   1222.0   0.618
20260403201624     70    310.0    360.0   20.0    178.4   1054.7   1529.1   0.825
20260403201624     71   1765.0   1785.0   20.0    161.5   1048.3   1049.3   0.882
20260403201624     73    380.0    395.0   20.0     45.4   1066.4   1066.1   0.753
20260403201624     74    795.0    810.0   20.0     44.8   1049.8   1045.2   0.761
20260403201624     74   1445.0   1465.0   20.0     62.1   1044.7   1044.4   0.745
20260403201624     76     90.0    105.0   20.0     69.8   1075.0   1074.3   0.799
20260403201624     78   1285.0   1300.0   20.0     65.4   1132.4   1132.8   0.639
20260403201624     79      0.0     10.0   20.0    192.7      0.0   1041.5   0.748
20260403201624     79   1165.0   1180.0   20.0     30.0   1054.5   1055.0   0.648
20260403201624     80   1495.0   1510.0   20.0     23.8   1063.6   1088.1   0.699
20260403201624     81    750.0    775.0   20.0     86.6   1055.2   1054.5   0.742
20260403201624     81   1295.0   1415.0   19.9    308.5   1055.6   1341.7   0.884
20260403201624     83   1580.0   1595.0   20.0     77.6   1054.9   1053.7   0.808
20260403201624     84     10.0     25.0   20.0     99.6   1047.7   1262.0   0.830
20260403201624     84    175.0    190.0   20.0     20.3   1220.0   1274.2   0.817
20260403201624     85   1300.0   1330.0   20.0    183.9   1056.8   1571.2   0.839
20260403201624     85   1370.0   1400.0   20.0    279.4   1580.2   1622.9   0.786
20260403201624     85   1465.0   1480.0   20.0     38.8   1602.1   1594.0   0.705
20260403201624     86     60.0     80.0   20.0    128.0   1174.9   1271.5   0.864
20260403201624     87     25.0    130.0   20.0    158.0   1046.7   1046.5   0.930
20260403201624     87   1325.0   1340.0   20.0     21.8   1043.0   1110.7   0.804
20260403201624     87   1390.0   1415.0   20.0     22.5   1143.4   1155.2   0.701
20260403201624     87   1665.0   1680.0   20.0     41.8   1241.4   1235.5   0.437
20260403201624     87   1745.0   1760.0   20.0     21.5   1262.9   1261.8   0.642
20260403201624     88   1630.0   1655.0   20.0     66.2   1049.7   1047.7   0.744
20260403201624     89    630.0    645.0   20.0    281.4   1058.4   1058.4   0.814
20260403201624     89   1720.0   1735.0   20.0     33.9   1059.2   1058.5   0.729
20260403201624     91    355.0    370.0   20.0     29.2   1515.2   1527.8   0.863
20260403201624     92    100.0    115.0   20.0     32.6   1034.7   1076.5   0.732
20260403201624     92    455.0    470.0   20.0    161.7   1098.4   1097.3   0.650
20260403201624     92   1270.0   1285.0   20.0     46.7   1235.7   1303.8   0.848
20260403201624     93    705.0    720.0   20.0     25.1   1068.0   1126.5   0.769
20260403201624     93    870.0    885.0   20.0     33.6   1197.4   1228.6   0.716
20260403201624     93    920.0    935.0   20.0     38.6   1234.2   1231.2   0.728
20260403201624     93    975.0    990.0   20.0     21.0   1256.6   1243.1   0.665
20260403201624     93   1045.0   1060.0   20.0     33.1   1232.1   1260.1   0.779
20260403201624     93   1165.0   1180.0   20.0     48.0   1225.0   1271.3   0.779
20260403201624     93   1360.0   1375.0   20.0    125.0   1242.2   1357.8   0.722
20260403201624     95    780.0    845.0   20.0     27.5   1036.7   1297.7   0.850
20260403201624     95    980.0   1010.0   20.0     40.8   1338.1   1363.6   0.831
20260403201624     95   1570.0   1590.0   20.0     24.7   1460.4   1455.0   0.858
20260403201624     96    545.0    560.0   20.0    100.2   1057.9   1264.3   0.785
20260403201624     96    620.0    650.0   20.0     29.9   1278.7   1358.4   0.721
20260403201624     96   1230.0   1245.0   20.0     20.9   1346.2   1379.0   0.781
20260403201624     97    170.0    185.0   20.0     48.4   1118.1   1047.1   0.769
20260403201624     97    515.0    575.0   20.0     72.5   1047.1   1046.2   0.840
20260403201624     97   1080.0   1100.0   20.0     65.3   1046.0   1045.2   0.795
20260403201624     97   1495.0   1510.0   20.0     28.2   1048.4   1081.5   0.717
20260403201624     99   1030.0   1045.0   20.0     63.9   1045.5   1043.9   0.731
20260403201624     99   1720.0   1760.0   20.0    182.4   1050.4   1050.1   0.847
20260403201624    100    295.0    330.0   20.0    146.1   1022.6   1024.7   0.849
20260403201624    101      0.0     40.0   20.0    102.1      0.0   1039.6   0.868
20260403201624    101    685.0    705.0   20.0    148.4   1047.6   1045.2   0.786
20260403201624    101   1570.0   1585.0   20.0     35.9   1044.8   1045.7   0.758
20260403201624    103    955.0    975.0   20.0     34.7   1070.4   1070.9   0.724
20260403201624    103   1090.0   1110.0   20.0     83.4   1070.9   1074.0   0.795
20260403201624    103   1245.0   1265.0   20.0    134.2   1071.2   1071.3   0.845
20260403201624    103   1305.0   1315.0   20.0     25.2   1070.3   1069.9   0.408
20260403201624    104    380.0    395.0   20.0     26.9   1079.9   1111.6   0.747
20260403201624    104    445.0    460.0   20.0     44.4   1131.4   1086.5   0.771
20260403201624    104   1075.0   1090.0   20.0     23.8   1106.7   1108.1   0.753
20260403201624    104   1310.0   1325.0   20.0     83.1   1219.2   1053.6   0.755
20260403201624    104   1705.0   1750.0   20.0     80.8   1058.8   1063.6   0.825
20260403201624    105    940.0    955.0   20.0     25.5   1029.3   1051.9   0.689
20260403201624    105   1025.0   1050.0   20.0     53.0   1084.3   1084.5   0.695
20260403201624    105   1270.0   1285.0   20.0    177.9   1123.5   1198.0   0.707
20260403201624    106     95.0    110.0   20.0     38.4   1037.4   1094.7   0.748
20260403201624    106    260.0    275.0   20.0     21.7   1147.4   1181.2   0.678
20260403201624    106    355.0    415.0   20.0     84.6   1149.4   1040.6   0.843
20260403201624    107    900.0    915.0   20.0     47.9   1285.9   1287.8   0.772
20260403201624    107    950.0    965.0   20.0     28.3   1285.6   1269.6   0.883
20260403201624    108     30.0     45.0   20.0     22.1   1211.6   1105.4   0.848
20260403201624    111     50.0     70.0   20.0     62.1   1043.5   1043.0   0.761
20260403201624    111    230.0    245.0   20.0    135.5   1043.9   1045.6   0.807
20260403201624    111   1050.0   1065.0   20.0     43.8   1061.2   1113.1   0.846
20260403201624    111   1110.0   1125.0   20.0     92.1   1139.8   1047.2   0.762
20260403201624    112    115.0    130.0   20.0     21.9   1253.3   1286.3   0.733
20260403201624    113    270.0    285.0   20.0     64.6   1026.5   1027.6   0.658
20260403201624    113   1140.0   1155.0   20.0     87.8   1030.9   1031.4   0.755
20260403201624    114   1455.0   1470.0   20.0     59.3   1069.3   1066.0   0.750
20260403201624    115    650.0    665.0   20.0     68.5   1050.1   1048.7   0.814
20260403201624    115   1205.0   1220.0   20.0    148.4   1049.7   1054.8   0.663
20260403201624    117    360.0    375.0   20.0    180.8   1036.8   1473.8   0.917
20260403201624    118    285.0    300.0   20.0     46.5   1534.0   1576.6   0.726
20260403201624    118    560.0    575.0   20.0     36.6   1547.7   1554.6   0.583
20260403201624    118    760.0    775.0   20.0     26.3   1572.1   1582.1   0.842
20260403201624    118   1125.0   1140.0   20.0     27.4   1557.0   1583.9   0.886
20260403201624    119    340.0    355.0   20.0    139.5   1038.0   1037.8   0.796
20260403201624    119    825.0    840.0   20.0    210.1   1041.2   1044.1   0.800
20260403201624    119   1495.0   1510.0   20.0     89.4   1047.2   1046.7   0.616
20260403201624    121    375.0    395.0   20.0     74.6   1053.7   1054.3   0.860
20260403201624    122     10.0     20.0   20.0     29.6   1514.7   1500.2   0.579
20260403201624    122     85.0    100.0   20.0     24.7   1539.4   1553.1   0.449
20260403201624    122    245.0    260.0   20.0     36.5   1504.8   1527.0   0.653
20260403201624    124    280.0    295.0   20.0     25.3   1165.9   1185.2   0.513
20260403201624    124    550.0    565.0   20.0     48.2   1259.5   1340.0   0.781
20260403201624    125    335.0    350.0   20.0     69.0   1042.7   1042.9   0.629
20260403201624    126    245.0    260.0   20.0     39.4   1095.4   1130.0   0.755
20260403201624    126    395.0    455.0   20.0     47.0   1152.5   1195.2   0.849
20260403201624    126    505.0    520.0   20.0     20.2   1190.1   1219.1   0.753
20260403201624    126    590.0    605.0   20.0     24.6   1247.9   1319.8   0.671
20260403201624    126    965.0    980.0   20.0     27.1   1388.8   1435.4   0.736
20260403201624    127   1165.0   1185.0   20.0     31.8   1044.2   1090.9   0.765
20260403201624    127   1395.0   1410.0   20.0     55.2   1118.1   1285.1   0.864
20260403201624    128   1175.0   1185.0   20.0     21.6   1124.9   1177.4   0.482
20260403201624    128   1225.0   1265.0   20.0     45.2   1199.8   1302.2   0.856
20260403201624    128   1320.0   1335.0   20.0     37.7   1289.4   1361.5   0.821
20260403201624    128   1445.0   1460.0   20.0     34.3   1407.9   1441.6   0.845
20260403201624    128   1555.0   1570.0   20.0     52.9   1408.8   1059.3   0.959
20260403201624    129    710.0    725.0   20.0     89.5   1037.0   1040.9   0.713
20260403201624    129    925.0    940.0   20.0     46.8   1037.4   1037.1   0.797
20260403201624    130    665.0    710.0   20.0    148.3   1060.8   1059.9   0.816
20260403201624    132   1250.0   1270.0   20.0     76.7   1053.5   1053.6   0.757
20260403201624    134    675.0    710.0   20.0    148.3   1069.0   1126.1   0.871
20260403201624    135    155.0    175.0   20.0     47.1   1578.2   1579.7   0.853
20260403201624    135    455.0    470.0   20.0     97.7   1597.3   1595.5   0.913
20260403201624    135    505.0    520.0   20.0     23.5   1603.2   1618.5   0.875
20260403201624    135    555.0   1800.0   20.0    127.7   1621.0   1528.7   0.918
20260403201624    137    770.0    785.0   20.0     82.7   1057.9   1058.8   0.727
20260403201624    141      0.0     80.0   20.0    108.4      0.0   1052.8   0.819
20260403201624    141    245.0    260.0   20.0     23.3   1056.7   1094.9   0.720
20260403201624    141    570.0    620.0   20.0     47.2   1121.0   1135.0   0.918
20260403201624    141    915.0    930.0   20.0     22.7   1140.0   1143.4   0.520
20260403201624    143      0.0     35.0   20.0    111.4      0.0   1458.0   0.804
20260403201624    143    120.0    135.0   20.0     77.8   1415.4   1322.1   0.792
20260403201624    146    470.0    485.0   20.0     30.8   1106.7   1176.4   0.772
20260403201624    146    775.0    795.0   20.0     69.7   1214.7   1109.2   0.840
20260403201624    148    425.0    465.0   20.0     62.9   1074.3   1213.8   0.754
20260403201624    148    670.0    685.0   20.0     22.5   1334.6   1344.9   0.756
20260403201624    148    795.0    860.0   20.0     90.7   1250.9   1065.7   0.948
20260403201624    150      0.0    180.0   20.0     58.5      0.0    673.4   0.612
20260403201624    150    215.0    225.0   20.0     48.4    649.7    653.6   0.479
20260403201624    150    260.0    355.0   20.0     57.2    658.0    681.1   0.657
20260403201624    150    410.0    440.0   20.0     62.2    644.9    659.7   0.732
20260403201624    150    505.0    520.0   20.0     39.7    661.6    659.5   0.561
20260403201624    150    610.0    785.0   20.0    113.0    663.6    665.5   0.794
20260403201624    150    905.0    940.0   20.0     43.0    661.3    638.5   0.598
20260403201624    150   1060.0   1080.0   20.0     51.8    656.9    652.0   0.712
20260403201624    150   1160.0   1180.0   20.0     46.7    664.3    661.1   0.572
20260403201624    150   1240.0   1260.0   20.0     44.3    638.8    639.6   0.621
20260403201624    150   1335.0   1350.0   20.0     47.8    638.4    642.3   0.609
20260403201624    150   1675.0   1685.0   20.0     29.7    668.6    661.9   0.415
20260403201624    151    125.0    145.0   20.0     99.7   1073.3   1074.5   0.801
20260403201624    151   1615.0   1630.0   20.0    158.9   1073.6   1074.2   0.854
20260403201624    153      0.0     15.0   20.0     20.4      0.0   1346.1   0.925
20260403201624    153    115.0    130.0   20.0     24.0   1283.8   1292.7   0.800
20260403201624    153    470.0    485.0   20.0     44.3   1318.2   1301.5   0.905
20260403201624    154     40.0     55.0   20.0     83.7   1383.1   1290.5   0.843
20260403201624    154    215.0    230.0   20.0     20.7   1412.1   1422.3   0.814
20260403201624    154    390.0    405.0   20.0     37.3   1504.1   1510.5   0.789
20260403201624    154    450.0    465.0   20.0     48.4   1504.3   1528.1   0.811
20260403201624    154   1300.0   1315.0   20.0     48.2   1077.6   1130.1   0.739
20260403201624    154   1355.0   1435.0   20.0    180.8   1156.3   1076.0   0.852
20260403201624    155    650.0    665.0   20.0     95.0   1064.1   1060.5   0.782
20260403201624    156     40.0    110.0   20.0     33.3   1611.6   1670.9   0.914
20260403201624    157    635.0    650.0   20.0     28.4   1076.9   1075.7   0.777
20260403201624    157    920.0    940.0   20.0     76.5   1074.8   1075.5   0.781
20260403201624    158    750.0    765.0   20.0     26.4   1099.3   1072.7   0.739
20260403201624    159    885.0    900.0   20.0     67.7   1065.0   1064.1   0.819
20260403201624    159   1320.0   1410.0   20.0    283.1   1061.5   1061.4   0.937
20260403201624    161    775.0    790.0   20.0     43.9   1019.3   1057.3   0.600
20260403201624    161    835.0    850.0   20.0    118.2   1057.7   1016.5   0.644
20260403201624    161    980.0    990.0   20.0     22.9   1011.3   1009.3   0.483
20260403201624    161   1115.0   1130.0   20.0     21.0   1022.5   1013.5   0.759
20260403201624    161   1215.0   1230.0   20.0     28.3   1011.6   1009.8   0.749
20260403201624    161   1305.0   1425.0   20.0     91.3   1038.9   1084.2   0.705
20260403201624    161   1665.0   1675.0   20.0     84.0   1111.0   1105.2   0.424
20260403201624    162    330.0    360.0   20.0     64.3   1087.6   1104.3   0.851
20260403201624    163    115.0    200.0   20.0    173.4   1078.1   1082.3   0.825
20260403201624    163    765.0    780.0   20.0     67.9   1083.4   1083.9   0.750
20260403201624    163   1235.0   1250.0   20.0     56.0   1086.0   1148.4   0.738
20260403201624    163   1285.0   1305.0   20.0     83.1   1153.2   1085.5   0.862
20260403201624    164   1460.0   1505.0   20.0     98.6   1110.1   1277.6   0.907
20260403201624    164   1540.0   1555.0   20.0     34.7   1299.1   1299.5   0.824
20260403201624    164   1620.0   1670.0   20.0    121.4   1319.6   1088.1   0.921
20260403201624    165   1745.0   1760.0   20.0     40.7   1141.9   1123.5   0.616
20260403201624    168   1200.0   1220.0   20.0     50.7   1116.6   1112.5   0.759
20260403201624    169     85.0    125.0   20.0     35.1   1140.2   1280.0   0.692
20260403201624    170    415.0    435.0   20.0     98.9   1078.7   1079.4   0.801
20260403201624    171    545.0    570.0   20.0    136.6   1087.8   1089.3   0.787
20260403201624    172    360.0    370.0   20.0     57.3   1113.9   1171.8   0.614
20260403201624    172    495.0    535.0   20.0     57.9   1213.4   1349.3   0.790
20260403201624    173    145.0    165.0   20.0    124.2   1126.3   1205.6   0.934
20260403201624    174    140.0    160.0   20.0     49.5   1112.7   1313.2   0.835
20260403201624    174    245.0    285.0   20.0     28.5   1425.0   1575.9   0.819
20260403201624    174    585.0    600.0   20.0     34.4   1636.4   1665.2   0.820
20260403201624    175   1110.0   1190.0   20.0    140.1   1099.7   1471.4   0.883
20260403201624    175   1245.0   1330.0   20.0    111.2   1505.5   1098.3   0.944
20260403201624    176   1080.0   1100.0   20.0     21.3   1190.4   1280.1   0.718
20260403201624    176   1170.0   1185.0   20.0     41.9   1335.0   1491.6   0.745
20260403201624    176   1230.0   1245.0   20.0     79.3   1489.3   1114.0   0.954
20260403201624    176   1340.0   1355.0   20.0     70.4   1119.5   1110.4   0.735
20260403201624    177    770.0    785.0   20.0     51.9   1110.2   1110.6   0.760
20260403201624    177   1215.0   1230.0   20.0     53.5   1109.9   1110.1   0.773
20260403201624    179     35.0     45.0   20.0     22.7   1100.5   1100.4   0.472
20260403201624    179    110.0    125.0   20.0     48.6   1100.7   1098.2   0.744
20260403201624    179   1430.0   1465.0   20.0    131.5   1111.5   1365.7   0.840
20260403201624    181    185.0    200.0   20.0     20.3   1143.9   1120.5   0.727
20260403201624    181   1325.0   1370.0   20.0    248.7   1129.9   1126.5   0.810
20260403201624    182    770.0    785.0   20.0     22.7   1130.0   1179.4   0.782
20260403201624    182    925.0    940.0   20.0     38.6   1238.3   1356.5   0.843
20260403201624    184   1330.0   1350.0   20.0     26.5   1144.6   1150.3   0.762
20260403201624    185    930.0    950.0   20.0    268.9   1095.9   1095.5   0.803
20260403201624    185   1455.0   1480.0   20.0     91.3   1095.7   1096.8   0.783
20260403201624    186     65.0     80.0   20.0    115.6   1731.1   1732.2   0.466
20260403201624    186    645.0    660.0   20.0     30.4   1680.7   1633.1   0.730
20260403201624    187   1395.0   1410.0   20.0     63.4   1286.6   1131.7   0.743
20260403201624    188     90.0    105.0   20.0    151.8   1352.6   1128.3   0.785
20260403201624    188    440.0    480.0   20.0     57.0   1137.4   1425.7   0.846
20260403201624    190     85.0    145.0   20.0     38.6   1142.8   1234.0   0.809
20260403201624    190    235.0    250.0   20.0    100.7   1276.9   1144.8   0.850
20260403201624    190    300.0    330.0   20.0     94.4   1151.1   1290.9   0.807
20260403201624    190    365.0    400.0   20.0     92.1   1295.2   1435.2   0.832
20260403201624    191   1010.0   1025.0   20.0     26.8    951.1    950.7   0.716
20260403201624    192    485.0    500.0   20.0     43.8   1146.9   1149.4   0.760
20260403201624    192    895.0    915.0   20.0     70.4   1149.3   1157.3   0.760
20260403201624    192   1150.0   1165.0   20.0     55.3   1148.6   1149.1   0.724
20260403201624    192   1460.0   1475.0   20.0     41.4   1162.8   1236.1   0.758
20260403201624    192   1510.0   1600.0   20.0     56.2   1258.0   1311.9   0.745
20260403201624    192   1750.0   1790.0   20.0    166.6   1358.0   1545.0   0.825
20260403201624    194    165.0    220.0   20.0     41.0   1146.3   1237.6   0.764
20260403201624    194    260.0    275.0   20.0     22.1   1235.8   1270.5   0.617
20260403201624    194    455.0    475.0   20.0     63.9   1381.5   1455.1   0.793
20260403201624    194    795.0    810.0   20.0     68.3   1470.2   1528.1   0.754
20260403201624    195     20.0     40.0   20.0    190.9   1371.6   1132.5   0.804
20260403201624    195   1280.0   1295.0   20.0     21.0   1209.1   1242.9   0.723
20260403201624    195   1775.0   1790.0   20.0     24.1   1257.4   1297.2   0.771
20260403201624    196    695.0    710.0   20.0     44.5   1170.1   1163.1   0.714
20260403201624    196   1220.0   1260.0   20.0     53.7   1168.8   1266.6   0.801
20260403201624    196   1325.0   1375.0   20.0    217.5   1264.6   1643.6   0.761
20260403201624    197    455.0    475.0   20.0     57.7   1177.5   1174.5   0.851
20260403201624    197    745.0    760.0   20.0     20.4   1172.9   1176.0   0.706
20260403201624    198    690.0    705.0   20.0    241.6   1166.7   1166.8   0.898
20260403201624    199    125.0    260.0   20.0     79.1   1152.0   1323.9   0.793
20260403201624    199    380.0    480.0   20.0     31.9   1301.8   1323.5   0.694
20260403201624    199    530.0    545.0   20.0     22.9   1314.9   1298.3   0.705
20260403201624    199    810.0    825.0   20.0     22.9   1293.3   1305.7   0.730
20260403201624    199    885.0    905.0   20.0     23.5   1299.0   1307.9   0.653
20260403201624    199   1145.0   1160.0   20.0     47.4   1322.7   1336.9   0.634
20260403201624    199   1230.0   1245.0   20.0     34.4   1334.6   1332.2   0.760
20260403201624    199   1340.0   1360.0   20.0     29.5   1327.7   1332.4   0.734
20260403201624    199   1570.0   1585.0   20.0     34.5   1381.1   1394.2   0.731
20260403201624    199   1625.0   1640.0   20.0     32.3   1415.3   1458.0   0.840
20260403201624    200    255.0    270.0   20.0     50.4   1151.7   1214.3   0.754
20260403201624    200    305.0    330.0   20.0    160.1   1269.2   1152.7   0.797
20260403201624    200    510.0    525.0   20.0     37.6   1160.0   1205.0   0.718
20260403201624    200    570.0    610.0   20.0     29.1   1259.6   1475.8   0.770
20260403201624    200    785.0    800.0   20.0     34.7   1566.6   1548.1   0.855
20260403201624    200    850.0    915.0   20.0     33.4   1565.3   1619.4   0.717
20260403201624    200   1170.0   1185.0   20.0     36.8   1682.3   1687.4   0.743
20260403201624    201     80.0     95.0   20.0     74.9   1156.4   1163.3   0.787
20260403201624    201   1775.0   1790.0   20.0     72.0   1211.3   1190.3   0.859
20260403201624    202    170.0    185.0   20.0     26.1   1811.7   1849.2   0.907
20260403201624    205   1260.0   1275.0   20.0    162.5   1165.0   1165.8   0.715
20260403201624    205   1475.0   1490.0   20.0     68.1   1167.2   1171.0   0.810
20260403201624    208     50.0     70.0   20.0     46.4   1509.3   1581.3   0.924
20260403201624    208    115.0    130.0   20.0     60.5   1625.9   1626.1   0.769
20260403201624    208    275.0    295.0   20.0    188.0   1612.5   1758.2   0.759
20260403201624    208    415.0    430.0   20.0     91.8   1724.3   1809.5   0.783
20260403201624    209   1535.0   1550.0   20.0     81.8   1166.7   1167.1   0.724
20260403201624    210    600.0    615.0   20.0     69.3   1191.5   1195.6   0.422
20260403201624    212     70.0     85.0   20.0    130.1   1392.0   1186.7   0.880
20260403201624    212    415.0    435.0   20.0     35.4   1195.0   1193.8   0.737
20260403201624    212    985.0   1095.0   20.0     68.2   1299.5   1367.5   0.790
20260403201624    213   1720.0   1735.0   20.0     63.2   1174.8   1174.5   0.693
20260403201624    216    795.0    855.0   20.0     44.7   1208.6   1305.8   0.763
20260403201624    216   1000.0   1015.0   20.0     27.5   1341.3   1341.5   0.838
20260403201624    217      5.0     40.0   20.0    123.8   1195.3   1194.8   0.888
20260403201624    217    365.0    420.0   20.0    130.2   1195.7   1196.6   0.797
20260403201624    217   1320.0   1330.0   20.0     24.3   1231.8   1251.4   0.486
20260403201624    217   1365.0   1405.0   20.0    164.8   1290.5   1623.9   0.851
20260403201624    217   1470.0   1485.0   20.0     20.7   1634.4   1643.8   0.735
20260403201624    218     10.0     70.0   20.0    381.9   1194.5   1191.7   0.863
20260403201624    218    625.0    685.0   20.0     69.9   1264.6   1447.6   0.862
20260403201624    219    750.0    765.0   20.0    140.9   1198.0   1197.4   0.828
20260403201624    219   1630.0   1650.0   20.0    137.6   1198.3   1197.9   0.775
20260403201624    222    625.0    640.0   20.0     24.8   1808.9   1817.8   0.835
20260403201624    223    105.0    130.0   20.0    277.0   1223.0   1219.4   0.829
20260403201624    224      0.0     15.0   20.0     52.7      0.0   1416.2   0.820
20260403201624    224     65.0     95.0   20.0     42.5   1406.7   1461.4   0.756
20260403201624    224    275.0    290.0   20.0     35.7   1456.8   1584.8   0.839
20260403201624    224    335.0    370.0   20.0    115.3   1596.7   1396.3   0.897
20260403201624    225    975.0    990.0   20.0     36.6   1631.2   1652.4   0.753
20260403201624    226    420.0    435.0   20.0     27.4   1154.8   1156.8   0.581
20260403201624    226   1270.0   1280.0   16.7     26.2   1161.9   1197.0   0.432
20260403201624    227     20.0     35.0   20.0     25.3   1675.4   1681.2   0.654
20260403201624    227    145.0    160.0   20.0     55.7   1756.5   1953.8   0.861
20260403201624    227    240.0    275.0   20.0     25.9   2043.5   2051.9   0.773
20260403201624    227    330.0    355.0   20.0     49.2   2074.6   2070.6   0.660
20260403201624    227    760.0    810.0   20.0    349.4   2007.2   1856.5   0.853
20260403201624    227    970.0   1020.0   20.0     40.3   1719.8   1762.5   0.733
20260403201624    227   1080.0   1165.0   20.0     25.1   1778.0   1757.8   0.793
20260403201624    227   1215.0   1245.0   20.0     27.1   1754.8   1759.3   0.805
20260403201624    227   1290.0   1800.0   20.0     34.2   1744.1   1777.9   0.800
20260403201624    228    235.0    250.0   20.0     85.5   1240.1   1237.7   0.769
20260403201624    228    285.0    305.0   20.0     79.8   1278.2   1424.5   0.803
20260403201624    228    505.0    520.0   20.0     37.6   1384.6   1421.5   0.854
20260403201624    228    690.0    710.0   20.0     34.1   1428.1   1458.6   0.887
20260403201624    228   1090.0   1105.0   20.0     23.9   1474.3   1495.1   0.753
20260403201624    229     10.0     30.0   20.0    274.5   1233.8   1234.2   0.850
20260403201624    229    470.0    500.0   20.0    104.0   1237.0   1700.6   0.779
20260403201624    229    565.0    580.0   20.0     23.2   1553.4   1461.8   0.507
20260403201624    229    640.0    655.0   20.0    162.2   1411.3   1232.7   0.906
20260403201624    229   1635.0   1650.0   20.0     62.8   1228.6   1228.0   0.723
20260403201624    229   1730.0   1750.0   20.0    148.1   1226.8   1227.7   0.876
20260403201624    230   1770.0   1780.0   20.0     20.9    974.1    978.1   0.878
20260403201624    231    345.0    400.0   20.0     61.8   1286.4   1448.9   0.815
20260403201624    231    445.0    460.0   20.0     57.0   1443.8   1462.6   0.488
20260403201624    231    630.0    645.0   20.0     29.2   1464.3   1512.1   0.713
20260403201624    231    770.0    785.0   20.0     48.6   1533.3   1643.8   0.813
20260403201624    232     40.0     55.0   20.0     38.3   1314.1   1338.2   0.637
20260403201624    233    445.0    480.0   20.0     24.7   1246.4   1287.3   0.783
20260403201624    233    720.0    745.0   20.0    224.4   1297.8   1667.0   0.806
20260403201624    234    205.0    245.0   20.0     70.3   1982.6   1885.0   0.644
20260403201624    234    655.0    670.0   20.0     79.2   1890.6   1891.2   0.487
20260403201624    235   1255.0   1270.0   20.0    187.6   1248.6   1249.5   0.804
20260403201624    239   1015.0   1050.0   20.0    164.1   1254.7   1249.6   0.791
20260403201624    239   1505.0   1520.0   20.0     80.7   1250.7   1249.9   0.655
20260403201624    241    625.0    645.0   20.0    209.7   1276.4   1277.9   0.794
20260403201624    241   1380.0   1395.0   20.0     93.0   1267.2   1275.5   0.826
20260403201624    241   1615.0   1630.0   20.0    123.1   1263.8   1426.6   0.625
20260403201624    241   1685.0   1700.0   20.0     24.4   1428.9   1422.4   0.833
20260403201624    243   1160.0   1240.0   20.0    132.8   1265.8   1263.1   0.809
20260403201624    244     70.0     85.0   20.0     34.8   1296.0   1360.5   0.738
20260403201624    244    205.0    220.0   20.0     28.1   1357.3   1356.9   0.825
20260403201624    244   1415.0   1430.0   20.0     38.7   1425.1   1611.2   0.757
20260403201624    245   1430.0   1445.0   20.0    170.5   1290.0   1289.6   0.823
20260403201624    246    105.0    130.0   20.0    158.6   1785.8   1544.5   0.901
20260403201624    247      0.0     20.0   20.0     26.5      0.0   1790.6   0.816
20260403201624    247    405.0    420.0   20.0     21.1   1840.6   1898.5   0.875
20260403201624    247   1350.0   1370.0   20.0    112.5   1876.1   1913.6   0.829
20260403201624    248    450.0    470.0   20.0    324.2   1328.4   1319.1   0.818
20260403201624    249    470.0    485.0   20.0    112.2   1296.7   1301.2   0.708
20260403201624    249   1745.0   1765.0   20.0    100.3   1281.2   1282.0   0.868
20260403201624    251      0.0     10.0   20.0     20.1      0.0   1573.1   0.612
20260403201624    251    675.0    690.0   20.0     23.4   1767.2   1763.5   0.609
20260403201624    251   1100.0   1115.0   20.0     23.0   1806.0   1777.2   0.559
20260403201624    251   1210.0   1225.0   20.0     33.0   1788.7   1778.3   0.435
20260403201624    251   1260.0   1275.0   20.0     22.3   1783.7   1767.2   0.886
20260403201624    252   1335.0   1365.0   20.0    177.3   1408.0   1334.5   0.814
20260403201624    253    500.0    515.0   20.0     82.3   1318.0   1482.6   0.860
20260403201624    253    785.0    800.0   20.0     38.2   1691.3   1692.1   0.674
20260403201624    253   1055.0   1070.0   20.0     83.0   1792.0   1748.4   0.793
20260403201624    253   1325.0   1340.0   20.0    197.7   1719.8   1903.9   0.800
20260403201624    254    930.0    980.0   20.0    213.9   1316.7   1315.2   0.863
20260403201624    255    905.0    920.0   20.0     77.7   1312.3   1353.0   0.710
20260403201624    255   1650.0   1710.0   20.0    315.6   1315.2   1303.7   0.789
20260403204943      1    590.0    620.0   20.0    154.5   1170.5   1226.2   0.832
20260403204943      1   1265.0   1305.0   20.0    122.0   1171.2   1171.0   0.804
20260403204943      2    815.0    835.0   20.0    125.6   1165.7   1165.0   0.824
20260403204943      2    905.0    920.0   20.0     26.5   1163.8   1164.4   0.723
20260403204943      3    580.0    680.0   20.0    221.5   1160.3   1148.3   0.875
20260403204943      3   1685.0   1725.0   20.0    146.5   1146.8   1148.2   0.746
20260403204943      5     20.0     35.0   20.0     63.6   1208.3   1153.4   0.734
20260403204943      5    560.0    605.0   20.0    150.8   1152.6   1155.7   0.765
20260403204943      6    615.0    630.0   20.0     63.7   1231.0   1402.9   0.875
20260403204943      7     65.0    110.0   20.0    146.0   1151.4   1149.3   0.769
20260403204943      7   1050.0   1065.0   20.0    179.5   1149.3   1149.7   0.869
20260403204943      9    240.0    305.0   20.0    120.3   1380.8   1528.6   0.887
20260403204943      9    565.0    580.0   20.0     42.6   1572.3   1633.6   0.760
20260403204943      9   1650.0   1665.0   20.0     21.9   1600.2   1523.7   0.788
20260403204943     10     10.0     35.0   20.0    220.7   1149.4   1149.6   0.811
20260403204943     11   1545.0   1560.0   20.0    141.9   1142.7   1141.6   0.833
20260403204943     11   1785.0   1800.0   20.0     38.0   1146.0   1183.5   0.828
20260403204943     12    580.0    595.0   20.0     26.7   1145.7   1207.7   0.729
20260403204943     12    650.0    800.0   20.0     87.7   1237.3   1444.7   0.804
20260403204943     12    885.0    900.0   20.0     26.0   1439.7   1428.1   0.663
20260403204943     12    990.0   1005.0   20.0     36.6   1433.2   1439.2   0.533
20260403204943     12   1225.0   1270.0   20.0     37.6   1471.4   1477.6   0.844
20260403204943     12   1540.0   1555.0   20.0     21.1   1443.6   1450.6   0.872
20260403204943     13    985.0   1000.0   20.0     73.7   1143.7   1142.9   0.796
20260403204943     14    630.0    645.0   20.0     21.1    885.1    893.4   0.604
20260403204943     14   1495.0   1510.0   20.0     35.4    903.0    911.3   0.681
20260403204943     14   1685.0   1700.0   20.0     29.4    899.3    905.2   0.667
20260403204943     16    300.0    320.0   20.0     46.6   1220.9   1219.7   0.757
20260403204943     17    480.0    495.0   20.0     39.1   1126.5   1127.7   0.728
20260403204943     18    335.0    350.0   20.0     41.0   1142.2   1138.2   0.767
20260403204943     18    465.0    480.0   20.0     80.4   1143.8   1148.1   0.794
20260403204943     18    895.0    920.0   20.0    135.9   1134.5   1134.8   0.756
20260403204943     18   1040.0   1055.0   20.0     96.2   1138.9   1310.3   0.829
20260403204943     18   1145.0   1160.0   20.0     35.3   1361.2   1394.5   0.836
20260403204943     19   1655.0   1670.0   20.0     20.2   1145.7   1143.7   0.568
20260403204943     20    225.0    240.0   20.0    214.5   1125.5   1125.3   0.711
20260403204943     22     15.0     35.0   20.0    193.9   1505.3   1138.9   0.799
20260403204943     22     95.0    140.0   20.0    311.9   1137.2   1138.5   0.831
20260403204943     22   1210.0   1230.0   20.0     60.9   1148.4   1147.5   0.822
20260403204943     23   1135.0   1150.0   20.0    144.1   1136.5   1136.4   0.756
20260403204943     25    225.0    245.0   20.0    140.6   1127.6   1128.1   0.836
20260403204943     25    415.0    430.0   20.0    100.5   1130.4   1130.0   0.762
20260403204943     26    945.0    960.0   20.0     22.0   1121.5   1118.1   0.693
20260403204943     26   1035.0   1050.0   20.0     34.8   1127.2   1167.4   0.771
20260403204943     26   1135.0   1150.0   20.0     44.4   1184.6   1225.6   0.863
20260403204943     26   1700.0   1715.0   20.0     39.7   1208.8   1210.8   0.564
20260403204943     27   1065.0   1080.0   20.0     24.9   1117.6   1145.7   0.789
20260403204943     27   1170.0   1185.0   20.0     22.5   1227.1   1262.8   0.652
20260403204943     27   1245.0   1260.0   20.0     31.4   1253.2   1276.2   0.845
20260403204943     27   1680.0   1695.0   20.0     59.2   1298.4   1301.3   0.464
20260403204943     28   1340.0   1365.0   20.0     89.7   1119.6   1118.3   0.760
20260403204943     29    750.0    765.0   20.0     25.9   1102.9   1153.3   0.784
20260403204943     29    800.0    840.0   20.0     29.8   1159.3   1170.2   0.909
20260403204943     29    945.0    975.0   20.0     26.6   1167.9   1323.3   0.795
20260403204943     29   1100.0   1115.0   20.0     55.1   1373.4   1380.3   0.762
20260403204943     30     30.0     55.0   20.0     33.1   1881.7   1887.9   0.912
20260403204943     30    125.0    145.0   20.0     74.3   1883.0   1901.2   0.934
20260403204943     31    980.0    995.0   20.0     52.8   1111.3   1109.8   0.755
20260403204943     34   1635.0   1650.0   20.0     47.1   1137.0   1150.8   0.423
20260403204943     34   1730.0   1800.0   20.0     71.0   1178.7   1420.8   0.792
20260403204943     36    175.0    195.0   20.0     90.9   1091.9   1094.3   0.780
20260403204943     36   1115.0   1155.0   20.0     26.5   1108.0   1256.2   0.774
20260403204943     36   1265.0   1285.0   20.0    203.5   1324.1   1131.5   0.804
20260403204943     36   1410.0   1425.0   20.0    133.9   1207.4   1094.7   0.792
20260403204943     37   1625.0   1710.0   20.0    216.8   1347.6   1636.8   0.805
20260403204943     38    320.0    340.0   20.0     42.8   1112.7   1164.4   0.752
20260403204943     40    170.0    225.0   20.0    154.4   1092.0   1257.1   0.801
20260403204943     40    280.0    300.0   20.0     92.4   1225.3   1303.6   0.730
20260403204943     40    340.0    355.0   20.0     97.0   1364.8   1093.1   0.829
20260403204943     41   1055.0   1070.0   20.0    111.6   1085.2   1086.3   0.782
20260403204943     41   1295.0   1350.0   20.0    107.6   1087.2   1084.9   0.812
20260403204943     41   1660.0   1675.0   20.0    102.5   1081.6   1329.2   0.808
20260403204943     43    805.0    825.0   20.0    140.0   1087.6   1089.0   0.773
20260403204943     43   1025.0   1040.0   20.0     23.5   1088.4   1087.8   0.531
20260403204943     43   1180.0   1195.0   20.0     28.9   1089.6   1131.0   0.770
20260403204943     43   1235.0   1250.0   20.0     20.1   1191.6   1189.1   0.681
20260403204943     43   1665.0   1680.0   20.0     63.3   1201.0   1290.1   0.777
20260403204943     45    965.0    980.0   20.0     56.3   1129.7   1109.7   0.614
20260403204943     45   1055.0   1070.0   20.0     39.7   1125.5   1124.1   0.711
20260403204943     45   1315.0   1330.0   20.0     22.7   1123.8   1131.4   0.737
20260403204943     45   1780.0   1790.0   20.0     22.4   1137.5   1138.7   0.485
20260403204943     48    125.0    140.0   20.0     40.5    293.8    311.6   0.653
20260403204943     48   1750.0   1795.0   20.0     50.0    302.7    301.7   0.873
20260403204943     49    485.0    510.0   20.0     32.1   1291.3   1278.8   0.746
20260403204943     49    555.0    570.0   20.0     49.8   1278.8   1276.8   0.689
20260403204943     49    720.0    735.0   20.0    110.0   1307.3   1293.8   0.874
20260403204943     49    940.0    955.0   20.0     23.3   1301.0   1329.0   0.541
20260403204943     49   1055.0   1120.0   20.0    161.1   1373.1   1600.0   0.867
20260403204943     49   1510.0   1550.0   20.0     33.5   1582.7   1577.8   0.758
20260403204943     50   1105.0   1180.0   20.0    193.7   1078.9   1233.8   0.841
20260403204943     50   1240.0   1350.0   20.0     72.5   1242.8   1260.7   0.727
20260403204943     50   1400.0   1465.0   20.0    218.5   1294.9   1072.8   0.835
20260403204943     51    830.0    845.0   20.0     35.8   1088.8   1079.5   0.791
20260403204943     51   1060.0   1075.0   20.0     26.1   1075.1   1124.5   0.718
20260403204943     51   1425.0   1440.0   20.0     54.6   1187.3   1200.2   0.818
20260403204943     52      0.0    180.0   10.1    118.5      0.0   1752.7   0.690
20260403204943     52    220.0    270.0   20.0    128.2   1751.7   1669.0   0.754
20260403204943     52    355.0    370.0   20.0     97.7   1670.3   1758.5   0.700
20260403204943     52    505.0    605.0   20.0     90.6   1678.6   1683.2   0.852
20260403204943     52    675.0    750.0   20.0    107.9   1680.3   1679.8   0.825
20260403204943     52    795.0    810.0   20.0    109.5   1678.6   1667.4   0.835
20260403204943     52    860.0    880.0   20.0     98.9   1670.7   1671.4   0.808
20260403204943     52    945.0    960.0   20.0    111.3   1671.8   1670.3   0.794
20260403204943     52   1040.0   1315.0   20.0    169.5   1678.2   1706.6   0.845
20260403204943     52   1515.0   1530.0   20.0     81.4   1661.7   1664.8   0.846
20260403204943     52   1745.0   1785.0   20.0     88.2   1669.2   1673.6   0.825
20260403204943     53    575.0    590.0   20.0     33.6   1073.9   1123.4   0.747
20260403204943     53    920.0    930.0   20.0     23.4   1182.8   1225.1   0.406
20260403204943     53   1260.0   1310.0   20.0     59.6   1294.2   1388.1   0.834
20260403204943     54    710.0    725.0   20.0    215.8   1080.4   1079.7   0.695
20260403204943     55    735.0    750.0   20.0     28.0   1114.5   1086.5   0.653
20260403204943     55   1540.0   1555.0   20.0    100.0   1087.0   1347.6   0.822
20260403204943     55   1765.0   1780.0   20.0     30.2   1349.4   1386.5   0.847
20260403204943     56   1335.0   1365.0   20.0     41.4   1081.5   1145.5   0.750
20260403204943     56   1405.0   1420.0   20.0     79.4   1159.0   1079.2   0.749
20260403204943     56   1620.0   1640.0   20.0     58.5   1076.9   1076.7   0.769
20260403204943     59    755.0    775.0   20.0     74.7   1091.2   1206.5   0.791
20260403204943     59    810.0    835.0   20.0    156.6   1211.0   1089.1   0.822
20260403204943     59   1290.0   1305.0   20.0     28.4   1082.5   1082.2   0.566
20260403204943     60     70.0     85.0   20.0     32.6   1080.2   1065.8   0.747
20260403204943     65     65.0     80.0   20.0     33.5   1415.4   1160.7   0.941
20260403204943     67     20.0    110.0   20.0    235.4   1050.1   1052.8   0.906
20260403204943     67   1045.0   1060.0   20.0     80.5   1107.3   1279.2   0.887
20260403204943     69   1360.0   1375.0   20.0     61.3   1157.3   1115.7   0.634
20260403204943     69   1670.0   1685.0   20.0     21.2   1134.5   1116.8   0.728
20260403204943     70     95.0    130.0   20.0    200.9   1059.0   1504.0   0.856
20260403204943     70    255.0    270.0   20.0     43.2   1525.7   1534.0   0.797
20260403204943     70    305.0    320.0   20.0     21.0   1540.1   1625.6   0.860
20260403204943     73    955.0    970.0   20.0     63.7   1077.2   1077.6   0.794
20260403204943     75     45.0     65.0   20.0    112.1   1055.4   1056.1   0.869
20260403204943     75   1180.0   1220.0   20.0    165.2   1067.2   1064.3   0.884
20260403204943     77    690.0    740.0   20.0     56.6   1149.9   1175.2   0.863
20260403204943     77    800.0    815.0   20.0     22.4   1176.1   1192.9   0.776
20260403204943     80   1010.0   1025.0   20.0     24.7   1260.9   1283.1   0.521
20260403204943     81    225.0    265.0   20.0    118.0   1058.8   1060.1   0.777
20260403204943     82     80.0     95.0   20.0     47.5   1055.0   1175.7   0.661
20260403204943     82    190.0    240.0   20.0     29.7   1188.4   1213.5   0.735
20260403204943     82    280.0    305.0   20.0     65.2   1208.7   1350.9   0.823
20260403204943     83    300.0    345.0   20.0     59.5   1044.4   1046.5   0.760
20260403204943     84    695.0    715.0   20.0    221.3   1067.7   1069.4   0.847
20260403204943     84    835.0    850.0   20.0     21.6   1062.0   1064.1   0.570
20260403204943     86    620.0    640.0   20.0     97.5   1062.6   1066.2   0.908
20260403204943     86   1095.0   1115.0   20.0     97.7   1067.0   1067.4   0.753
20260403204943     87    610.0    625.0   20.0     62.4   1047.8   1048.7   0.510
20260403204943     88    315.0    355.0   20.0    227.7   1057.0   1059.1   0.943
20260403204943     88    480.0    505.0   20.0     78.9   1060.8   1059.8   0.755
20260403204943     88   1040.0   1055.0   20.0     42.2   1058.5   1166.9   0.781
20260403204943     88   1200.0   1215.0   20.0     56.2   1190.3   1254.1   0.741
20260403204943     88   1640.0   1680.0   20.0     26.7   1315.5   1350.8   0.797
20260403204943     90   1280.0   1295.0   20.0     33.7    528.6    538.9   0.550
20260403204943     92    575.0    595.0   20.0     50.3   1589.5   1593.8   0.793
20260403204943     92    645.0   1095.0   20.0     64.9   1593.4   1594.8   0.887
20260403204943     92   1155.0   1465.0   20.0     75.3   1590.6   1606.5   0.882
20260403204943     92   1550.0   1575.0   20.0     89.1   1602.3   1611.0   0.914
20260403204943     92   1630.0   1665.0   20.0     67.0   1607.4   1603.5   0.897
20260403204943     92   1750.0   1790.0   20.0     76.8   1594.5   1602.1   0.859
20260403204943     93    410.0    425.0   20.0     39.1   1050.8   1125.0   0.913
20260403204943     93    800.0    815.0   20.0     76.5   1113.7   1403.4   0.933
20260403204943     94    230.0    245.0   20.0     42.2   1052.5   1108.2   0.803
20260403204943     94    445.0    460.0   20.0     29.8   1178.6   1176.1   0.573
20260403204943     94    625.0    640.0   20.0    113.6   1226.7   1495.0   0.730
20260403204943     95    310.0    340.0   20.0    180.2   1049.2   1381.2   0.909
20260403204943     95    515.0    530.0   20.0    140.9   1489.5   1409.6   0.484
20260403204943     95   1340.0   1355.0   20.0     67.2   1412.4   1485.8   0.748
20260403204943     96   1710.0   1725.0   20.0     24.2   1088.4   1134.4   0.776
20260403204943     96   1785.0   1800.0   20.0     24.3   1171.0   1158.5   0.691
20260403204943     99    400.0    410.0   20.0     31.3   1058.5   1062.7   0.408
20260403204943     99   1235.0   1250.0   20.0     33.4   1076.0   1074.1   0.781
20260403204943    100     10.0    120.0   20.0     37.3   1214.1   1338.7   0.832
20260403204943    101      0.0     15.0   20.0    120.8      0.0   1041.9   0.821
20260403204943    101    305.0    320.0   20.0     65.5   1046.5   1050.1   0.759
20260403204943    101    685.0    700.0   20.0     62.3   1051.7   1051.9   0.746
20260403204943    101   1735.0   1795.0   20.0    208.2   1049.0   1049.6   0.817
20260403204943    102    390.0    430.0   20.0    198.4   1047.2   1048.1   0.875
20260403204943    103      5.0     30.0   20.0     24.7   1136.4   1233.0   0.435
20260403204943    103     95.0    110.0   20.0     25.7   1339.1   1373.7   0.631
20260403204943    103    150.0    175.0   20.0     33.7   1376.7   1389.7   0.680
20260403204943    103    220.0    235.0   20.0     23.2   1424.6   1432.6   0.523
20260403204943    104     90.0    125.0   20.0    136.0   1062.6   1065.1   0.852
20260403204943    104    420.0    435.0   20.0     39.1   1070.8   1111.4   0.729
20260403204943    104    635.0    650.0   20.0     24.3   1203.3   1205.5   0.786
20260403204943    104   1180.0   1195.0   20.0     52.0   1305.1   1297.7   0.653
20260403204943    104   1585.0   1600.0   20.0     23.6   1310.1   1069.9   0.902
20260403204943    106    780.0    795.0   20.0    123.2   1075.1   1074.6   0.762
20260403204943    106    885.0    940.0   20.0     21.3   1080.4   1062.6   0.766
20260403204943    106   1490.0   1505.0   20.0     49.9   1064.2   1055.5   0.821
20260403204943    112      0.0     10.0   20.0     99.6      0.0   1078.6   0.720
20260403204943    112   1430.0   1450.0   20.0     60.9   1063.5   1130.9   0.849
20260403204943    112   1510.0   1555.0   20.0     97.1   1174.1   1168.5   0.877
20260403204943    113    105.0    155.0   20.0     49.9   1032.0   1291.5   0.756
20260403204943    113    200.0    215.0   20.0     23.4   1264.0   1309.3   0.750
20260403204943    113    300.0    315.0   20.0     23.5   1362.7   1395.6   0.850
20260403204943    113   1530.0   1545.0   20.0     49.2   1521.0   1507.3   0.649
20260403204943    114   1235.0   1255.0   20.0     55.0   1080.2   1081.2   0.852
20260403204943    115    965.0    980.0   20.0     48.7   1059.7   1281.9   0.770
20260403204943    115   1020.0   1035.0   20.0    190.8   1356.6   1060.5   0.770
20260403204943    117    230.0    325.0   20.0    291.3   1049.4   1665.8   0.881
20260403204943    118     80.0     95.0   20.0     29.8   1510.3   1483.0   0.679
20260403204943    118    225.0    240.0   20.0     66.3   1447.4   1479.5   0.676
20260403204943    118    360.0    375.0   20.0     21.8   1458.4   1459.7   0.772
20260403204943    118    730.0    745.0   20.0     51.5   1456.1   1436.6   0.580
20260403204943    119    375.0    395.0   20.0     28.9   1050.6   1050.8   0.743
20260403204943    123    525.0    555.0   20.0    281.5   1038.9   1040.7   0.795
20260403204943    123    960.0    975.0   20.0     23.1   1043.3   1081.0   0.732
20260403204943    123   1160.0   1175.0   20.0     25.4   1110.8   1152.9   0.751
20260403204943    123   1260.0   1275.0   20.0     96.0   1159.1   1283.6   0.800
20260403204943    124      0.0    135.0   20.0     84.1      0.0   1478.8   0.932
20260403204943    124    340.0    375.0   20.0     46.0   1588.7   1533.8   0.837
20260403204943    125    580.0    595.0   20.0     36.0   1058.5   1098.7   0.775
20260403204943    125    705.0    720.0   20.0    109.9   1203.0   1062.7   0.829
20260403204943    127     85.0    100.0   20.0     26.1   1046.9   1090.4   0.722
20260403204943    127    140.0    165.0   20.0     41.3   1123.3   1098.5   0.756
20260403204943    127    515.0    530.0   20.0     99.2   1152.4   1305.2   0.855
20260403204943    128    170.0    195.0   20.0     55.6   1188.1   1307.2   0.869
20260403204943    128    310.0    330.0   20.0    135.8   1313.0   1508.2   0.768
20260403204943    129   1085.0   1100.0   20.0    136.3   1049.5   1050.2   0.751
20260403204943    130     25.0     40.0   20.0     20.6   1185.4   1230.0   0.600
20260403204943    130     75.0     90.0   20.0     39.1   1238.2   1271.8   0.752
20260403204943    130   1620.0   1635.0   20.0     24.0   1492.5   1460.7   0.746
20260403204943    131    335.0    355.0   20.0    145.2   1053.9   1055.7   0.821
20260403204943    131    630.0    645.0   20.0     67.9   1057.5   1183.1   0.787
20260403204943    131    720.0    735.0   20.0     31.9   1241.1   1242.5   0.467
20260403204943    131    895.0    950.0   20.0     57.2   1247.9   1316.4   0.867
20260403204943    131   1305.0   1320.0   20.0     22.9   1419.7   1508.6   0.766
20260403204943    132    430.0    465.0   20.0     70.1   1063.2   1183.4   0.795
20260403204943    132    510.0    590.0   20.0     82.4   1209.2   1262.9   0.696
20260403204943    132    635.0    690.0   20.0     49.9   1266.5   1290.2   0.705
20260403204943    132    750.0    765.0   20.0    197.2   1298.9   1620.0   0.775
20260403204943    133     35.0    130.0   20.0     96.1   1047.7   1350.9   0.794
20260403204943    133    405.0    420.0   20.0     35.9   1408.9   1420.3   0.783
20260403204943    133    895.0    910.0   20.0     90.5   1451.0   1467.1   0.774
20260403204943    133    990.0   1005.0   20.0     23.1   1361.7   1056.3   0.960
20260403204943    135      0.0    175.0   20.0     69.5      0.0   1588.7   0.877
20260403204943    135    355.0    415.0   20.0     51.4   1571.8   1564.5   0.901
20260403204943    135    450.0    500.0   20.0     71.2   1571.4   1563.6   0.912
20260403204943    135    535.0    550.0   20.0     30.7   1575.0   1567.0   0.873
20260403204943    135    585.0    625.0   20.0     36.7   1565.7   1571.2   0.932
20260403204943    135    695.0    715.0   20.0     29.8   1584.2   1581.1   0.915
20260403204943    135    790.0    810.0   20.0     80.4   1591.9   1590.3   0.893
20260403204943    135   1300.0   1320.0   20.0    126.4   1591.8   1652.0   0.857
20260403204943    137     25.0     40.0   20.0     77.3   1057.6   1055.7   0.630
20260403204943    140    380.0    395.0   20.0     51.4   1069.9   1125.0   0.769
20260403204943    140    445.0    465.0   20.0     86.6   1164.8   1257.7   0.875
20260403204943    140    505.0    520.0   20.0     22.4   1253.6   1224.8   0.775
20260403204943    140    645.0    660.0   20.0     29.8   1251.7   1250.2   0.758
20260403204943    140    695.0    710.0   20.0     98.5   1242.5   1071.0   0.824
20260403204943    141    665.0    680.0   20.0     44.0   1066.9   1127.9   0.728
20260403204943    141    840.0    860.0   20.0     49.8   1144.4   1123.0   0.831
20260403204943    141    910.0    930.0   20.0     63.4   1144.8   1280.8   0.875
20260403204943    141    990.0   1045.0   20.0     68.7   1281.0   1297.4   0.800
20260403204943    142    860.0    880.0   20.0     58.0   1079.5   1072.5   0.770
20260403204943    142   1780.0   1795.0   20.0     45.4   1074.7   1078.6   0.713
20260403204943    143    145.0    240.0   20.0    213.0   1048.4   1052.9   0.844
20260403204943    143   1610.0   1625.0   20.0     27.7   1102.1   1069.3   0.724
20260403204943    144    910.0    925.0   20.0     65.4   1720.2   1769.7   0.678
20260403204943    145   1365.0   1380.0   20.0     27.8   1083.3   1125.6   0.714
20260403204943    147    160.0    175.0   20.0     56.4   1077.7   1079.3   0.728
20260403204943    148    290.0    305.0   20.0     39.7   1069.3   1110.5   0.729
20260403204943    148    340.0    375.0   20.0    160.6   1130.6   1191.2   0.748
20260403204943    148    425.0    445.0   20.0     73.2   1175.2   1075.6   0.861
20260403204943    148   1400.0   1415.0   20.0    114.0   1132.7   1079.5   0.784
20260403204943    149    285.0    300.0   20.0     77.0   1062.5   1062.3   0.807
20260403204943    149    345.0    360.0   20.0     62.7   1068.6   1151.6   0.805
20260403204943    149    395.0    410.0   20.0     23.9   1160.1   1174.3   0.740
20260403204943    149    455.0    525.0   20.0     53.9   1166.0   1260.7   0.714
20260403204943    149    560.0    575.0   20.0     22.6   1262.8   1267.3   0.564
20260403204943    150    145.0    160.0   20.0     97.6    641.4    649.3   0.707
20260403204943    150    220.0    235.0   20.0     78.9    640.0    639.7   0.629
20260403204943    150   1285.0   1300.0   20.0     20.8    673.4    678.8   0.507
20260403204943    150   1535.0   1795.0   20.0    167.6    683.5    573.9   0.795
20260403204943    152    570.0    585.0   20.0     22.1   1071.8   1113.8   0.796
20260403204943    152    870.0    885.0   20.0     20.1   1150.6   1175.5   0.792
20260403204943    152   1125.0   1140.0   20.0     24.2   1192.4   1200.7   0.689
20260403204943    152   1250.0   1265.0   20.0     22.7   1236.0   1247.9   0.815
20260403204943    152   1315.0   1350.0   20.0     41.7   1249.3   1257.9   0.634
20260403204943    152   1580.0   1640.0   20.0     97.7   1234.1   1240.2   0.560
20260403204943    153    270.0    285.0   20.0     29.9   1102.1   1141.1   0.743
20260403204943    153    895.0    910.0   20.0     47.5   1337.6   1404.5   0.773
20260403204943    157    710.0    730.0   20.0     68.8   1086.4   1084.6   0.804
20260403204943    157    840.0    850.0   20.0     20.2   1087.0   1087.5   0.565
20260403204943    157   1210.0   1225.0   20.0     37.1   1091.4   1151.7   0.726
20260403204943    157   1300.0   1310.0   20.0     33.8   1174.0   1154.0   0.477
20260403204943    157   1715.0   1730.0   20.0     31.2   1155.7   1227.4   0.821
20260403204943    158      0.0    125.0   20.0     45.4      0.0   1394.7   0.768
20260403204943    158    190.0    205.0   20.0     92.8   1382.1   1106.8   0.948
20260403204943    158    305.0    320.0   20.0     33.2   1079.7   1132.4   0.718
20260403204943    158    385.0    420.0   20.0    237.5   1143.7   1081.1   0.878
20260403204943    158    475.0    490.0   20.0     21.2   1081.4   1119.2   0.731
20260403204943    159     30.0     60.0   20.0     47.1   1114.6   1115.2   0.758
20260403204943    159   1125.0   1160.0   20.0     38.5   1170.7   1207.5   0.870
20260403204943    159   1320.0   1335.0   20.0     37.0   1312.5   1390.5   0.767
20260403204943    161    680.0    695.0   20.0     21.0   1021.1   1024.5   0.817
20260403204943    161    850.0    875.0   20.0     20.7   1028.5   1027.5   0.844
20260403204943    161    960.0    995.0   20.0     23.3   1025.5   1023.6   0.699
20260403204943    161   1090.0   1105.0   20.0     33.7   1025.3   1051.2   0.782
20260403204943    161   1645.0   1690.0   20.0     25.0   1022.5   1031.4   0.754
20260403204943    161   1765.0   1800.0   20.0     23.0   1022.9   1018.4   0.677
20260403204943    162   1055.0   1070.0   20.0    354.5   1104.5   1111.7   0.759
20260403204943    163    130.0    145.0   20.0     32.3   1085.2   1083.7   0.702
20260403204943    163    755.0    775.0   20.0     87.0   1106.3   1386.2   0.861
20260403204943    163    885.0    900.0   20.0     67.7   1390.5   1380.3   0.939
20260403204943    163   1135.0   1150.0   20.0     39.4   1492.2   1673.1   0.893
20260403204943    164    180.0    195.0   20.0     38.9   1092.9   1256.3   0.780
20260403204943    164    395.0    410.0   20.0     22.0   1313.5   1303.3   0.764
20260403204943    164    455.0    490.0   20.0     38.5   1320.1   1383.4   0.882
20260403204943    164    605.0    620.0   20.0     47.8   1353.2   1431.1   0.878
20260403204943    164    700.0    715.0   20.0     33.9   1333.5   1094.5   0.884
20260403204943    165    945.0    960.0   20.0     57.7   1100.3   1188.5   0.851
20260403204943    165   1005.0   1020.0   20.0    137.6   1191.2   1093.8   0.757
20260403204943    166      0.0     60.0   20.0     51.0      0.0   1386.6   0.827
20260403204943    166    105.0    145.0   20.0     40.8   1480.9   1358.3   0.764
20260403204943    167     50.0     95.0   20.0    127.0   1085.5   1084.3   0.821
20260403204943    167    315.0    330.0   20.0     28.2   1091.2   1141.8   0.680
20260403204943    168    395.0    410.0   20.0     46.1   1152.0   1133.0   0.647
20260403204943    168    515.0    535.0   20.0    104.7   1139.7   1135.0   0.822
20260403204943    168   1640.0   1655.0   20.0     83.8   1124.7   1121.7   0.744
20260403204943    169     35.0     55.0   20.0    156.3   1179.3   1197.4   0.884
20260403204943    169    310.0    325.0   20.0     86.9   1218.3   1329.9   0.608
20260403204943    170   1035.0   1130.0   20.0    142.6   1090.9   1092.0   0.890
20260403204943    170   1655.0   1670.0   20.0     70.1   1093.5   1092.3   0.763
20260403204943    171    790.0    805.0   20.0    129.2   1211.3   1214.2   0.618
20260403204943    171   1510.0   1525.0   20.0     20.9   1209.2   1227.8   0.781
20260403204943    173   1255.0   1270.0   20.0     21.6   1193.8   1217.8   0.650
20260403204943    174    525.0    540.0   20.0     32.4   1609.9   1651.3   0.738
20260403204943    176    205.0    220.0   20.0     46.5   1117.6   1118.2   0.678
20260403204943    176    375.0    395.0   20.0     30.4   1119.6   1168.9   0.720
20260403204943    176   1590.0   1645.0   20.0     33.1   1229.6   1312.2   0.777
20260403204943    178    920.0    935.0   20.0     23.7   1264.1   1290.3   0.800
20260403204943    178   1305.0   1320.0   20.0     35.9   1290.2   1225.0   0.865
20260403204943    178   1755.0   1770.0   20.0     44.1   1243.5   1324.3   0.820
20260403204943    179    990.0   1020.0   20.0    143.9   1116.0   1115.2   0.748
20260403204943    179   1310.0   1325.0   20.0     86.6   1117.2   1203.2   0.719
20260403204943    179   1385.0   1410.0   20.0    137.0   1249.6   1137.7   0.872
20260403204943    180     35.0     55.0   20.0     76.4   1264.0   1121.7   0.708
20260403204943    180    100.0    130.0   20.0    208.4   1120.8   1123.2   0.800
20260403204943    181   1635.0   1650.0   20.0     20.5   1137.4   1130.0   0.764
20260403204943    182     35.0     50.0   20.0    280.2   1443.7   1131.8   0.770
20260403204943    182    305.0    320.0   20.0     20.6   1137.7   1239.1   0.781
20260403204943    182    355.0    400.0   20.0     32.3   1283.8   1340.0   0.608
20260403204943    182    435.0    505.0   20.0    121.4   1373.4   1364.6   0.813
20260403204943    182    880.0    895.0   20.0     80.9   1456.1   1480.9   0.808
20260403204943    183    220.0    235.0   20.0     93.5   1127.0   1125.9   0.771
20260403204943    183    830.0    845.0   20.0     68.0   1131.0   1132.8   0.771
20260403204943    183   1140.0   1150.0   20.0     22.9   1177.4   1184.4   0.501
20260403204943    183   1245.0   1260.0   20.0     29.8   1228.6   1260.9   0.676
20260403204943    184    935.0    950.0   20.0     26.3   1141.9   1142.0   0.416
20260403204943    184    990.0   1025.0   20.0    162.9   1144.3   1140.4   0.829
20260403204943    185    905.0    930.0   20.0    201.5   1105.8   1106.5   0.823
20260403204943    187    655.0    670.0   20.0     99.2   1128.1   1125.7   0.747
20260403204943    188    205.0    220.0   20.0     33.6   1138.7   1170.1   0.691
20260403204943    188    365.0    380.0   20.0     52.0   1245.3   1184.6   0.650
20260403204943    188    580.0    595.0   20.0     22.6   1184.7   1186.0   0.616
20260403204943    188    660.0    675.0   20.0     24.0   1186.9   1190.9   0.824
20260403204943    188    835.0    850.0   20.0     20.7   1193.9   1244.9   0.756
20260403204943    188    890.0    910.0   20.0     26.7   1246.6   1277.8   0.524
20260403204943    190    375.0    390.0   20.0     40.8   1156.1   1199.8   0.750
20260403204943    190    530.0    545.0   20.0     22.4   1244.9   1260.2   0.831
20260403204943    190   1130.0   1145.0   20.0     61.1   1405.5   1467.4   0.758
20260403204943    190   1590.0   1605.0   20.0     70.6   1460.0   1715.7   0.767
20260403204943    191     55.0     90.0   20.0    101.7    942.5    943.1   0.807
20260403204943    191   1765.0   1780.0   20.0     72.1    968.7    964.4   0.526
20260403204943    192      0.0     35.0   20.0     73.1      0.0   1304.7   0.791
20260403204943    192    225.0    240.0   20.0     29.1   1427.2   1490.6   0.804
20260403204943    193    315.0    330.0   20.0     38.0   1177.6   1146.5   0.789
20260403204943    193   1105.0   1120.0   20.0     61.2   1195.3   1160.7   0.741
20260403204943    194    780.0    805.0   20.0     44.2   1166.9   1420.0   0.773
20260403204943    194    855.0    885.0   20.0     32.2   1397.0   1479.6   0.760
20260403204943    194    935.0    955.0   20.0    158.1   1505.8   1683.6   0.940
20260403204943    195    105.0    125.0   20.0    216.5   1140.9   1138.8   0.852
20260403204943    195    940.0    990.0   20.0    136.4   1146.2   1490.7   0.917
20260403204943    195   1025.0   1040.0   20.0     20.3   1499.0   1504.3   0.903
20260403204943    195   1790.0   1800.0   20.0     52.5   1146.0   1216.1   0.769
20260403204943    196    400.0    425.0   20.0    425.6   1827.3   1882.9   0.843
20260403204943    196    700.0    860.0   20.0    415.5   1734.8   1797.8   0.865
20260403204943    196   1090.0   1110.0   20.0    332.4   1759.5   1739.6   0.764
20260403204943    198    560.0    585.0   20.0    213.9   1173.6   1176.5   0.835
20260403204943    199    765.0    785.0   20.0     78.4   1160.8   1161.7   0.793
20260403204943    199   1035.0   1085.0   20.0    203.5   1162.1   1184.9   0.863
20260403204943    201    325.0    385.0   20.0     46.4   1174.0   1443.6   0.869
20260403204943    201    585.0    600.0   20.0     60.9   1538.8   1558.9   0.704
20260403204943    201   1145.0   1160.0   20.0    134.1   1573.1   1586.3   0.699
20260403204943    201   1485.0   1500.0   20.0     33.5   1543.8   1542.6   0.791
20260403204943    201   1690.0   1710.0   20.0     31.3   1553.3   1556.0   0.763
20260403204943    202    520.0    535.0   20.0     80.6   1909.7   1947.9   0.624
20260403204943    203    520.0    535.0   20.0     28.9   1164.4   1165.9   0.670
20260403204943    204     10.0     25.0   20.0     33.7   1182.8   1194.0   0.858
20260403204943    204    445.0    460.0   20.0     58.9   1193.5   1178.4   0.736
20260403204943    206    470.0    490.0   20.0     62.3   1169.8   1316.1   0.791
20260403204943    206    580.0    625.0   20.0     69.7   1281.8   1394.2   0.896
20260403204943    209   1005.0   1020.0   20.0    120.5   1183.9   1399.6   0.829
20260403204943    209   1115.0   1130.0   20.0     24.7   1437.0   1471.4   0.742
20260403204943    209   1335.0   1350.0   20.0     20.8   1510.9   1548.9   0.845
20260403204943    209   1495.0   1510.0   20.0     27.1   1564.4   1569.7   0.541
20260403204943    210    670.0    685.0   20.0     28.2   1206.3   1242.4   0.733
20260403204943    210   1150.0   1165.0   20.0     28.2   1302.0   1353.2   0.862
20260403204943    210   1240.0   1255.0   20.0     83.7   1353.2   1516.1   0.800
20260403204943    211   1750.0   1765.0   20.0     99.3   1178.3   1180.0   0.728
20260403204943    212    255.0    270.0   20.0     24.6   1205.3   1242.8   0.740
20260403204943    212    515.0    530.0   20.0    142.9   1456.9   1668.5   0.745
20260403204943    215    215.0    230.0   20.0     22.6   1194.1   1235.2   0.763
20260403204943    215   1705.0   1720.0   20.0     29.8   1358.6   1434.9   0.730
20260403204943    216    145.0    245.0   20.0    254.1   1206.6   1734.5   0.801
20260403204943    217    400.0    415.0   20.0     98.3   1206.3   1371.6   0.784
20260403204943    217    990.0   1005.0   20.0     77.7   1438.7   1572.8   0.764
20260403204943    218     55.0     70.0   20.0     75.0   1566.1   1622.7   0.799
20260403204943    219    215.0    240.0   20.0    285.9   1204.1   1204.5   0.883
20260403204943    219    480.0    490.0   20.0     40.7   1208.1   1205.6   0.561
20260403204943    220    390.0    440.0   20.0     52.6   1229.9   1400.1   0.733
20260403204943    220    515.0    545.0   20.0     34.7   1406.4   1486.7   0.825
20260403204943    220    885.0    900.0   20.0     37.6   1618.6   1649.5   0.687
20260403204943    220   1500.0   1515.0   20.0     35.9   1524.3   1440.5   0.836
20260403204943    221   1585.0   1600.0   20.0     84.2   1197.6   1197.9   0.680
20260403204943    223    320.0    340.0   20.0    274.6   1223.5   1227.8   0.832
20260403204943    224     95.0    160.0   20.0     45.4   1219.5   1366.7   0.817
20260403204943    224    205.0    250.0   20.0     96.7   1385.5   1224.1   0.887
20260403204943    227    570.0    610.0   20.0     49.7   1833.1   1833.5   0.819
20260403204943    227   1260.0   1280.0   20.0     99.7   1835.7   1831.2   0.817
20260403204943    229    375.0    410.0   20.0     36.7   1239.6   1302.7   0.752
20260403204943    229    525.0    540.0   20.0     22.4   1325.0   1316.5   0.598
20260403204943    229    580.0    595.0   20.0    182.6   1317.1   1659.6   0.879
20260403204943    229    765.0    805.0   20.0     33.9   1729.1   1705.9   0.895
20260403204943    230      0.0     45.0   20.0     26.3      0.0   1048.6   0.841
20260403204943    230    100.0   1800.0   20.0     34.7   1044.9   1008.3   0.840
20260403204943    231    110.0    155.0   20.0    254.7   1250.1   1823.4   0.831
20260403204943    231    625.0    640.0   20.0     22.1   1893.6   1910.2   0.779
20260403204943    233    265.0    290.0   20.0    200.0   1241.6   1243.4   0.870
20260403204943    233    570.0    585.0   20.0     36.9   1243.6   1300.1   0.784
20260403204943    233    845.0    865.0   20.0     37.3   1313.5   1416.8   0.833
20260403204943    233   1050.0   1065.0   20.0    194.8   1334.8   1638.8   0.810
20260403204943    234    315.0    325.0   20.0     41.5   2070.3   1959.1   0.440
20260403204943    234    495.0    505.0   16.7     60.4   1998.3   1955.2   0.455
20260403204943    234    770.0    815.0   19.2     97.2   1982.3   1998.0   0.650
20260403204943    234   1085.0   1100.0   20.0     27.7   1976.3   2042.4   0.541
20260403204943    234   1435.0   1480.0   20.0     41.7   1959.1   1966.1   0.451
20260403204943    234   1640.0   1665.0   20.0     44.5   1990.0   1990.2   0.610
20260403204943    235    680.0    735.0   20.0    128.4   1261.1   1266.6   0.801
20260403204943    237    285.0    310.0   20.0    265.1   1251.1   1252.9   0.897
20260403204943    237   1025.0   1040.0   20.0     30.9   1251.1   1292.4   0.729
20260403204943    237   1145.0   1165.0   20.0     23.1   1299.7   1309.5   0.767
20260403204943    237   1210.0   1220.0   20.0     30.6   1314.6   1320.2   0.401
20260403204943    237   1675.0   1720.0   20.0    136.9   1337.2   1346.1   0.897
20260403204943    237   1755.0   1770.0   20.0     70.7   1331.2   1242.2   0.779
20260403204943    239    165.0    180.0   20.0     28.8   1270.0   1262.8   0.773
20260403204943    239   1025.0   1040.0   20.0     42.5   1263.6   1265.1   0.422
20260403204943    240    820.0    835.0   20.0    143.0   1629.1   1718.9   0.655
20260403204943    242    695.0    755.0   20.0    302.5   1302.5   1331.6   0.896
20260403204943    242    805.0    845.0   20.0    104.3   1333.5   1371.9   0.820
20260403204943    242    970.0    990.0   20.0     91.6   1424.2   1312.7   0.766
20260403204943    242   1345.0   1365.0   20.0    155.8   1305.0   1303.8   0.764
20260403204943    243     70.0     85.0   20.0     22.6   1271.1   1308.7   0.740
20260403204943    243    500.0    515.0   20.0     21.1   1350.8   1319.1   0.770
20260403204943    243    755.0    770.0   20.0     22.6   1336.4   1432.8   0.789
20260403204943    243    855.0    870.0   20.0    123.0   1396.3   1408.3   0.648
20260403204943    243    915.0    930.0   20.0     20.6   1374.1   1423.6   0.889
20260403204943    243   1585.0   1605.0   20.0     76.5   1347.6   1356.5   0.875
20260403204943    244     25.0    150.0   20.0     65.8   1306.8   1478.5   0.850
20260403204943    244    375.0    390.0   20.0    144.3   1511.5   1696.6   0.748
20260403204943    245   1360.0   1375.0   20.0    174.5   1298.7   1296.8   0.536
20260403204943    246    140.0    160.0   20.0     86.2   1346.4   1344.3   0.675
20260403204943    248    790.0    805.0   20.0     21.9   1336.4   1330.6   0.700
20260403204943    249     25.0     40.0   20.0     59.4   1293.2   1292.6   0.821
20260403204943    251    470.0    490.0   20.0    139.9   1877.2   1850.5   0.832
20260403204943    251    955.0    970.0   20.0     28.2   1844.3   1874.2   0.908
20260403204943    251   1025.0   1110.0   20.0     51.7   1853.2   1876.6   0.933
20260403204943    251   1210.0   1225.0   20.0     30.6   1866.2   1938.1   0.917
20260403204943    251   1380.0   1395.0   20.0     81.0   1848.1   1851.4   0.819
20260403204943    251   1445.0   1480.0   20.0     92.7   1846.9   1876.1   0.899
20260403204943    251   1555.0   1570.0   20.0     53.1   1857.9   1840.4   0.933
20260403204943    251   1670.0   1705.0   20.0     32.2   1854.9   1854.3   0.931
20260403204943    252    670.0    685.0   20.0     29.2   1348.7   1424.6   0.834
20260403204943    252    735.0    775.0   20.0     78.5   1442.9   1352.9   0.921
20260403204943    252   1385.0   1400.0   20.0     80.5   1353.7   1353.2   0.751
20260403204943    253    795.0    810.0   20.0     21.2   1978.4   1977.9   0.880
20260403204943    254    975.0    990.0   20.0     24.7   1354.9   1352.2   0.606
20260403204943    255    465.0    480.0   20.0    132.5   1318.8   1320.5   0.747
20260403204943    255   1125.0   1140.0   20.0    128.0   1321.3   1318.8   0.823
20260403212301      2   1365.0   1450.0   20.0     52.5   1166.5   1309.3   0.757
20260403212301      2   1545.0   1610.0   20.0     30.0   1343.2   1344.3   0.651
20260403212301      2   1725.0   1740.0   20.0     27.4   1351.0   1330.6   0.631
20260403212301      3    980.0    995.0   20.0    182.9   1158.9   1185.5   0.763
20260403212301      9   1415.0   1435.0   20.0    197.5   1145.9   1148.3   0.779
20260403212301     11    445.0    475.0   20.0    217.0   1139.2   1141.4   0.796
20260403212301     11    715.0    770.0   20.0     44.2   1140.7   1141.9   0.727
20260403212301     12    335.0    395.0   20.0    261.1   1206.7   1145.0   0.901
20260403212301     12    760.0    775.0   20.0     86.8   1145.9   1148.5   0.801
20260403212301     12   1055.0   1070.0   20.0     33.8   1149.1   1216.6   0.691
20260403212301     12   1155.0   1170.0   20.0     25.0   1220.0   1256.0   0.770
20260403212301     12   1270.0   1285.0   20.0     84.7   1263.6   1142.9   0.791
20260403212301     14    630.0    655.0   20.0     37.9    893.7    926.7   0.829
20260403212301     15     75.0    135.0   20.0    300.9   1208.3   1165.7   0.832
20260403212301     15   1465.0   1480.0   20.0     53.9   1145.7   1173.6   0.598
20260403212301     16    130.0    145.0   20.0     35.5   1214.2   1256.5   0.756
20260403212301     16    295.0    355.0   20.0     70.9   1372.8   1548.8   0.823
20260403212301     18     20.0     35.0   20.0     80.6   1133.9   1134.3   0.790
20260403212301     18    175.0    190.0   20.0     63.1   1134.9   1135.8   0.763
20260403212301     19   1630.0   1640.0   20.0    103.9   1147.9   1145.8   0.493
20260403212301     19   1770.0   1785.0   20.0     57.2   1146.3   1153.2   0.759
20260403212301     20   1190.0   1205.0   20.0     44.2   1131.9   1196.5   0.743
20260403212301     21    135.0    150.0   20.0     65.5   1105.4   1103.9   0.775
20260403212301     21    835.0    870.0   20.0    117.8   1111.1   1105.5   0.843
20260403212301     21   1110.0   1130.0   20.0    106.3   1107.3   1351.8   0.919
20260403212301     21   1510.0   1525.0   20.0     58.6   1395.9   1436.3   0.654
20260403212301     22    565.0    580.0   20.0    127.9   1143.3   1139.3   0.710
20260403212301     24    360.0    375.0   20.0     70.4   1125.5   1122.3   0.825
20260403212301     25    880.0    895.0   20.0     99.8   1129.3   1129.7   0.814
20260403212301     26    660.0    680.0   20.0     69.5   1143.5   1138.6   0.867
20260403212301     29    595.0    610.0   20.0     22.7   1110.9   1142.7   0.702
20260403212301     29    745.0    760.0   20.0     28.6   1209.1   1158.4   0.922
20260403212301     30   1030.0   1050.0   20.0     29.1   1899.4   1975.8   0.900
20260403212301     31    335.0    350.0   20.0     26.3   1216.6   1291.3   0.814
20260403212301     31    395.0    410.0   20.0     35.9   1294.8   1337.7   0.820
20260403212301     31    610.0    625.0   20.0     28.5   1393.9   1407.0   0.777
20260403212301     34    680.0    695.0   20.0     25.1   1305.7   1312.9   0.599
20260403212301     34   1780.0   1795.0   20.0     44.5   1375.3   1407.3   0.849
20260403212301     35     85.0    100.0   20.0     30.9   1102.1   1104.7   0.759
20260403212301     36   1315.0   1340.0   20.0     87.4   1113.5   1092.9   0.836
20260403212301     37   1135.0   1150.0   20.0     22.3   1505.3   1510.3   0.609
20260403212301     37   1400.0   1415.0   20.0     83.5   1537.2   1655.7   0.727
20260403212301     38    550.0    580.0   20.0     44.8   1111.2   1113.5   0.832
20260403212301     39   1275.0   1295.0   20.0    166.9   1078.5   1216.0   0.733
20260403212301     39   1530.0   1560.0   20.0     68.6   1167.4   1215.1   0.804
20260403212301     40    510.0    555.0   20.0    120.7   1097.7   1097.2   0.771
20260403212301     45    535.0    550.0   20.0     25.1   1102.7   1149.5   0.721
20260403212301     45    690.0    705.0   20.0     20.8   1218.8   1260.5   0.763
20260403212301     45    740.0    755.0   20.0     26.9   1282.0   1339.0   0.723
20260403212301     45    790.0    805.0   20.0     43.3   1349.0   1394.2   0.743
20260403212301     46    225.0    240.0   20.0     69.6   1095.4   1209.9   0.760
20260403212301     46    330.0    345.0   20.0     37.3   1231.1   1233.9   0.514
20260403212301     46   1140.0   1155.0   20.0     23.8   1382.6   1405.8   0.725
20260403212301     48    455.0    470.0   20.0     23.6    288.4    324.9   0.549
20260403212301     49     95.0    150.0   20.0     73.2   1077.4   1628.9   0.894
20260403212301     49    915.0    950.0   20.0     52.7   1750.7   1737.7   0.888
20260403212301     50    545.0    560.0   20.0     26.9   1071.5   1112.2   0.722
20260403212301     50    595.0    615.0   20.0     65.0   1116.7   1280.2   0.836
20260403212301     50    785.0    800.0   20.0     26.0   1255.9   1278.7   0.778
20260403212301     50   1440.0   1455.0   20.0     26.1   1342.9   1363.5   0.819
20260403212301     51    310.0    325.0   20.0     91.9   1070.8   1069.4   0.748
20260403212301     51    875.0    890.0   20.0     73.0   1072.4   1074.8   0.647
20260403212301     51   1345.0   1370.0   20.0     43.2   1078.8   1080.3   0.831
20260403212301     52     20.0     35.0   20.0     72.1   1697.7   1759.9   0.725
20260403212301     52    690.0    705.0   20.0    111.7   1672.9   1761.7   0.750
20260403212301     52    740.0    755.0   20.0     38.6   1760.4   1677.0   0.882
20260403212301     52    890.0    930.0   20.0    112.4   1675.7   1679.2   0.911
20260403212301     52   1090.0   1265.0   20.0     88.6   1676.8   1692.3   0.900
20260403212301     52   1320.0   1630.0   20.0    113.2   1685.4   1686.0   0.898
20260403212301     52   1670.0   1800.0   20.0     78.7   1688.1   1754.9   0.876
20260403212301     53    290.0    305.0   20.0    103.8   1084.9   1089.9   0.750
20260403212301     53   1645.0   1660.0   20.0     29.1   1140.0   1152.6   0.600
20260403212301     54   1420.0   1435.0   20.0     73.3   1079.5   1080.7   0.729
20260403212301     55    120.0    140.0   20.0     77.3   1088.1   1087.8   0.787
20260403212301     55   1315.0   1330.0   20.0     25.7   1089.5   1138.3   0.659
20260403212301     55   1475.0   1490.0   20.0     68.3   1169.0   1138.6   0.888
20260403212301     55   1555.0   1575.0   20.0     62.8   1148.3   1172.0   0.721
20260403212301     56      5.0     20.0   20.0     25.5   1072.7   1120.2   0.749
20260403212301     56    585.0    600.0   20.0     27.9   1156.7   1192.6   0.582
20260403212301     56    785.0    825.0   20.0     42.4   1207.8   1187.0   0.766
20260403212301     56    880.0    895.0   20.0     67.1   1197.1   1310.9   0.793
20260403212301     57   1215.0   1230.0   20.0     21.5   1129.7   1155.4   0.681
20260403212301     57   1560.0   1575.0   20.0     50.1   1230.6   1443.3   0.812
20260403212301     60     50.0     65.0   20.0     81.0   1066.9   1333.7   0.828
20260403212301     60    130.0    145.0   20.0    242.3   1408.3   1066.5   0.831
20260403212301     60   1330.0   1350.0   20.0    162.2   1077.7   1077.8   0.907
20260403212301     61    120.0    135.0   20.0     23.1   1070.9   1108.5   0.658
20260403212301     61    415.0    430.0   20.0     28.4   1121.4   1126.1   0.628
20260403212301     61    725.0    770.0   20.0     44.6   1133.0   1135.0   0.774
20260403212301     61    990.0   1005.0   20.0     92.9   1170.7   1204.5   0.634
20260403212301     61   1635.0   1650.0   20.0     27.5   1200.7   1236.6   0.777
20260403212301     62    615.0    630.0   20.0     75.7   1066.2   1065.0   0.681
20260403212301     63    455.0    470.0   20.0     30.6   1076.9   1118.7   0.741
20260403212301     63    615.0    635.0   20.0     66.3   1161.4   1125.0   0.730
20260403212301     63    750.0    770.0   20.0     49.5   1136.5   1133.6   0.810
20260403212301     63    830.0    845.0   20.0     51.3   1158.3   1145.8   0.591
20260403212301     63    910.0    925.0   20.0     23.3   1180.4   1163.5   0.629
20260403212301     63   1100.0   1115.0   20.0     21.2   1157.9   1205.3   0.839
20260403212301     63   1155.0   1170.0   20.0    112.6   1201.1   1155.0   0.559
20260403212301     63   1310.0   1325.0   20.0     22.1   1191.4   1171.7   0.750
20260403212301     63   1660.0   1675.0   20.0     39.2   1196.8   1192.4   0.825
20260403212301     64   1700.0   1755.0   20.0     58.2   1052.3   1267.2   0.767
20260403212301     65   1520.0   1535.0   20.0     45.6   1062.6   1065.9   0.764
20260403212301     66     75.0     90.0   20.0     69.5   1081.6   1166.3   0.742
20260403212301     66    150.0    165.0   20.0     22.8   1192.3   1182.9   0.780
20260403212301     66    960.0   1025.0   20.0     78.9   1293.7   1349.3   0.926
20260403212301     67    765.0    805.0   20.0     98.9   1060.2   1059.7   0.873
20260403212301     67    845.0    900.0   20.0     34.3   1060.8   1112.5   0.733
20260403212301     69     70.0    100.0   20.0    166.9   1070.8   1072.1   0.864
20260403212301     69   1690.0   1705.0   20.0     81.8   1078.1   1074.7   0.726
20260403212301     69   1780.0   1800.0   20.0    117.8   1080.1   1071.5   0.838
20260403212301     70    975.0    990.0   20.0     20.9   1683.9   1682.2   0.839
20260403212301     70   1035.0   1100.0   20.0     29.3   1682.8   1683.6   0.833
20260403212301     70   1140.0   1800.0   20.0     67.9   1690.1   1667.5   0.878
20260403212301     71    895.0    910.0   20.0    107.6   1061.3   1276.5   0.854
20260403212301     71   1065.0   1080.0   20.0    143.8   1323.7   1367.6   0.780
20260403212301     73    330.0    345.0   20.0     74.0   1074.5   1072.7   0.802
20260403212301     73   1085.0   1125.0   20.0     27.3   1078.1   1124.3   0.745
20260403212301     73   1320.0   1335.0   20.0    139.8   1121.1   1233.4   0.814
20260403212301     73   1400.0   1415.0   20.0     26.7   1274.4   1394.7   0.679
20260403212301     73   1485.0   1500.0   20.0     37.1   1384.8   1404.5   0.659
20260403212301     73   1685.0   1700.0   20.0     20.6   1504.2   1518.2   0.507
20260403212301     74      5.0     20.0   20.0     24.5   1046.9   1049.6   0.744
20260403212301     74    535.0    585.0   20.0     40.2   1056.8   1179.3   0.831
20260403212301     74    695.0    710.0   20.0     34.9   1192.0   1193.6   0.777
20260403212301     74    785.0    800.0   20.0     82.4   1237.4   1336.1   0.690
20260403212301     74    880.0    895.0   20.0     31.1   1320.3   1337.3   0.746
20260403212301     74    950.0    965.0   20.0     21.9   1346.4   1399.2   0.806
20260403212301     75      0.0     20.0   20.0    225.5      0.0   1056.3   0.864
20260403212301     75    770.0    795.0   20.0     98.6   1065.8   1066.8   0.743
20260403212301     75   1330.0   1350.0   20.0     41.8   1069.0   1070.1   0.752
20260403212301     76    140.0    160.0   20.0    141.6   1168.7   1082.2   0.839
20260403212301     77    170.0    205.0   20.0    186.4   1046.6   1500.1   0.849
20260403212301     77    250.0    265.0   20.0    122.3   1298.2   1075.7   0.658
20260403212301     77   1135.0   1150.0   20.0     57.7   1051.0   1050.3   0.816
20260403212301     79   1415.0   1430.0   20.0     71.9   1058.5   1057.4   0.663
20260403212301     80     25.0     40.0   20.0     35.1   1177.1   1182.5   0.822
20260403212301     80     95.0    110.0   20.0     29.8   1212.9   1196.2   0.838
20260403212301     80    490.0    505.0   20.0     39.9   1329.3   1321.0   0.738
20260403212301     80    750.0    765.0   20.0     82.8   1420.7   1621.1   0.853
20260403212301     80    925.0    940.0   20.0     32.8   1568.3   1597.6   0.745
20260403212301     81    490.0    505.0   20.0     70.7   1060.4   1063.2   0.804
20260403212301     82   1390.0   1410.0   20.0    276.5   1074.8   1657.1   0.824
20260403212301     83    110.0    135.0   20.0    101.6   1050.8   1048.7   0.819
20260403212301     84    675.0    700.0   20.0     53.6   1068.3   1068.9   0.823
20260403212301     84    745.0    760.0   20.0     55.7   1074.1   1071.7   0.670
20260403212301     85     45.0     60.0   20.0    155.2   1058.7   1059.3   0.652
20260403212301     85    125.0    145.0   20.0     75.6   1060.2   1061.1   0.831
20260403212301     85    410.0    425.0   20.0     60.9   1113.9   1181.3   0.832
20260403212301     85    590.0    605.0   20.0     31.7   1134.7   1227.7   0.805
20260403212301     87    395.0    410.0   20.0     21.0   1047.8   1081.4   0.726
20260403212301     88     25.0     40.0   20.0     31.0   1051.9   1114.4   0.755
20260403212301     88    115.0    135.0   20.0     61.7   1139.6   1165.6   0.782
20260403212301     88    300.0    320.0   20.0     62.4   1166.5   1144.0   0.883
20260403212301     88    390.0    415.0   20.0     81.5   1152.1   1054.0   0.842
20260403212301     89     20.0     50.0   20.0     44.9   1059.7   1062.1   0.760
20260403212301     89    230.0    245.0   20.0     35.7   1065.2   1063.0   0.684
20260403212301     89   1560.0   1575.0   20.0     29.9   1071.4   1118.3   0.744
20260403212301     92      0.0     10.0   20.0     58.2      0.0   1640.2   0.820
20260403212301     92    680.0    720.0   20.0     67.6   1680.0   1680.1   0.773
20260403212301     92   1140.0   1160.0   20.0     61.6   1694.9   1700.0   0.770
20260403212301     92   1330.0   1350.0   20.0     60.9   1711.0   1708.1   0.784
20260403212301     93     90.0    110.0   20.0    179.4   1122.6   1502.0   0.886
20260403212301     94   1265.0   1280.0   20.0     72.9   1065.6   1065.2   0.754
20260403212301     94   1430.0   1450.0   20.0     31.9   1068.0   1066.4   0.739
20260403212301     96    280.0    320.0   20.0     61.1   1062.1   1164.5   0.684
20260403212301     96    520.0    535.0   20.0     21.9   1269.1   1073.9   0.841
20260403212301     99     30.0     50.0   20.0     68.3   1049.7   1051.3   0.782
20260403212301     99    125.0    155.0   20.0     74.7   1054.0   1053.5   0.803
20260403212301     99    225.0    240.0   20.0     24.8   1053.4   1094.3   0.728
20260403212301     99    355.0    370.0   20.0     44.9   1131.6   1183.1   0.796
20260403212301     99    820.0    835.0   20.0     56.0   1172.0   1057.6   0.790
20260403212301    100    720.0    735.0   20.0     80.4   1028.1   1269.1   0.726
20260403212301    100    905.0    920.0   20.0     48.8   1294.1   1309.0   0.666
20260403212301    100   1225.0   1240.0   20.0     28.5   1299.3   1311.0   0.630
20260403212301    101    125.0    140.0   20.0     24.7   1050.5   1049.0   0.772
20260403212301    102    585.0    610.0   20.0     23.1   1048.9   1098.2   0.752
20260403212301    102   1150.0   1185.0   20.0     57.2   1247.6   1266.6   0.755
20260403212301    102   1395.0   1410.0   20.0     20.2   1300.5   1355.5   0.790
20260403212301    102   1560.0   1575.0   20.0     23.6   1317.6   1333.6   0.849
20260403212301    103   1000.0   1060.0   20.0    222.8   1057.6   1545.6   0.874
20260403212301    103   1690.0   1710.0   20.0     28.3   1542.0   1535.3   0.607
20260403212301    106    420.0    435.0   20.0     26.3   1050.0   1094.9   0.746
20260403212301    106   1230.0   1245.0   20.0     24.9   1189.3   1199.5   0.705
20260403212301    108    675.0    690.0   20.0     22.1   1065.0   1068.3   0.580
20260403212301    108   1625.0   1640.0   20.0     95.7   1072.5   1070.6   0.700
20260403212301    109   1310.0   1325.0   20.0     26.0   1049.6   1110.1   0.795
20260403212301    109   1415.0   1430.0   20.0     72.5   1143.7   1052.0   0.755
20260403212301    111   1070.0   1085.0   20.0    105.0   1060.3   1058.0   0.754
20260403212301    112    940.0    955.0   20.0     27.3   1055.1   1102.8   0.617
20260403212301    112   1290.0   1305.0   20.0    165.3   1138.3   1433.1   0.833
20260403212301    113    285.0    300.0   20.0     49.4   1036.7   1037.2   0.702
20260403212301    113   1045.0   1060.0   20.0     71.5   1045.2   1039.8   0.676
20260403212301    114    450.0    465.0   20.0     25.4   1129.5   1243.1   0.810
20260403212301    114    510.0    525.0   20.0     25.9   1264.2   1242.0   0.536
20260403212301    114   1160.0   1175.0   20.0    104.9   1125.8   1378.4   0.882
20260403212301    117    100.0    120.0   20.0     57.4   1046.3   1050.1   0.829
20260403212301    117    215.0    230.0   20.0    308.8   1049.8   1582.4   0.860
20260403212301    117    350.0    365.0   20.0     70.1   1634.4   1639.7   0.769
20260403212301    117   1360.0   1425.0   20.0    493.1   1668.3   1652.7   0.857
20260403212301    117   1460.0   1505.0   20.0    294.1   1664.0   1660.0   0.846
20260403212301    117   1540.0   1555.0   20.0    280.2   1666.4   1653.4   0.834
20260403212301    117   1645.0   1800.0   20.0    292.2   1668.7   1423.9   0.866
20260403212301    118    470.0    485.0   20.0     73.4   1573.0   1567.6   0.846
20260403212301    118    945.0    965.0   20.0     88.1   1572.6   1585.1   0.933
20260403212301    118   1135.0   1150.0   20.0    158.8   1554.4   1606.7   0.801
20260403212301    119    585.0    600.0   20.0     83.3   1049.0   1048.8   0.757
20260403212301    120   1340.0   1355.0   20.0    130.0   1054.0   1055.5   0.811
20260403212301    121    105.0    125.0   20.0     33.5   1048.1   1120.6   0.796
20260403212301    121    505.0    520.0   20.0     22.9   1170.7   1241.6   0.843
20260403212301    121    570.0    585.0   20.0     35.7   1274.5   1307.3   0.819
20260403212301    121    705.0    720.0   20.0     27.0   1296.5   1337.7   0.761
20260403212301    121    775.0    790.0   20.0     55.7   1330.4   1387.4   0.762
20260403212301    122    170.0    185.0   20.0     45.0   1064.4   1060.6   0.720
20260403212301    124    770.0    785.0   20.0    157.3   1477.6   1539.4   0.830
20260403212301    124   1350.0   1370.0   20.0    157.8   1548.5   1656.8   0.810
20260403212301    125    730.0    745.0   20.0     22.8   1058.4   1087.7   0.755
20260403212301    125    855.0    870.0   20.0     44.6   1109.7   1119.4   0.454
20260403212301    125   1305.0   1320.0   20.0     67.2   1122.3   1120.4   0.502
20260403212301    128     15.0     55.0   20.0    219.9   1057.9   1548.2   0.840
20260403212301    130   1775.0   1800.0   20.0     50.6   1070.9   1233.0   0.867
20260403212301    131      0.0     15.0   20.0     83.0      0.0   1285.3   0.858
20260403212301    131     60.0     75.0   20.0     50.3   1296.5   1334.9   0.765
20260403212301    132    520.0    535.0   20.0     39.1   1480.1   1523.0   0.654
20260403212301    134    110.0    125.0   20.0     22.0   1190.3   1259.5   0.703
20260403212301    134    220.0    235.0   20.0     28.1   1354.1   1379.2   0.780
20260403212301    134    275.0    325.0   20.0     64.6   1364.5   1341.3   0.859
20260403212301    134    405.0    420.0   20.0     22.9   1366.9   1442.7   0.879
20260403212301    135    125.0    140.0   20.0     75.1   1586.7   1586.3   0.855
20260403212301    135    185.0    200.0   20.0     23.8   1584.1   1586.6   0.899
20260403212301    135    270.0    285.0   20.0     28.9   1654.8   1596.9   0.909
20260403212301    135    460.0    475.0   20.0     26.4   1677.6   1588.5   0.902
20260403212301    135    580.0    660.0   20.0     98.1   1611.0   1675.0   0.902
20260403212301    135    850.0    870.0   20.0     97.2   1638.3   1675.3   0.906
20260403212301    136    120.0    135.0   20.0     30.1   1165.6   1192.9   0.755
20260403212301    136   1415.0   1440.0   20.0     35.0   1253.9   1167.5   0.839
20260403212301    137    595.0    610.0   20.0     46.5   1064.7   1066.2   0.728
20260403212301    137    830.0    845.0   20.0     28.9   1068.2   1071.3   0.515
20260403212301    137   1110.0   1125.0   20.0    130.0   1073.4   1326.3   0.833
20260403212301    138   1705.0   1720.0   20.0     59.5   1144.8   1199.3   0.759
20260403212301    139     45.0     65.0   20.0    127.1   1045.0   1046.6   0.815
20260403212301    140      0.0     10.0   20.0    217.6      0.0   1059.8   0.765
20260403212301    140    840.0    860.0   20.0    134.3   1070.2   1253.9   0.860
20260403212301    141   1275.0   1290.0   20.0     22.0   1068.3   1070.6   0.446
20260403212301    141   1440.0   1490.0   20.0     81.7   1070.8   1069.9   0.761
20260403212301    141   1595.0   1670.0   20.0    138.0   1072.0   1071.2   0.870
20260403212301    142    185.0    200.0   20.0     43.6   1068.8   1069.4   0.683
20260403212301    145    780.0    795.0   20.0     42.9   1079.9   1080.7   0.607
20260403212301    145   1245.0   1260.0   20.0     25.1   1083.1   1122.0   0.726
20260403212301    145   1770.0   1785.0   20.0    165.0   1132.4   1429.7   0.822
20260403212301    146    845.0    870.0   20.0    198.5   1076.8   1079.0   0.844
20260403212301    146   1595.0   1630.0   20.0     48.4   1092.3   1090.0   0.775
20260403212301    146   1770.0   1790.0   20.0     96.4   1080.8   1081.9   0.868
20260403212301    147      0.0    105.0   20.0     33.9      0.0   1400.7   0.633
20260403212301    147    160.0    185.0   20.0     86.1   1449.0   1079.8   0.886
20260403212301    147    505.0    520.0   20.0    107.1   1078.3   1331.6   0.884
20260403212301    147    625.0    645.0   20.0    138.9   1317.9   1317.2   0.878
20260403212301    148   1735.0   1760.0   20.0    121.0   1085.0   1085.2   0.788
20260403212301    149      0.0     10.0   20.0     79.0      0.0   1302.8   0.707
20260403212301    149    205.0    220.0   20.0     30.9   1378.5   1411.6   0.784
20260403212301    150    140.0    155.0   20.0     42.9    652.6    680.0   0.643
20260403212301    150    545.0    625.0   20.0     47.4    678.4    693.6   0.674
20260403212301    150   1015.0   1030.0   20.0     62.9    703.4    702.6   0.762
20260403212301    150   1190.0   1200.0   20.0     20.9    700.7    702.3   0.440
20260403212301    150   1615.0   1630.0   20.0     61.1    714.1    708.5   0.743
20260403212301    151     60.0     80.0   20.0     65.8   1080.1   1080.3   0.785
20260403212301    152    400.0    415.0   20.0     24.6   1068.8   1069.1   0.634
20260403212301    153   1765.0   1785.0   20.0     57.0   1256.2   1341.4   0.947
20260403212301    154   1535.0   1550.0   20.0     49.6   1099.1   1101.2   0.780
20260403212301    155   1310.0   1375.0   20.0    193.2   1077.4   1078.6   0.910
20260403212301    155   1700.0   1720.0   20.0     91.0   1074.8   1259.7   0.808
20260403212301    158    515.0    530.0   20.0     55.1   1080.8   1080.7   0.697
20260403212301    161    825.0    840.0   20.0     29.8   1013.1   1034.8   0.753
20260403212301    161   1005.0   1020.0   20.0     24.0   1035.8   1014.2   0.865
20260403212301    161   1345.0   1360.0   20.0     22.6   1012.1   1009.4   0.749
20260403212301    161   1525.0   1545.0   20.0     27.9   1012.6   1015.7   0.720
20260403212301    161   1635.0   1650.0   20.0     25.6   1012.1   1012.0   0.698
20260403212301    161   1775.0   1790.0   20.0     20.4   1014.9   1017.4   0.678
20260403212301    162     65.0     80.0   20.0     64.2   1092.6   1093.7   0.800
20260403212301    162    305.0    320.0   20.0     44.5   1099.5   1182.4   0.782
20260403212301    162    415.0    475.0   20.0     36.3   1234.5   1318.5   0.746
20260403212301    162    625.0    645.0   20.0    230.3   1353.8   1098.0   0.826
20260403212301    163      0.0     35.0   20.0    117.2      0.0   1585.5   0.889
20260403212301    163    150.0    320.0   20.0    285.2   1612.3   1775.4   0.886
20260403212301    163    845.0    860.0   20.0     30.1   1731.7   1729.8   0.829
20260403212301    163    895.0    910.0   20.0     98.6   1683.5   1776.8   0.790
20260403212301    164   1095.0   1110.0   20.0     78.0   1100.6   1099.4   0.745
20260403212301    165   1410.0   1450.0   20.0    238.9   1096.3   1101.0   0.867
20260403212301    167    150.0    165.0   20.0     26.8   1091.9   1139.9   0.687
20260403212301    167    335.0    350.0   20.0     96.7   1151.3   1095.6   0.604
20260403212301    169   1130.0   1145.0   20.0     86.1   1449.4   1342.0   0.757
20260403212301    170    750.0    770.0   20.0     55.8   1087.3   1087.4   0.758
20260403212301    170    920.0    935.0   20.0     20.9   1095.6   1101.5   0.540
20260403212301    171   1130.0   1175.0   20.0     47.3   1096.8   1097.8   0.786
20260403212301    172      0.0     20.0   20.0    126.8      0.0   1116.6   0.794
20260403212301    173   1225.0   1240.0   20.0     31.5   1092.6   1138.2   0.692
20260403212301    173   1545.0   1560.0   20.0     29.9   1191.5   1241.3   0.718
20260403212301    173   1620.0   1645.0   20.0     35.3   1327.6   1252.2   0.877
20260403212301    175   1000.0   1020.0   20.0     83.6   1109.5   1110.3   0.798
20260403212301    176   1215.0   1230.0   20.0     33.2   1121.3   1164.1   0.734
20260403212301    176   1470.0   1485.0   20.0     38.5   1181.1   1172.5   0.611
20260403212301    177    990.0   1005.0   20.0     61.3   1119.3   1118.0   0.605
20260403212301    178    500.0    515.0   20.0     25.6   1185.9   1189.3   0.658
20260403212301    178   1125.0   1140.0   20.0     25.6   1227.4   1240.1   0.573
20260403212301    178   1320.0   1350.0   20.0     25.5   1264.5   1270.1   0.816
20260403212301    179    150.0    165.0   20.0    197.5   1107.8   1112.6   0.810
20260403212301    179    285.0    345.0   20.0    249.9   1114.0   1114.4   0.787
20260403212301    179    720.0    730.0   20.0     28.2   1118.0   1121.1   0.490
20260403212301    179   1355.0   1370.0   20.0     29.1   1115.9   1168.7   0.702
20260403212301    179   1660.0   1675.0   20.0     75.2   1219.8   1346.2   0.800
20260403212301    180    650.0    665.0   20.0     72.1   1131.0   1342.0   0.771
20260403212301    180    720.0    740.0   20.0    325.5   1420.9   1132.8   0.815
20260403212301    180   1120.0   1175.0   20.0    141.0   1132.1   1432.3   0.795
20260403212301    180   1440.0   1480.0   20.0    111.8   1452.1   1531.4   0.723
20260403212301    180   1520.0   1530.0   20.0     21.8   1529.6   1527.5   0.525
20260403212301    180   1610.0   1625.0   20.0     50.0   1443.1   1134.5   0.932
20260403212301    182    820.0    835.0   20.0     94.1   1225.0   1203.0   0.690
20260403212301    183    195.0    210.0   20.0     25.8   1186.4   1226.5   0.806
20260403212301    183    630.0    645.0   20.0     37.0   1224.7   1227.2   0.800
20260403212301    183    850.0    865.0   20.0     49.1   1209.1   1217.5   0.462
20260403212301    186      5.0     25.0   20.0     99.9   1200.6   1201.6   0.778
20260403212301    187    125.0    195.0   20.0    262.5   1121.8   1130.6   0.913
20260403212301    187   1145.0   1160.0   20.0     20.0   1129.0   1168.6   0.725
20260403212301    187   1380.0   1395.0   20.0     49.1   1250.7   1274.5   0.613
20260403212301    188      0.0     15.0   20.0    116.5      0.0   1137.1   0.757
20260403212301    188    740.0    755.0   20.0     49.8   1147.2   1180.2   0.613
20260403212301    188    810.0    850.0   20.0     27.1   1237.8   1449.7   0.770
20260403212301    188    950.0    965.0   20.0     23.6   1475.5   1472.4   0.836
20260403212301    191   1045.0   1060.0   20.0     21.2    989.8    992.9   0.698
20260403212301    192     20.0     50.0   20.0    216.2   1141.6   1496.1   0.900
20260403212301    192   1100.0   1115.0   20.0     22.7   1655.0   1658.9   0.812
20260403212301    193    300.0    315.0   20.0    158.8   1149.6   1148.9   0.835
20260403212301    193   1000.0   1015.0   20.0     51.7   1164.5   1162.4   0.824
20260403212301    193   1165.0   1175.0   20.0     25.6   1167.3   1162.7   0.400
20260403212301    193   1250.0   1265.0   20.0     26.6   1173.3   1164.2   0.523
20260403212301    194    955.0    970.0   20.0     38.0   1179.4   1190.0   0.736
20260403212301    194   1145.0   1160.0   20.0     21.9   1196.9   1199.2   0.756
20260403212301    194   1325.0   1350.0   20.0    229.9   1213.2   1495.2   0.765
20260403212301    194   1480.0   1495.0   20.0     55.4   1396.0   1435.9   0.700
20260403212301    195    705.0    725.0   20.0    147.1   1146.7   1149.8   0.869
20260403212301    197    190.0    290.0   20.0    107.0   1160.4   1333.6   0.826
20260403212301    197    400.0    495.0   20.0     97.8   1339.9   1311.6   0.730
20260403212301    197    750.0    765.0   20.0     51.1   1388.4   1506.0   0.810
20260403212301    197    800.0    810.0   20.0     25.7   1533.8   1526.4   0.402
20260403212301    197    850.0    865.0   20.0     22.0   1524.6   1547.9   0.540
20260403212301    197   1355.0   1375.0   20.0     52.9   1585.1   1575.9   0.825
20260403212301    199    375.0    405.0   20.0    234.9   1159.8   1159.2   0.795
20260403212301    200    100.0    115.0   20.0     84.5   1159.1   1156.4   0.706
20260403212301    200    665.0    685.0   20.0    194.0   1178.1   1693.7   0.924
20260403212301    201    130.0    415.0   20.0    154.3   1175.7   1529.6   0.823
20260403212301    201    650.0    680.0   20.0     52.5   1567.0   1574.0   0.912
20260403212301    201   1075.0   1090.0   20.0     25.3   1645.4   1643.5   0.875
20260403212301    202   1755.0   1770.0   20.0     21.5   1257.0   1248.8   0.598
20260403212301    203    890.0    905.0   20.0     49.7   1165.9   1166.8   0.774
20260403212301    204    320.0    340.0   20.0     62.2   1162.2   1275.0   0.717
20260403212301    204    510.0    525.0   20.0     51.8   1436.7   1472.8   0.651
20260403212301    204    645.0    655.0   20.0     27.9   1465.2   1472.7   0.639
20260403212301    204    705.0    720.0   20.0     24.0   1487.3   1480.6   0.573
20260403212301    204    930.0    945.0   20.0     23.2   1268.0   1155.2   0.913
20260403212301    204   1275.0   1290.0   20.0     27.8   1154.4   1190.0   0.739
20260403212301    204   1470.0   1485.0   20.0     25.6   1220.5   1202.1   0.729
20260403212301    206    245.0    265.0   20.0     40.6   1171.1   1227.9   0.838
20260403212301    206    380.0    395.0   20.0     27.5   1287.6   1327.9   0.714
20260403212301    206   1480.0   1495.0   20.0     38.7   1332.6   1456.0   0.758
20260403212301    209    685.0    700.0   20.0     39.3   1175.2   1177.2   0.617
20260403212301    209   1495.0   1515.0   20.0    207.7   1175.7   1176.3   0.869
20260403212301    211    650.0    665.0   20.0     76.5   1184.9   1192.2   0.754
20260403212301    211   1275.0   1290.0   20.0     60.2   1179.6   1178.7   0.719
20260403212301    212    325.0    380.0   20.0     67.0   1207.7   1201.9   0.779
20260403212301    212    505.0    555.0   20.0    119.9   1201.9   1406.0   0.830
20260403212301    212    605.0    665.0   20.0     30.5   1382.8   1492.1   0.875
20260403212301    212    880.0    895.0   20.0    182.6   1579.4   1659.2   0.691
20260403212301    213    965.0   1010.0   20.0    288.5   1196.2   1221.4   0.802
20260403212301    213   1625.0   1640.0   20.0     42.8   1231.8   1310.8   0.800
20260403212301    214    910.0    925.0   20.0    157.8   1217.9   1215.0   0.841
20260403212301    215    650.0    670.0   20.0     69.4   1303.9   1434.3   0.794
20260403212301    217     40.0     60.0   20.0    169.5   1211.3   1570.8   0.840
20260403212301    218    275.0    290.0   20.0     20.6   1606.9   1569.3   0.820
20260403212301    219    250.0    265.0   20.0     77.8   1206.9   1207.8   0.612
20260403212301    219    305.0    320.0   20.0     96.5   1207.5   1209.8   0.757
20260403212301    220    255.0    275.0   20.0     76.4   1226.0   1227.5   0.801
20260403212301    220    605.0    635.0   20.0     33.5   1216.4   1217.0   0.753
20260403212301    220   1350.0   1465.0   20.0    231.5   1214.9   1215.8   0.817
20260403212301    220   1745.0   1760.0   20.0     41.7   1213.1   1271.9   0.768
20260403212301    221    365.0    380.0   20.0     52.8   1197.6   1198.7   0.742
20260403212301    221   1765.0   1780.0   20.0    216.4   1198.3   1194.4   0.840
20260403212301    222   1710.0   1725.0   20.0    149.3   1762.8   1877.6   0.759
20260403212301    223   1095.0   1110.0   20.0    233.7   1224.8   1225.3   0.825
20260403212301    224    505.0    580.0   20.0    223.6   1230.4   1221.8   0.911
20260403212301    227     60.0    110.0   20.0     85.7   1799.9   1813.6   0.805
20260403212301    227    170.0    185.0   20.0     75.5   1818.8   1821.4   0.791
20260403212301    227    225.0    240.0   20.0     83.7   1825.2   1830.2   0.757
20260403212301    227    320.0    335.0   20.0     69.6   1839.2   1834.8   0.841
20260403212301    227    485.0    500.0   20.0     53.3   1841.9   1839.7   0.865
20260403212301    227    650.0    670.0   20.0     41.3   1846.6   1842.0   0.875
20260403212301    227    705.0    720.0   20.0     48.5   1854.2   1848.6   0.879
20260403212301    227   1775.0   1795.0   20.0     37.1   1842.6   1841.8   0.925
20260403212301    229   1565.0   1590.0   20.0    122.0   1236.6   1262.1   0.874
20260403212301    230      0.0   1010.0   20.0     25.9      0.0   1048.1   0.852
20260403212301    230   1055.0   1150.0   20.0     20.5   1048.4   1043.0   0.816
20260403212301    230   1360.0   1370.0   20.0     20.1   1032.0   1026.4   0.795
20260403212301    230   1445.0   1530.0   20.0     21.2   1014.2    990.5   0.792
20260403212301    230   1605.0   1615.0   20.0     20.2    974.7    969.9   0.761
20260403212301    230   1680.0   1790.0   20.0     21.6    938.3    903.3   0.787
20260403212301    232    265.0    290.0   20.0    115.9   1249.6   1249.7   0.747
20260403212301    233    540.0    560.0   20.0    120.4   1251.2   1253.5   0.760
20260403212301    234     60.0     75.0   20.0     26.3   2053.8   1964.9   0.502
20260403212301    234    175.0    200.0   20.0     22.8   2020.2   1990.5   0.567
20260403212301    234    405.0    550.0   20.0     28.8   1973.6   2001.7   0.804
20260403212301    234    585.0    645.0   20.0     43.0   1985.0   2002.8   0.758
20260403212301    235    310.0    330.0   20.0    232.8   1260.9   1267.2   0.789
20260403212301    235    955.0    980.0   20.0    191.1   1286.6   1272.6   0.788
20260403212301    236     35.0     75.0   20.0     39.7   1914.9   1887.6   0.920
20260403212301    237    275.0    320.0   20.0    159.3   1258.8   1252.6   0.877
20260403212301    237   1705.0   1770.0   20.0     57.7   1254.7   1568.7   0.879
20260403212301    238      0.0    155.0   20.0     47.2      0.0   2169.1   0.885
20260403212301    238    195.0    210.0   20.0     32.9   2177.2   2152.6   0.879
20260403212301    238    270.0    285.0   20.0     34.4   2170.0   2164.0   0.889
20260403212301    238    440.0    455.0   20.0     45.6   2219.0   2151.6   0.862
20260403212301    238    770.0    785.0   20.0     41.6   2205.5   2156.0   0.886
20260403212301    238    865.0    880.0   20.0     46.6   2213.5   2149.8   0.831
20260403212301    238   1035.0   1050.0   20.0     39.5   2204.3   2153.2   0.834
20260403212301    238   1110.0   1165.0   20.0     41.5   2193.9   2158.9   0.865
20260403212301    238   1215.0   1230.0   20.0     47.1   2211.5   2182.4   0.833
20260403212301    238   1285.0   1335.0   20.0     44.1   2139.9   2150.4   0.863
20260403212301    238   1515.0   1535.0   20.0     46.5   2143.4   2176.7   0.884
20260403212301    238   1595.0   1610.0   20.0     47.3   2208.7   2161.1   0.825
20260403212301    239    465.0    480.0   20.0     83.2   1267.7   1411.4   0.845
20260403212301    239    620.0    635.0   20.0     23.7   1461.4   1490.6   0.742
20260403212301    239    685.0    725.0   20.0     39.1   1574.9   1612.7   0.627
20260403212301    239    795.0    810.0   20.0     40.2   1640.5   1667.3   0.913
20260403212301    239    905.0    945.0   20.0    101.0   1686.3   1256.7   0.929
20260403212301    239   1675.0   1690.0   20.0     54.8   1250.5   1250.0   0.797
20260403212301    240    185.0    225.0   20.0     79.9   1841.4   1627.5   0.799
20260403212301    241    265.0    280.0   20.0     26.2   1308.7   1291.2   0.764
20260403212301    241    670.0    710.0   20.0    290.8   1286.1   1867.4   0.857
20260403212301    241   1185.0   1205.0   20.0     46.0   1781.9   1805.9   0.814
20260403212301    241   1360.0   1375.0   20.0     24.2   1757.9   1787.7   0.889
20260403212301    242     15.0     25.0   20.0     27.0   1508.1   1503.0   0.511
20260403212301    242    100.0    165.0   20.0     55.1   1556.6   1681.5   0.735
20260403212301    242    335.0    350.0   20.0     24.0   1805.5   1823.3   0.674
20260403212301    243   1365.0   1380.0   20.0     25.0   1274.5   1273.7   0.749
20260403212301    244      0.0     15.0   20.0    272.7      0.0   2183.2   0.740
20260403212301    246   1570.0   1590.0   20.0     87.5   1312.3   1310.5   0.858
20260403212301    247    215.0    235.0   20.0     94.9   2118.0   2147.9   0.833
20260403212301    248      0.0     15.0   20.0    104.3      0.0   1327.3   0.743
20260403212301    248    490.0    505.0   20.0     41.6   1324.9   1407.6   0.748
20260403212301    248    570.0    585.0   20.0     20.7   1420.1   1431.6   0.671
20260403212301    248    730.0    750.0   20.0    154.5   1534.8   1329.8   0.800
20260403212301    248   1000.0   1095.0   20.0    347.2   1318.3   1741.4   0.755
20260403212301    248   1150.0   1210.0   20.0     41.9   1759.9   1784.9   0.787
20260403212301    248   1275.0   1295.0   20.0     91.0   1801.7   1777.5   0.875
20260403212301    248   1445.0   1460.0   20.0     21.0   1794.4   1855.3   0.857
20260403212301    249      0.0     10.0   20.0     30.6      0.0   1377.9   0.755
20260403212301    249    205.0    220.0   20.0     33.3   1476.7   1520.4   0.764
20260403212301    249    260.0    280.0   20.0    127.0   1511.4   1293.0   0.846
20260403212301    252    390.0    430.0   20.0    169.4   1325.7   1587.2   0.883
20260403212301    252    535.0    550.0   20.0     71.3   1671.4   1661.1   0.694
20260403212301    252    605.0    620.0   20.0     22.5   1702.8   1679.7   0.741
20260403212301    252    690.0    735.0   20.0     63.5   1659.4   1578.3   0.746
20260403212301    252    790.0    815.0   20.0    106.4   1614.4   1541.9   0.880
20260403212301    252    945.0    960.0   20.0     44.2   1670.9   1644.9   0.656
20260403212301    252   1030.0   1050.0   20.0     44.4   1684.8   1661.9   0.946
20260403212301    252   1260.0   1275.0   20.0     32.2   1579.1   1638.0   0.865
20260403212301    253     65.0    120.0   20.0     90.2   1995.1   2135.7   0.725
20260403212301    254   1610.0   1655.0   20.0     83.0   1321.4   1325.1   0.753
20260403212301    255     45.0     60.0   20.0    187.7   1320.6   1320.3   0.600
20260403212301    255    295.0    365.0   20.0    329.4   1327.7   1321.8   0.881
20260403215619      2    665.0    680.0   20.0    148.6   1171.3   1169.5   0.683
20260403215619      2   1040.0   1065.0   20.0    103.6   1170.6   1171.0   0.843
20260403215619      3    325.0    340.0   20.0     78.5   1156.7   1152.0   0.689
20260403215619      3   1615.0   1660.0   20.0     94.7   1169.2   1164.7   0.764
20260403215619      4    300.0    415.0   20.0    199.5   1171.9   1169.7   0.837
20260403215619      5    805.0    825.0   20.0    147.2   1159.2   1219.6   0.794
20260403215619      5    955.0    970.0   20.0     21.3   1180.8   1157.9   0.697
20260403215619      6    125.0    140.0   20.0     25.9   1170.0   1215.6   0.729
20260403215619      6    320.0    390.0   20.0     25.3   1299.8   1315.8   0.739
20260403215619      6   1070.0   1090.0   20.0    121.6   1320.6   1164.8   0.868
20260403215619      7    430.0    455.0   20.0    146.0   1152.9   1560.3   0.912
20260403215619      7    515.0    530.0   20.0     59.8   1546.8   1537.8   0.668
20260403215619      7    820.0    835.0   20.0     35.7   1596.4   1627.2   0.917
20260403215619      7    995.0   1010.0   20.0     20.0   1674.7   1626.2   0.793
20260403215619      7   1220.0   1235.0   20.0     22.8   1665.5   1689.0   0.900
20260403215619      7   1285.0   1300.0   20.0     32.7   1684.3   1740.4   0.888
20260403215619      7   1515.0   1530.0   20.0     28.6   1692.1   1714.5   0.859
20260403215619      7   1635.0   1650.0   20.0     21.6   1694.6   1661.8   0.590
20260403215619      8   1390.0   1410.0   20.0    116.5   1168.9   1168.7   0.830
20260403215619      8   1445.0   1460.0   20.0     24.5   1166.6   1192.8   0.744
20260403215619      8   1790.0   1800.0   20.0     32.0   1213.7   1187.2   0.731
20260403215619      9      5.0     20.0   20.0    249.9   1155.8   1156.5   0.843
20260403215619      9    195.0    250.0   20.0     73.0   1152.3   1200.9   0.732
20260403215619      9    480.0    515.0   20.0    123.3   1217.0   1153.0   0.831
20260403215619      9    945.0    965.0   20.0    271.2   1155.1   1159.8   0.852
20260403215619      9   1160.0   1195.0   20.0     66.0   1197.6   1438.3   0.891
20260403215619      9   1340.0   1355.0   20.0     27.0   1453.9   1467.9   0.775
20260403215619      9   1620.0   1675.0   20.0     65.5   1442.3   1482.6   0.859
20260403215619     10    380.0    405.0   20.0     75.8   1161.1   1150.6   0.751
20260403215619     10   1160.0   1175.0   20.0     45.6   1164.7   1150.1   0.459
20260403215619     10   1550.0   1565.0   20.0    283.4   1155.9   1148.4   0.806
20260403215619     11    285.0    300.0   20.0     56.5   1142.5   1145.4   0.792
20260403215619     11    385.0    405.0   20.0    134.1   1151.6   1146.6   0.854
20260403215619     11   1120.0   1150.0   20.0    220.4   1152.4   1148.6   0.772
20260403215619     12    340.0    360.0   20.0     63.6   1152.8   1169.8   0.668
20260403215619     12    935.0   1040.0   20.0     96.4   1151.0   1428.0   0.910
20260403215619     12   1670.0   1715.0   20.0     40.7   1681.3   1672.6   0.781
20260403215619     13   1425.0   1490.0   20.0    137.5   1270.7   1155.4   0.872
20260403215619     13   1750.0   1800.0   20.0    230.5   1151.8   1152.0   0.900
20260403215619     14   1635.0   1650.0   20.0     25.2    903.1    943.6   0.754
20260403215619     15    440.0    465.0   20.0     91.0   1141.6   1144.8   0.827
20260403215619     17    635.0    650.0   20.0     76.5   1142.8   1370.3   0.909
20260403215619     17    720.0    735.0   20.0     30.0   1379.9   1420.3   0.694
20260403215619     17    775.0    790.0   20.0     30.3   1418.9   1408.1   0.684
20260403215619     19    285.0    410.0   20.0     61.5   1142.7   1427.5   0.779
20260403215619     19    450.0    460.0   20.0     20.3   1449.1   1473.5   0.615
20260403215619     19    520.0    535.0   20.0     46.8   1496.7   1521.8   0.721
20260403215619     20     70.0    160.0   20.0     93.4   1133.0   1420.9   0.793
20260403215619     20    275.0    290.0   20.0     75.1   1410.2   1553.6   0.816
20260403215619     20   1000.0   1015.0   20.0     55.5   1642.4   1719.0   0.811
20260403215619     20   1300.0   1315.0   20.0    113.9   1642.8   1766.9   0.774
20260403215619     21    210.0    225.0   20.0     53.5   1106.9   1105.7   0.648
20260403215619     21    655.0    690.0   20.0     28.6   1111.4   1189.4   0.872
20260403215619     21   1075.0   1090.0   20.0     21.7   1222.9   1289.3   0.822
20260403215619     21   1135.0   1150.0   20.0     56.3   1315.1   1385.1   0.778
20260403215619     21   1700.0   1715.0   20.0    163.1   1447.5   1581.4   0.760
20260403215619     23     25.0     40.0   20.0     40.1   1298.5   1301.2   0.495
20260403215619     23   1610.0   1625.0   20.0     21.5   1348.2   1373.2   0.746
20260403215619     24    485.0    500.0   20.0     71.5   1125.4   1126.4   0.641
20260403215619     24   1645.0   1665.0   20.0    222.6   1128.2   1128.3   0.813
20260403215619     26    985.0   1000.0   20.0     48.2   1121.4   1123.6   0.646
20260403215619     26   1230.0   1245.0   20.0     31.8   1126.4   1170.5   0.724
20260403215619     26   1355.0   1445.0   20.0     35.1   1210.8   1257.7   0.816
20260403215619     26   1535.0   1590.0   20.0     66.7   1271.1   1512.4   0.901
20260403215619     26   1640.0   1655.0   20.0     34.4   1517.6   1526.9   0.718
20260403215619     27    840.0    855.0   20.0     52.2   1122.5   1120.0   0.759
20260403215619     27   1520.0   1540.0   20.0    176.0   1131.1   1130.1   0.906
20260403215619     28   1420.0   1435.0   20.0     81.5   1124.4   1127.0   0.681
20260403215619     29     15.0    165.0   20.0    135.3   1214.6   1103.7   0.872
20260403215619     29    205.0    250.0   20.0    218.5   1115.5   1104.5   0.831
20260403215619     29   1640.0   1655.0   20.0     63.0   1187.7   1209.2   0.595
20260403215619     31    250.0    265.0   20.0    208.6   1116.2   1436.7   0.794
20260403215619     33   1510.0   1565.0   20.0     51.9   1120.8   1329.0   0.892
20260403215619     35    360.0    375.0   20.0     35.2   1105.2   1155.1   0.710
20260403215619     35    550.0    565.0   20.0     40.2   1188.5   1181.4   0.852
20260403215619     35   1790.0   1800.0   20.0     28.3   1182.2   1178.1   0.859
20260403215619     36    225.0    245.0   20.0     78.7   1098.8   1098.2   0.844
20260403215619     36   1015.0   1070.0   20.0    187.8   1098.0   1097.6   0.882
20260403215619     36   1735.0   1750.0   20.0     20.3   1097.1   1136.2   0.722
20260403215619     37   1290.0   1310.0   20.0     84.3   1369.3   1527.1   0.846
20260403215619     37   1470.0   1485.0   20.0     32.1   1572.1   1575.6   0.488
20260403215619     38    435.0    450.0   20.0     42.3   1143.8   1119.9   0.764
20260403215619     38   1135.0   1145.0   20.0     26.1   1122.8   1123.1   0.417
20260403215619     38   1570.0   1585.0   20.0     34.3   1116.6   1156.5   0.794
20260403215619     38   1665.0   1690.0   20.0     78.3   1209.8   1192.3   0.795
20260403215619     38   1740.0   1760.0   20.0    284.0   1228.0   1115.4   0.875
20260403215619     39   1640.0   1655.0   20.0     36.4   1088.7   1088.7   0.787
20260403215619     39   1710.0   1770.0   20.0     53.8   1090.2   1092.7   0.860
20260403215619     41    610.0    625.0   20.0    148.8   1085.5   1454.2   0.890
20260403215619     41    800.0    815.0   20.0     29.1   1458.9   1464.5   0.783
20260403215619     43    285.0    300.0   20.0     88.7   1093.8   1096.5   0.725
20260403215619     43   1235.0   1250.0   20.0     23.9   1151.6   1196.2   0.794
20260403215619     46    515.0    530.0   20.0     31.4   1127.3   1109.3   0.455
20260403215619     46    600.0    615.0   20.0     65.5   1115.0   1113.8   0.738
20260403215619     46   1470.0   1485.0   20.0     59.3   1118.6   1111.0   0.691
20260403215619     48    355.0    370.0   20.0     43.4    285.0    305.7   0.666
20260403215619     48    990.0   1005.0   20.0     42.1    293.6    272.5   0.692
20260403215619     48   1110.0   1125.0   20.0     43.3    264.3    286.2   0.704
20260403215619     49     15.0     35.0   20.0     97.2   1721.9   1735.3   0.853
20260403215619     49     75.0     95.0   20.0    100.7   1731.2   1735.5   0.840
20260403215619     49    195.0    220.0   20.0    130.5   1723.7   1721.9   0.813
20260403215619     49    280.0    295.0   20.0     42.8   1708.9   1737.4   0.823
20260403215619     49   1645.0   1665.0   20.0    111.8   1761.3   1751.9   0.786
20260403215619     50      5.0    120.0   20.0    230.9   1077.8   1078.1   0.807
20260403215619     50    600.0    620.0   20.0     48.9   1082.0   1081.7   0.774
20260403215619     50   1150.0   1220.0   20.0     60.8   1084.7   1083.1   0.768
20260403215619     51    585.0    600.0   20.0     58.7   1076.4   1076.0   0.791
20260403215619     53    465.0    480.0   20.0    122.5   1079.6   1078.3   0.787
20260403215619     53    880.0    920.0   20.0     41.1   1081.0   1080.3   0.714
20260403215619     54    320.0    335.0   20.0     27.3   1082.8   1149.6   0.744
20260403215619     56    480.0    500.0   20.0     70.3   1088.0   1081.3   0.802
20260403215619     56   1695.0   1710.0   20.0     34.8   1082.7   1133.3   0.760
20260403215619     57    310.0    325.0   20.0     65.8   1064.5   1066.5   0.754
20260403215619     57   1370.0   1385.0   20.0     21.2   1073.6   1106.7   0.736
20260403215619     57   1510.0   1525.0   20.0    229.7   1126.4   1582.0   0.830
20260403215619     59   1745.0   1770.0   20.0     54.1   1089.2   1085.2   0.735
20260403215619     60      5.0     20.0   20.0     26.8   1070.5   1109.1   0.755
20260403215619     60    335.0    390.0   20.0    154.1   1117.2   1159.3   0.929
20260403215619     60    505.0    525.0   20.0     63.0   1171.1   1263.3   0.842
20260403215619     60   1575.0   1590.0   20.0     26.8   1337.4   1346.7   0.568
20260403215619     61     15.0     30.0   20.0     30.1   1073.2   1120.8   0.688
20260403215619     61    485.0    545.0   20.0     84.2   1147.8   1263.7   0.868
20260403215619     61    915.0    950.0   20.0     27.9   1305.0   1329.9   0.829
20260403215619     62    920.0    935.0   20.0     40.9   1077.2   1071.5   0.630
20260403215619     63    225.0    240.0   20.0     24.8   1080.4   1118.5   0.736
20260403215619     63    560.0    575.0   20.0     23.5   1178.1   1140.7   0.741
20260403215619     63    785.0    800.0   20.0     58.7   1151.9   1232.5   0.816
20260403215619     63    845.0    860.0   20.0     22.5   1249.7   1306.6   0.541
20260403215619     63    905.0    920.0   20.0     34.4   1312.9   1315.2   0.453
20260403215619     64    135.0    160.0   20.0     23.5   1203.3   1224.1   0.664
20260403215619     64    465.0    495.0   20.0     86.4   1351.1   1316.1   0.894
20260403215619     64    675.0    690.0   20.0     49.6   1329.3   1337.1   0.807
20260403215619     65     85.0    105.0   20.0    215.1   1064.1   1063.3   0.879
20260403215619     66   1120.0   1180.0   20.0    193.2   1093.1   1090.7   0.840
20260403215619     67    575.0    595.0   20.0     56.3   1060.9   1064.1   0.738
20260403215619     70   1020.0   1070.0   20.0     22.0   1696.0   1700.2   0.790
20260403215619     70   1165.0   1195.0   20.0     23.5   1701.1   1702.6   0.800
20260403215619     70   1230.0   1345.0   20.0     24.5   1701.7   1702.9   0.882
20260403215619     70   1440.0   1560.0   20.0     24.5   1706.8   1707.8   0.849
20260403215619     74   1270.0   1305.0   20.0    198.6   1064.9   1579.6   0.776
20260403215619     75    670.0    685.0   20.0     82.0   1124.3   1181.5   0.863
20260403215619     75   1030.0   1045.0   20.0     81.5   1164.1   1312.0   0.778
20260403215619     76    170.0    185.0   20.0     32.0   1083.8   1130.3   0.798
20260403215619     76    415.0    430.0   20.0     29.2   1180.4   1184.6   0.802
20260403215619     76    495.0    510.0   20.0     28.3   1193.2   1190.4   0.847
20260403215619     76    780.0    795.0   20.0    119.3   1251.1   1085.0   0.795
20260403215619     76   1085.0   1100.0   20.0     24.0   1087.3   1086.6   0.757
20260403215619     77   1725.0   1740.0   20.0     48.2   1056.8   1056.9   0.790
20260403215619     79    795.0    850.0   20.0    170.8   1057.0   1058.1   0.884
20260403215619     79   1040.0   1060.0   20.0    133.4   1060.4   1068.3   0.848
20260403215619     79   1270.0   1295.0   20.0    152.3   1087.0   1082.5   0.751
20260403215619     79   1615.0   1630.0   20.0     29.8   1088.8   1067.4   0.756
20260403215619     83     80.0    145.0   20.0     82.6   1118.3   1054.9   0.756
20260403215619     84    775.0    790.0   20.0     55.7   1080.2   1077.5   0.784
20260403215619     85    115.0    130.0   20.0     45.7   1111.0   1210.5   0.905
20260403215619     85    320.0    335.0   20.0    136.2   1216.7   1128.7   0.748
20260403215619     85    880.0    900.0   20.0     55.1   1313.5   1149.0   0.835
20260403215619     85   1180.0   1195.0   20.0     71.8   1174.3   1206.3   0.543
20260403215619     85   1335.0   1350.0   20.0     32.6   1247.6   1312.2   0.750
20260403215619     87   1140.0   1155.0   20.0     68.5   1067.7   1064.5   0.687
20260403215619     88    325.0    340.0   20.0    307.6   1058.2   1059.6   0.685
20260403215619     88    770.0    785.0   20.0     34.6   1061.1   1108.3   0.735
20260403215619     88    870.0    900.0   20.0    156.5   1126.7   1335.3   0.847
20260403215619     89    330.0    370.0   20.0     52.2   1070.2   1126.8   0.855
20260403215619     89    420.0    435.0   20.0     20.6   1120.3   1123.7   0.628
20260403215619     89    575.0    590.0   20.0     24.1   1150.2   1195.6   0.819
20260403215619     89    630.0    645.0   20.0    134.5   1203.1   1374.3   0.773
20260403215619     93    720.0    735.0   20.0     65.0   1628.3   1722.6   0.712
20260403215619     94    230.0    255.0   20.0     28.0   1058.3   1346.8   0.764
20260403215619     94    405.0    470.0   20.0     35.5   1340.2   1351.5   0.623
20260403215619     94    555.0    645.0   20.0     40.0   1358.3   1372.2   0.772
20260403215619     94    690.0    705.0   20.0     21.5   1384.4   1418.8   0.601
20260403215619     94    910.0    940.0   20.0    100.1   1468.5   1481.7   0.882
20260403215619     94   1250.0   1265.0   20.0     24.2   1492.5   1483.0   0.666
20260403215619     94   1330.0   1370.0   20.0     29.3   1476.3   1463.4   0.853
20260403215619     97    495.0    530.0   20.0     95.1   1056.1   1055.4   0.877
20260403215619     97    945.0    965.0   20.0     31.5   1137.8   1138.6   0.854
20260403215619     99    765.0    780.0   20.0     95.2   1062.3   1063.5   0.723
20260403215619     99   1280.0   1300.0   20.0     79.6   1070.3   1067.9   0.776
20260403215619     99   1780.0   1795.0   20.0     47.1   1084.3   1072.1   0.656
20260403215619    100    415.0    480.0   20.0     80.4   1032.9   1255.0   0.834
20260403215619    100    535.0    550.0   20.0    112.7   1239.4   1412.9   0.778
20260403215619    101    815.0    845.0   20.0     85.3   1058.0   1056.6   0.747
20260403215619    104    120.0    135.0   20.0     36.6   1061.2   1063.5   0.750
20260403215619    104    925.0    955.0   20.0     75.5   1076.9   1073.3   0.769
20260403215619    104   1165.0   1185.0   20.0     52.0   1079.0   1071.5   0.748
20260403215619    104   1485.0   1500.0   20.0     87.6   1071.6   1244.3   0.788
20260403215619    105     60.0     75.0   20.0     23.6   1037.8   1110.0   0.752
20260403215619    105    130.0    175.0   20.0    157.1   1158.7   1039.7   0.925
20260403215619    106    515.0    530.0   20.0     70.1   1058.8   1228.2   0.871
20260403215619    106    570.0    630.0   20.0     66.9   1286.7   1327.7   0.743
20260403215619    106    690.0    705.0   20.0     35.5   1326.9   1319.3   0.825
20260403215619    106    765.0    785.0   20.0     86.7   1340.7   1048.9   0.948
20260403215619    106   1120.0   1140.0   20.0     69.7   1121.3   1152.6   0.813
20260403215619    107    815.0    835.0   20.0     96.1   1191.3   1331.9   0.846
20260403215619    108    800.0    820.0   20.0     85.5   1089.7   1076.9   0.795
20260403215619    109   1160.0   1180.0   20.0     70.1   1045.1   1045.7   0.867
20260403215619    109   1735.0   1765.0   20.0    227.3   1047.3   1049.7   0.805
20260403215619    111      5.0     70.0   20.0    238.5   1053.1   1055.5   0.871
20260403215619    112    155.0    170.0   20.0    124.9   1069.7   1069.2   0.578
20260403215619    113   1360.0   1380.0   20.0     58.9   1048.2   1048.0   0.715
20260403215619    114    345.0    360.0   20.0     54.5   1078.6   1078.1   0.743
20260403215619    114    770.0    785.0   20.0     27.1   1138.4   1198.2   0.847
20260403215619    114    835.0    850.0   20.0     87.5   1206.4   1347.5   0.744
20260403215619    117    270.0    320.0   20.0    533.1   1690.0   1662.0   0.824
20260403215619    117    990.0   1030.0   20.0    341.3   1688.0   1683.6   0.840
20260403215619    117   1480.0   1515.0   20.0    271.1   1711.8   1698.9   0.734
20260403215619    119    385.0    400.0   20.0     97.0   1054.4   1052.0   0.742
20260403215619    120    215.0    235.0   20.0    118.7   1092.9   1089.9   0.898
20260403215619    120   1015.0   1030.0   20.0     21.1   1165.3   1186.7   0.765
20260403215619    120   1410.0   1425.0   20.0     23.2   1168.6   1159.9   0.646
20260403215619    120   1535.0   1575.0   20.0    128.6   1166.1   1261.8   0.795
20260403215619    122   1735.0   1800.0   20.0     69.3   1063.2   1186.9   0.867
20260403215619    123    315.0    340.0   20.0    198.2   1086.2   1050.1   0.877
20260403215619    123   1650.0   1665.0   20.0     38.8   1059.1   1054.7   0.598
20260403215619    124      0.0     10.0   20.0     77.3      0.0   1624.9   0.517
20260403215619    125   1095.0   1110.0   20.0     62.6   1055.3   1056.0   0.702
20260403215619    127   1165.0   1180.0   20.0     33.2   1062.8   1112.7   0.729
20260403215619    129      0.0     15.0   20.0     54.3      0.0   1481.3   0.724
20260403215619    129     50.0     70.0   20.0    158.2   1469.9   1043.4   0.899
20260403215619    129   1345.0   1360.0   20.0    178.9   1054.4   1052.5   0.826
20260403215619    133    360.0    375.0   20.0    163.7   1061.9   1061.7   0.775
20260403215619    134    275.0    290.0   20.0     49.2   1512.8   1505.3   0.557
20260403215619    134    920.0    935.0   20.0     26.9   1528.2   1539.9   0.854
20260403215619    134   1430.0   1445.0   20.0     32.6   1564.8   1564.9   0.891
20260403215619    134   1490.0   1505.0   20.0     50.5   1562.6   1560.0   0.841
20260403215619    134   1630.0   1645.0   20.0     25.6   1553.3   1547.4   0.814
20260403215619    135    760.0    775.0   20.0     65.7   1673.9   1702.6   0.876
20260403215619    137    120.0    140.0   20.0     49.9   1066.5   1066.7   0.812
20260403215619    138     45.0     60.0   20.0    274.4   1276.0   1654.7   0.787
20260403215619    139    750.0    765.0   20.0     98.2   1056.4   1283.3   0.906
20260403215619    139    850.0    865.0   20.0     25.8   1307.4   1320.3   0.564
20260403215619    139    910.0    925.0   20.0     21.5   1333.7   1345.4   0.803
20260403215619    140   1160.0   1175.0   20.0     77.7   1110.9   1113.5   0.755
20260403215619    141    490.0    510.0   20.0     66.1   1066.9   1262.6   0.873
20260403215619    141    555.0    605.0   20.0     25.5   1329.1   1373.3   0.651
20260403215619    141    645.0    670.0   20.0     21.3   1381.7   1410.8   0.694
20260403215619    141    725.0    740.0   20.0     22.2   1424.2   1410.5   0.789
20260403215619    142   1035.0   1050.0   20.0     82.8   1076.3   1079.5   0.534
20260403215619    143   1610.0   1625.0   20.0     40.1   1083.9   1085.8   0.706
20260403215619    144    300.0    315.0   20.0     68.0   1146.7   1145.6   0.773
20260403215619    146   1110.0   1125.0   20.0     26.6   1070.3   1104.8   0.741
20260403215619    146   1320.0   1335.0   20.0     74.2   1141.3   1148.9   0.845
20260403215619    146   1670.0   1700.0   20.0    137.7   1170.1   1416.9   0.793
20260403215619    147     30.0     45.0   20.0     25.0   1107.8   1079.8   0.755
20260403215619    148    310.0    325.0   20.0     42.1   1081.7   1192.3   0.778
20260403215619    148    405.0    495.0   20.0     42.7   1233.3   1292.1   0.763
20260403215619    148    700.0    710.0   20.0     30.2   1337.2   1380.8   0.532
20260403215619    148    770.0    845.0   20.0    124.1   1367.5   1097.1   0.938
20260403215619    148   1200.0   1215.0   20.0     30.5   1088.7   1084.1   0.449
20260403215619    149    590.0    605.0   20.0     36.6   1071.8   1073.3   0.513
20260403215619    149    915.0    930.0   20.0     74.6   1095.0   1085.0   0.589
20260403215619    149   1245.0   1260.0   20.0     20.5   1084.0   1082.8   0.567
20260403215619    149   1435.0   1450.0   20.0    274.0   1087.3   1608.8   0.840
20260403215619    151    580.0    610.0   20.0    183.0   1080.9   1084.0   0.867
20260403215619    151    760.0    800.0   20.0     24.7   1083.1   1152.3   0.775
20260403215619    151   1035.0   1050.0   20.0     21.9   1209.9   1278.1   0.832
20260403215619    152     90.0    105.0   20.0     23.2   1124.4   1133.4   0.652
20260403215619    153    565.0    580.0   20.0     21.6   1180.5   1169.9   0.746
20260403215619    153    955.0   1005.0   20.0    132.2   1212.2   1333.9   0.809
20260403215619    154    255.0    330.0   20.0    113.0   1085.8   1277.8   0.806
20260403215619    154    395.0    415.0   20.0     43.8   1236.2   1240.8   0.765
20260403215619    154    695.0    710.0   20.0     20.6   1266.5   1309.7   0.765
20260403215619    154    985.0   1000.0   20.0     21.8   1539.6   1560.1   0.805
20260403215619    154   1100.0   1115.0   20.0     28.5   1564.6   1563.7   0.770
20260403215619    154   1175.0   1190.0   20.0     87.3   1577.6   1588.4   0.830
20260403215619    154   1285.0   1330.0   20.0     22.2   1561.8   1561.5   0.884
20260403215619    154   1395.0   1480.0   20.0     99.0   1564.6   1584.4   0.837
20260403215619    154   1775.0   1790.0   20.0     26.7   1573.0   1564.8   0.844
20260403215619    155    360.0    375.0   20.0     51.9   1160.2   1191.7   0.450
20260403215619    155    470.0    530.0   20.0     32.9   1213.1   1309.6   0.749
20260403215619    155    570.0    585.0   20.0     31.6   1378.5   1351.9   0.574
20260403215619    155    755.0    770.0   20.0    121.1   1398.9   1440.5   0.751
20260403215619    155    825.0    840.0   20.0     46.8   1393.2   1404.0   0.746
20260403215619    155   1010.0   1025.0   20.0     34.2   1488.8   1498.7   0.824
20260403215619    155   1065.0   1120.0   20.0     25.3   1490.1   1469.6   0.913
20260403215619    155   1215.0   1230.0   20.0     72.9   1468.8   1541.2   0.884
20260403215619    155   1615.0   1630.0   20.0     25.3   1524.1   1625.7   0.867
20260403215619    157   1700.0   1710.0   20.0     20.5   1092.7   1094.8   0.478
20260403215619    158    645.0    670.0   20.0    199.5   1091.7   1092.9   0.858
20260403215619    160   1755.0   1770.0   20.0     50.1   1756.4   1732.9   0.850
20260403215619    161    685.0    700.0   20.0     22.1   1017.8   1035.0   0.810
20260403215619    161    790.0    860.0   20.0     34.1   1034.1   1013.3   0.858
20260403215619    161   1485.0   1500.0   20.0     20.5   1020.6   1017.1   0.696
20260403215619    162    250.0    265.0   20.0     25.7   1098.9   1132.4   0.760
20260403215619    162    625.0    660.0   20.0     39.9   1162.0   1183.1   0.782
20260403215619    162    705.0    735.0   20.0     35.5   1178.7   1221.3   0.830
20260403215619    162   1630.0   1645.0   20.0     24.7   1188.2   1193.2   0.843
20260403215619    164      0.0     65.0   20.0     55.1      0.0   1423.6   0.887
20260403215619    164    165.0    190.0   20.0     59.6   1398.6   1119.0   0.768
20260403215619    167    360.0    375.0   20.0    267.4   1101.8   1655.5   0.816
20260403215619    168    345.0    360.0   20.0     27.2   1360.0   1143.3   0.871
20260403215619    168   1585.0   1600.0   20.0     77.5   1134.8   1252.2   0.754
20260403215619    168   1635.0   1650.0   20.0     48.1   1251.8   1257.8   0.539
20260403215619    168   1690.0   1780.0   20.0     42.2   1259.7   1254.4   0.690
20260403215619    169     55.0     70.0   20.0     33.8   1143.1   1140.4   0.730
20260403215619    170    225.0    275.0   20.0     80.1   1090.4   1090.5   0.870
20260403215619    170    550.0    570.0   20.0     37.7   1090.7   1091.2   0.747
20260403215619    170   1640.0   1665.0   20.0     98.1   1174.1   1116.3   0.837
20260403215619    171    195.0    255.0   20.0    135.4   1097.7   1358.1   0.853
20260403215619    171    460.0    475.0   20.0     23.3   1403.1   1096.7   0.920
20260403215619    171   1430.0   1465.0   20.0     24.3   1100.4   1140.7   0.790
20260403215619    171   1685.0   1700.0   20.0     28.1   1140.5   1178.4   0.812
20260403215619    172     75.0     90.0   20.0     69.1   1121.1   1120.6   0.779
20260403215619    172   1120.0   1135.0   20.0     22.2   1125.8   1157.3   0.733
20260403215619    172   1370.0   1385.0   20.0     49.6   1235.4   1231.2   0.680
20260403215619    173    145.0    260.0   20.0     57.4   1091.1   1152.5   0.848
20260403215619    173    705.0    725.0   20.0    127.8   1172.6   1179.7   0.884
20260403215619    173    765.0    780.0   20.0     58.3   1187.1   1290.6   0.775
20260403215619    175    180.0    195.0   20.0     59.5   1108.6   1110.9   0.688
20260403215619    175   1195.0   1260.0   20.0     57.7   1118.4   1325.7   0.810
20260403215619    175   1305.0   1320.0   20.0     20.2   1422.4   1460.1   0.808
20260403215619    175   1655.0   1670.0   20.0     46.8   1462.2   1488.9   0.826
20260403215619    176    910.0    925.0   20.0     78.7   1130.6   1126.8   0.786
20260403215619    177    875.0    890.0   20.0     76.9   1122.0   1122.6   0.672
20260403215619    177   1780.0   1800.0   20.0    149.3   1125.4   1420.0   0.919
20260403215619    178    135.0    150.0   20.0    127.3   1230.0   1189.1   0.734
20260403215619    178    265.0    280.0   20.0     26.3   1208.4   1204.8   0.816
20260403215619    178    690.0    705.0   20.0     25.6   1236.0   1225.7   0.660
20260403215619    178    745.0    760.0   20.0     23.3   1221.5   1261.2   0.735
20260403215619    179    350.0    365.0   20.0     46.5   1140.1   1115.5   0.724
20260403215619    179   1515.0   1535.0   20.0    107.2   1119.0   1175.9   0.765
20260403215619    179   1595.0   1625.0   20.0     95.5   1195.1   1412.4   0.843
20260403215619    180     25.0     40.0   20.0     24.7   1127.3   1167.5   0.699
20260403215619    180    240.0    270.0   19.6     30.8   1191.8   1193.9   0.643
20260403215619    180    545.0    560.0   20.0     21.7   1193.9   1195.6   0.761
20260403215619    180    865.0    880.0   20.0     21.1   1242.8   1242.6   0.654
20260403215619    180   1130.0   1145.0   20.0     26.9   1250.6   1279.8   0.591
20260403215619    180   1405.0   1420.0   20.0    224.3   1272.4   1220.9   0.782
20260403215619    180   1525.0   1540.0   20.0     57.3   1222.8   1131.8   0.772
20260403215619    180   1695.0   1715.0   20.0     56.1   1131.6   1131.5   0.739
20260403215619    182    360.0    375.0   20.0     31.2   1228.6   1291.2   0.783
20260403215619    183    825.0    840.0   20.0     28.6   1227.3   1259.8   0.609
20260403215619    184   1565.0   1615.0   20.0     54.7   1145.4   1299.9   0.756
20260403215619    184   1655.0   1750.0   20.0     52.1   1332.7   1430.0   0.800
20260403215619    185    335.0    350.0   20.0     27.6   1110.7   1165.3   0.851
20260403215619    185    420.0    465.0   20.0    158.6   1175.4   1259.8   0.732
20260403215619    185    865.0    880.0   20.0     78.8   1269.8   1310.2   0.789
20260403215619    185   1065.0   1080.0   20.0     24.9   1339.1   1379.1   0.808
20260403215619    187     60.0     75.0   20.0     22.7   1128.3   1165.0   0.731
20260403215619    187    350.0    380.0   20.0     67.7   1189.4   1374.5   0.799
20260403215619    188     70.0     85.0   20.0     93.2   1284.4   1475.0   0.769
20260403215619    188    575.0    590.0   20.0     29.2   1537.7   1591.3   0.816
20260403215619    191    535.0    550.0   20.0     35.0    994.3    978.0   0.751
20260403215619    192    370.0    385.0   20.0     35.8   1149.0   1197.7   0.714
20260403215619    192    420.0    435.0   20.0     24.3   1199.8   1204.6   0.474
20260403215619    192    520.0    570.0   20.0    108.5   1259.1   1145.7   0.804
20260403215619    194    160.0    185.0   20.0     56.4   1163.2   1242.5   0.811
20260403215619    194    255.0    440.0   20.0    265.5   1236.1   1170.4   0.887
20260403215619    194    730.0    795.0   20.0     95.9   1154.5   1495.4   0.800
20260403215619    194   1630.0   1645.0   20.0    170.4   1510.4   1563.7   0.846
20260403215619    195    545.0    560.0   20.0     20.6   1176.5   1145.1   0.847
20260403215619    197     90.0    135.0   20.0     37.1   1576.3   1432.9   0.910
20260403215619    197    215.0    270.0   20.0    422.5   1168.9   1171.4   0.827
20260403215619    197   1240.0   1260.0   20.0     81.4   1202.1   1201.9   0.807
20260403215619    198    405.0    420.0   20.0     24.1   1177.9   1225.3   0.719
20260403215619    198    955.0    970.0   20.0     42.3   1253.5   1318.2   0.806
20260403215619    198   1155.0   1175.0   20.0     41.2   1354.5   1478.8   0.798
20260403215619    198   1615.0   1630.0   20.0     45.5   1560.2   1571.7   0.770
20260403215619    200    345.0    390.0   20.0    136.1   1182.2   1667.2   0.912
20260403215619    201     20.0     35.0   20.0     69.9   1705.8   1681.7   0.706
20260403215619    201   1155.0   1170.0   20.0    258.2   1722.2   1796.7   0.502
20260403215619    203    185.0    205.0   20.0    286.0   1161.5   1675.0   0.819
20260403215619    203    285.0    300.0   20.0     29.3   1613.6   1623.3   0.563
20260403215619    203    625.0    680.0   20.0     37.3   1621.6   1164.3   0.950
20260403215619    203   1000.0   1025.0   20.0     75.1   1166.6   1384.7   0.841
20260403215619    203   1095.0   1115.0   20.0     35.6   1388.6   1405.5   0.501
20260403215619    203   1170.0   1185.0   20.0     25.8   1407.9   1400.4   0.587
20260403215619    204    560.0    595.0   20.0    116.3   1154.0   1152.5   0.823
20260403215619    205     45.0    145.0   20.0    253.0   1176.0   1176.8   0.855
20260403215619    205   1545.0   1560.0   20.0     22.8   1184.3   1223.3   0.741
20260403215619    206   1100.0   1110.0   20.0     66.4   1418.4   1197.2   0.752
20260403215619    206   1215.0   1240.0   20.0    115.2   1191.6   1192.7   0.840
20260403215619    206   1615.0   1630.0   20.0     23.4   1194.4   1229.1   0.826
20260403215619    207    225.0    240.0   20.0     24.3   2100.9   2047.6   0.827
20260403215619    209   1330.0   1345.0   20.0    208.5   1230.3   1337.2   0.755
20260403215619    209   1590.0   1605.0   20.0     75.0   1287.7   1345.8   0.765
20260403215619    210    260.0    275.0   20.0    413.5   1199.8   1200.0   0.853
20260403215619    210    330.0    340.0   20.0     45.0   1201.8   1250.5   0.565
20260403215619    210    425.0    440.0   20.0     30.7   1245.9   1284.7   0.692
20260403215619    210    485.0    545.0   20.0     32.1   1300.1   1492.2   0.659
20260403215619    210   1245.0   1260.0   20.0     42.9   1315.7   1331.4   0.529
20260403215619    213    275.0    305.0   20.0    264.8   1188.0   1218.0   0.763
20260403215619    213    750.0    765.0   20.0     77.9   1248.2   1403.5   0.710
20260403215619    213   1040.0   1055.0   20.0     21.9   1410.5   1416.5   0.763
20260403215619    213   1545.0   1560.0   20.0    119.3   1469.4   1468.2   0.793
20260403215619    214    580.0    595.0   20.0     27.6   1214.1   1260.8   0.783
20260403215619    214    675.0    690.0   20.0     31.8   1285.9   1320.6   0.658
20260403215619    214   1070.0   1090.0   20.0     89.2   1433.6   1567.6   0.819
20260403215619    217      0.0     10.0   20.0     28.1      0.0   1240.7   0.743
20260403215619    218     50.0     65.0   20.0     62.9   1226.9   1304.6   0.752
20260403215619    218    115.0    130.0   20.0     89.7   1321.8   1232.8   0.780
20260403215619    218   1320.0   1335.0   20.0     42.1   1220.8   1333.7   0.799
20260403215619    218   1475.0   1495.0   20.0    192.6   1625.1   1220.0   0.873
20260403215619    219    825.0    840.0   20.0    129.1   1211.6   1210.7   0.791
20260403215619    220      0.0     45.0   20.0    114.7      0.0   1218.4   0.831
20260403215619    221    325.0    340.0   20.0     31.6   1203.2   1202.0   0.754
20260403215619    221    445.0    460.0   20.0     26.7   1207.6   1254.3   0.646
20260403215619    221    515.0    530.0   20.0     58.5   1250.7   1258.9   0.644
20260403215619    221    745.0    755.0   20.0     42.8   1258.2   1287.6   0.463
20260403215619    221    820.0    835.0   20.0     31.8   1293.0   1244.3   0.751
20260403215619    221   1190.0   1205.0   20.0     23.5   1272.6   1240.5   0.774
20260403215619    222      0.0     10.0   20.0     22.3      0.0   1769.1   0.851
20260403215619    222    180.0    195.0   20.0     94.6   1745.3   1859.1   0.814
20260403215619    223     20.0     50.0   20.0    297.1   1229.2   1230.4   0.902
20260403215619    223    505.0    525.0   20.0     91.6   1229.7   1234.7   0.775
20260403215619    225     70.0    135.0   20.0     63.0   1611.6   1425.2   0.929
20260403215619    228    185.0    200.0   20.0     25.0   1805.1   1804.8   0.711
20260403215619    228    290.0    305.0   20.0     26.2   1760.8   1789.7   0.737
20260403215619    228    345.0    390.0   20.0     37.2   1760.1   1786.6   0.784
20260403215619    229   1065.0   1095.0   20.0    135.5   1240.1   1238.1   0.845
20260403215619    232     10.0     75.0   20.0     51.5   1309.4   1543.8   0.715
20260403215619    232    165.0    180.0   20.0     33.0   1587.1   1569.2   0.823
20260403215619    232    330.0    385.0   20.0    189.6   1552.2   1438.7   0.915
20260403215619    233   1215.0   1250.0   20.0    177.5   1260.5   1452.6   0.869
20260403215619    233   1665.0   1680.0   20.0     36.2   1511.4   1504.8   0.839
20260403215619    233   1715.0   1730.0   20.0     32.6   1518.6   1537.6   0.649
20260403215619    235    260.0    345.0   20.0    332.6   1262.7   1266.5   0.749
20260403215619    237    335.0    350.0   20.0     36.3   1256.2   1255.5   0.728
20260403215619    237   1090.0   1165.0   20.0    216.2   1262.4   1264.5   0.869
20260403215619    237   1745.0   1765.0   20.0    170.4   1256.1   1257.6   0.859
20260403215619    238     10.0    125.0   20.0     38.3   2184.4   2183.2   0.927
20260403215619    239    295.0    305.0   20.0     50.2   1351.5   1340.1   0.614
20260403215619    239   1045.0   1070.0   20.0     87.6   1378.5   1267.2   0.860
20260403215619    243   1220.0   1255.0   20.0    123.1   1276.2   1273.5   0.891
20260403215619    243   1305.0   1320.0   20.0    113.6   1275.0   1274.9   0.804
20260403215619    245    375.0    410.0   20.0     60.1   1303.6   1303.2   0.811
20260403215619    245   1790.0   1800.0   20.0     26.6   1299.6   1338.3   0.842
20260403215619    246    390.0    410.0   20.0    141.7   1319.7   1315.6   0.762
20260403215619    248    215.0    230.0   20.0     26.9   1589.9   1568.3   0.788
20260403215619    248    650.0    665.0   20.0     93.8   1641.1   1748.7   0.771
20260403215619    249      0.0     20.0   20.0    279.6      0.0   1291.1   0.863
20260403215619    250    490.0    505.0   20.0     23.5   1775.7   1769.1   0.790
20260403215619    250    545.0    560.0   20.0     50.1   1766.9   1778.9   0.890
20260403215619    250   1570.0   1610.0   20.0    116.5   1804.1   1792.3   0.847
20260403215619    252    615.0    630.0   20.0    185.6   1339.8   1346.1   0.825
20260403215619    252   1440.0   1455.0   20.0    135.1   1351.2   1360.4   0.824
20260403215619    253    665.0    680.0   20.0     44.2   1882.2   1836.4   0.943
20260403215619    254     70.0    150.0   20.0     43.4   1330.5   1600.9   0.794
20260403215619    254    260.0    280.0   20.0     25.0   1585.0   1591.0   0.825
20260403215619    254   1325.0   1345.0   20.0     37.0   1364.9   1470.1   0.787
20260403215619    254   1460.0   1475.0   20.0     99.3   1493.2   1324.7   0.795
20260403215619    254   1595.0   1615.0   20.0     89.5   1322.9   1322.2   0.819
20260403215619    255    620.0    725.0   20.0     50.0   1330.2   1619.7   0.856
20260403215619    255    780.0    790.0   20.0     20.0   1660.1   1680.4   0.499
20260403215619    255    975.0    995.0   20.0    100.3   1828.6   1961.9   0.895
20260403222940      1     75.0     95.0   20.0    173.4   1175.2   1174.5   0.853
20260403222940      1    635.0    650.0   20.0    125.2   1169.5   1171.1   0.862
20260403222940      1   1545.0   1585.0   20.0     32.5   1181.0   1216.7   0.791
20260403222940      1   1640.0   1655.0   20.0     26.5   1221.7   1210.0   0.824
20260403222940      2    370.0    435.0   20.0     90.7   1165.1   1165.8   0.861
20260403222940      2    500.0    520.0   20.0    103.1   1171.3   1164.0   0.793
20260403222940      2   1675.0   1715.0   20.0    199.8   1177.2   1177.0   0.886
20260403222940      4    170.0    185.0   20.0    104.5   1173.0   1172.8   0.837
20260403222940      4   1495.0   1510.0   20.0    269.0   1245.2   1164.9   0.866
20260403222940      6    860.0    885.0   20.0    152.6   1172.2   1174.3   0.771
20260403222940      7     20.0     35.0   20.0     62.3   1192.9   1189.7   0.765
20260403222940      7   1315.0   1365.0   20.0     77.2   1153.8   1298.3   0.758
20260403222940      7   1435.0   1455.0   20.0    101.0   1304.0   1311.9   0.842
20260403222940      7   1670.0   1685.0   20.0     23.7   1325.6   1366.3   0.788
20260403222940      7   1745.0   1765.0   20.0    168.5   1378.6   1147.7   0.766
20260403222940     10      0.0     90.0   20.0    203.4      0.0   1149.2   0.872
20260403222940     10    455.0    505.0   20.0    224.8   1147.7   1148.1   0.897
20260403222940     10    570.0    590.0   20.0     46.0   1152.2   1251.5   0.860
20260403222940     10    635.0    650.0   20.0     23.4   1264.7   1280.0   0.661
20260403222940     10    700.0    715.0   20.0     23.3   1292.1   1277.2   0.793
20260403222940     10    775.0    790.0   20.0     50.9   1258.6   1331.6   0.803
20260403222940     10    865.0    880.0   20.0     20.8   1291.8   1306.1   0.532
20260403222940     10   1055.0   1070.0   20.0     23.7   1424.2   1405.3   0.875
20260403222940     10   1200.0   1215.0   20.0    101.3   1420.5   1408.2   0.875
20260403222940     10   1695.0   1710.0   20.0     20.3   1449.7   1456.7   0.819
20260403222940     11    510.0    530.0   20.0    118.6   1142.7   1142.5   0.867
20260403222940     12    155.0    170.0   20.0     43.9   1658.8   1674.7   0.742
20260403222940     12    525.0    595.0   20.0     85.3   1700.2   1734.6   0.890
20260403222940     13   1315.0   1335.0   20.0    138.6   1147.1   1155.0   0.806
20260403222940     16   1400.0   1415.0   20.0    134.2   1219.4   1493.1   0.864
20260403222940     16   1620.0   1635.0   20.0     36.3   1506.9   1591.3   0.823
20260403222940     17    880.0    900.0   20.0    216.3   1135.6   1131.5   0.845
20260403222940     18     50.0     70.0   20.0     87.5   1142.5   1167.1   0.882
20260403222940     19    990.0   1005.0   20.0     48.5   1565.2   1650.2   0.754
20260403222940     21     70.0     85.0   20.0     32.0   1335.6   1346.1   0.530
20260403222940     21    140.0    190.0   20.0     41.2   1392.7   1407.0   0.619
20260403222940     21    355.0    370.0   20.0     24.5   1490.4   1494.0   0.790
20260403222940     21    795.0    810.0   20.0     26.5   1485.0   1511.2   0.799
20260403222940     22    340.0    360.0   20.0     54.6   1149.9   1142.6   0.750
20260403222940     22    625.0    640.0   20.0     33.2   1148.3   1147.0   0.607
20260403222940     23    815.0    840.0   20.0    212.0   1134.5   1137.2   0.810
20260403222940     23   1295.0   1325.0   20.0     30.7   1135.0   1176.9   0.729
20260403222940     23   1485.0   1545.0   20.0    188.1   1196.9   1517.9   0.812
20260403222940     24   1045.0   1060.0   20.0     70.2   1126.5   1125.8   0.637
20260403222940     25     20.0     75.0   20.0    289.8   1135.6   1133.7   0.898
20260403222940     25    925.0    940.0   20.0    252.9   1135.0   1141.3   0.789
20260403222940     27    155.0    170.0   20.0     24.3   1124.3   1166.4   0.873
20260403222940     27    380.0    395.0   20.0     47.7   1174.2   1173.9   0.771
20260403222940     27   1365.0   1380.0   20.0    112.9   1329.5   1355.9   0.708
20260403222940     27   1530.0   1545.0   20.0     35.2   1531.1   1469.0   0.851
20260403222940     29     30.0     50.0   20.0    263.6   1107.1   1105.7   0.912
20260403222940     29    465.0    480.0   20.0     24.3   1100.6   1142.9   0.739
20260403222940     29    555.0    615.0   20.0    349.1   1181.9   1556.5   0.851
20260403222940     31    985.0   1000.0   20.0     21.3   1113.1   1153.8   0.691
20260403222940     31   1670.0   1685.0   20.0    122.1   1165.0   1320.5   0.820
20260403222940     32    185.0    200.0   20.0     20.5   1136.3   1113.4   0.732
20260403222940     33    380.0    405.0   20.0     30.7   1112.8   1156.8   0.790
20260403222940     33    665.0    705.0   20.0     80.3   1176.3   1514.3   0.807
20260403222940     33    820.0    835.0   20.0     56.7   1498.4   1517.6   0.722
20260403222940     34    695.0    710.0   20.0     26.0   1122.0   1139.8   0.573
20260403222940     34    900.0    920.0   20.0     85.5   1139.5   1117.5   0.802
20260403222940     34   1345.0   1360.0   20.0     22.5   1125.3   1164.7   0.668
20260403222940     34   1440.0   1460.0   20.0     94.8   1229.5   1107.5   0.861
20260403222940     36      0.0     35.0   20.0    227.8      0.0   1095.4   0.815
20260403222940     36    910.0    925.0   20.0     45.9   1100.0   1158.0   0.715
20260403222940     36    965.0    995.0   20.0     50.4   1167.8   1175.4   0.895
20260403222940     36   1130.0   1140.0   20.0     22.4   1193.5   1199.8   0.466
20260403222940     36   1175.0   1190.0   20.0     97.4   1198.8   1095.9   0.751
20260403222940     38   1360.0   1380.0   20.0     41.5   1118.4   1114.6   0.720
20260403222940     40    755.0    770.0   20.0     37.6   1096.9   1097.8   0.735
20260403222940     43    375.0    390.0   20.0     23.2   1095.0   1131.9   0.733
20260403222940     43    525.0    550.0   20.0     31.6   1144.3   1221.7   0.766
20260403222940     43    585.0    600.0   20.0     27.9   1259.1   1253.6   0.678
20260403222940     43    700.0    715.0   20.0     86.7   1222.0   1285.9   0.767
20260403222940     43   1725.0   1740.0   20.0     64.1   1327.2   1233.8   0.694
20260403222940     45    320.0    335.0   20.0     36.1   1103.5   1102.0   0.471
20260403222940     48   1415.0   1480.0   20.0     41.7    287.2    305.2   0.736
20260403222940     50    685.0    700.0   20.0     31.4   1078.9   1076.8   0.802
20260403222940     51      0.0     40.0   20.0    259.2      0.0   1080.7   0.915
20260403222940     52    110.0    130.0   20.0     87.4   1166.4   1269.7   0.781
20260403222940     52    955.0    970.0   20.0     37.6   1559.6   1554.8   0.743
20260403222940     54    130.0    160.0   20.0     35.7   1118.3   1129.7   0.732
20260403222940     54    815.0    825.0   20.0     20.2   1159.7   1253.6   0.777
20260403222940     55   1450.0   1465.0   20.0    104.0   1373.7   1414.9   0.868
20260403222940     57    180.0    200.0   20.0     51.4   1161.3   1111.9   0.854
20260403222940     57    995.0   1010.0   20.0     94.4   1155.6   1225.9   0.771
20260403222940     57   1350.0   1365.0   20.0    174.8   1150.1   1147.0   0.877
20260403222940     59     15.0    125.0   20.0     50.7   1079.2   1469.4   0.887
20260403222940     59    170.0    185.0   20.0    145.6   1501.4   1080.1   0.920
20260403222940     59    685.0    730.0   20.0     53.1   1080.7   1202.0   0.776
20260403222940     59    880.0    890.0   20.0     21.7   1175.8   1164.0   0.691
20260403222940     59   1565.0   1575.0   20.0     20.2   1230.7   1216.6   0.904
20260403222940     61    595.0    655.0   20.0    203.2   1076.3   1078.3   0.838
20260403222940     61   1440.0   1505.0   20.0    132.9   1077.8   1078.6   0.838
20260403222940     62     50.0     75.0   20.0     49.1   1068.9   1068.2   0.798
20260403222940     63    215.0    230.0   20.0    101.1   1080.4   1080.4   0.709
20260403222940     63    530.0    595.0   20.0     85.3   1080.8   1432.6   0.869
20260403222940     63    765.0    790.0   20.0     28.4   1470.2   1436.4   0.820
20260403222940     63    865.0    875.0   20.0     20.2   1466.2   1465.1   0.597
20260403222940     64      0.0     15.0   20.0     24.0      0.0   1177.8   0.675
20260403222940     64     65.0    120.0   20.0    116.7   1154.2   1051.6   0.874
20260403222940     64    200.0    250.0   20.0     78.4   1046.6   1043.0   0.830
20260403222940     64   1275.0   1295.0   20.0    222.0   1058.8   1382.2   0.839
20260403222940     64   1570.0   1585.0   20.0     24.4   1350.7   1374.0   0.786
20260403222940     66    805.0    820.0   20.0     37.0   1096.1   1158.5   0.816
20260403222940     66    895.0    910.0   20.0     34.4   1201.4   1209.6   0.845
20260403222940     66   1035.0   1050.0   20.0     54.0   1217.0   1201.8   0.800
20260403222940     66   1275.0   1290.0   20.0     55.1   1217.1   1315.5   0.906
20260403222940     67     90.0    130.0   20.0    204.4   1101.4   1335.4   0.883
20260403222940     67    200.0    280.0   20.0     34.8   1328.7   1320.0   0.869
20260403222940     67    320.0    350.0   20.0     60.2   1322.7   1318.7   0.874
20260403222940     67    505.0    520.0   20.0     22.8   1354.4   1339.6   0.787
20260403222940     69   1215.0   1240.0   20.0     79.0   1073.1   1072.4   0.780
20260403222940     69   1790.0   1800.0   20.0     29.3   1071.2   1075.3   0.679
20260403222940     71   1125.0   1150.0   20.0     33.7   1065.6   1302.6   0.865
20260403222940     71   1185.0   1240.0   20.0    107.7   1328.9   1435.0   0.770
20260403222940     71   1295.0   1310.0   20.0     70.6   1437.4   1449.1   0.850
20260403222940     71   1360.0   1370.0   20.0     20.7   1449.5   1417.5   0.734
20260403222940     71   1440.0   1485.0   20.0     70.6   1414.9   1461.4   0.900
20260403222940     71   1520.0   1540.0   20.0     54.3   1477.9   1556.9   0.925
20260403222940     74   1100.0   1115.0   20.0     20.4   1699.4   1696.7   0.897
20260403222940     74   1320.0   1335.0   20.0     24.8   1686.4   1698.7   0.832
20260403222940     74   1370.0   1385.0   20.0     24.1   1681.0   1681.6   0.833
20260403222940     76     10.0     25.0   20.0     29.3   1082.8   1115.5   0.735
20260403222940     76     85.0    100.0   20.0     20.7   1130.2   1132.2   0.752
20260403222940     76   1420.0   1435.0   20.0     25.1   1323.6   1341.8   0.683
20260403222940     77   1045.0   1060.0   20.0     21.5   1054.5   1094.7   0.716
20260403222940     77   1115.0   1135.0   20.0     78.0   1114.6   1053.5   0.750
20260403222940     78     25.0     40.0   20.0     22.2   1608.2   1567.9   0.779
20260403222940     79    370.0    385.0   20.0     64.3   1052.8   1052.5   0.634
20260403222940     79   1615.0   1635.0   20.0     88.4   1058.3   1058.2   0.752
20260403222940     81   1105.0   1120.0   20.0     47.0   1070.0   1070.9   0.677
20260403222940     82    370.0    385.0   20.0    270.9   1074.8   1560.0   0.892
20260403222940     82    505.0    525.0   20.0     52.7   1627.9   1588.4   0.619
20260403222940     82    585.0    610.0   20.0    372.2   1603.7   1390.3   0.660
20260403222940     82    665.0    675.0   20.0     21.5   1408.7   1429.7   0.648
20260403222940     83    540.0    560.0   20.0     85.5   1054.3   1057.1   0.863
20260403222940     83   1150.0   1165.0   20.0     30.5   1059.9   1060.5   0.426
20260403222940     84   1125.0   1140.0   20.0     56.3   1067.7   1084.6   0.596
20260403222940     85    135.0    190.0   20.0    104.8   1163.5   1153.1   0.796
20260403222940     85    400.0    415.0   20.0     28.3   1166.0   1178.4   0.810
20260403222940     85    585.0    605.0   20.0     85.9   1200.3   1391.9   0.833
20260403222940     86   1015.0   1035.0   20.0     81.6   1064.4   1058.8   0.816
20260403222940     86   1085.0   1100.0   20.0    117.0   1061.6   1058.2   0.758
20260403222940     87    580.0    595.0   20.0     26.6   1051.5   1098.8   0.782
20260403222940     87    760.0    780.0   20.0    168.9   1100.7   1181.9   0.887
20260403222940     87   1320.0   1345.0   20.0    128.8   1126.7   1117.2   0.687
20260403222940     88    895.0    905.0   20.0     26.5   1090.2   1235.3   0.789
20260403222940     89    220.0    235.0   20.0     20.3   1217.0   1200.7   0.764
20260403222940     94    500.0    515.0   20.0     27.9   1059.3   1095.3   0.733
20260403222940     94    640.0    655.0   20.0     53.9   1116.3   1131.2   0.696
20260403222940     94   1010.0   1025.0   20.0     21.3   1142.2   1124.7   0.768
20260403222940     94   1305.0   1355.0   20.0     30.8   1155.6   1208.4   0.780
20260403222940     96    625.0    640.0   20.0     58.7   1063.9   1064.7   0.595
20260403222940     97   1225.0   1255.0   20.0    148.8   1061.7   1062.2   0.777
20260403222940    101     75.0     90.0   20.0     83.5   1051.8   1251.3   0.731
20260403222940    101    285.0    300.0   20.0    146.1   1223.9   1050.7   0.771
20260403222940    101   1125.0   1140.0   20.0     25.6   1058.2   1103.6   0.742
20260403222940    101   1220.0   1250.0   20.0     36.2   1106.3   1127.8   0.886
20260403222940    101   1615.0   1630.0   20.0     20.8   1168.5   1201.1   0.560
20260403222940    102   1350.0   1365.0   20.0     25.8   1072.4   1074.1   0.826
20260403222940    104    345.0    425.0   20.0     41.9   1139.1   1246.4   0.601
20260403222940    104    535.0    550.0   20.0     21.5   1280.2   1298.5   0.474
20260403222940    104    610.0    625.0   20.0     25.5   1345.7   1311.3   0.640
20260403222940    104    790.0    835.0   20.0    105.8   1424.3   1066.9   0.929
20260403222940    105    485.0    495.0   20.0     29.3   1037.3   1036.9   0.426
20260403222940    106   1580.0   1605.0   20.0     34.1   1100.3   1109.8   0.846
20260403222940    106   1695.0   1710.0   20.0     43.4   1101.8   1047.5   0.720
20260403222940    108    910.0    925.0   20.0     23.8   1077.8   1079.1   0.462
20260403222940    109   1360.0   1375.0   20.0     99.8   1041.7   1044.4   0.822
20260403222940    109   1470.0   1500.0   20.0     61.4   1044.8   1040.4   0.810
20260403222940    111    870.0    885.0   20.0     34.4   1061.8   1108.7   0.737
20260403222940    111    945.0    960.0   20.0     27.3   1142.9   1116.4   0.788
20260403222940    111   1060.0   1080.0   20.0    125.0   1127.9   1128.8   0.834
20260403222940    111   1180.0   1190.0   20.0     32.0   1131.2   1128.3   0.400
20260403222940    111   1775.0   1795.0   20.0     59.8   1139.8   1135.6   0.910
20260403222940    112     45.0     65.0   20.0    126.6   1057.0   1054.8   0.797
20260403222940    112   1140.0   1155.0   20.0     46.8   1063.9   1060.1   0.808
20260403222940    112   1390.0   1425.0   20.0    115.7   1064.2   1059.9   0.859
20260403222940    114    145.0    160.0   20.0     73.6   1073.9   1073.6   0.784
20260403222940    115    180.0    195.0   20.0     30.7   1059.1   1059.1   0.446
20260403222940    115    990.0   1150.0   20.0    147.6   1064.0   1066.0   0.838
20260403222940    118     30.0     45.0   20.0    157.8   1069.6   1068.6   0.808
20260403222940    119   1390.0   1465.0   20.0     52.6   1135.3   1132.7   0.898
20260403222940    119   1545.0   1560.0   20.0     57.4   1164.9   1204.7   0.701
20260403222940    121     60.0    135.0   20.0    156.5   1139.3   1138.5   0.930
20260403222940    122      0.0     10.0   20.0     30.6      0.0   1232.9   0.844
20260403222940    122     50.0    100.0   20.0     64.0   1217.9   1243.5   0.780
20260403222940    122    250.0    270.0   20.0     32.0   1302.0   1313.3   0.744
20260403222940    122    380.0    395.0   20.0     23.2   1339.2   1057.0   0.861
20260403222940    122   1150.0   1165.0   20.0     25.4   1059.3   1092.4   0.706
20260403222940    122   1565.0   1580.0   20.0     60.9   1287.9   1059.3   0.957
20260403222940    123    260.0    280.0   20.0     92.8   1040.9   1043.8   0.786
20260403222940    124    105.0    120.0   20.0     41.8   1567.5   1592.0   0.934
20260403222940    125     30.0     45.0   20.0     25.5   1047.1   1089.3   0.752
20260403222940    125    325.0    340.0   20.0     21.8   1106.6   1105.7   0.719
20260403222940    125    660.0    675.0   20.0     26.3   1161.6   1190.8   0.536
20260403222940    125    755.0    770.0   20.0     37.3   1163.8   1178.9   0.668
20260403222940    125    815.0    835.0   20.0     57.0   1185.6   1231.4   0.750
20260403222940    125    955.0    970.0   20.0    130.6   1263.3   1054.0   0.890
20260403222940    126     70.0     85.0   20.0     46.3   1455.5   1547.4   0.777
20260403222940    127    145.0    165.0   20.0     50.5   1059.3   1084.3   0.820
20260403222940    127    270.0    285.0   20.0     34.8   1081.5   1193.8   0.743
20260403222940    127    320.0    340.0   20.0    102.5   1144.0   1065.3   0.842
20260403222940    128     55.0     70.0   20.0     31.2   1277.2   1254.0   0.754
20260403222940    129    435.0    450.0   20.0     21.6   1047.1   1086.3   0.746
20260403222940    129    530.0    565.0   20.0     66.7   1132.5   1198.0   0.884
20260403222940    129    710.0    725.0   20.0    105.3   1178.7   1181.1   0.483
20260403222940    130     60.0     80.0   20.0    105.7   1306.9   1065.9   0.916
20260403222940    130   1025.0   1070.0   20.0    128.7   1069.7   1069.4   0.857
20260403222940    132   1265.0   1280.0   20.0     22.7   1129.3   1175.7   0.757
20260403222940    133    915.0    940.0   20.0    133.0   1059.7   1060.3   0.876
20260403222940    134    995.0   1010.0   20.0     47.7   1510.9   1512.1   0.736
20260403222940    134   1050.0   1065.0   20.0     51.0   1521.0   1516.6   0.831
20260403222940    136      5.0     20.0   20.0    105.8   1112.6   1111.8   0.672
20260403222940    136   1450.0   1520.0   20.0    108.6   1083.4   1082.2   0.847
20260403222940    137   1000.0   1030.0   20.0    138.1   1071.2   1390.5   0.832
20260403222940    137   1235.0   1250.0   20.0     40.5   1414.4   1426.4   0.789
20260403222940    137   1315.0   1330.0   20.0     96.5   1423.2   1451.9   0.889
20260403222940    138    300.0    315.0   20.0     87.0   1188.1   1088.9   0.808
20260403222940    138    375.0    390.0   20.0     55.5   1092.8   1090.7   0.668
20260403222940    138    695.0    710.0   20.0     34.3   1076.3   1130.8   0.774
20260403222940    138    810.0    825.0   20.0     40.6   1149.7   1197.8   0.690
20260403222940    140    505.0    520.0   20.0     57.3   1074.3   1074.6   0.748
20260403222940    140    840.0    855.0   20.0     83.4   1078.0   1078.3   0.792
20260403222940    140   1205.0   1220.0   20.0     31.6   1075.3   1111.9   0.818
20260403222940    140   1300.0   1315.0   20.0    290.0   1123.7   1203.6   0.753
20260403222940    140   1360.0   1405.0   20.0     68.8   1179.7   1258.7   0.730
20260403222940    140   1450.0   1470.0   20.0    123.0   1257.2   1074.4   0.907
20260403222940    141      5.0     35.0   20.0    179.2   1064.0   1466.8   0.922
20260403222940    141    535.0    550.0   20.0     33.9   1517.4   1523.9   0.914
20260403222940    141    920.0    935.0   20.0     41.0   1591.6   1606.2   0.816
20260403222940    142    550.0    700.0   20.0     91.3   1077.7   1465.1   0.855
20260403222940    142    760.0    810.0   20.0     36.3   1487.1   1590.0   0.777
20260403222940    143    885.0    945.0   20.0    112.2   1062.3   1062.3   0.779
20260403222940    144    690.0    705.0   20.0     44.9   1187.3   1150.2   0.872
20260403222940    145    710.0    725.0   20.0    155.6   1083.1   1083.7   0.640
20260403222940    146    595.0    615.0   20.0     99.3   1214.6   1216.2   0.838
20260403222940    146    780.0    795.0   20.0     31.4   1237.1   1243.1   0.781
20260403222940    146   1095.0   1110.0   20.0     22.0   1275.2   1289.2   0.733
20260403222940    147    870.0    905.0   20.0     41.7   1078.8   1122.1   0.660
20260403222940    147   1065.0   1080.0   20.0    175.9   1125.3   1348.3   0.845
20260403222940    147   1170.0   1185.0   20.0     22.4   1232.5   1125.3   0.941
20260403222940    149     80.0     95.0   20.0    308.4   1066.2   1590.5   0.867
20260403222940    149    430.0    450.0   20.0     69.5   1428.2   1539.7   0.802
20260403222940    150    530.0    545.0   20.0     44.2    695.6    699.6   0.721
20260403222940    150   1405.0   1420.0   20.0     26.4    706.8    704.4   0.608
20260403222940    150   1550.0   1565.0   20.0     26.7    706.7    709.0   0.719
20260403222940    150   1670.0   1685.0   20.0     27.3    707.0    705.1   0.687
20260403222940    151    670.0    685.0   20.0    102.0   1082.5   1085.6   0.603
20260403222940    154     15.0     30.0   20.0     23.4   1263.3   1337.2   0.471
20260403222940    154    685.0    700.0   20.0     38.0   1512.4   1523.4   0.800
20260403222940    154    855.0    870.0   20.0     95.4   1530.0   1611.2   0.771
20260403222940    155    130.0    145.0   20.0     32.7   1610.9   1621.7   0.879
20260403222940    156    405.0    420.0   20.0     21.3   1190.0   1203.5   0.780
20260403222940    157    100.0    120.0   20.0    152.5   1084.3   1083.7   0.831
20260403222940    159   1440.0   1455.0   20.0     24.1   1086.4   1058.8   0.746
20260403222940    160     95.0    110.0   20.0     55.9   1732.4   1708.0   0.892
20260403222940    160    145.0    210.0   20.0     41.0   1744.5   1710.8   0.931
20260403222940    160    315.0    330.0   20.0     60.9   1726.1   1713.0   0.870
20260403222940    160    385.0    405.0   20.0     56.9   1724.6   1710.6   0.903
20260403222940    160    445.0    515.0   20.0     70.5   1809.2   1809.2   0.920
20260403222940    160    570.0    585.0   20.0     90.2   1855.5   1730.4   0.772
20260403222940    160    650.0   1600.0   20.0     89.4   1703.8   1716.7   0.937
20260403222940    160   1640.0   1655.0   20.0     40.7   1736.7   1709.4   0.867
20260403222940    160   1720.0   1795.0   20.0     53.3   1710.9   1708.0   0.871
20260403222940    161    350.0    365.0   20.0     20.9   1024.3   1024.3   0.584
20260403222940    161   1095.0   1125.0   20.0     56.2   1035.2   1044.8   0.757
20260403222940    163    215.0    230.0   20.0     21.8   1087.3   1128.2   0.689
20260403222940    164     70.0    140.0   20.0    239.9   1089.2   1091.4   0.901
20260403222940    164   1535.0   1555.0   20.0     97.2   1117.4   1114.9   0.785
20260403222940    165    590.0    605.0   20.0     49.3   1102.7   1104.0   0.762
20260403222940    168     65.0     90.0   20.0    219.6   1127.3   1126.9   0.781
20260403222940    168   1275.0   1325.0   20.0     38.1   1134.5   1125.0   0.769
20260403222940    169   1055.0   1070.0   20.0     27.1   1109.2   1163.5   0.793
20260403222940    170    815.0    845.0   20.0    110.3   1094.0   1095.0   0.765
20260403222940    172    645.0    665.0   20.0    165.1   1118.6   1120.1   0.757
20260403222940    172   1325.0   1340.0   20.0     31.8   1119.9   1163.7   0.728
20260403222940    172   1715.0   1780.0   20.0     40.3   1221.8   1179.9   0.832
20260403222940    173     75.0     90.0   20.0     53.6   1089.4   1179.3   0.741
20260403222940    173    125.0    165.0   20.0    130.6   1194.0   1272.5   0.838
20260403222940    175    305.0    325.0   20.0     82.5   1117.0   1114.8   0.760
20260403222940    175    725.0    770.0   20.0     27.3   1209.7   1248.1   0.657
20260403222940    175    980.0    995.0   20.0     44.9   1178.7   1142.6   0.491
20260403222940    175   1140.0   1155.0   20.0     20.8   1163.9   1191.5   0.704
20260403222940    175   1505.0   1525.0   20.0     58.3   1200.4   1222.5   0.822
20260403222940    177    190.0    205.0   20.0     57.4   1122.5   1266.7   0.766
20260403222940    177    245.0    290.0   20.0     38.6   1312.1   1291.6   0.776
20260403222940    177    375.0    390.0   20.0     97.0   1282.9   1118.0   0.801
20260403222940    178    115.0    130.0   20.0     38.0   1154.3   1125.3   0.759
20260403222940    179    780.0    800.0   20.0     64.0   1115.9   1116.4   0.732
20260403222940    180    325.0    340.0   20.0    104.3   1133.3   1133.8   0.699
20260403222940    180    505.0    520.0   20.0     64.6   1133.9   1135.5   0.658
20260403222940    181    920.0    935.0   20.0     28.8   1132.7   1176.3   0.622
20260403222940    181    980.0   1000.0   20.0    203.6   1194.4   1195.7   0.932
20260403222940    181   1185.0   1220.0   20.0     57.6   1327.4   1397.5   0.875
20260403222940    181   1290.0   1340.0   20.0     36.9   1381.7   1446.8   0.768
20260403222940    181   1580.0   1665.0   20.0     41.3   1478.8   1522.4   0.828
20260403222940    184    520.0    595.0   20.0     72.5   1151.5   1377.6   0.849
20260403222940    184    630.0    655.0   20.0     29.1   1396.1   1407.6   0.734
20260403222940    184    710.0    725.0   20.0    150.4   1451.7   1667.2   0.786
20260403222940    185    645.0    690.0   20.0     79.6   1129.3   1244.9   0.751
20260403222940    185    730.0    780.0   20.0     64.0   1247.7   1236.8   0.703
20260403222940    185    955.0   1065.0   20.0    114.2   1221.4   1420.9   0.891
20260403222940    185   1105.0   1120.0   20.0     37.7   1425.1   1491.9   0.823
20260403222940    185   1425.0   1475.0   20.0     73.2   1371.2   1476.4   0.799
20260403222940    185   1555.0   1620.0   20.0     61.8   1436.2   1314.9   0.895
20260403222940    186    255.0    270.0   20.0     35.4   1168.5   1153.3   0.715
20260403222940    187    295.0    335.0   20.0     45.5   1129.0   1188.4   0.743
20260403222940    187    675.0    690.0   20.0     20.0   1200.4   1229.6   0.742
20260403222940    187    860.0    875.0   20.0     27.5   1262.4   1271.2   0.625
20260403222940    187    970.0    985.0   20.0     28.0   1263.4   1261.9   0.727
20260403222940    187   1230.0   1240.0   20.0     23.0   1277.7   1280.8   0.467
20260403222940    192    400.0    420.0   20.0     31.6   1166.8   1168.3   0.757
20260403222940    192    695.0    730.0   20.0     62.1   1189.6   1403.4   0.867
20260403222940    192    775.0    830.0   20.0     72.1   1427.2   1455.7   0.839
20260403222940    192    865.0    880.0   20.0    282.7   1452.3   1672.7   0.766
20260403222940    194     30.0     45.0   20.0     38.9   1151.7   1195.4   0.744
20260403222940    194    125.0    140.0   20.0     31.6   1265.0   1279.3   0.434
20260403222940    194    205.0    250.0   20.0     71.4   1292.6   1331.9   0.734
20260403222940    194    660.0    675.0   20.0     25.2   1181.7   1154.9   0.756
20260403222940    194    930.0    980.0   20.0    142.4   1158.7   1569.0   0.911
20260403222940    195    920.0    940.0   20.0    193.8   1152.0   1158.3   0.796
20260403222940    197      0.0     10.0   20.0     89.8      0.0   1157.9   0.511
20260403222940    197    690.0    705.0   20.0     59.7   1172.9   1173.3   0.680
20260403222940    198     45.0    130.0   20.0     93.4   1169.6   1168.7   0.814
20260403222940    198   1755.0   1770.0   20.0     58.5   1166.8   1164.8   0.763
20260403222940    201     45.0     60.0   20.0     22.5   1722.7   1750.5   0.856
20260403222940    201    380.0    395.0   20.0    159.3   1766.6   1801.2   0.796
20260403222940    202   1215.0   1235.0   20.0     39.4   1165.3   1166.0   0.704
20260403222940    202   1735.0   1770.0   20.0    100.0   1163.5   1162.7   0.883
20260403222940    203      0.0     25.0   20.0     34.6      0.0   1698.1   0.731
20260403222940    203    120.0    135.0   20.0     21.1   1689.4   1695.4   0.501
20260403222940    203   1320.0   1335.0   20.0     40.5   1633.1   1640.6   0.825
20260403222940    203   1370.0   1385.0   20.0     26.7   1628.4   1666.7   0.830
20260403222940    205     70.0     85.0   20.0     24.3   1174.8   1228.0   0.745
20260403222940    205    175.0    205.0   20.0     27.5   1223.5   1245.9   0.823
20260403222940    205    290.0    305.0   20.0     82.7   1263.0   1285.2   0.772
20260403222940    205    425.0    440.0   20.0     85.9   1261.3   1341.2   0.726
20260403222940    205    740.0    755.0   20.0     59.3   1259.7   1219.1   0.772
20260403222940    205    875.0    975.0   20.0     56.2   1237.9   1339.9   0.720
20260403222940    205   1040.0   1055.0   20.0     21.2   1341.1   1329.9   0.522
20260403222940    205   1745.0   1780.0   20.0     88.6   1294.6   1423.5   0.897
20260403222940    206      0.0     10.0   20.0     21.4      0.0   1191.2   0.740
20260403222940    206    210.0    230.0   20.0     32.4   1247.8   1381.9   0.848
20260403222940    206    465.0    480.0   20.0     24.0   1476.7   1486.8   0.799
20260403222940    211    470.0    505.0   20.0    128.3   1183.4   1183.3   0.790
20260403222940    211   1285.0   1300.0   20.0     50.9   1181.1   1181.3   0.522
20260403222940    213    805.0    825.0   20.0     89.3   1192.4   1188.7   0.829
20260403222940    215    115.0    130.0   20.0     22.8   1382.2   1430.6   0.777
20260403222940    215   1375.0   1390.0   20.0     24.4   1507.0   1476.1   0.803
20260403222940    216     25.0     70.0   20.0    219.1   1514.6   1207.4   0.909
20260403222940    216   1575.0   1590.0   20.0     40.0   1231.6   1289.0   0.846
20260403222940    216   1640.0   1670.0   20.0    111.1   1307.4   1204.9   0.806
20260403222940    217   1010.0   1025.0   20.0     22.4   1393.6   1424.2   0.586
20260403222940    218     35.0     55.0   20.0    201.6   1194.9   1196.8   0.775
20260403222940    218    110.0    140.0   20.0     61.2   1193.3   1193.5   0.746
20260403222940    218    195.0    210.0   20.0     37.2   1195.1   1198.9   0.755
20260403222940    218    840.0    855.0   20.0    207.6   1197.7   1196.1   0.833
20260403222940    218   1305.0   1320.0   20.0     28.6   1194.7   1194.5   0.720
20260403222940    219   1640.0   1655.0   20.0     89.5   1208.1   1206.4   0.546
20260403222940    220     75.0     90.0   20.0     26.3   1231.2   1212.0   0.720
20260403222940    220    215.0    230.0   20.0    121.9   1214.9   1213.1   0.706
20260403222940    221   1010.0   1030.0   20.0    135.5   1209.3   1514.2   0.855
20260403222940    221   1385.0   1400.0   20.0    134.1   1542.2   1542.9   0.727
20260403222940    222    275.0    290.0   20.0     90.1   1873.9   1799.4   0.741
20260403222940    223    755.0    775.0   20.0    188.6   1238.1   1232.4   0.813
20260403222940    224    175.0    190.0   20.0     49.8   1222.1   1225.1   0.783
20260403222940    224   1515.0   1530.0   20.0     38.3   1220.9   1221.1   0.720
20260403222940    226    325.0    340.0   20.0     25.2   1203.0   1203.5   0.476
20260403222940    226    580.0    595.0   20.0     34.5   1203.9   1205.3   0.571
20260403222940    226   1055.0   1070.0   20.0     42.3   1213.2   1206.5   0.438
20260403222940    227    355.0    375.0   20.0    132.5   1988.1   2031.9   0.886
20260403222940    230   1000.0   1015.0   20.0     29.5    413.3    413.6   0.651
20260403222940    232     45.0     60.0   20.0     31.6   1247.0   1299.7   0.727
20260403222940    232    105.0    135.0   20.0    189.1   1299.8   1577.5   0.855
20260403222940    232    175.0    190.0   20.0     20.5   1557.7   1246.9   0.854
20260403222940    232    430.0    445.0   20.0     34.4   1248.3   1289.3   0.737
20260403222940    232    705.0    720.0   20.0     46.7   1325.5   1298.5   0.738
20260403222940    232    800.0    855.0   20.0     73.5   1296.6   1312.2   0.793
20260403222940    232   1185.0   1225.0   20.0     32.0   1341.7   1337.5   0.738
20260403222940    232   1440.0   1455.0   20.0     24.5   1343.3   1412.9   0.716
20260403222940    233    250.0    270.0   20.0    196.0   1242.3   1244.3   0.789
20260403222940    233   1670.0   1690.0   20.0     78.7   1241.3   1237.8   0.763
20260403222940    235   1645.0   1660.0   20.0    190.6   1253.6   1562.2   0.835
20260403222940    235   1735.0   1755.0   20.0    213.2   1582.0   1593.4   0.875
20260403222940    236   1360.0   1375.0   20.0     35.3   1353.0   1411.1   0.861
20260403222940    236   1510.0   1620.0   20.0    130.8   1453.6   1380.7   0.919
20260403222940    237   1630.0   1640.0   20.0     28.7   1247.6   1251.2   0.422
20260403222940    239    830.0    840.0   20.0     32.0   1260.7   1268.4   0.418
20260403222940    240    150.0    170.0   20.0     99.8   1282.0   1281.8   0.781
20260403222940    240   1415.0   1435.0   20.0    111.1   1275.3   1269.5   0.818
20260403222940    242      0.0    125.0   20.0     79.1      0.0   2214.9   0.824
20260403222940    242    170.0    490.0   20.0     47.1   2211.0   2247.6   0.825
20260403222940    242    715.0    735.0   20.0     33.5   2226.3   2228.7   0.853
20260403222940    242    810.0    875.0   20.0     53.8   2235.0   2235.4   0.785
20260403222940    242    920.0   1165.0   20.0     56.2   2234.8   2237.3   0.803
20260403222940    242   1450.0   1470.0   20.0     52.3   2224.8   2233.7   0.822
20260403222940    242   1505.0   1565.0   20.0     56.4   2236.4   2235.7   0.799
20260403222940    244    245.0    350.0   20.0     61.0   1293.7   1615.0   0.793
20260403222940    244    455.0    485.0   20.0     23.3   1670.3   1719.0   0.738
20260403222940    244    710.0    755.0   20.0     46.7   1711.8   1748.9   0.811
20260403222940    244   1055.0   1070.0   20.0     42.9   1614.8   1572.3   0.759
20260403222940    246    725.0    745.0   20.0     67.9   1316.4   1317.0   0.766
20260403222940    247    105.0    150.0   20.0     77.8   2124.2   2146.3   0.831
20260403222940    248     15.0     35.0   20.0     45.6   1336.6   1401.3   0.736
20260403222940    248     80.0     95.0   20.0     82.0   1416.6   1340.7   0.762
20260403222940    248    300.0    360.0   20.0     61.7   1338.7   1588.1   0.863
20260403222940    248    565.0    595.0   20.0     39.1   1564.3   1565.1   0.608
20260403222940    248    705.0    790.0   20.0     33.1   1591.2   1633.2   0.696
20260403222940    248    940.0    955.0   20.0     27.3   1664.2   1674.1   0.552
20260403222940    249    140.0    155.0   20.0    210.5   1285.3   1291.6   0.759
20260403222940    249    285.0    340.0   20.0     96.1   1287.0   1776.8   0.795
20260403222940    249    505.0    515.0   20.0     21.0   1742.7   1738.0   0.502
20260403222940    249    555.0    580.0   20.0     29.3   1738.1   1792.6   0.720
20260403222940    250     10.0     35.0   20.0     82.3   1909.0   1953.1   0.856
20260403222940    250    135.0    150.0   20.0     59.5   1951.7   2024.3   0.831
20260403222940    250    495.0    510.0   20.0     33.9   1893.2   1928.6   0.904
20260403222940    250    545.0    560.0   20.0    135.2   1936.4   2072.5   0.869
20260403222940    251    960.0    975.0   20.0     23.6   1938.4   1954.6   0.881
20260403222940    252     15.0     30.0   20.0     24.1   1324.4   1358.2   0.718
20260403222940    254    320.0    440.0   20.0     89.0   1347.6   1389.1   0.851
20260403222940    254    620.0    635.0   20.0     27.9   1367.4   1332.6   0.813
20260403222940    254    730.0    885.0   20.0     88.1   1345.6   1565.8   0.841
20260403222940    254    965.0   1050.0   20.0     44.7   1589.6   1668.1   0.708
20260403222940    254   1090.0   1140.0   20.0     39.0   1682.8   1635.0   0.628
20260403222940    254   1235.0   1250.0   20.0    112.5   1660.6   1444.4   0.682
20260403222940    254   1285.0   1320.0   20.0    112.4   1447.0   1493.3   0.837
20260403222940    254   1355.0   1370.0   20.0    122.2   1515.4   1626.6   0.752
20260403222940    254   1455.0   1470.0   20.0     29.8   1493.7   1316.9   0.835
20260403222940    255    100.0    115.0   20.0     26.7   1332.2   1336.0   0.756
20260403222940    255    280.0    315.0   20.0     27.8   1496.0   1569.7   0.814
20260403222940    255    365.0    380.0   20.0     73.2   1591.9   1681.6   0.762
20260403222940    255    415.0    620.0   20.0    247.4   1683.4   1636.2   0.859
20260403222940    255    675.0    775.0   20.0    174.2   1672.4   1705.8   0.815
20260403222940    255    810.0    960.0   20.0    106.7   1713.3   2266.1   0.816
20260403222940    255   1000.0   1075.0   20.0    358.1   2306.2   1974.6   0.871
20260403222940    255   1525.0   1540.0   20.0    277.9   1851.4   1995.4   0.697
20260403222940    255   1590.0   1620.0   20.0    161.8   1983.6   2156.9   0.753
20260403230259      1     70.0    100.0   20.0    106.7   1176.6   1174.5   0.755
20260403230259      2    265.0    285.0   20.0    156.0   1167.7   1170.4   0.763
20260403230259      2    325.0    340.0   20.0     64.8   1167.6   1229.3   0.588
20260403230259      2    520.0    535.0   20.0     29.4   1231.5   1264.5   0.742
20260403230259      2    670.0    725.0   20.0     25.0   1270.7   1314.4   0.767
20260403230259      2    775.0    855.0   20.0    108.7   1311.7   1359.0   0.829
20260403230259      2    985.0   1005.0   20.0     28.6   1392.7   1389.7   0.837
20260403230259      2   1205.0   1240.0   20.0     32.6   1464.0   1523.8   0.886
20260403230259      5    895.0    910.0   20.0     31.0   1161.2   1216.8   0.825
20260403230259      5    955.0   1010.0   20.0     33.5   1234.5   1460.7   0.832
20260403230259      5   1055.0   1070.0   20.0     21.9   1441.7   1359.2   0.744
20260403230259      5   1165.0   1185.0   20.0     92.1   1316.1   1320.6   0.847
20260403230259      7    925.0    940.0   20.0    236.0   1157.3   1160.1   0.833
20260403230259      7   1500.0   1515.0   20.0     67.2   1157.0   1151.6   0.657
20260403230259      8    145.0    160.0   20.0     47.3   1162.2   1220.8   0.768
20260403230259      8    200.0    215.0   20.0     25.4   1246.0   1335.4   0.767
20260403230259      8    290.0    335.0   20.0     97.5   1323.7   1312.6   0.758
20260403230259      8    410.0    450.0   20.0     79.6   1314.9   1521.0   0.847
20260403230259      8    585.0    600.0   20.0     55.0   1616.3   1611.4   0.820
20260403230259      8    670.0    680.0   20.0     25.3   1669.2   1690.1   0.528
20260403230259      9      0.0     15.0   20.0    254.9      0.0   1154.9   0.765
20260403230259      9    985.0   1000.0   20.0     24.0   1158.9   1205.3   0.741
20260403230259      9   1780.0   1795.0   20.0    226.3   1233.5   1670.9   0.865
20260403230259     10    350.0    405.0   20.0     63.1   1592.0   1593.4   0.832
20260403230259     10    765.0    780.0   20.0     21.2   1590.4   1590.1   0.781
20260403230259     10    885.0    900.0   20.0     53.0   1596.4   1657.8   0.795
20260403230259     11      0.0     15.0   20.0    189.8      0.0   1152.6   0.808
20260403230259     11    605.0    620.0   20.0    134.5   1166.8   1243.2   0.894
20260403230259     11    735.0    750.0   20.0     25.2   1208.9   1171.0   0.820
20260403230259     11    895.0    910.0   20.0     32.1   1175.6   1235.1   0.675
20260403230259     11    950.0    970.0   20.0    233.6   1243.8   1266.0   0.728
20260403230259     11   1195.0   1235.0   20.0     49.7   1303.1   1420.0   0.807
20260403230259     11   1295.0   1310.0   20.0     27.8   1441.5   1447.3   0.736
20260403230259     12      0.0     15.0   20.0     22.4      0.0   1603.8   0.863
20260403230259     12     90.0    105.0   20.0     29.2   1606.7   1621.4   0.649
20260403230259     13    920.0    935.0   20.0    155.2   1159.8   1157.2   0.790
20260403230259     14    935.0    950.0   20.0     41.4    906.8    920.0   0.611
20260403230259     15     75.0     90.0   20.0     23.5   1146.3   1146.2   0.705
20260403230259     17    525.0    540.0   20.0     51.4   1131.1   1131.5   0.813
20260403230259     17    670.0    810.0   20.0    205.8   1140.9   1405.4   0.854
20260403230259     17    870.0    920.0   20.0     28.4   1467.3   1497.5   0.668
20260403230259     17   1060.0   1080.0   20.0     84.5   1543.0   1528.7   0.663
20260403230259     17   1380.0   1395.0   20.0     31.7   1507.7   1506.9   0.812
20260403230259     18    510.0    580.0   20.0    226.8   1138.2   1457.2   0.799
20260403230259     18    630.0    645.0   20.0     21.7   1435.4   1521.9   0.856
20260403230259     18    850.0    930.0   20.0     27.5   1547.2   1620.0   0.812
20260403230259     23    765.0    780.0   20.0     24.8   1137.3   1203.0   0.788
20260403230259     23   1405.0   1425.0   20.0     68.8   1228.5   1389.6   0.930
20260403230259     24    225.0    240.0   20.0     57.4   1120.8   1208.0   0.875
20260403230259     24    350.0    370.0   20.0     52.6   1123.0   1124.2   0.782
20260403230259     24   1745.0   1765.0   20.0     57.9   1121.8   1122.0   0.776
20260403230259     25    560.0    575.0   20.0     97.4   1132.6   1136.3   0.678
20260403230259     26    745.0    760.0   20.0     31.7   1381.8   1394.7   0.673
20260403230259     29    605.0    625.0   20.0    139.9   1173.7   1445.3   0.927
20260403230259     32   1455.0   1470.0   20.0     45.9   1123.5   1168.3   0.756
20260403230259     32   1505.0   1520.0   20.0    272.9   1193.9   1632.8   0.846
20260403230259     33    910.0    925.0   20.0     21.0   1115.8   1117.5   0.781
20260403230259     33   1705.0   1715.0   20.0     37.6   1143.5   1112.2   0.493
20260403230259     34    235.0    250.0   20.0    122.6   1104.4   1105.5   0.744
20260403230259     34    910.0    925.0   20.0     66.2   1117.2   1108.8   0.727
20260403230259     34   1370.0   1385.0   20.0     27.1   1107.1   1105.7   0.695
20260403230259     34   1615.0   1630.0   20.0     96.9   1108.5   1111.1   0.852
20260403230259     35    705.0    725.0   20.0    132.6   1111.9   1391.5   0.866
20260403230259     35    780.0    795.0   20.0     33.7   1430.2   1478.1   0.775
20260403230259     35    830.0    845.0   20.0     20.8   1462.6   1462.3   0.771
20260403230259     35    890.0    940.0   20.0     35.6   1432.0   1403.4   0.886
20260403230259     36    145.0    160.0   20.0     33.3   1092.3   1143.8   0.742
20260403230259     36    200.0    265.0   20.0     44.7   1152.1   1270.9   0.771
20260403230259     36    735.0    750.0   20.0     78.6   1472.8   1546.7   0.901
20260403230259     36    860.0    875.0   20.0     53.7   1430.6   1449.5   0.737
20260403230259     37      0.0     45.0   20.0     64.8      0.0   1508.8   0.836
20260403230259     37    175.0    190.0   20.0     27.6   1582.4   1600.5   0.753
20260403230259     37    250.0    265.0   20.0     39.0   1626.2   1700.4   0.743
20260403230259     38    180.0    195.0   20.0     20.6   1194.3   1237.8   0.765
20260403230259     38    545.0    560.0   20.0     67.4   1219.6   1408.8   0.851
20260403230259     38    805.0    820.0   20.0     60.4   1487.9   1549.5   0.731
20260403230259     40   1000.0   1025.0   20.0     88.7   1104.4   1100.2   0.765
20260403230259     41    770.0    790.0   20.0     36.3   1093.7   1095.9   0.734
20260403230259     43    575.0    630.0   20.0    136.1   1095.8   1466.1   0.839
20260403230259     45    475.0    495.0   20.0    119.6   1104.1   1352.2   0.886
20260403230259     45    545.0    560.0   20.0     60.4   1377.7   1367.8   0.776
20260403230259     45    680.0    695.0   20.0     24.3   1393.1   1408.5   0.665
20260403230259     46     60.0     75.0   20.0     23.3   1535.2   1493.4   0.582
20260403230259     48    480.0    495.0   20.0     42.4    274.8    295.9   0.735
20260403230259     50    580.0    610.0   20.0    125.1   1081.7   1086.7   0.878
20260403230259     51    540.0    565.0   20.0     92.4   1077.6   1076.6   0.816
20260403230259     51   1550.0   1565.0   20.0     20.1   1085.8   1134.3   0.822
20260403230259     51   1725.0   1740.0   20.0     20.8   1177.1   1174.5   0.539
20260403230259     52     45.0     60.0   20.0     26.7   1676.8   1570.1   0.681
20260403230259     53    115.0    135.0   20.0    146.0   1085.3   1083.9   0.835
20260403230259     53   1025.0   1080.0   20.0    164.2   1092.3   1095.3   0.838
20260403230259     53   1720.0   1735.0   20.0     28.2   1084.8   1151.1   0.709
20260403230259     55    110.0    125.0   20.0     40.9   1087.4   1178.8   0.772
20260403230259     55    260.0    270.0   20.0     26.6   1176.0   1178.4   0.624
20260403230259     55    435.0    450.0   20.0     32.3   1225.0   1250.2   0.799
20260403230259     55    590.0    605.0   20.0     25.2   1229.8   1233.0   0.832
20260403230259     55    650.0    670.0   20.0     25.0   1235.2   1259.9   0.785
20260403230259     55    825.0    865.0   20.0    190.6   1254.2   1257.0   0.918
20260403230259     55   1045.0   1060.0   20.0     35.2   1258.0   1196.2   0.874
20260403230259     56    640.0    710.0   20.0     76.5   1097.2   1090.2   0.803
20260403230259     57    280.0    295.0   20.0     23.9   1145.3   1124.5   0.724
20260403230259     57   1120.0   1135.0   20.0     37.1   1158.3   1136.6   0.650
20260403230259     60     35.0     50.0   20.0     29.4   1321.9   1366.3   0.807
20260403230259     60    170.0    195.0   20.0    129.8   1386.9   1190.4   0.789
20260403230259     60    940.0    955.0   20.0     53.9   1159.4   1209.7   0.758
20260403230259     60   1010.0   1035.0   20.0     52.5   1210.6   1156.7   0.788
20260403230259     61   1430.0   1445.0   20.0     68.1   1075.5   1283.9   0.818
20260403230259     61   1490.0   1515.0   20.0    199.2   1329.5   1078.3   0.850
20260403230259     61   1650.0   1670.0   20.0    113.5   1075.1   1282.0   0.838
20260403230259     62     25.0     40.0   20.0     27.9   1068.4   1105.8   0.780
20260403230259     62    645.0    660.0   20.0     20.3   1164.3   1148.2   0.860
20260403230259     62    770.0    785.0   20.0     55.5   1143.3   1073.3   0.780
20260403230259     62   1375.0   1390.0   20.0     34.9   1070.3   1123.2   0.749
20260403230259     62   1605.0   1620.0   20.0     47.0   1147.5   1231.0   0.796
20260403230259     64    435.0    450.0   20.0     59.1   1058.6   1059.6   0.735
20260403230259     64    940.0    960.0   20.0     77.1   1059.3   1057.8   0.750
20260403230259     64   1410.0   1435.0   20.0     74.8   1054.7   1050.9   0.779
20260403230259     65    605.0    625.0   20.0     61.3   1068.6   1071.5   0.659
20260403230259     66    170.0    185.0   20.0     20.4   1466.6   1522.5   0.847
20260403230259     66   1580.0   1595.0   20.0     21.4   1586.3   1640.2   0.809
20260403230259     67    185.0    240.0   20.0    192.2   1062.3   1100.4   0.905
20260403230259     67    450.0    480.0   20.0    104.6   1112.6   1104.7   0.919
20260403230259     67    530.0    545.0   20.0     34.0   1115.9   1191.3   0.812
20260403230259     67    665.0    725.0   20.0     34.4   1275.2   1406.7   0.828
20260403230259     69    430.0    445.0   20.0    172.5   1074.3   1076.5   0.722
20260403230259     71    310.0    325.0   20.0    126.8   1138.9   1388.6   0.832
20260403230259     73   1020.0   1035.0   20.0     27.1   1087.0   1204.4   0.735
20260403230259     73   1350.0   1365.0   20.0    102.0   1142.5   1082.5   0.654
20260403230259     75    160.0    185.0   20.0    132.7   1062.3   1063.8   0.796
20260403230259     75    220.0    235.0   20.0     81.4   1061.1   1060.6   0.689
20260403230259     75    615.0    630.0   20.0     58.1   1117.5   1066.8   0.728
20260403230259     75    685.0    710.0   20.0    115.1   1070.4   1069.1   0.869
20260403230259     75    840.0    855.0   20.0     42.3   1071.5   1069.7   0.708
20260403230259     75   1555.0   1570.0   20.0     67.1   1070.9   1068.8   0.804
20260403230259     76    340.0    385.0   20.0     37.1   1085.7   1254.3   0.819
20260403230259     76    420.0    515.0   20.0     80.4   1273.4   1480.6   0.828
20260403230259     76    575.0    590.0   20.0     26.0   1414.2   1435.8   0.761
20260403230259     76    655.0    670.0   20.0     50.0   1346.4   1461.2   0.680
20260403230259     77   1655.0   1670.0   20.0     44.7   1054.3   1146.6   0.863
20260403230259     77   1705.0   1720.0   20.0     24.3   1164.7   1176.6   0.548
20260403230259     79   1360.0   1385.0   20.0    299.7   1059.2   1061.5   0.881
20260403230259     79   1790.0   1800.0   20.0     22.2   1062.9   1060.8   0.576
20260403230259     80    370.0    385.0   20.0     24.7   1076.0   1052.2   0.725
20260403230259     81    155.0    225.0   20.0     39.1   1072.5   1171.3   0.848
20260403230259     81    570.0    590.0   20.0     82.1   1138.6   1161.7   0.866
20260403230259     81   1115.0   1130.0   20.0    108.0   1137.4   1276.1   0.881
20260403230259     81   1220.0   1235.0   20.0     24.3   1181.4   1216.5   0.696
20260403230259     82     60.0     75.0   20.0     22.4   1454.3   1479.4   0.631
20260403230259     82    705.0    720.0   20.0     53.7   1613.6   1612.4   0.847
20260403230259     82   1020.0   1175.0   20.0    225.4   1632.9   1619.3   0.918
20260403230259     83    560.0    575.0   20.0    124.0   1057.3   1318.5   0.880
20260403230259     83    700.0    715.0   20.0     20.8   1348.4   1372.0   0.745
20260403230259     83   1000.0   1030.0   20.0    120.7   1426.6   1431.6   0.858
20260403230259     84   1355.0   1375.0   20.0    147.7   1064.7   1064.8   0.836
20260403230259     84   1420.0   1485.0   20.0    166.3   1066.4   1400.0   0.896
20260403230259     84   1520.0   1570.0   20.0     54.9   1374.8   1422.4   0.856
20260403230259     84   1660.0   1695.0   20.0     82.9   1349.1   1428.1   0.708
20260403230259     85    105.0    120.0   20.0     60.7   1063.9   1122.0   0.732
20260403230259     85    240.0    285.0   20.0     41.1   1179.8   1280.8   0.877
20260403230259     85    395.0    410.0   20.0     40.8   1314.8   1415.2   0.786
20260403230259     87    135.0    150.0   20.0     23.8   1100.6   1123.6   0.715
20260403230259     88   1495.0   1570.0   20.0     47.8   1147.3   1261.1   0.827
20260403230259     88   1660.0   1675.0   20.0    127.8   1319.3   1504.3   0.816
20260403230259     89    595.0    625.0   20.0    296.4   1073.4   1578.9   0.849
20260403230259     89    660.0    685.0   20.0     81.7   1620.2   1587.5   0.826
20260403230259     89    815.0    830.0   20.0    113.0   1486.5   1169.7   0.922
20260403230259     89   1285.0   1300.0   20.0     22.2   1069.1   1097.3   0.722
20260403230259     89   1555.0   1575.0   20.0     84.1   1139.6   1135.3   0.896
20260403230259     90   1260.0   1275.0   20.0     84.8    452.3    453.3   0.744
20260403230259     94    695.0    710.0   20.0     65.2   1074.2   1069.8   0.789
20260403230259     94   1080.0   1095.0   20.0     53.2   1074.6   1155.5   0.762
20260403230259     94   1135.0   1150.0   20.0     28.6   1240.3   1329.9   0.782
20260403230259     94   1205.0   1220.0   20.0     43.5   1323.1   1358.0   0.503
20260403230259     96    585.0    605.0   20.0     48.3   1068.3   1066.4   0.751
20260403230259     97    690.0    705.0   20.0     21.9   1093.8   1060.3   0.655
20260403230259     99     20.0     35.0   20.0     50.3   1056.1   1115.9   0.732
20260403230259     99    100.0    115.0   20.0     31.4   1181.5   1207.7   0.616
20260403230259     99    235.0    250.0   20.0    117.4   1200.2   1054.6   0.791
20260403230259     99   1095.0   1110.0   20.0     92.2   1068.4   1071.1   0.837
20260403230259    101   1680.0   1695.0   20.0     21.1   1070.8   1100.9   0.744
20260403230259    103    555.0    570.0   20.0     25.0   1608.1   1661.3   0.898
20260403230259    104   1065.0   1115.0   20.0     68.5   1077.3   1277.5   0.784
20260403230259    104   1150.0   1210.0   20.0    103.2   1291.9   1069.1   0.887
20260403230259    104   1340.0   1365.0   20.0    163.3   1072.9   1434.3   0.887
20260403230259    104   1585.0   1600.0   20.0     29.0   1292.7   1239.0   0.900
20260403230259    104   1730.0   1745.0   20.0     23.4   1061.2   1112.2   0.807
20260403230259    104   1780.0   1800.0   20.0     56.0   1139.4   1179.3   0.742
20260403230259    105   1165.0   1185.0   20.0     76.1   1044.6   1046.7   0.821
20260403230259    106    125.0    140.0   20.0     81.7   1046.9   1047.0   0.698
20260403230259    106    445.0    530.0   20.0     72.8   1062.2   1326.6   0.759
20260403230259    106    570.0    615.0   20.0    103.5   1348.0   1438.7   0.745
20260403230259    107   1020.0   1035.0   20.0     57.2   1267.7   1259.6   0.589
20260403230259    108    950.0   1065.0   19.9     82.0   1067.8   1264.5   0.900
20260403230259    108   1125.0   1140.0   20.0     26.2   1262.7   1295.4   0.781
20260403230259    109     20.0     35.0   20.0    101.0   1031.4   1031.3   0.706
20260403230259    109    410.0    425.0   20.0     73.6   1039.1   1031.0   0.778
20260403230259    109   1390.0   1465.0   20.0    126.5   1049.3   1037.0   0.848
20260403230259    109   1660.0   1675.0   20.0     24.4   1038.0   1075.6   0.719
20260403230259    110    495.0    530.0   20.0     88.5   1119.4   1117.7   0.842
20260403230259    112     35.0     50.0   20.0     44.3   1053.0   1337.9   0.796
20260403230259    112    180.0    210.0   20.0    231.6   1406.0   1054.1   0.855
20260403230259    112   1610.0   1625.0   20.0     52.3   1052.7   1055.1   0.610
20260403230259    113    180.0    195.0   20.0     80.9   1038.3   1040.0   0.575
20260403230259    113   1385.0   1400.0   20.0    122.7   1047.8   1044.3   0.790
20260403230259    114    120.0    135.0   20.0     49.9   1070.6   1069.2   0.791
20260403230259    114   1010.0   1030.0   20.0     69.2   1073.2   1074.6   0.746
20260403230259    121    725.0    740.0   20.0     32.8   1093.1   1126.6   0.780
20260403230259    122    170.0    185.0   20.0     25.2   1286.5   1337.2   0.807
20260403230259    122   1620.0   1635.0   20.0     23.6   1102.1   1137.9   0.809
20260403230259    123    665.0    685.0   20.0    203.9   1043.8   1044.2   0.840
20260403230259    123    825.0    845.0   20.0     29.9   1045.7   1107.9   0.729
20260403230259    123   1185.0   1200.0   20.0     53.3   1128.2   1216.8   0.925
20260403230259    123   1420.0   1435.0   20.0     25.9   1334.3   1354.2   0.810
20260403230259    126    900.0    915.0   20.0     31.0   1345.6   1442.1   0.756
20260403230259    128    560.0    615.0   20.0     60.8   1067.5   1065.7   0.815
20260403230259    128   1635.0   1650.0   20.0     33.9   1059.1   1203.9   0.791
20260403230259    128   1735.0   1750.0   20.0     64.3   1146.0   1139.2   0.835
20260403230259    129   1295.0   1310.0   20.0     53.3   1052.8   1054.3   0.557
20260403230259    130    390.0    405.0   20.0     22.9   1135.6   1160.3   0.720
20260403230259    130    465.0    480.0   20.0     37.9   1156.1   1168.0   0.636
20260403230259    130    625.0    640.0   20.0     62.2   1205.3   1281.9   0.727
20260403230259    130    975.0    990.0   20.0     20.5   1401.3   1448.5   0.789
20260403230259    132      0.0     10.0   20.0     34.8      0.0   1151.3   0.658
20260403230259    132    285.0    300.0   20.0     27.8   1180.5   1156.1   0.811
20260403230259    133   1685.0   1700.0   20.0     36.7   1065.3   1107.6   0.734
20260403230259    134    570.0    615.0   20.0     71.6   1603.4   1608.5   0.889
20260403230259    134    750.0    765.0   20.0     35.9   1577.6   1606.5   0.835
20260403230259    134   1030.0   1045.0   20.0     36.2   1576.7   1639.4   0.802
20260403230259    134   1210.0   1225.0   20.0     55.4   1625.2   1700.9   0.911
20260403230259    138    550.0    570.0   20.0    130.8   1069.0   1070.0   0.915
20260403230259    139   1720.0   1735.0   20.0     58.1   1083.7   1057.3   0.696
20260403230259    140   1735.0   1755.0   20.0    116.2   1068.3   1069.7   0.830
20260403230259    142    340.0    355.0   20.0     30.5   1072.4   1112.5   0.739
20260403230259    142    435.0    450.0   20.0     33.3   1177.8   1318.8   0.829
20260403230259    142    505.0    570.0   20.0     90.8   1340.4   1075.4   0.920
20260403230259    142    690.0    730.0   20.0    154.7   1080.4   1083.9   0.858
20260403230259    142   1355.0   1380.0   20.0    111.7   1065.2   1557.8   0.891
20260403230259    145    710.0    725.0   20.0    252.0   1085.9   1568.9   0.827
20260403230259    147    205.0    220.0   20.0     80.1   1078.1   1079.4   0.756
20260403230259    147    925.0    945.0   20.0    117.1   1079.0   1079.0   0.822
20260403230259    147   1100.0   1130.0   20.0     99.8   1078.4   1077.9   0.848
20260403230259    148     35.0     50.0   20.0    157.7   1068.4   1065.2   0.827
20260403230259    150     10.0     25.0   20.0     39.6    666.1    666.3   0.690
20260403230259    150     70.0     85.0   20.0     40.3    670.2    664.0   0.727
20260403230259    150    290.0    305.0   20.0     53.7    698.2    692.4   0.706
20260403230259    150    400.0    415.0   20.0     44.6    700.1    706.6   0.652
20260403230259    150    530.0    580.0   20.0     48.0    712.6    711.2   0.746
20260403230259    150    640.0    705.0   20.0     50.3    714.9    711.1   0.736
20260403230259    150    785.0    800.0   20.0     40.5    709.2    713.2   0.704
20260403230259    150    850.0    865.0   20.0     45.3    702.3    706.1   0.663
20260403230259    150   1020.0   1085.0   20.0     49.2    711.7    718.0   0.697
20260403230259    150   1145.0   1160.0   20.0     40.7    716.2    710.6   0.707
20260403230259    150   1270.0   1285.0   20.0     43.7    715.3    715.5   0.432
20260403230259    150   1480.0   1510.0   20.0     45.8    714.3    710.8   0.720
20260403230259    150   1590.0   1605.0   20.0     48.7    705.4    700.8   0.566
20260403230259    150   1645.0   1700.0   20.0     47.9    706.4    717.1   0.706
20260403230259    151    440.0    455.0   20.0    181.7   1151.6   1517.7   0.835
20260403230259    152    315.0    360.0   20.0    122.6   1065.3   1067.7   0.852
20260403230259    152   1560.0   1575.0   20.0     21.4   1071.8   1073.0   0.786
20260403230259    158    705.0    720.0   20.0     22.0   1080.4   1108.9   0.795
20260403230259    159      5.0     20.0   20.0     72.8   1057.4   1057.2   0.707
20260403230259    159    335.0    350.0   20.0     29.5   1063.5   1123.6   0.741
20260403230259    159    735.0    755.0   20.0     29.4   1145.1   1157.0   0.838
20260403230259    159    825.0    865.0   20.0     24.1   1158.5   1243.5   0.812
20260403230259    159    935.0    950.0   20.0     41.4   1252.9   1250.8   0.763
20260403230259    159   1090.0   1105.0   20.0     46.6   1241.6   1342.4   0.924
20260403230259    159   1225.0   1240.0   20.0     27.5   1333.9   1335.4   0.759
20260403230259    161    830.0    840.0   20.0     42.6   1026.9   1026.9   0.405
20260403230259    161   1000.0   1015.0   20.0     46.7   1050.4   1059.8   0.785
20260403230259    161   1500.0   1515.0   20.0     22.1   1039.2   1039.2   0.556
20260403230259    161   1750.0   1765.0   20.0     20.4   1049.1   1045.6   0.823
20260403230259    164   1325.0   1340.0   20.0     28.2   1122.9   1120.1   0.731
20260403230259    164   1585.0   1640.0   20.0     51.8   1133.9   1257.7   0.767
20260403230259    164   1715.0   1730.0   20.0     36.1   1288.5   1305.2   0.537
20260403230259    165    160.0    185.0   20.0     70.7   1093.6   1095.5   0.761
20260403230259    165    510.0    565.0   20.0    203.4   1146.3   1194.7   0.805
20260403230259    165    645.0    660.0   20.0     35.3   1244.9   1198.3   0.485
20260403230259    165    705.0    755.0   20.0     54.2   1267.7   1515.8   0.772
20260403230259    165   1165.0   1280.0   20.0     57.6   1525.5   1488.7   0.927
20260403230259    165   1435.0   1450.0   20.0     83.5   1383.5   1093.0   0.891
20260403230259    166   1755.0   1775.0   20.0    177.6   1137.2   1133.7   0.879
20260403230259    167    370.0    385.0   20.0     26.3   1093.4   1151.4   0.728
20260403230259    167    685.0    715.0   20.0    124.2   1215.8   1097.8   0.887
20260403230259    167   1430.0   1455.0   20.0    149.1   1100.0   1102.4   0.782
20260403230259    171    265.0    325.0   20.0     53.2   1161.8   1263.3   0.879
20260403230259    171    900.0    915.0   20.0     85.7   1333.1   1432.4   0.768
20260403230259    172    435.0    450.0   20.0     60.5   1120.7   1121.5   0.728
20260403230259    175    795.0    810.0   20.0     22.7   1225.5   1215.5   0.447
20260403230259    175   1625.0   1640.0   20.0     40.2   1299.0   1348.4   0.760
20260403230259    176    325.0    335.0   20.0     21.7   1129.1   1125.0   0.404
20260403230259    176    580.0    595.0   20.0     43.4   1144.3   1130.2   0.727
20260403230259    176   1720.0   1740.0   20.0     70.7   1143.5   1121.4   0.789
20260403230259    178    790.0    860.0   20.0    265.4   1120.3   1131.3   0.926
20260403230259    179    650.0    665.0   20.0     52.5   1190.6   1274.6   0.819
20260403230259    179    710.0    725.0   20.0     65.6   1272.8   1303.0   0.439
20260403230259    182    120.0    135.0   20.0     21.3   1227.4   1308.9   0.727
20260403230259    182    315.0    330.0   20.0     23.8   1325.3   1359.6   0.526
20260403230259    184      0.0    145.0   20.0    125.4      0.0   1889.2   0.831
20260403230259    184    235.0    360.0   20.0     65.3   1873.2   1870.6   0.845
20260403230259    184    395.0   1800.0   19.9    100.3   1871.5   1944.7   0.876
20260403230259    185   1050.0   1080.0   20.0    333.0   1113.7   1114.4   0.904
20260403230259    185   1660.0   1675.0   20.0     21.5   1117.4   1157.1   0.748
20260403230259    186      5.0     50.0   20.0     92.8   1147.5   1145.3   0.874
20260403230259    186    910.0    925.0   20.0     20.5   1143.7   1143.7   0.479
20260403230259    189    170.0    185.0   20.0     75.6   1909.3   1995.2   0.861
20260403230259    189   1565.0   1580.0   20.0     55.1   2076.9   2044.9   0.849
20260403230259    191    165.0    205.0   20.0     43.4    994.2    995.5   0.871
20260403230259    193    195.0    210.0   20.0     45.6   1147.1   1146.0   0.776
20260403230259    193   1120.0   1135.0   20.0     98.2   1164.6   1163.1   0.785
20260403230259    193   1315.0   1335.0   20.0     79.7   1171.8   1350.3   0.872
20260403230259    193   1395.0   1410.0   20.0    120.9   1379.4   1419.9   0.798
20260403230259    193   1665.0   1700.0   20.0     47.4   1508.7   1515.7   0.642
20260403230259    194    360.0    385.0   20.0    153.4   1155.8   1470.5   0.874
20260403230259    194    480.0    495.0   20.0     36.3   1488.3   1487.0   0.441
20260403230259    195    630.0    645.0   20.0     20.3   1148.0   1211.5   0.727
20260403230259    195   1090.0   1130.0   20.0    103.3   1214.6   1260.6   0.788
20260403230259    195   1245.0   1260.0   20.0     23.5   1235.7   1240.1   0.785
20260403230259    197     25.0     45.0   20.0    181.0   1157.8   1159.8   0.806
20260403230259    197   1020.0   1040.0   20.0    156.3   1194.4   1193.6   0.800
20260403230259    197   1720.0   1735.0   20.0     65.4   1186.8   1185.2   0.797
20260403230259    201    485.0    500.0   20.0    136.8   1812.8   1914.5   0.714
20260403230259    201    535.0    550.0   20.0     29.6   1906.0   1843.7   0.895
20260403230259    202    410.0    510.0   20.0     55.4   1166.8   1472.5   0.790
20260403230259    202    595.0    610.0   20.0     51.7   1476.0   1505.2   0.764
20260403230259    202    690.0    715.0   20.0    184.6   1485.3   1815.1   0.891
20260403230259    202   1660.0   1750.0   20.0     35.2   1166.2   1317.3   0.856
20260403230259    204      0.0     10.0   20.0    279.3      0.0   1145.1   0.846
20260403230259    204   1615.0   1630.0   20.0     30.1   1139.2   1177.8   0.763
20260403230259    204   1720.0   1765.0   20.0     84.0   1197.9   1227.7   0.893
20260403230259    205    975.0   1060.0   20.0     43.3   1179.6   1326.5   0.831
20260403230259    205   1190.0   1205.0   20.0     30.8   1356.5   1423.9   0.823
20260403230259    205   1385.0   1400.0   20.0     34.2   1340.5   1357.0   0.767
20260403230259    206     25.0     40.0   20.0    194.9   1165.1   1169.9   0.789
20260403230259    206    320.0    335.0   20.0     51.4   1167.8   1168.3   0.642
20260403230259    206   1745.0   1760.0   20.0     35.7   1169.2   1172.1   0.649
20260403230259    208    370.0    385.0   20.0    180.4   1167.2   1166.8   0.769
20260403230259    208    720.0    740.0   20.0     58.7   1165.3   1167.1   0.748
20260403230259    208   1335.0   1390.0   20.0     47.2   1171.9   1337.0   0.809
20260403230259    209    525.0    545.0   20.0    137.1   1175.3   1175.7   0.850
20260403230259    209    910.0    970.0   20.0     27.7   1223.8   1267.4   0.884
20260403230259    209   1080.0   1095.0   20.0    180.0   1288.6   1518.3   0.804
20260403230259    210    595.0    720.0   20.0    124.0   1206.0   1276.8   0.908
20260403230259    210   1040.0   1085.0   20.0     37.3   1340.0   1237.1   0.866
20260403230259    211    885.0    895.0   20.0    333.7   1186.9   1490.4   0.594
20260403230259    211   1250.0   1270.0   20.0    149.1   1187.0   1188.8   0.818
20260403230259    213    720.0    755.0   20.0    245.1   1191.3   1190.4   0.917
20260403230259    213   1590.0   1620.0   20.0     28.6   1187.4   1184.0   0.671
20260403230259    215   1725.0   1735.0   20.0     40.3   1277.2   1277.1   0.600
20260403230259    216    945.0    965.0   20.0    311.3   1213.3   1212.2   0.851
20260403230259    216   1295.0   1310.0   20.0     58.3   1203.9   1205.2   0.646
20260403230259    217      0.0     15.0   20.0     23.0      0.0   1251.1   0.774
20260403230259    219     85.0    130.0   20.0    230.3   1206.3   1204.2   0.890
20260403230259    220    750.0    785.0   20.0    159.7   1199.7   1198.2   0.815
20260403230259    221   1390.0   1415.0   20.0    142.0   1203.0   1207.8   0.768
20260403230259    222   1725.0   1740.0   20.0    251.1   1278.7   1276.6   0.811
20260403230259    223   1180.0   1305.0   20.0    217.3   1229.3   1230.0   0.853
20260403230259    223   1550.0   1565.0   20.0     71.8   1227.3   1221.8   0.817
20260403230259    224   1400.0   1430.0   20.0    180.4   1217.9   1219.2   0.921
20260403230259    226      0.0     10.0   20.0     28.1      0.0   1172.4   0.542
20260403230259    226    545.0    560.0   20.0     50.6   1199.2   1164.0   0.457
20260403230259    227    310.0    340.0   20.0     88.6   1988.9   2034.4   0.893
20260403230259    229      0.0     20.0   20.0    350.6      0.0   1238.2   0.879
20260403230259    229   1365.0   1400.0   20.0    125.7   1235.0   1236.2   0.837
20260403230259    229   1475.0   1490.0   20.0     87.4   1237.3   1234.1   0.663
20260403230259    229   1700.0   1745.0   20.0     38.2   1238.4   1429.5   0.785
20260403230259    229   1780.0   1795.0   20.0     22.7   1452.5   1487.1   0.655
20260403230259    232    510.0    525.0   20.0     55.4   1247.0   1307.3   0.765
20260403230259    232    590.0    645.0   20.0    180.0   1341.4   1252.2   0.897
20260403230259    233    155.0    185.0   20.0    154.4   1239.3   1241.9   0.759
20260403230259    234      0.0   1645.0   20.0    131.3      0.0   2173.2   0.848
20260403230259    234   1725.0   1785.0   20.0    133.8   2170.5   2174.4   0.715
20260403230259    235   1790.0   1800.0   20.0     39.6   1265.0   1320.6   0.802
20260403230259    236   1035.0   1050.0   20.0    233.5   1337.2   1502.3   0.736
20260403230259    237     15.0     30.0   20.0     42.7   1252.9   1251.1   0.751
20260403230259    237   1230.0   1285.0   20.0    220.5   1246.8   1254.6   0.881
20260403230259    237   1620.0   1635.0   20.0     69.8   1246.5   1498.6   0.739
20260403230259    238   1590.0   1620.0   20.0     54.0   1367.2   1458.6   0.827
20260403230259    239     65.0    190.0   20.0    113.7   1311.1   1295.9   0.893
20260403230259    240   1140.0   1155.0   20.0    106.8   1264.8   1265.6   0.823
20260403230259    240   1665.0   1680.0   20.0     42.9   1331.2   1266.9   0.792
20260403230259    242     10.0    105.0   20.0     71.4   2225.4   2226.8   0.825
20260403230259    242    180.0    200.0   20.0     41.6   2222.5   2237.4   0.807
20260403230259    242    725.0    740.0   20.0     41.5   2266.9   2225.8   0.790
20260403230259    243   1325.0   1350.0   20.0    241.8   1276.6   1273.6   0.733
20260403230259    244    355.0    370.0   20.0     24.0   1307.8   1307.8   0.564
20260403230259    244   1585.0   1605.0   20.0     71.2   1293.3   1372.5   0.866
20260403230259    244   1645.0   1730.0   20.0    108.5   1371.9   1286.8   0.806
20260403230259    248      0.0     10.0   20.0     24.8      0.0   1875.7   0.651
20260403230259    248     85.0    130.0   20.0     27.8   1825.1   1857.4   0.685
20260403230259    248    995.0   1010.0   20.0     67.1   2046.3   2090.1   0.738
20260403230259    251     85.0    145.0   20.0     78.9   2001.0   2052.1   0.906
20260403230259    252    815.0    840.0   20.0     51.4   1359.4   1354.8   0.748
20260403230259    252    965.0    980.0   20.0    158.8   1351.5   1412.0   0.633
20260403230259    253    440.0    475.0   20.0    136.8   1422.7   1422.7   0.808
20260403230259    253    795.0    810.0   20.0     24.0   1434.5   1419.4   0.787
20260403230259    253   1070.0   1085.0   20.0     94.0   1415.6   1415.4   0.816
20260403230259    253   1390.0   1405.0   20.0    262.0   1409.0   1948.2   0.895
20260403230259    253   1475.0   1495.0   20.0    124.7   1916.4   1860.6   0.837
20260403230259    254    350.0    365.0   20.0    119.8   1431.6   1541.5   0.782
20260403230259    254   1630.0   1655.0   20.0     61.3   1367.9   1365.7   0.782
20260403230259    255     80.0    135.0   20.0     35.8   1971.6   2163.7   0.935
20260403233619      1    550.0    715.0   20.0    175.3   1185.8   1452.3   0.859
20260403233619      1    860.0    875.0   20.0     40.3   1451.8   1446.8   0.777
20260403233619      1    955.0    965.0   20.0     20.3   1477.3   1519.5   0.725
20260403233619      1   1035.0   1050.0   20.0     24.2   1561.7   1583.0   0.798
20260403233619      1   1135.0   1150.0   20.0     72.1   1582.7   1183.5   0.785
20260403233619      1   1510.0   1550.0   20.0    125.0   1168.0   1444.5   0.836
20260403233619      1   1735.0   1750.0   20.0     65.4   1412.4   1456.1   0.813
20260403233619      2    970.0    995.0   20.0     82.2   1184.9   1161.6   0.829
20260403233619      2   1430.0   1445.0   20.0    121.1   1168.8   1545.5   0.929
20260403233619      3    375.0    395.0   20.0     62.2   1156.9   1160.0   0.829
20260403233619      4    395.0    410.0   20.0     20.6   1173.7   1173.6   0.681
20260403233619      4    505.0    520.0   20.0     28.5   1173.3   1241.0   0.737
20260403233619      4    940.0    955.0   20.0     29.3   1276.1   1300.7   0.801
20260403233619      6   1285.0   1310.0   20.0    291.9   1175.8   1180.8   0.835
20260403233619      6   1760.0   1775.0   20.0     47.6   1176.7   1181.1   0.814
20260403233619      7    475.0    490.0   20.0     31.3   1152.3   1202.4   0.734
20260403233619      7    875.0    895.0   20.0    337.7   1216.6   1640.3   0.845
20260403233619      8    830.0    955.0   20.0    124.3   1157.5   1151.8   0.891
20260403233619      9    260.0    305.0   20.0     40.9   1154.1   1154.6   0.778
20260403233619      9    805.0    820.0   20.0     28.7   1156.4   1189.3   0.656
20260403233619      9   1055.0   1070.0   20.0     23.5   1207.8   1290.7   0.839
20260403233619      9   1115.0   1130.0   20.0     24.4   1339.0   1337.6   0.698
20260403233619     11    305.0    375.0   20.0    113.6   1149.9   1153.4   0.872
20260403233619     11    790.0    805.0   20.0     31.1   1153.5   1148.7   0.771
20260403233619     11   1170.0   1185.0   20.0     21.3   1208.0   1191.9   0.712
20260403233619     11   1475.0   1490.0   20.0     33.7   1207.8   1206.5   0.781
20260403233619     12     75.0     95.0   20.0     54.4   1716.7   1741.0   0.902
20260403233619     13    375.0    390.0   20.0     41.2   1185.5   1152.2   0.778
20260403233619     13   1165.0   1190.0   20.0     83.1   1185.2   1190.5   0.867
20260403233619     13   1320.0   1375.0   20.0     44.3   1193.3   1164.0   0.755
20260403233619     13   1760.0   1775.0   20.0     58.2   1158.0   1431.6   0.896
20260403233619     14    245.0    310.0   20.0     61.6    906.1    952.5   0.882
20260403233619     15   1750.0   1765.0   20.0     23.7   1145.7   1149.3   0.484
20260403233619     16      0.0     25.0   20.0    224.6      0.0   1204.6   0.943
20260403233619     16    115.0    130.0   20.0     97.0   1220.2   1222.9   0.731
20260403233619     18     65.0     80.0   20.0     89.7   1553.3   1782.8   0.825
20260403233619     21    665.0    680.0   20.0     92.0   1669.3   1560.2   0.866
20260403233619     22    470.0    485.0   20.0    103.1   1150.8   1149.6   0.676
20260403233619     22   1750.0   1765.0   20.0     23.7   1218.2   1274.3   0.663
20260403233619     23    695.0    710.0   20.0     29.2   1140.1   1134.0   0.760
20260403233619     25    275.0    295.0   20.0    182.4   1137.0   1135.4   0.799
20260403233619     25   1420.0   1455.0   20.0     56.2   1149.6   1380.1   0.817
20260403233619     25   1545.0   1560.0   20.0     29.5   1352.9   1419.6   0.722
20260403233619     26     75.0     90.0   20.0     26.6   1400.1   1398.3   0.614
20260403233619     26    155.0    165.0   20.0     30.4   1390.5   1392.5   0.404
20260403233619     26    295.0    325.0   20.0     24.2   1416.5   1564.9   0.895
20260403233619     26    400.0    415.0   20.0     30.0   1390.1   1355.0   0.642
20260403233619     26    450.0    485.0   20.0     59.3   1321.1   1307.2   0.886
20260403233619     26    525.0    540.0   20.0     42.9   1306.3   1229.7   0.779
20260403233619     26    600.0    620.0   20.0     29.5   1217.1   1246.4   0.891
20260403233619     26    885.0    900.0   20.0     50.4   1226.7   1143.9   0.838
20260403233619     31    170.0    235.0   20.0    111.4   1116.8   1116.1   0.884
20260403233619     31    805.0    820.0   20.0     45.4   1113.9   1112.2   0.706
20260403233619     32    540.0    575.0   20.0    375.2   1121.2   1696.6   0.826
20260403233619     35    155.0    170.0   20.0     29.0   1343.9   1182.5   0.887
20260403233619     35   1425.0   1440.0   20.0     21.3   1105.4   1106.8   0.510
20260403233619     36   1140.0   1160.0   20.0    238.8   1094.4   1093.1   0.909
20260403233619     37    420.0    435.0   20.0    120.9   1447.2   1488.9   0.885
20260403233619     37   1350.0   1365.0   20.0     22.2   1449.8   1449.5   0.646
20260403233619     38    530.0    545.0   20.0     70.6   1197.1   1198.1   0.752
20260403233619     39    385.0    400.0   20.0     33.0   1086.3   1138.9   0.739
20260403233619     40    915.0    930.0   20.0     55.1   1099.7   1098.4   0.800
20260403233619     40   1205.0   1220.0   20.0     65.1   1099.1   1096.6   0.783
20260403233619     40   1375.0   1390.0   20.0     22.7   1098.4   1100.2   0.730
20260403233619     40   1560.0   1575.0   20.0     22.9   1096.5   1128.8   0.743
20260403233619     40   1700.0   1715.0   20.0     26.8   1171.1   1203.5   0.709
20260403233619     41   1470.0   1485.0   20.0     42.6   1140.1   1089.6   0.741
20260403233619     41   1560.0   1610.0   20.0     68.0   1087.8   1085.9   0.785
20260403233619     42   1055.0   1070.0   20.0     28.4   1638.5   1645.0   0.712
20260403233619     43   1370.0   1390.0   20.0     90.7   1110.6   1103.6   0.844
20260403233619     45   1730.0   1760.0   20.0    113.5   1174.8   1324.6   0.779
20260403233619     48    190.0    205.0   20.0     48.4    357.4    382.5   0.738
20260403233619     49    570.0    585.0   20.0     63.3   1152.0   1155.0   0.730
20260403233619     49    675.0    730.0   20.0    147.2   1151.6   1148.8   0.877
20260403233619     49   1745.0   1760.0   20.0     29.5   1147.8   1174.4   0.860
20260403233619     50    170.0    195.0   20.0     81.6   1080.2   1081.6   0.828
20260403233619     50   1145.0   1255.0   20.0     86.8   1083.4   1229.0   0.889
20260403233619     50   1310.0   1385.0   20.0    152.8   1254.6   1278.1   0.864
20260403233619     50   1440.0   1460.0   20.0    153.8   1262.6   1087.3   0.827
20260403233619     51     60.0     75.0   20.0     27.5   1078.9   1132.1   0.736
20260403233619     51    545.0    560.0   20.0    116.2   1211.9   1190.4   0.886
20260403233619     51    615.0    630.0   20.0     33.7   1165.3   1187.4   0.671
20260403233619     51   1725.0   1740.0   20.0     39.6   1241.3   1300.4   0.853
20260403233619     53     95.0    110.0   20.0     26.3   1084.5   1128.2   0.740
20260403233619     53    300.0    325.0   20.0    131.8   1157.4   1079.3   0.848
20260403233619     53    910.0    930.0   20.0     41.0   1082.4   1082.0   0.802
20260403233619     54    125.0    175.0   20.0     45.6   1084.8   1086.1   0.785
20260403233619     54   1195.0   1210.0   20.0     22.1   1084.9   1126.7   0.701
20260403233619     54   1625.0   1645.0   20.0     59.4   1158.1   1204.8   0.844
20260403233619     55    185.0    210.0   20.0    218.2   1090.0   1089.8   0.891
20260403233619     55   1440.0   1455.0   20.0     30.4   1085.6   1131.9   0.747
20260403233619     55   1535.0   1550.0   20.0     31.9   1161.5   1140.1   0.578
20260403233619     55   1640.0   1710.0   20.0     82.4   1216.5   1368.2   0.876
20260403233619     55   1750.0   1800.0   20.0     52.5   1377.0   1293.6   0.896
20260403233619     56    825.0    850.0   20.0     38.1   1091.3   1097.7   0.820
20260403233619     57     65.0    180.0   20.0    120.0   1213.9   1459.2   0.817
20260403233619     57    785.0    800.0   20.0     21.7   1074.4   1121.6   0.688
20260403233619     57   1105.0   1120.0   20.0     20.4   1160.8   1221.4   0.849
20260403233619     57   1370.0   1385.0   20.0     34.5   1242.9   1271.2   0.872
20260403233619     57   1440.0   1455.0   20.0     30.0   1235.7   1218.2   0.740
20260403233619     57   1600.0   1615.0   20.0    234.8   1220.1   1492.3   0.771
20260403233619     59    585.0    600.0   20.0     26.7   1082.1   1134.6   0.798
20260403233619     59    845.0    880.0   20.0     57.1   1186.7   1147.3   0.826
20260403233619     59    915.0    930.0   20.0     46.9   1142.8   1253.7   0.873
20260403233619     59   1085.0   1100.0   20.0     36.0   1289.1   1339.0   0.799
20260403233619     60    265.0    285.0   20.0     52.8   1382.0   1406.5   0.882
20260403233619     60   1055.0   1070.0   20.0     23.5   1480.9   1477.8   0.858
20260403233619     60   1125.0   1140.0   20.0     73.7   1466.2   1444.0   0.825
20260403233619     61   1190.0   1215.0   20.0    222.7   1077.2   1461.2   0.814
20260403233619     62    350.0    450.0   20.0    100.0   1071.7   1373.4   0.897
20260403233619     62    605.0    620.0   20.0     25.2   1264.5   1080.4   0.937
20260403233619     62    660.0    730.0   20.0     86.5   1080.7   1078.6   0.857
20260403233619     63    385.0    400.0   20.0     66.2   1171.6   1110.1   0.768
20260403233619     63    755.0    770.0   20.0    147.5   1107.4   1383.1   0.811
20260403233619     64    380.0    395.0   20.0     31.3   1110.7   1221.4   0.850
20260403233619     64    485.0    500.0   20.0     42.0   1228.7   1252.9   0.524
20260403233619     64    535.0    550.0   20.0     49.8   1244.2   1298.0   0.744
20260403233619     64    750.0    765.0   20.0     32.8   1312.5   1326.8   0.675
20260403233619     64    850.0    865.0   20.0     36.3   1336.0   1393.3   0.768
20260403233619     64   1510.0   1545.0   20.0     93.3   1058.5   1049.8   0.873
20260403233619     64   1700.0   1720.0   20.0     85.1   1049.3   1360.5   0.864
20260403233619     65   1390.0   1405.0   20.0     40.2   1064.3   1127.3   0.742
20260403233619     65   1475.0   1485.0   20.0     21.6   1161.5   1169.2   0.487
20260403233619     65   1555.0   1645.0   20.0     58.2   1158.3   1291.9   0.864
20260403233619     65   1735.0   1755.0   20.0     77.0   1298.9   1387.6   0.791
20260403233619     67   1045.0   1075.0   20.0    274.3   1063.2   1065.1   0.841
20260403233619     75    790.0    805.0   20.0     45.2   1069.9   1069.1   0.797
20260403233619     75    970.0    985.0   20.0     51.9   1070.8   1122.0   0.741
20260403233619     75   1030.0   1090.0   20.0     66.2   1120.9   1363.2   0.834
20260403233619     75   1145.0   1165.0   20.0    161.9   1374.3   1378.2   0.822
20260403233619     75   1210.0   1225.0   20.0     48.3   1369.4   1385.3   0.679
20260403233619     75   1275.0   1315.0   20.0     77.5   1390.1   1078.2   0.935
20260403233619     75   1645.0   1660.0   20.0    125.9   1066.0   1331.6   0.862
20260403233619     75   1730.0   1750.0   20.0    171.8   1378.1   1073.4   0.765
20260403233619     76   1510.0   1525.0   20.0     31.2   1263.4   1317.3   0.771
20260403233619     77     40.0     55.0   20.0     87.1   1050.9   1051.0   0.782
20260403233619     77   1550.0   1565.0   20.0     20.6   1053.7   1099.4   0.686
20260403233619     77   1685.0   1700.0   20.0     41.1   1103.0   1053.0   0.803
20260403233619     80   1135.0   1150.0   20.0     40.0   1054.3   1103.7   0.758
20260403233619     80   1220.0   1240.0   20.0     63.1   1104.8   1056.4   0.846
20260403233619     80   1630.0   1650.0   20.0    128.6   1061.6   1058.5   0.882
20260403233619     83    560.0    575.0   20.0     31.7   1057.6   1097.3   0.738
20260403233619     83    865.0    880.0   20.0     73.2   1138.4   1125.3   0.669
20260403233619     83   1190.0   1205.0   20.0     40.4   1154.9   1220.6   0.792
20260403233619     83   1240.0   1255.0   20.0     24.8   1241.7   1223.6   0.423
20260403233619     84    135.0    235.0   20.0    135.2   1057.9   1058.7   0.916
20260403233619     84    840.0    860.0   20.0    127.0   1061.6   1059.9   0.751
20260403233619     84   1320.0   1370.0   20.0     87.1   1058.0   1058.4   0.771
20260403233619     85     30.0     45.0   20.0     22.7   1185.7   1331.9   0.887
20260403233619     87    815.0    875.0   20.0     47.1   1053.1   1056.1   0.751
20260403233619     87   1085.0   1100.0   20.0     56.0   1052.8   1054.1   0.769
20260403233619     88     90.0    115.0   20.0     33.3   1060.7   1120.0   0.880
20260403233619     88    295.0    310.0   20.0     40.7   1143.1   1183.7   0.728
20260403233619     88   1605.0   1620.0   20.0    138.5   1186.9   1411.7   0.837
20260403233619     89    115.0    130.0   20.0     20.1   1070.5   1103.6   0.722
20260403233619     89    195.0    210.0   20.0     57.1   1126.3   1076.6   0.764
20260403233619     89    970.0    990.0   20.0    278.5   1076.0   1501.0   0.853
20260403233619     89   1480.0   1495.0   20.0     30.2   1076.8   1091.4   0.646
20260403233619     91    450.0    465.0   20.0     22.8   1514.8   1543.2   0.795
20260403233619     92     20.0     35.0   20.0    129.6   1127.1   1128.1   0.844
20260403233619     92     90.0    110.0   20.0     41.5   1127.0   1222.8   0.903
20260403233619     92    210.0    225.0   20.0     98.5   1212.8   1107.9   0.815
20260403233619     94      0.0     15.0   20.0     21.1      0.0   1181.1   0.778
20260403233619     94    195.0    340.0   20.0     82.8   1192.6   1336.1   0.811
20260403233619     96   1305.0   1455.0   20.0    109.1   1069.1   1075.3   0.916
20260403233619     97    295.0    310.0   20.0     34.7   1060.2   1057.8   0.580
20260403233619     97   1015.0   1035.0   20.0    108.0   1060.7   1063.2   0.825
20260403233619     97   1570.0   1585.0   20.0     25.3   1060.0   1100.6   0.736
20260403233619     99    775.0    790.0   20.0     31.3   1064.2   1095.6   0.713
20260403233619     99   1030.0   1045.0   20.0     28.9   1116.0   1165.1   0.817
20260403233619    101      0.0     70.0   20.0     56.2      0.0   1401.6   0.788
20260403233619    101    110.0    130.0   20.0     26.2   1399.6   1471.4   0.806
20260403233619    101    370.0    385.0   20.0     23.9   1518.2   1524.7   0.682
20260403233619    102   1115.0   1130.0   20.0     34.9   1055.0   1053.7   0.801
20260403233619    103   1225.0   1240.0   20.0     27.0   1542.3   1547.6   0.868
20260403233619    104    310.0    370.0   20.0     25.6   1174.2   1238.7   0.815
20260403233619    104    495.0    510.0   20.0     21.6   1407.1   1436.1   0.740
20260403233619    105    580.0    600.0   20.0     58.0   1091.9   1182.1   0.883
20260403233619    105    950.0    965.0   20.0     22.7   1180.9   1112.9   0.941
20260403233619    105   1005.0   1020.0   20.0     29.4   1106.8   1107.5   0.821
20260403233619    105   1425.0   1440.0   20.0     33.7   1096.3   1221.8   0.852
20260403233619    106   1145.0   1320.0   20.0     60.8   1048.7   1364.2   0.808
20260403233619    107    165.0    180.0   20.0     21.2   1242.4   1310.8   0.850
20260403233619    108    130.0    145.0   20.0     76.1   1212.5   1264.2   0.772
20260403233619    108    570.0    585.0   20.0     26.8   1291.5   1311.1   0.789
20260403233619    108   1140.0   1155.0   20.0     69.3   1241.5   1353.0   0.823
20260403233619    109     80.0    150.0   20.0     78.1   1126.7   1034.9   0.910
20260403233619    109   1710.0   1725.0   20.0     32.8   1032.3   1084.0   0.783
20260403233619    109   1790.0   1800.0   20.0     21.9   1215.2   1485.6   0.664
20260403233619    111    225.0    320.0   20.0    114.8   1060.4   1255.5   0.779
20260403233619    111    410.0    430.0   20.0    115.4   1275.4   1090.4   0.935
20260403233619    111   1125.0   1140.0   20.0     26.0   1081.9   1114.3   0.677
20260403233619    111   1185.0   1200.0   20.0     60.2   1120.3   1063.5   0.745
20260403233619    112    135.0    150.0   20.0     61.5   1089.4   1234.3   0.886
20260403233619    112    525.0    540.0   20.0     38.5   1320.5   1363.9   0.887
20260403233619    112    820.0    835.0   20.0     28.2   1402.8   1468.7   0.877
20260403233619    114    305.0    320.0   20.0     56.4   1076.1   1076.6   0.740
20260403233619    114    925.0    940.0   20.0     26.0   1087.0   1117.8   0.742
20260403233619    114   1210.0   1310.0   20.0     49.0   1167.3   1246.1   0.797
20260403233619    114   1455.0   1470.0   20.0     23.8   1234.7   1241.1   0.770
20260403233619    114   1650.0   1660.0   20.0     23.6   1257.5   1281.4   0.769
20260403233619    114   1745.0   1760.0   20.0     28.4   1278.2   1309.0   0.770
20260403233619    115    365.0    385.0   20.0    250.5   1064.0   1063.1   0.879
20260403233619    119   1755.0   1800.0   20.0    133.6   1100.2   1089.6   0.932
20260403233619    120   1210.0   1370.0   20.0     52.3   1044.5   1396.6   0.814
20260403233619    120   1415.0   1430.0   20.0     52.3   1444.1   1485.5   0.797
20260403233619    121      0.0     30.0   20.0    136.6      0.0   1437.4   0.863
20260403233619    122    585.0    605.0   20.0     81.4   1064.4   1317.3   0.862
20260403233619    122    810.0    860.0   20.0     41.2   1388.2   1445.7   0.705
20260403233619    122    980.0   1000.0   20.0     56.5   1413.5   1429.5   0.745
20260403233619    122   1035.0   1050.0   20.0     83.7   1377.3   1374.9   0.793
20260403233619    122   1390.0   1405.0   20.0     21.8   1419.4   1402.3   0.841
20260403233619    122   1765.0   1780.0   20.0     22.4   1454.0   1516.0   0.826
20260403233619    123   1485.0   1520.0   20.0     80.5   1045.4   1045.5   0.813
20260403233619    124   1125.0   1140.0   20.0     27.8   1399.2   1396.3   0.686
20260403233619    125     20.0     35.0   20.0    139.7   1049.8   1050.1   0.801
20260403233619    125    790.0    805.0   20.0     73.8   1066.1   1067.4   0.808
20260403233619    125   1625.0   1640.0   20.0     31.3   1068.7   1103.3   0.739
20260403233619    125   1760.0   1775.0   20.0     22.5   1153.0   1134.2   0.805
20260403233619    128     75.0     90.0   20.0     99.3   1056.7   1058.8   0.620
20260403233619    128    710.0    725.0   20.0     34.5   1062.3   1162.1   0.840
20260403233619    128    915.0    935.0   20.0     35.7   1215.2   1200.9   0.684
20260403233619    128    970.0   1035.0   20.0     38.4   1199.5   1220.5   0.707
20260403233619    128   1070.0   1120.0   20.0     23.4   1238.8   1316.0   0.538
20260403233619    128   1165.0   1185.0   20.0     22.5   1314.1   1305.8   0.546
20260403233619    128   1225.0   1235.0   20.0     20.2   1303.7   1314.9   0.697
20260403233619    128   1410.0   1425.0   20.0     28.6   1333.4   1320.6   0.607
20260403233619    128   1475.0   1490.0   20.0     29.0   1339.6   1373.8   0.801
20260403233619    128   1615.0   1645.0   20.0     38.4   1387.5   1419.0   0.859
20260403233619    128   1680.0   1695.0   20.0     22.8   1396.3   1409.4   0.670
20260403233619    129    335.0    415.0   20.0    244.7   1048.3   1186.2   0.760
20260403233619    129    465.0    505.0   20.0     50.1   1186.4   1281.1   0.787
20260403233619    129    545.0    580.0   20.0    146.1   1290.5   1050.4   0.884
20260403233619    130    105.0    140.0   20.0     46.0   1358.0   1073.0   0.875
20260403233619    132     10.0     25.0   20.0    134.2   1315.8   1188.7   0.768
20260403233619    132    820.0    835.0   20.0     64.3   1161.5   1214.4   0.750
20260403233619    132    970.0    985.0   20.0     62.8   1212.5   1160.3   0.770
20260403233619    133    240.0    265.0   20.0    208.4   1059.9   1060.8   0.794
20260403233619    133    785.0    800.0   20.0     63.8   1066.0   1063.6   0.504
20260403233619    133   1190.0   1205.0   20.0     28.6   1060.5   1108.1   0.741
20260403233619    133   1365.0   1380.0   20.0     28.3   1140.7   1112.9   0.785
20260403233619    136     50.0     65.0   20.0     21.5   1065.9   1099.3   0.734
20260403233619    136    580.0    685.0   20.0    152.7   1147.5   1264.2   0.802
20260403233619    136   1675.0   1735.0   20.0     41.9   1303.4   1446.8   0.855
20260403233619    137     60.0     75.0   20.0    201.1   1069.1   1069.3   0.728
20260403233619    137   1305.0   1325.0   20.0     34.1   1071.2   1071.3   0.783
20260403233619    137   1535.0   1575.0   20.0     94.7   1072.3   1356.5   0.926
20260403233619    137   1740.0   1755.0   20.0     30.0   1380.0   1415.3   0.901
20260403233619    138   1000.0   1020.0   20.0     49.1   1088.8   1235.6   0.919
20260403233619    138   1070.0   1090.0   20.0    199.5   1331.9   1076.0   0.883
20260403233619    139   1030.0   1045.0   20.0     24.4   1125.4   1149.5   0.715
20260403233619    139   1520.0   1535.0   20.0     29.2   1137.7   1188.0   0.684
20260403233619    141   1420.0   1440.0   20.0     84.1   1068.9   1069.6   0.751
20260403233619    143      0.0     40.0   20.0    259.8      0.0   1063.5   0.915
20260403233619    145    385.0    405.0   20.0     83.4   1085.0   1083.2   0.807
20260403233619    145   1075.0   1090.0   20.0     68.7   1086.6   1086.5   0.675
20260403233619    146    470.0    490.0   20.0     51.7   1075.2   1081.3   0.736
20260403233619    146   1000.0   1020.0   20.0    102.5   1077.4   1079.8   0.836
20260403233619    146   1390.0   1405.0   20.0    135.1   1070.6   1393.8   0.910
20260403233619    146   1645.0   1660.0   20.0     39.1   1377.3   1361.4   0.837
20260403233619    147    115.0    135.0   20.0     67.3   1079.1   1079.8   0.851
20260403233619    147   1010.0   1020.0   20.0     21.7   1117.0   1105.1   0.449
20260403233619    147   1230.0   1245.0   20.0     70.9   1115.7   1115.2   0.859
20260403233619    148     30.0     45.0   20.0     58.5   1068.7   1069.0   0.724
20260403233619    148    345.0    445.0   20.0    203.3   1074.2   1073.6   0.870
20260403233619    150     40.0     95.0   20.0     39.8    686.2    690.3   0.689
20260403233619    150    145.0    215.0   20.0     60.7    719.5    710.5   0.744
20260403233619    150    250.0    290.0   20.0     91.8    708.1    634.8   0.762
20260403233619    150    325.0    355.0   20.0     28.1    629.7    621.5   0.503
20260403233619    150    410.0    955.0   20.0     43.7    616.5    622.9   0.667
20260403233619    150   1010.0   1035.0   20.0     27.8    609.5    612.8   0.507
20260403233619    150   1085.0   1205.0   20.0     60.8    612.2    611.3   0.679
20260403233619    150   1240.0   1560.0   20.0     58.1    618.7    618.8   0.695
20260403233619    150   1600.0   1685.0   20.0     45.8    598.2    595.1   0.597
20260403233619    150   1745.0   1795.0   20.0     69.8    603.0    618.6   0.785
20260403233619    151    345.0    360.0   20.0     26.6   1138.0   1173.6   0.828
20260403233619    151   1535.0   1550.0   20.0     45.7   1211.4   1279.2   0.787
20260403233619    151   1630.0   1645.0   20.0     20.5   1311.6   1294.8   0.920
20260403233619    152    120.0    135.0   20.0     28.7   1068.7   1102.2   0.739
20260403233619    152    315.0    330.0   20.0     24.5   1141.9   1121.2   0.723
20260403233619    152    915.0    930.0   20.0    220.2   1148.2   1124.8   0.731
20260403233619    152   1335.0   1350.0   20.0     27.4   1135.7   1188.2   0.775
20260403233619    156   1195.0   1210.0   20.0     47.0   1127.7   1128.4   0.757
20260403233619    158   1550.0   1570.0   20.0    220.6   1090.5   1082.5   0.843
20260403233619    159    675.0    690.0   20.0     22.1   1138.0   1245.4   0.740
20260403233619    159    730.0    745.0   20.0     56.6   1325.6   1334.7   0.778
20260403233619    159    815.0    830.0   20.0     36.7   1528.7   1530.5   0.618
20260403233619    159    980.0    995.0   20.0     30.7   1556.2   1565.3   0.618
20260403233619    159   1170.0   1185.0   20.0     20.7   1625.4   1618.5   0.720
20260403233619    159   1240.0   1285.0   20.0    116.3   1637.4   1570.8   0.833
20260403233619    161   1285.0   1300.0   20.0     22.4   1027.1   1026.7   0.745
20260403233619    162    315.0    380.0   20.0    307.4   1118.9   1100.3   0.840
20260403233619    162   1310.0   1325.0   20.0     62.5   1103.5   1101.2   0.694
20260403233619    163    720.0    735.0   20.0     84.2   1132.7   1170.5   0.805
20260403233619    163    985.0   1000.0   20.0     29.3   1164.5   1159.3   0.805
20260403233619    163   1235.0   1250.0   20.0     38.2   1162.5   1246.9   0.834
20260403233619    163   1350.0   1365.0   20.0     28.5   1308.3   1358.6   0.852
20260403233619    164    100.0    135.0   20.0     59.9   1335.0   1093.2   0.918
20260403233619    166    705.0    720.0   20.0     59.9   1140.1   1139.3   0.651
20260403233619    168    415.0    430.0   20.0     32.6   1144.6   1135.9   0.670
20260403233619    168    530.0    595.0   20.0    152.0   1132.6   1127.4   0.810
20260403233619    168   1320.0   1360.0   20.0    148.2   1124.9   1125.5   0.795
20260403233619    169    495.0    510.0   20.0     79.2   1105.7   1103.4   0.779
20260403233619    169   1640.0   1655.0   20.0    132.4   1104.5   1106.0   0.657
20260403233619    170    830.0    850.0   20.0    135.4   1103.9   1096.8   0.857
20260403233619    171    155.0    185.0   20.0     84.8   1114.1   1119.0   0.895
20260403233619    172    400.0    430.0   20.0     97.7   1123.6   1123.3   0.820
20260403233619    172   1095.0   1115.0   20.0    157.3   1119.6   1134.0   0.853
20260403233619    172   1160.0   1175.0   20.0     64.2   1120.2   1190.0   0.725
20260403233619    172   1275.0   1290.0   20.0     20.2   1189.6   1189.0   0.770
20260403233619    172   1335.0   1420.0   20.0    137.2   1192.0   1387.4   0.871
20260403233619    172   1770.0   1785.0   20.0     38.0   1443.8   1448.4   0.818
20260403233619    175   1560.0   1635.0   20.0    120.3   1112.5   1114.4   0.869
20260403233619    177    850.0    865.0   20.0     87.6   1123.7   1125.5   0.754
20260403233619    177   1525.0   1565.0   20.0     52.3   1126.1   1353.0   0.850
20260403233619    177   1600.0   1675.0   20.0     29.0   1376.0   1411.2   0.827
20260403233619    177   1715.0   1750.0   20.0    194.1   1432.8   1124.7   0.878
20260403233619    178    535.0    555.0   20.0    121.5   1112.6   1430.9   0.874
20260403233619    178    880.0    895.0   20.0     32.8   1442.0   1450.8   0.792
20260403233619    179   1430.0   1450.0   20.0    111.6   1115.4   1352.4   0.902
20260403233619    179   1610.0   1625.0   20.0    192.3   1393.6   1625.0   0.836
20260403233619    180   1195.0   1210.0   20.0     34.4   1195.1   1246.1   0.633
20260403233619    180   1280.0   1310.0   20.0    176.2   1248.6   1129.9   0.809
20260403233619    181   1255.0   1270.0   20.0     84.5   1152.1   1131.8   0.723
20260403233619    182    105.0    125.0   20.0     70.0   1135.3   1279.2   0.831
20260403233619    183    170.0    185.0   20.0     73.7   1811.2   1767.4   0.658
20260403233619    184      0.0   1165.0   20.0    158.7      0.0   1995.3   0.857
20260403233619    185   1265.0   1280.0   20.0     37.2   1106.6   1106.7   0.724
20260403233619    185   1360.0   1375.0   20.0     93.4   1105.0   1107.8   0.706
20260403233619    187   1550.0   1575.0   20.0    121.6   1129.3   1130.4   0.858
20260403233619    190   1540.0   1560.0   20.0     35.8   1263.0   1259.3   0.826
20260403233619    191    280.0    295.0   20.0     94.1   1030.0   1029.4   0.870
20260403233619    191   1730.0   1745.0   20.0     24.6   1038.8   1036.4   0.646
20260403233619    192   1005.0   1050.0   20.0     90.4   1159.6   1161.3   0.907
20260403233619    194     80.0    100.0   20.0    254.1   1154.5   1551.4   0.772
20260403233619    195   1320.0   1335.0   20.0     74.7   1147.6   1146.8   0.635
20260403233619    198   1230.0   1480.0   20.0    155.7   1186.4   1576.5   0.836
20260403233619    198   1615.0   1630.0   20.0     72.9   1588.1   1636.2   0.629
20260403233619    199   1020.0   1090.0   20.0    247.4   1169.5   1513.8   0.800
20260403233619    199   1185.0   1200.0   20.0     20.1   1543.3   1647.1   0.829
20260403233619    199   1335.0   1390.0   20.0     29.4   1646.5   1688.1   0.846
20260403233619    199   1430.0   1490.0   20.0     52.1   1667.7   1160.4   0.948
20260403233619    201    890.0    905.0   20.0    157.6   1817.8   1908.7   0.717
20260403233619    202     30.0     70.0   20.0     48.1   1167.8   1168.2   0.766
20260403233619    202   1735.0   1755.0   20.0    217.5   1179.8   1169.8   0.811
20260403233619    204    315.0    330.0   20.0     33.6   1146.6   1202.5   0.776
20260403233619    204    445.0    460.0   20.0     65.4   1227.4   1311.7   0.804
20260403233619    204    500.0    515.0   20.0     22.6   1301.2   1309.6   0.665
20260403233619    204    925.0    940.0   20.0     36.4   1322.6   1375.7   0.783
20260403233619    206    220.0    235.0   20.0     43.2   1179.1   1232.4   0.732
20260403233619    206    330.0    360.0   20.0    102.5   1288.0   1222.3   0.807
20260403233619    206    580.0    595.0   20.0     22.5   1326.2   1392.1   0.620
20260403233619    206    695.0    710.0   20.0     21.2   1447.0   1457.4   0.795
20260403233619    206    760.0    775.0   20.0     84.4   1392.1   1169.5   0.919
20260403233619    207    745.0    760.0   20.0     40.3   2129.2   2099.3   0.894
20260403233619    208    760.0    775.0   20.0     26.9   1181.0   1211.9   0.745
20260403233619    208   1435.0   1450.0   20.0     22.8   1270.8   1286.4   0.883
20260403233619    210    225.0    240.0   20.0     20.5   1769.9   1722.2   0.772
20260403233619    210    280.0    295.0   20.0     39.3   1754.5   1245.6   0.925
20260403233619    210   1425.0   1440.0   20.0    121.2   1216.4   1219.9   0.779
20260403233619    213    230.0    245.0   20.0     25.8   1192.2   1233.7   0.766
20260403233619    213    355.0    370.0   20.0     75.1   1271.1   1191.4   0.774
20260403233619    213   1220.0   1235.0   20.0     23.4   1187.6   1227.0   0.739
20260403233619    213   1370.0   1385.0   20.0     48.9   1252.6   1274.6   0.764
20260403233619    213   1435.0   1495.0   20.0     51.2   1281.7   1232.4   0.905
20260403233619    216    470.0    485.0   20.0    132.6   1212.1   1210.5   0.775
20260403233619    216    595.0    670.0   20.0    191.2   1214.3   1210.2   0.876
20260403233619    217      0.0     15.0   20.0     20.2      0.0   1670.6   0.622
20260403233619    217     60.0     75.0   20.0     46.3   1679.3   1293.9   0.896
20260403233619    217    730.0    745.0   20.0     51.5   1326.4   1289.5   0.711
20260403233619    218   1375.0   1435.0   20.0     51.2   1202.4   1432.9   0.864
20260403233619    219    170.0    305.0   20.0    147.1   1209.3   1213.1   0.870
20260403233619    221     10.0     25.0   20.0    215.0   1200.6   1200.2   0.856
20260403233619    221    595.0    605.0   20.0     55.9   1201.5   1202.2   0.450
20260403233619    221    795.0    810.0   20.0     48.1   1199.8   1201.2   0.681
20260403233619    221   1040.0   1055.0   20.0     35.8   1204.2   1202.5   0.670
20260403233619    222     90.0    110.0   20.0     50.4   1282.3   1283.6   0.795
20260403233619    222   1715.0   1755.0   20.0    125.8   1264.7   1265.2   0.830
20260403233619    223    220.0    240.0   20.0     93.0   1244.0   1233.7   0.871
20260403233619    223   1170.0   1230.0   20.0    176.8   1231.5   1235.4   0.842
20260403233619    223   1455.0   1470.0   20.0     26.2   1232.5   1222.4   0.681
20260403233619    224    795.0    835.0   20.0     67.2   1240.5   1464.2   0.841
20260403233619    224    895.0    910.0   20.0     89.9   1488.2   1608.6   0.707
20260403233619    224    955.0    975.0   20.0     26.4   1605.3   1235.7   0.935
20260403233619    224   1340.0   1355.0   20.0     41.7   1256.3   1321.3   0.734
20260403233619    224   1390.0   1405.0   20.0     73.9   1303.0   1245.2   0.745
20260403233619    226   1250.0   1270.0   20.0     51.8   1248.6   1245.2   0.842
20260403233619    226   1630.0   1645.0   20.0     57.8   1174.8   1173.9   0.511
20260403233619    228   1070.0   1090.0   20.0     48.4   1309.5   1310.5   0.758
20260403233619    229   1475.0   1490.0   20.0     25.1   1235.2   1278.2   0.834
20260403233619    229   1525.0   1540.0   20.0     24.1   1332.2   1368.0   0.486
20260403233619    230    175.0    190.0   20.0     42.8    502.5    485.1   0.742
20260403233619    232     10.0     25.0   20.0     32.9   1460.5   1444.1   0.876
20260403233619    232    105.0    120.0   20.0     37.1   1459.4   1481.7   0.878
20260403233619    232    210.0    225.0   20.0     54.1   1537.2   1587.5   0.796
20260403233619    232    260.0    275.0   20.0     31.0   1599.7   1604.1   0.623
20260403233619    233    815.0    830.0   20.0     82.9   1244.1   1246.7   0.839
20260403233619    233   1360.0   1375.0   20.0     21.2   1252.6   1249.2   0.675
20260403233619    233   1625.0   1640.0   20.0     66.0   1238.9   1239.5   0.787
20260403233619    234      0.0     10.0   20.0     24.3      0.0   2213.7   0.698
20260403233619    234    165.0    180.0   20.0    142.8   2194.8   2228.0   0.703
20260403233619    235    165.0    190.0   20.0    252.5   1262.4   1266.3   0.872
20260403233619    235    740.0    755.0   20.0     27.5   1258.8   1290.1   0.754
20260403233619    235    805.0    865.0   20.0    113.6   1291.0   1257.1   0.913
20260403233619    236    675.0    690.0   20.0     63.1   1335.3   1336.7   0.848
20260403233619    237     35.0     50.0   20.0     26.3   1255.4   1297.8   0.724
20260403233619    237    275.0    290.0   20.0     52.5   1381.7   1436.9   0.752
20260403233619    237    365.0    380.0   20.0     38.0   1482.4   1550.0   0.765
20260403233619    237   1245.0   1260.0   20.0     60.8   1643.5   1646.5   0.497
20260403233619    238     90.0    105.0   20.0     25.0   1705.6   1718.4   0.818
20260403233619    239     70.0    195.0   20.0     79.4   1433.7   1522.7   0.837
20260403233619    239    230.0    290.0   20.0    102.6   1513.5   1590.9   0.804
20260403233619    239    425.0    440.0   20.0     24.7   1630.3   1681.6   0.873
20260403233619    240    835.0    850.0   20.0     22.7   1282.5   1285.6   0.528
20260403233619    240   1020.0   1035.0   20.0     21.8   1308.1   1288.7   0.492
20260403233619    240   1200.0   1215.0   20.0     26.8   1300.4   1288.8   0.589
20260403233619    242     20.0     45.0   20.0     42.4   2245.1   2235.5   0.847
20260403233619    242    135.0    160.0   20.0     46.3   2225.5   2236.8   0.826
20260403233619    242    260.0    275.0   20.0     23.2   2271.6   2239.1   0.862
20260403233619    242   1105.0   1145.0   20.0     33.5   2230.9   2227.8   0.903
20260403233619    242   1530.0   1555.0   20.0     29.3   2232.8   2228.1   0.885
20260403233619    244     35.0     50.0   20.0     51.6   1298.8   1299.7   0.801
20260403233619    244    180.0    200.0   20.0    256.7   1303.6   1303.1   0.875
20260403233619    244    360.0    375.0   20.0     32.5   1298.3   1352.9   0.743
20260403233619    244    485.0    510.0   20.0     89.7   1372.3   1557.0   0.840
20260403233619    244    725.0    740.0   20.0     26.7   1671.2   1695.9   0.592
20260403233619    244   1055.0   1070.0   20.0     40.2   1693.7   1674.4   0.473
20260403233619    244   1525.0   1545.0   20.0     48.0   1693.6   1750.0   0.854
20260403233619    244   1620.0   1680.0   20.0    100.6   1775.5   1757.6   0.842
20260403233619    245    255.0    270.0   20.0     32.5   1306.0   1307.6   0.575
20260403233619    245   1040.0   1055.0   20.0     76.0   1300.7   1302.7   0.763
20260403233619    245   1375.0   1390.0   20.0     21.3   1300.3   1305.7   0.537
20260403233619    246   1270.0   1285.0   20.0     20.1   1305.7   1308.8   0.568
20260403233619    248    110.0    125.0   20.0     29.8   2070.8   2077.1   0.838
20260403233619    248    325.0    430.0   20.0     62.6   2108.5   2083.0   0.893
20260403233619    248    500.0    515.0   20.0     61.7   2083.5   2105.8   0.786
20260403233619    248    570.0    590.0   20.0     72.8   2105.6   2110.2   0.871
20260403233619    248    695.0    715.0   20.0     78.3   2106.7   2105.6   0.806
20260403233619    248   1195.0   1300.0   20.0     79.6   2110.9   2110.8   0.872
20260403233619    248   1350.0   1510.0   20.0     81.4   2113.5   2106.0   0.862
20260403233619    248   1585.0   1650.0   20.0     74.3   2105.2   2110.6   0.834
20260403233619    252    555.0    570.0   20.0     21.1   1344.1   1354.7   0.408
20260403233619    252    875.0    950.0   20.0    238.1   1349.1   1343.7   0.867
20260403233619    252   1065.0   1080.0   20.0     23.0   1348.2   1358.6   0.856
20260403233619    253   1305.0   1320.0   20.0     33.4   1404.9   1439.6   0.756
20260403233619    253   1770.0   1785.0   20.0     57.5   1483.8   1468.7   0.495
20260403233619    254    615.0    630.0   20.0     83.1   1403.6   1342.6   0.771
20260403233619    254    735.0    790.0   20.0    136.5   1345.2   1334.4   0.774
20260403233619    254   1675.0   1690.0   20.0     31.3   1350.3   1332.8   0.522
20260403233619    255    285.0    300.0   20.0     83.8   2159.3   2249.8   0.834
20260404000939      1    670.0    690.0   20.0    128.9   1175.6   1176.6   0.776
20260404000939      2   1145.0   1160.0   20.0     78.9   1196.4   1389.6   0.832
20260404000939      2   1275.0   1290.0   20.0     22.7   1467.8   1530.5   0.856
20260404000939      2   1515.0   1530.0   20.0     96.3   1532.4   1561.8   0.609
20260404000939      3     85.0    105.0   20.0    293.1   1149.9   1151.5   0.858
20260404000939      3    390.0    405.0   20.0     74.1   1168.7   1165.0   0.642
20260404000939      3   1210.0   1225.0   20.0     23.8   1161.5   1161.9   0.667
20260404000939      4    545.0    575.0   20.0     41.4   1172.6   1282.1   0.815
20260404000939      4   1390.0   1430.0   20.0     34.4   1332.5   1506.0   0.880
20260404000939      6    590.0    605.0   20.0    218.3   1168.3   1176.9   0.724
20260404000939      6    795.0    830.0   20.0     92.2   1166.5   1164.1   0.750
20260404000939      6   1515.0   1530.0   20.0    123.7   1168.6   1429.3   0.879
20260404000939      7    285.0    300.0   20.0     38.9   1154.4   1202.4   0.745
20260404000939      7    355.0    435.0   20.0    121.9   1228.3   1497.0   0.901
20260404000939      7    550.0    565.0   20.0     50.9   1529.6   1570.3   0.676
20260404000939      7   1085.0   1160.0   20.0     32.8   1619.5   1667.3   0.874
20260404000939      8    165.0    185.0   20.0     81.2   1154.9   1436.7   0.860
20260404000939      8    285.0    300.0   20.0    124.3   1391.5   1520.7   0.788
20260404000939      8   1615.0   1630.0   20.0     34.7   1255.6   1303.7   0.766
20260404000939      8   1730.0   1745.0   20.0     84.5   1295.3   1330.1   0.819
20260404000939      9    190.0    210.0   20.0     72.5   1152.3   1151.4   0.761
20260404000939     10    470.0    500.0   20.0    149.4   1172.7   1176.5   0.895
20260404000939     10    685.0    705.0   20.0     59.9   1175.6   1179.5   0.759
20260404000939     11    435.0    450.0   20.0     26.2   1143.0   1145.7   0.743
20260404000939     11    730.0    745.0   20.0     49.2   1147.2   1144.3   0.790
20260404000939     14     55.0     70.0   20.0     47.8    896.4    911.7   0.692
20260404000939     14   1330.0   1345.0   20.0     20.3    911.2    922.9   0.713
20260404000939     15    535.0    550.0   20.0     69.4   1146.1   1145.0   0.704
20260404000939     15   1330.0   1345.0   20.0     25.5   1150.0   1159.4   0.459
20260404000939     15   1680.0   1720.0   20.0     85.5   1140.1   1487.4   0.755
20260404000939     16    100.0    140.0   20.0     31.1   1663.4   1693.0   0.764
20260404000939     16    220.0    250.0   20.0     62.5   1679.8   1665.9   0.814
20260404000939     16   1195.0   1225.0   20.0     52.9   1225.6   1444.1   0.866
20260404000939     16   1260.0   1280.0   20.0     78.6   1396.3   1441.4   0.701
20260404000939     16   1350.0   1385.0   20.0     79.7   1430.9   1427.4   0.744
20260404000939     16   1605.0   1620.0   20.0     26.4   1510.3   1503.0   0.817
20260404000939     16   1675.0   1690.0   20.0     42.5   1543.0   1493.1   0.694
20260404000939     17   1705.0   1720.0   20.0     22.7   1135.3   1134.2   0.776
20260404000939     22   1645.0   1660.0   20.0     80.3   1146.3   1145.4   0.584
20260404000939     23    215.0    230.0   20.0     27.5   1130.1   1168.9   0.653
20260404000939     23    315.0    365.0   20.0     47.1   1180.2   1318.5   0.773
20260404000939     23   1120.0   1135.0   20.0     97.1   1357.8   1437.8   0.765
20260404000939     24    930.0    945.0   20.0     24.5   1142.2   1179.0   0.728
20260404000939     24   1465.0   1480.0   20.0     20.6   1193.7   1207.3   0.756
20260404000939     25     90.0    105.0   20.0     68.7   1137.1   1135.3   0.669
20260404000939     26    460.0    475.0   20.0     25.2   1115.5   1168.5   0.721
20260404000939     26    630.0    685.0   20.0     67.9   1188.8   1303.1   0.894
20260404000939     26   1180.0   1195.0   20.0     71.6   1414.2   1121.8   0.882
20260404000939     26   1400.0   1415.0   20.0     26.3   1121.4   1158.3   0.750
20260404000939     28   1200.0   1220.0   20.0    171.1   1121.8   1125.0   0.916
20260404000939     32    425.0    445.0   20.0     31.2   1231.7   1232.3   0.882
20260404000939     33    400.0    415.0   20.0    104.2   1112.2   1111.2   0.622
20260404000939     34   1395.0   1405.0   20.0     25.7   1109.8   1109.8   0.423
20260404000939     35    520.0    535.0   20.0     23.3   1107.4   1157.0   0.692
20260404000939     35    805.0    820.0   20.0     22.1   1193.9   1317.8   0.753
20260404000939     35   1170.0   1185.0   20.0     21.9   1408.9   1404.5   0.794
20260404000939     35   1605.0   1620.0   20.0     21.2   1418.4   1429.8   0.715
20260404000939     36    870.0    920.0   20.0     32.0   1089.0   1150.3   0.780
20260404000939     36    955.0    990.0   20.0     59.4   1147.9   1191.5   0.643
20260404000939     36   1045.0   1115.0   20.0     37.4   1170.3   1164.8   0.827
20260404000939     36   1260.0   1275.0   20.0     51.1   1160.9   1203.0   0.601
20260404000939     36   1310.0   1325.0   20.0     95.7   1205.5   1195.2   0.706
20260404000939     37    565.0    580.0   20.0     43.1   1420.2   1497.9   0.852
20260404000939     38    335.0    355.0   20.0     34.8   1213.9   1139.7   0.703
20260404000939     38   1670.0   1750.0   20.0    281.8   1136.4   1136.2   0.894
20260404000939     39    225.0    240.0   20.0     34.4   1078.4   1082.4   0.779
20260404000939     40    175.0    190.0   20.0    249.6   1134.5   1328.7   0.784
20260404000939     40   1180.0   1195.0   20.0     44.0   1143.7   1140.0   0.825
20260404000939     40   1425.0   1440.0   20.0     98.5   1224.4   1115.1   0.692
20260404000939     41   1100.0   1125.0   20.0    333.4   1087.2   1300.3   0.848
20260404000939     41   1230.0   1245.0   20.0     41.3   1162.6   1096.1   0.886
20260404000939     43    625.0    640.0   20.0     57.6   1097.3   1105.2   0.764
20260404000939     43    820.0    835.0   20.0     29.6   1093.8   1150.3   0.740
20260404000939     43    885.0    895.0   20.0     24.4   1168.3   1214.3   0.646
20260404000939     43    945.0    965.0   20.0     43.3   1231.4   1204.5   0.887
20260404000939     45     85.0    140.0   16.9     33.0   1101.3   1161.7   0.766
20260404000939     45    185.0    200.0   20.0    160.1   1157.6   1165.9   0.619
20260404000939     45    260.0    300.0   20.0    168.5   1146.2   1456.4   0.821
20260404000939     45    740.0    755.0   20.0     37.9   1485.9   1598.1   0.843
20260404000939     46   1455.0   1535.0   20.0    172.5   1095.9   1097.3   0.850
20260404000939     48    275.0    290.0   20.0     49.9    340.1    366.3   0.702
20260404000939     49    335.0    360.0   20.0    166.3   1178.4   1143.8   0.934
20260404000939     49    535.0    550.0   20.0     79.5   1136.5   1135.0   0.699
20260404000939     49   1650.0   1665.0   20.0     69.9   1116.3   1121.7   0.763
20260404000939     50    170.0    190.0   20.0    170.6   1067.1   1068.5   0.712
20260404000939     51   1320.0   1335.0   20.0     75.5   1083.4   1080.7   0.604
20260404000939     52    350.0    515.0   20.0    109.4   1156.6   1475.8   0.786
20260404000939     52    550.0    565.0   20.0     26.3   1470.8   1518.8   0.848
20260404000939     52    700.0    715.0   20.0     27.2   1542.9   1557.9   0.801
20260404000939     52   1435.0   1450.0   20.0     21.5   1573.2   1573.5   0.595
20260404000939     53   1275.0   1290.0   20.0     78.1   1085.2   1086.6   0.811
20260404000939     53   1350.0   1370.0   20.0    120.5   1080.7   1084.0   0.783
20260404000939     53   1605.0   1620.0   20.0     43.3   1081.1   1081.1   0.667
20260404000939     54    425.0    440.0   20.0     28.3   1083.4   1140.3   0.747
20260404000939     54    670.0    685.0   20.0     25.6   1175.1   1145.7   0.755
20260404000939     54    750.0    765.0   20.0     49.2   1155.3   1245.7   0.833
20260404000939     54    870.0    885.0   20.0     29.5   1302.3   1333.9   0.616
20260404000939     54   1020.0   1035.0   20.0     21.8   1366.1   1416.1   0.769
20260404000939     54   1070.0   1085.0   20.0     22.4   1414.0   1374.9   0.799
20260404000939     54   1705.0   1720.0   20.0     48.4   1436.4   1585.4   0.884
20260404000939     55    170.0    200.0   20.0    282.1   1236.3   1085.5   0.820
20260404000939     55    940.0    970.0   20.0    266.9   1087.0   1094.9   0.755
20260404000939     56    490.0    505.0   20.0     62.3   1077.2   1076.5   0.754
20260404000939     56   1535.0   1570.0   20.0    247.6   1077.6   1399.8   0.626
20260404000939     57   1575.0   1590.0   20.0     59.3   1070.7   1356.1   0.844
20260404000939     59    535.0    615.0   20.0    178.5   1089.0   1094.1   0.869
20260404000939     59   1100.0   1120.0   20.0     89.5   1095.0   1094.4   0.828
20260404000939     60     85.0    100.0   20.0     29.8   1324.1   1323.2   0.713
20260404000939     60    440.0    455.0   20.0     21.2   1345.8   1476.7   0.846
20260404000939     60    990.0   1005.0   20.0     64.7   1424.9   1412.8   0.561
20260404000939     63    640.0    655.0   20.0     28.4   1083.8   1138.1   0.793
20260404000939     63    690.0    705.0   20.0     43.2   1144.6   1177.7   0.820
20260404000939     63    785.0    800.0   20.0     44.8   1180.8   1222.2   0.740
20260404000939     63   1010.0   1030.0   20.0     58.7   1219.0   1220.7   0.873
20260404000939     63   1575.0   1590.0   20.0     28.5   1259.2   1271.1   0.728
20260404000939     64    310.0    340.0   20.0     25.5   1580.7   1554.0   0.771
20260404000939     64    380.0    430.0   20.0     28.5   1553.5   1595.2   0.719
20260404000939     64    525.0    540.0   20.0     34.7   1597.8   1562.2   0.819
20260404000939     64    575.0    730.0   20.0     51.7   1565.8   1561.6   0.758
20260404000939     64    800.0    865.0   20.0     34.2   1573.1   1582.3   0.696
20260404000939     64    935.0   1030.0   20.0     34.9   1598.4   1627.9   0.697
20260404000939     64   1095.0   1285.0   20.0     50.3   1619.8   1586.4   0.809
20260404000939     64   1325.0   1385.0   20.0     34.8   1587.4   1581.5   0.773
20260404000939     64   1425.0   1470.0   20.0     43.1   1588.7   1580.8   0.702
20260404000939     64   1510.0   1520.0   20.0     24.8   1577.4   1588.7   0.465
20260404000939     64   1570.0   1795.0   20.0     45.3   1587.2   1607.0   0.764
20260404000939     65    600.0    615.0   20.0    104.1   1167.7   1121.4   0.703
20260404000939     65    795.0    810.0   20.0     59.1   1191.3   1280.3   0.797
20260404000939     66    500.0    515.0   20.0     31.7   1174.0   1210.3   0.808
20260404000939     66    815.0    830.0   20.0     98.7   1214.9   1365.1   0.758
20260404000939     67    490.0    500.0   20.0     24.5   1062.2   1062.5   0.435
20260404000939     69      5.0     70.0   20.0    104.0   1219.4   1094.5   0.902
20260404000939     73    235.0    250.0   20.0    110.1   1075.7   1078.0   0.800
20260404000939     73   1060.0   1080.0   20.0     35.4   1081.9   1092.9   0.726
20260404000939     73   1195.0   1220.0   20.0    136.5   1085.5   1083.9   0.796
20260404000939     75    175.0    300.0   20.0    135.1   1063.4   1152.2   0.915
20260404000939     75    435.0    450.0   20.0     23.8   1138.3   1128.5   0.751
20260404000939     75    505.0    560.0   20.0    102.1   1141.8   1064.1   0.941
20260404000939     75    790.0    810.0   20.0    109.1   1066.2   1065.8   0.845
20260404000939     75   1300.0   1320.0   20.0     28.3   1133.5   1140.7   0.870
20260404000939     75   1645.0   1660.0   20.0     24.9   1131.5   1248.2   0.818
20260404000939     75   1790.0   1800.0   20.0     36.2   1263.8   1288.5   0.607
20260404000939     76     85.0    100.0   20.0     53.1   1078.4   1078.3   0.714
20260404000939     77    505.0    520.0   20.0     59.5   1049.5   1048.5   0.751
20260404000939     81    355.0    570.0   20.0    265.4   1069.1   1065.9   0.913
20260404000939     81    680.0    695.0   20.0     36.6   1065.4   1065.9   0.770
20260404000939     81    795.0    815.0   20.0     80.1   1073.3   1073.1   0.773
20260404000939     83    375.0    390.0   20.0     20.7   1056.0   1090.8   0.731
20260404000939     83    665.0    680.0   20.0     37.8   1124.7   1171.3   0.802
20260404000939     85    105.0    120.0   20.0     26.9   1355.8   1384.8   0.753
20260404000939     85    590.0    605.0   20.0     22.1   1445.3   1493.3   0.735
20260404000939     86    790.0    805.0   20.0     30.8   1064.1   1104.7   0.735
20260404000939     86    870.0    885.0   20.0     32.9   1111.3   1196.8   0.878
20260404000939     86    920.0    935.0   20.0     33.2   1204.5   1202.9   0.749
20260404000939     86   1070.0   1085.0   20.0     82.0   1204.2   1205.3   0.721
20260404000939     86   1365.0   1380.0   20.0     63.2   1221.3   1224.9   0.797
20260404000939     87      0.0     10.0   20.0     87.9      0.0   1047.5   0.864
20260404000939     87   1430.0   1445.0   20.0     60.4   1122.7   1233.9   0.803
20260404000939     88    855.0    870.0   20.0    371.8   1068.4   1657.5   0.866
20260404000939     88    955.0    975.0   20.0     98.9   1321.8   1396.4   0.820
20260404000939     88   1220.0   1245.0   20.0     61.1   1305.2   1189.4   0.937
20260404000939     89    275.0    290.0   20.0    203.5   1076.3   1250.4   0.840
20260404000939     89   1705.0   1720.0   20.0     76.8   1074.8   1073.6   0.804
20260404000939     90   1310.0   1325.0   20.0     39.8    493.6    539.5   0.617
20260404000939     94    675.0    690.0   20.0     56.0   1073.0   1073.7   0.737
20260404000939     94   1175.0   1250.0   20.0    120.9   1093.9   1076.9   0.806
20260404000939     96     15.0     30.0   20.0     21.5   1068.1   1090.2   0.529
20260404000939     96    585.0    600.0   20.0     29.1   1140.0   1176.6   0.801
20260404000939     96   1575.0   1590.0   20.0     43.6   1118.1   1119.1   0.862
20260404000939     97     25.0    140.0   20.0    162.5   1166.4   1055.5   0.836
20260404000939     97    980.0    995.0   20.0     23.7   1061.8   1111.9   0.641
20260404000939     97   1345.0   1365.0   20.0     24.9   1137.6   1215.5   0.714
20260404000939     97   1410.0   1425.0   20.0     23.8   1210.2   1221.4   0.507
20260404000939     97   1645.0   1660.0   20.0     33.7   1257.7   1253.5   0.837
20260404000939     99      5.0     45.0   20.0    104.9   1193.1   1059.6   0.801
20260404000939    101     20.0     45.0   20.0     44.5   1588.7   1582.7   0.849
20260404000939    101    195.0    225.0   20.0     26.9   1611.6   1605.0   0.807
20260404000939    101    925.0    940.0   20.0     24.6   1622.4   1620.9   0.775
20260404000939    102    520.0    535.0   20.0     30.8   1052.3   1051.3   0.446
20260404000939    102    945.0   1010.0   20.0    115.2   1054.3   1054.5   0.916
20260404000939    102   1185.0   1255.0   20.0     97.7   1052.8   1085.7   0.863
20260404000939    103    145.0    160.0   20.0     20.7   1486.8   1515.9   0.643
20260404000939    103    555.0    570.0   20.0     31.3   1542.9   1533.9   0.927
20260404000939    103    765.0    780.0   20.0     47.9   1485.7   1393.7   0.854
20260404000939    104    100.0    115.0   20.0     44.5   1067.7   1118.6   0.743
20260404000939    104    150.0    165.0   20.0     52.8   1124.1   1068.1   0.725
20260404000939    104    230.0    245.0   20.0     43.0   1070.2   1133.9   0.856
20260404000939    104    430.0    445.0   20.0     65.6   1192.9   1075.1   0.890
20260404000939    104   1195.0   1215.0   20.0     53.7   1082.8   1075.2   0.745
20260404000939    104   1640.0   1670.0   20.0    180.6   1063.1   1076.8   0.778
20260404000939    105    115.0    135.0   20.0     46.5   1103.9   1087.0   0.807
20260404000939    105    945.0    960.0   20.0     42.4   1112.5   1224.4   0.861
20260404000939    105   1015.0   1030.0   20.0     70.6   1223.8   1285.6   0.771
20260404000939    105   1135.0   1150.0   20.0     26.9   1329.4   1329.3   0.757
20260404000939    105   1200.0   1220.0   20.0     91.6   1286.5   1379.5   0.836
20260404000939    105   1325.0   1340.0   20.0     29.0   1296.6   1328.6   0.801
20260404000939    106    945.0    970.0   20.0     82.5   1051.5   1052.3   0.826
20260404000939    107    700.0    745.0   20.0    132.7   1296.1   1209.2   0.887
20260404000939    108    145.0    160.0   20.0    101.6   1127.7   1249.7   0.831
20260404000939    108    620.0    635.0   20.0     27.8   1343.4   1359.6   0.555
20260404000939    110    435.0    450.0   20.0     53.9   1096.7   1106.6   0.648
20260404000939    110    770.0    785.0   20.0     37.5   1187.4   1198.0   0.752
20260404000939    110    905.0    920.0   20.0     23.2   1265.2   1413.5   0.662
20260404000939    110   1000.0   1015.0   20.0     29.0   1505.5   1493.2   0.418
20260404000939    112    310.0    325.0   20.0     56.0   1209.3   1090.3   0.882
20260404000939    112   1790.0   1800.0   20.0     37.4   1151.1   1161.9   0.683
20260404000939    113   1425.0   1510.0   20.0     33.2   1048.9   1376.0   0.854
20260404000939    113   1575.0   1595.0   20.0    202.8   1178.7   1048.0   0.867
20260404000939    114    690.0    750.0   20.0    245.1   1125.9   1342.4   0.852
20260404000939    114    985.0   1010.0   20.0    118.1   1169.8   1355.3   0.769
20260404000939    115   1480.0   1565.0   20.0    152.6   1064.7   1063.7   0.779
20260404000939    119    125.0    145.0   20.0    261.8   1049.4   1049.3   0.802
20260404000939    119    250.0    270.0   20.0     59.0   1051.1   1053.1   0.773
20260404000939    120   1465.0   1480.0   20.0     30.6   1045.6   1080.1   0.870
20260404000939    121     10.0     25.0   20.0     41.6   1073.0   1133.0   0.735
20260404000939    121    880.0    895.0   20.0     28.6   1202.0   1134.5   0.889
20260404000939    121   1785.0   1800.0   20.0     40.8   1102.0   1146.1   0.780
20260404000939    122    145.0    160.0   20.0     79.7   1056.4   1328.3   0.886
20260404000939    122    205.0    265.0   20.0     36.5   1398.4   1296.4   0.821
20260404000939    122    435.0    450.0   20.0     26.9   1379.9   1379.0   0.786
20260404000939    122    510.0    525.0   20.0     53.0   1429.2   1449.6   0.563
20260404000939    122    600.0    615.0   20.0     24.8   1435.7   1416.5   0.848
20260404000939    122   1015.0   1030.0   20.0     32.8   1435.9   1443.9   0.861
20260404000939    122   1185.0   1290.0   20.0     88.9   1455.8   1490.5   0.922
20260404000939    122   1350.0   1365.0   20.0     26.1   1480.8   1466.3   0.872
20260404000939    122   1775.0   1790.0   20.0     21.9   1475.3   1484.2   0.823
20260404000939    123    545.0    570.0   20.0    148.3   1046.3   1042.3   0.861
20260404000939    123   1485.0   1500.0   20.0     21.7   1049.2   1075.3   0.732
20260404000939    124   1310.0   1325.0   20.0     22.1   1510.9   1544.3   0.815
20260404000939    125    965.0    980.0   20.0     41.9   1070.3   1173.5   0.812
20260404000939    125   1050.0   1105.0   20.0    140.4   1208.2   1317.6   0.852
20260404000939    125   1495.0   1510.0   20.0     21.5   1389.9   1406.3   0.807
20260404000939    126   1420.0   1435.0   20.0     24.6   1361.4   1379.7   0.748
20260404000939    127     55.0     75.0   20.0    204.3   1054.9   1064.7   0.897
20260404000939    129    190.0    205.0   20.0     71.9   1048.7   1047.1   0.793
20260404000939    130    100.0    130.0   20.0     60.2   1121.8   1193.6   0.817
20260404000939    130    290.0    305.0   20.0     20.6   1172.4   1210.6   0.826
20260404000939    130    465.0    480.0   20.0     75.5   1234.9   1225.1   0.745
20260404000939    132    770.0    780.0   20.0     21.1   1141.6   1139.1   0.555
20260404000939    132    850.0    865.0   20.0     24.8   1146.1   1174.9   0.689
20260404000939    132    985.0   1000.0   20.0     30.2   1159.1   1116.1   0.820
20260404000939    133   1500.0   1515.0   20.0     94.6   1072.5   1063.3   0.809
20260404000939    138    890.0    905.0   20.0    132.3   1090.2   1361.4   0.790
20260404000939    138    990.0   1005.0   20.0    158.1   1384.9   1495.7   0.745
20260404000939    138   1040.0   1060.0   20.0    109.2   1375.2   1083.3   0.914
20260404000939    138   1730.0   1745.0   20.0     27.1   1082.2   1133.4   0.741
20260404000939    139     30.0     75.0   20.0     60.2   1056.7   1223.9   0.856
20260404000939    139    110.0    160.0   20.0    153.4   1241.9   1314.9   0.753
20260404000939    139    465.0    480.0   20.0     31.1   1410.7   1439.1   0.878
20260404000939    139    670.0    685.0   20.0     24.6   1478.4   1516.5   0.899
20260404000939    139   1050.0   1065.0   20.0     89.2   1521.6   1554.5   0.767
20260404000939    139   1320.0   1335.0   20.0     22.8   1485.5   1464.6   0.872
20260404000939    139   1375.0   1390.0   20.0     31.1   1444.8   1299.6   0.886
20260404000939    140     25.0     40.0   20.0     32.8   1063.0   1127.3   0.766
20260404000939    140    145.0    205.0   20.0     41.1   1195.8   1239.6   0.772
20260404000939    140    475.0    590.0   20.0     48.0   1280.8   1070.8   0.888
20260404000939    140   1645.0   1660.0   20.0     93.4   1072.1   1072.2   0.607
20260404000939    141   1545.0   1560.0   20.0     24.9   1108.8   1102.1   0.866
20260404000939    143    995.0   1010.0   20.0     24.0   1077.3   1115.1   0.796
20260404000939    143   1075.0   1090.0   20.0     36.3   1136.6   1147.2   0.685
20260404000939    143   1310.0   1325.0   20.0     57.0   1137.1   1186.3   0.806
20260404000939    143   1460.0   1475.0   20.0     26.6   1163.3   1287.5   0.824
20260404000939    144   1585.0   1600.0   20.0     47.8   1138.1   1280.5   0.901
20260404000939    144   1670.0   1685.0   20.0     34.1   1302.7   1324.7   0.829
20260404000939    145    835.0    850.0   20.0     20.7   1087.3   1088.0   0.583
20260404000939    146     30.0     50.0   20.0     61.4   1058.3   1060.9   0.749
20260404000939    146    840.0    855.0   20.0     82.3   1125.5   1125.0   0.830
20260404000939    146   1150.0   1165.0   20.0     40.9   1164.2   1162.7   0.799
20260404000939    148    145.0    160.0   20.0     79.9   1068.2   1069.7   0.845
20260404000939    148   1450.0   1470.0   20.0    124.9   1117.9   1083.9   0.882
20260404000939    150      0.0    205.0   20.0     74.0      0.0    620.9   0.702
20260404000939    150    255.0    270.0   20.0     41.6    623.5    637.8   0.700
20260404000939    150    310.0    395.0   20.0     55.0    617.0    627.9   0.643
20260404000939    150    455.0    605.0   20.0     44.8    607.2    631.3   0.692
20260404000939    150    645.0    840.0   20.0     69.4    626.5    606.9   0.726
20260404000939    150    880.0    950.0   20.0     58.6    617.1    627.7   0.666
20260404000939    150   1060.0   1190.0   20.0     52.2    617.4    604.0   0.637
20260404000939    150   1230.0   1510.0   20.0     65.2    590.9    598.4   0.686
20260404000939    150   1555.0   1700.0   20.0     54.2    592.7    629.0   0.668
20260404000939    151     75.0    165.0   20.0     44.8   1083.0   1137.1   0.775
20260404000939    151    240.0    255.0   20.0     27.8   1134.3   1199.5   0.912
20260404000939    151    710.0    725.0   20.0    104.8   1142.4   1210.2   0.875
20260404000939    151   1105.0   1120.0   20.0     27.6   1193.8   1222.6   0.821
20260404000939    152    375.0    390.0   20.0     23.0   1066.7   1109.2   0.706
20260404000939    152    440.0    455.0   20.0     23.5   1125.5   1125.1   0.727
20260404000939    152    985.0   1000.0   20.0     34.3   1129.2   1209.3   0.848
20260404000939    154    115.0    130.0   20.0     31.8   1639.1   1700.3   0.805
20260404000939    154    210.0    225.0   20.0     47.6   1778.0   1662.2   0.886
20260404000939    154    700.0    725.0   20.0     63.4   1652.7   1673.7   0.874
20260404000939    154    890.0    910.0   20.0     25.5   1646.3   1642.9   0.830
20260404000939    154   1075.0   1090.0   20.0     94.0   1648.6   1776.2   0.832
20260404000939    154   1460.0   1475.0   20.0     54.0   1661.1   1760.2   0.796
20260404000939    155   1260.0   1270.0   20.0     41.5   1195.9   1195.3   0.704
20260404000939    156    310.0    325.0   20.0     20.0   1063.8   1062.2   0.677
20260404000939    156    720.0    735.0   20.0     20.8   1068.0   1100.5   0.702
20260404000939    156   1350.0   1365.0   20.0     67.5   1133.0   1172.2   0.657
20260404000939    156   1405.0   1420.0   20.0     25.2   1162.2   1171.3   0.848
20260404000939    157      0.0     15.0   20.0     22.5      0.0   1122.4   0.659
20260404000939    157    470.0    485.0   20.0    103.1   1147.5   1286.2   0.802
20260404000939    157    650.0    665.0   20.0     49.0   1413.4   1443.2   0.762
20260404000939    157    905.0    940.0   20.0     23.6   1458.9   1463.3   0.862
20260404000939    158   1550.0   1565.0   20.0     28.8   1138.8   1125.2   0.684
20260404000939    158   1640.0   1655.0   20.0     60.7   1124.3   1087.0   0.679
20260404000939    159   1210.0   1240.0   20.0    221.3   1073.6   1070.0   0.818
20260404000939    159   1705.0   1725.0   20.0    174.8   1068.0   1066.3   0.893
20260404000939    161    365.0    380.0   20.0     47.5   1025.7   1027.6   0.653
20260404000939    161    530.0    550.0   20.0    103.9   1035.2   1031.1   0.685
20260404000939    161    955.0    985.0   20.0     49.8   1026.9   1073.7   0.706
20260404000939    161   1020.0   1055.0   20.0     25.9   1081.3   1174.6   0.500
20260404000939    161   1105.0   1175.0   20.0     36.8   1081.8   1080.0   0.475
20260404000939    161   1680.0   1695.0   20.0     89.1   1106.0   1137.9   0.675
20260404000939    161   1730.0   1785.0   20.0     70.6   1160.7   1029.5   0.876
20260404000939    162    670.0    685.0   20.0     22.5   1100.7   1148.7   0.754
20260404000939    162   1005.0   1020.0   20.0     32.0   1176.6   1237.8   0.825
20260404000939    162   1260.0   1275.0   20.0     56.0   1240.7   1104.2   0.783
20260404000939    163    695.0    860.0   20.0     85.1   1096.5   1426.5   0.923
20260404000939    163    905.0    920.0   20.0    111.2   1387.3   1100.5   0.932
20260404000939    164   1690.0   1725.0   20.0    115.5   1368.7   1257.4   0.729
20260404000939    165   1450.0   1470.0   20.0     44.3   1095.7   1157.9   0.913
20260404000939    165   1660.0   1680.0   20.0    162.3   1261.8   1094.1   0.841
20260404000939    166   1005.0   1020.0   20.0    299.5   1155.5   1337.8   0.814
20260404000939    168    130.0    330.0   20.0    180.7   1120.9   1242.2   0.831
20260404000939    168    430.0    445.0   20.0     29.7   1247.9   1247.4   0.824
20260404000939    168    670.0    685.0   20.0     32.6   1263.9   1296.5   0.759
20260404000939    168    755.0    770.0   20.0     25.4   1290.4   1312.3   0.769
20260404000939    168    815.0    830.0   20.0     70.5   1322.4   1374.0   0.691
20260404000939    168   1685.0   1705.0   20.0     72.5   1357.3   1438.0   0.864
20260404000939    169     45.0    100.0   20.0     28.7   1099.7   1163.5   0.740
20260404000939    169    725.0    740.0   20.0     63.8   1173.6   1275.1   0.863
20260404000939    169    795.0    825.0   20.0     66.7   1307.2   1319.8   0.874
20260404000939    169   1260.0   1275.0   20.0     20.5   1437.9   1457.5   0.742
20260404000939    169   1695.0   1710.0   20.0     24.5   1500.4   1527.0   0.472
20260404000939    170   1220.0   1235.0   20.0     48.4   1113.5   1111.1   0.563
20260404000939    171      0.0     10.0   20.0     33.2      0.0   1197.1   0.920
20260404000939    173     35.0     50.0   20.0     31.6   1327.6   1409.3   0.939
20260404000939    174   1605.0   1620.0   20.0     57.0   1804.8   1586.3   0.917
20260404000939    175    105.0    120.0   20.0     47.5   1197.5   1201.5   0.904
20260404000939    175    395.0    410.0   20.0     38.5   1176.3   1168.0   0.820
20260404000939    175    625.0    640.0   20.0     43.1   1168.4   1251.1   0.840
20260404000939    175    685.0    730.0   20.0     27.3   1255.1   1315.5   0.859
20260404000939    175   1665.0   1680.0   20.0     99.4   1438.6   1324.3   0.782
20260404000939    176    570.0    585.0   20.0     71.3   1145.7   1170.7   0.688
20260404000939    176   1450.0   1465.0   20.0     45.3   1161.5   1154.8   0.784
20260404000939    176   1580.0   1595.0   20.0     24.2   1142.7   1146.0   0.756
20260404000939    177    765.0    785.0   20.0    185.6   1135.9   1131.9   0.916
20260404000939    177    945.0    975.0   20.0     46.8   1205.2   1226.1   0.818
20260404000939    177   1260.0   1275.0   20.0     27.2   1258.0   1254.6   0.795
20260404000939    178   1440.0   1455.0   20.0    148.0   1165.8   1475.9   0.848
20260404000939    178   1775.0   1795.0   20.0     95.7   1161.8   1159.3   0.828
20260404000939    179    130.0    145.0   20.0     24.6   1114.5   1157.6   0.731
20260404000939    179    590.0    605.0   20.0     61.5   1181.4   1181.4   0.798
20260404000939    179    655.0    670.0   20.0     62.2   1173.5   1267.6   0.824
20260404000939    179    720.0    735.0   20.0     41.8   1347.4   1390.8   0.876
20260404000939    179    915.0    930.0   20.0     80.6   1470.2   1465.5   0.799
20260404000939    179   1300.0   1315.0   20.0    132.5   1491.0   1537.7   0.664
20260404000939    179   1355.0   1370.0   20.0     43.8   1441.6   1365.4   0.746
20260404000939    180    420.0    435.0   20.0     42.1   1187.9   1284.5   0.858
20260404000939    180    610.0    625.0   20.0     21.7   1352.2   1368.7   0.538
20260404000939    180    720.0    735.0   20.0     23.7   1356.9   1361.6   0.554
20260404000939    180    835.0    850.0   20.0     23.7   1409.9   1435.8   0.706
20260404000939    180   1450.0   1470.0   20.0     56.2   1475.2   1284.5   0.816
20260404000939    181    165.0    180.0   20.0     76.0   1134.5   1133.0   0.770
20260404000939    181    715.0    730.0   20.0     22.5   1133.0   1139.5   0.756
20260404000939    182    375.0    390.0   20.0     22.9   1146.6   1187.0   0.698
20260404000939    182   1050.0   1065.0   20.0    116.6   1235.7   1390.9   0.842
20260404000939    185   1635.0   1645.0   20.0     21.0   1109.6   1110.3   0.596
20260404000939    186   1370.0   1390.0   20.0    152.3   1147.0   1146.8   0.872
20260404000939    191   1350.0   1365.0   20.0     29.1   1046.9   1048.4   0.553
20260404000939    192    685.0    695.0   20.0     22.0   1169.5   1171.3   0.524
20260404000939    192    830.0    845.0   20.0    149.1   1174.9   1640.7   0.845
20260404000939    193    925.0    940.0   20.0     55.6   1203.1   1201.2   0.722
20260404000939    193   1180.0   1195.0   20.0     24.9   1203.0   1175.0   0.786
20260404000939    194    280.0    305.0   20.0    113.1   1172.8   1539.0   0.914
20260404000939    194   1140.0   1155.0   20.0     23.3   1580.5   1577.7   0.840
20260404000939    195     80.0    100.0   20.0    422.2   1146.5   1146.1   0.877
20260404000939    195    375.0    450.0   20.0     82.3   1148.9   1386.2   0.850
20260404000939    195    825.0    840.0   20.0     31.9   1509.6   1533.8   0.659
20260404000939    195    925.0    940.0   20.0     76.0   1556.3   1618.3   0.811
20260404000939    195    980.0    995.0   20.0     42.0   1617.6   1595.8   0.648
20260404000939    197    270.0    285.0   20.0     22.5   1183.7   1193.7   0.568
20260404000939    198   1450.0   1465.0   20.0     22.1   1383.2   1197.7   0.733
20260404000939    198   1615.0   1630.0   20.0     46.8   1198.0   1228.4   0.721
20260404000939    198   1665.0   1680.0   20.0     66.7   1228.2   1180.8   0.783
20260404000939    199   1215.0   1230.0   20.0     70.2   1173.5   1172.2   0.664
20260404000939    202     60.0     80.0   20.0     67.2   1171.9   1173.4   0.823
20260404000939    204     95.0    110.0   20.0     98.5   1141.5   1141.8   0.779
20260404000939    205    495.0    510.0   20.0     29.4   1184.0   1228.6   0.744
20260404000939    205   1390.0   1405.0   20.0     42.4   1275.2   1347.7   0.801
20260404000939    205   1665.0   1680.0   20.0     21.4   1320.3   1346.4   0.788
20260404000939    206    735.0    750.0   20.0     32.8   1174.3   1170.4   0.781
20260404000939    206    970.0   1015.0   20.0     97.1   1171.1   1583.8   0.847
20260404000939    206   1060.0   1085.0   20.0     81.7   1567.5   1663.6   0.869
20260404000939    206   1245.0   1260.0   20.0     29.3   1597.7   1180.2   0.944
20260404000939    208    240.0    260.0   20.0    283.2   1183.1   1761.3   0.868
20260404000939    208    430.0    445.0   20.0     21.7   1662.6   1609.9   0.639
20260404000939    208    550.0    565.0   20.0     63.6   1576.2   1590.7   0.770
20260404000939    208    625.0    645.0   20.0     49.9   1623.6   1850.5   0.936
20260404000939    210      0.0     20.0   20.0     81.8      0.0   1196.1   0.717
20260404000939    210     65.0     85.0   20.0    147.3   1194.4   1195.9   0.826
20260404000939    210    235.0    250.0   20.0    133.4   1199.8   1201.6   0.798
20260404000939    211    520.0    540.0   20.0    142.4   1199.0   1446.1   0.855
20260404000939    211   1195.0   1210.0   20.0     20.1   1512.6   1548.9   0.870
20260404000939    213    725.0    735.0   20.0     36.7   1220.2   1194.6   0.489
20260404000939    213    880.0    895.0   20.0     73.9   1195.9   1195.9   0.712
20260404000939    213   1455.0   1470.0   20.0    163.1   1190.0   1192.3   0.698
20260404000939    216    640.0    660.0   20.0     86.9   1239.6   1371.1   0.818
20260404000939    216    700.0    715.0   20.0     34.5   1407.9   1467.4   0.710
20260404000939    216    775.0    830.0   20.0     63.7   1497.3   1417.3   0.885
20260404000939    216   1125.0   1140.0   20.0     26.5   1534.9   1547.2   0.697
20260404000939    217    960.0    975.0   20.0    118.1   1234.8   1422.2   0.864
20260404000939    217   1030.0   1045.0   20.0     24.9   1443.9   1458.9   0.687
20260404000939    217   1170.0   1185.0   20.0    161.6   1470.9   1836.1   0.810
20260404000939    218    135.0    150.0   20.0     63.0   1257.4   1269.8   0.894
20260404000939    218    195.0    210.0   20.0    183.9   1302.7   1317.8   0.790
20260404000939    218    765.0    785.0   20.0     21.5   1453.7   1411.7   0.757
20260404000939    219   1000.0   1080.0   20.0    166.4   1325.0   1507.3   0.833
20260404000939    220   1000.0   1015.0   20.0     23.2   1200.9   1243.3   0.764
20260404000939    220   1315.0   1360.0   20.0    146.2   1243.5   1439.1   0.892
20260404000939    221   1540.0   1555.0   20.0     20.1   1219.2   1199.5   0.747
20260404000939    222    255.0    270.0   20.0     45.1   1299.2   1265.7   0.777
20260404000939    222    870.0    885.0   20.0     72.6   1262.4   1258.2   0.583
20260404000939    222   1065.0   1075.0   20.0     38.0   1273.7   1259.1   0.467
20260404000939    223   1250.0   1280.0   20.0    373.8   1236.7   1540.7   0.870
20260404000939    223   1325.0   1340.0   20.0    182.3   1537.6   1823.5   0.815
20260404000939    224     25.0     45.0   20.0     54.3   1222.3   1222.2   0.796
20260404000939    224    285.0    300.0   20.0     24.4   1235.8   1231.8   0.594
20260404000939    224   1030.0   1065.0   20.0    323.2   1236.2   1708.0   0.884
20260404000939    225    460.0    505.0   20.0     75.7   1307.6   1307.4   0.845
20260404000939    226     20.0     35.0   20.0     52.2   1176.3   1199.4   0.551
20260404000939    226    705.0    720.0   20.0     41.5   1239.5   1235.9   0.450
20260404000939    226    795.0    810.0   20.0     33.2   1237.7   1199.8   0.638
20260404000939    226   1525.0   1540.0   20.0     31.2   1190.1   1181.7   0.743
20260404000939    228    500.0    510.0   20.0     20.4   1305.4   1352.9   0.478
20260404000939    228    840.0    855.0   20.0     29.8   1311.1   1305.5   0.623
20260404000939    229    900.0    915.0   20.0    111.2   1247.2   1247.9   0.579
20260404000939    230     15.0     55.0   20.0    171.9    558.2    539.5   0.830
20260404000939    230    110.0    125.0   20.0     34.2    523.9    498.7   0.765
20260404000939    230   1515.0   1535.0   20.0     45.6    455.5    441.1   0.845
20260404000939    233   1175.0   1190.0   20.0     66.6   1250.7   1252.0   0.705
20260404000939    234      0.0     15.0   20.0     90.3      0.0   2254.0   0.752
20260404000939    236      0.0     30.0   20.0     36.1      0.0   1401.0   0.734
20260404000939    236     65.0     95.0   20.0    111.0   1417.1   1430.9   0.882
20260404000939    236    260.0    275.0   20.0     83.6   1461.0   1358.7   0.892
20260404000939    237     95.0    110.0   20.0     20.8   1316.5   1318.2   0.649
20260404000939    237   1255.0   1270.0   20.0     44.7   1335.7   1337.7   0.500
20260404000939    239    395.0    410.0   20.0     23.4   1377.9   1376.1   0.709
20260404000939    240    645.0    660.0   20.0     35.0   1275.9   1276.4   0.659
20260404000939    240   1760.0   1775.0   20.0    103.5   1265.4   1265.1   0.782
20260404000939    242      0.0     25.0   20.0     61.1      0.0   2241.3   0.828
20260404000939    242    125.0    160.0   20.0     53.0   2236.1   2237.0   0.897
20260404000939    242    195.0    210.0   20.0     63.3   2238.5   2288.0   0.805
20260404000939    242    260.0    275.0   20.0     21.2   2277.2   2240.9   0.838
20260404000939    242    505.0    520.0   20.0     40.1   2233.4   2279.4   0.899
20260404000939    242   1350.0   1365.0   20.0     55.1   2225.4   2281.9   0.804
20260404000939    243     60.0     80.0   20.0    187.7   1281.1   1281.5   0.840
20260404000939    243    490.0    505.0   20.0     24.9   1287.4   1319.9   0.771
20260404000939    243    580.0    630.0   20.0    280.7   1343.4   1388.2   0.806
20260404000939    243    960.0    975.0   20.0     73.1   1377.6   1319.5   0.784
20260404000939    244    190.0    205.0   20.0     38.1   1308.3   1310.8   0.661
20260404000939    245    570.0    615.0   20.0     64.0   1306.5   1382.2   0.762
20260404000939    245   1695.0   1710.0   20.0     60.2   1422.6   1443.8   0.762
20260404000939    246     50.0     85.0   20.0    153.7   1496.9   1313.9   0.800
20260404000939    248      0.0    130.0   20.0    102.2      0.0   2113.5   0.846
20260404000939    250     45.0     60.0   20.0     65.1   1404.3   1576.6   0.878
20260404000939    250    145.0    205.0   20.0     34.5   1625.3   1919.1   0.680
20260404000939    250    320.0    335.0   20.0     20.1   1946.7   1947.9   0.548
20260404000939    252      0.0     10.0   20.0     22.3      0.0   1869.4   0.727
20260404000939    252     60.0     75.0   20.0     25.4   1878.4   1877.8   0.860
20260404000939    252    125.0    140.0   20.0     23.9   1873.6   1862.5   0.489
20260404000939    252    990.0   1005.0   20.0     25.9   1893.8   1912.4   0.829
20260404000939    252   1050.0   1085.0   20.0     23.2   1908.1   1984.4   0.812
20260404000939    252   1635.0   1650.0   20.0     33.4   1932.6   1914.9   0.705
20260404000939    253    160.0    175.0   20.0     94.3   1510.7   1557.5   0.739
20260404000939    253    360.0    375.0   20.0     99.6   1516.8   1563.2   0.866
20260404000939    253   1570.0   1585.0   20.0    108.6   1568.8   1803.2   0.816
20260404000939    254    565.0    580.0   20.0     95.5   1342.1   1350.6   0.800
20260404004257      1    345.0    370.0   20.0    219.4   1172.8   1173.0   0.815
20260404004257      1    525.0    540.0   20.0     28.6   1179.6   1233.3   0.716
20260404004257      1    635.0    655.0   20.0     77.0   1245.3   1174.6   0.744
20260404004257      1   1065.0   1080.0   20.0     30.0   1173.4   1220.1   0.801
20260404004257      1   1180.0   1190.0   20.0     31.3   1239.8   1250.4   0.414
20260404004257      1   1320.0   1355.0   20.0     59.3   1230.2   1407.5   0.814
20260404004257      2     15.0     35.0   20.0     37.6   1195.6   1288.2   0.779
20260404004257      2     75.0     95.0   20.0    119.4   1329.4   1468.1   0.801
20260404004257      2    155.0    170.0   20.0     29.0   1476.5   1506.7   0.784
20260404004257      2    210.0    225.0   20.0     25.8   1548.4   1645.6   0.794
20260404004257      3    535.0    555.0   20.0    140.1   1213.1   1158.2   0.821
20260404004257      3    965.0    985.0   20.0    159.0   1160.9   1175.1   0.868
20260404004257      3   1270.0   1295.0   20.0     52.5   1167.4   1165.8   0.764
20260404004257      3   1650.0   1685.0   20.0    184.8   1165.3   1174.6   0.844
20260404004257      7   1460.0   1490.0   20.0     32.3   1298.4   1246.8   0.781
20260404004257      8    625.0    645.0   20.0     39.0   1155.8   1204.8   0.725
20260404004257      8   1485.0   1500.0   20.0     64.8   1229.7   1239.6   0.653
20260404004257      8   1545.0   1560.0   20.0     23.1   1234.3   1270.3   0.745
20260404004257      9    100.0    115.0   20.0    151.1   1154.6   1152.7   0.835
20260404004257      9    525.0    540.0   20.0     87.4   1161.5   1397.1   0.859
20260404004257      9    845.0    860.0   20.0    160.9   1478.5   1482.2   0.473
20260404004257      9    965.0    980.0   20.0    191.6   1498.8   1686.4   0.771
20260404004257      9   1050.0   1075.0   20.0     61.2   1664.3   1575.3   0.851
20260404004257     10     85.0    100.0   20.0    105.5   1153.9   1153.9   0.881
20260404004257     10   1605.0   1620.0   20.0     34.4   1152.9   1149.1   0.591
20260404004257     11    120.0    135.0   20.0     40.1   1150.4   1202.8   0.728
20260404004257     11    175.0    190.0   20.0     32.9   1208.4   1278.4   0.763
20260404004257     11    280.0    295.0   20.0     32.7   1318.6   1320.9   0.624
20260404004257     11    525.0    540.0   20.0     26.3   1399.3   1434.6   0.791
20260404004257     11   1430.0   1440.0   20.0     21.7   1501.4   1489.2   0.539
20260404004257     12   1360.0   1425.0   20.0     47.3   1142.1   1426.4   0.762
20260404004257     12   1485.0   1505.0   20.0     61.5   1484.3   1506.4   0.646
20260404004257     12   1565.0   1625.0   20.0     31.0   1510.9   1523.6   0.831
20260404004257     13    290.0    305.0   20.0     80.9   1143.5   1145.9   0.646
20260404004257     13    630.0    645.0   20.0     21.5   1150.4   1177.1   0.752
20260404004257     13    750.0    770.0   20.0    148.4   1223.1   1149.3   0.786
20260404004257     14    315.0    330.0   20.0     37.1    916.4    938.2   0.783
20260404004257     14    420.0    435.0   20.0     23.3   1020.9   1052.4   0.623
20260404004257     14    950.0    965.0   20.0     38.5   1103.3   1133.2   0.851
20260404004257     15    820.0    835.0   20.0     27.0   1141.9   1143.3   0.619
20260404004257     15   1435.0   1475.0   20.0    351.6   1149.0   1177.3   0.783
20260404004257     16      0.0     80.0   20.0     79.6      0.0   1223.8   0.917
20260404004257     16    525.0    540.0   20.0     64.9   1228.3   1230.2   0.613
20260404004257     16   1395.0   1410.0   20.0     30.8   1216.5   1212.4   0.501
20260404004257     17    105.0    120.0   20.0     35.1   1166.2   1131.6   0.743
20260404004257     17    455.0    470.0   20.0     33.9   1135.2   1189.2   0.719
20260404004257     17    520.0    540.0   20.0    124.6   1198.9   1279.2   0.846
20260404004257     21    480.0    500.0   20.0     51.4   1182.4   1182.4   0.799
20260404004257     22    490.0    510.0   20.0    139.5   1148.7   1149.5   0.889
20260404004257     22   1210.0   1225.0   20.0     32.9   1230.6   1227.6   0.788
20260404004257     22   1650.0   1665.0   20.0     21.9   1239.2   1234.5   0.705
20260404004257     24   1075.0   1120.0   20.0    103.6   1130.6   1127.7   0.788
20260404004257     25   1495.0   1520.0   20.0    100.9   1138.8   1132.6   0.688
20260404004257     26    940.0    955.0   20.0    108.8   1132.7   1122.6   0.817
20260404004257     26   1750.0   1795.0   20.0    150.7   1115.8   1122.5   0.927
20260404004257     28    205.0    225.0   20.0    193.1   1129.1   1121.1   0.862
20260404004257     29    915.0    935.0   20.0     36.6   1104.2   1103.8   0.767
20260404004257     29   1370.0   1385.0   20.0     53.5   1106.5   1171.6   0.765
20260404004257     29   1435.0   1450.0   20.0     21.2   1193.7   1252.6   0.691
20260404004257     29   1515.0   1530.0   20.0     36.4   1257.5   1283.4   0.520
20260404004257     29   1565.0   1600.0   20.0    148.8   1296.1   1118.4   0.865
20260404004257     33    130.0    145.0   20.0     28.8   1112.2   1151.0   0.732
20260404004257     33    205.0    220.0   20.0     51.2   1159.1   1110.5   0.736
20260404004257     34   1580.0   1625.0   20.0    146.1   1112.7   1104.3   0.794
20260404004257     35    985.0   1000.0   20.0     22.8   1283.8   1299.4   0.841
20260404004257     35   1720.0   1730.0   20.0     20.2   1316.7   1327.6   0.468
20260404004257     36   1785.0   1800.0   20.0    268.2   1113.6   1346.1   0.707
20260404004257     37    315.0    330.0   20.0     35.6   1523.6   1556.6   0.688
20260404004257     38   1355.0   1370.0   20.0     20.4   1207.2   1191.7   0.746
20260404004257     40     60.0    110.0   20.0    200.2   1122.0   1096.4   0.804
20260404004257     40    360.0    415.0   20.0     58.2   1100.7   1512.4   0.628
20260404004257     40    490.0    505.0   20.0     37.2   1526.2   1510.2   0.410
20260404004257     40   1015.0   1030.0   20.0     28.2   1555.8   1565.4   0.557
20260404004257     41    845.0    885.0   20.0     59.3   1087.3   1366.2   0.838
20260404004257     41   1515.0   1530.0   20.0     30.9   1435.2   1472.2   0.716
20260404004257     43      0.0     10.0   20.0    169.9      0.0   1100.2   0.828
20260404004257     48    390.0    405.0   20.0     51.3    347.5    376.3   0.694
20260404004257     49   1190.0   1205.0   20.0     61.7   1068.8   1100.3   0.849
20260404004257     49   1310.0   1325.0   20.0     39.3   1093.8   1090.0   0.666
20260404004257     50   1265.0   1280.0   20.0     33.4   1076.3   1081.3   0.523
20260404004257     51    805.0    825.0   20.0    334.4   1075.3   1077.0   0.912
20260404004257     51   1555.0   1575.0   20.0     83.3   1099.6   1085.4   0.839
20260404004257     51   1610.0   1625.0   20.0     42.3   1093.5   1093.2   0.453
20260404004257     53    450.0    465.0   20.0     22.2   1077.4   1123.8   0.684
20260404004257     53    955.0    995.0   20.0     66.2   1140.1   1375.5   0.790
20260404004257     53   1210.0   1225.0   20.0     34.2   1361.9   1371.2   0.506
20260404004257     53   1375.0   1390.0   20.0     25.6   1403.0   1411.2   0.635
20260404004257     53   1635.0   1650.0   20.0     35.6   1432.8   1478.2   0.869
20260404004257     53   1700.0   1715.0   20.0     21.3   1458.5   1464.9   0.746
20260404004257     54    200.0    225.0   20.0    188.4   1092.0   1093.8   0.916
20260404004257     63    860.0    875.0   20.0     45.5   1083.9   1075.5   0.792
20260404004257     63   1320.0   1335.0   20.0    181.5   1083.1   1078.3   0.735
20260404004257     64     20.0     40.0   20.0     52.1   1614.4   1645.1   0.808
20260404004257     64     80.0    135.0   20.0     27.8   1647.5   1631.8   0.616
20260404004257     64    995.0   1005.0   20.0     38.7   1608.4   1640.7   0.407
20260404004257     64   1570.0   1690.0   20.0    105.5   1639.7   1693.5   0.693
20260404004257     65    530.0    545.0   20.0     26.5   1067.1   1106.6   0.753
20260404004257     66   1205.0   1240.0   20.0     58.4   1312.4   1323.3   0.857
20260404004257     67    280.0    305.0   20.0     95.5   1063.8   1061.7   0.813
20260404004257     69   1755.0   1770.0   20.0     95.8   1075.7   1074.5   0.753
20260404004257     75    430.0    450.0   20.0    263.7   1062.3   1064.5   0.930
20260404004257     76   1140.0   1155.0   20.0     30.3   1094.4   1128.6   0.734
20260404004257     77    975.0    990.0   20.0    142.7   1051.2   1053.1   0.801
20260404004257     77   1440.0   1455.0   20.0     29.7   1053.7   1054.8   0.464
20260404004257     77   1625.0   1655.0   20.0     38.5   1059.6   1051.8   0.801
20260404004257     78   1155.0   1170.0   20.0     61.1   1637.9   1661.8   0.840
20260404004257     79    495.0    510.0   20.0     24.7   1053.8   1057.6   0.573
20260404004257     79    565.0    615.0   20.0     58.6   1058.5   1062.3   0.763
20260404004257     83     75.0     90.0   20.0     68.2   1152.9   1068.5   0.813
20260404004257     83   1215.0   1235.0   20.0    201.6   1055.1   1412.0   0.803
20260404004257     84   1290.0   1415.0   20.0     44.9   1072.1   1425.6   0.854
20260404004257     84   1520.0   1535.0   20.0     23.6   1384.4   1378.7   0.597
20260404004257     84   1750.0   1765.0   20.0     28.2   1387.5   1429.7   0.746
20260404004257     85    935.0    950.0   20.0     25.9   1523.1   1522.1   0.646
20260404004257     86   1110.0   1130.0   20.0     54.0   1064.1   1107.7   0.778
20260404004257     86   1170.0   1185.0   20.0     34.0   1124.4   1147.0   0.710
20260404004257     86   1315.0   1330.0   20.0     20.2   1184.2   1212.5   0.572
20260404004257     86   1385.0   1400.0   20.0     26.6   1240.1   1202.4   0.731
20260404004257     86   1595.0   1610.0   20.0     78.7   1248.2   1053.5   0.836
20260404004257     88    485.0    500.0   20.0     26.1   1123.1   1133.0   0.812
20260404004257     89    165.0    245.0   20.0     98.4   1098.8   1068.3   0.883
20260404004257     89   1190.0   1205.0   20.0     79.7   1075.4   1073.9   0.790
20260404004257     92   1350.0   1365.0   20.0    164.9   1033.3   1033.3   0.814
20260404004257     92   1665.0   1680.0   20.0    103.9   1033.5   1219.4   0.812
20260404004257     92   1775.0   1790.0   20.0     31.8   1246.4   1261.8   0.853
20260404004257     96     70.0     85.0   20.0     31.1   1063.6   1061.1   0.775
20260404004257     96    700.0    780.0   20.0    138.6   1070.0   1062.7   0.875
20260404004257     96   1325.0   1340.0   20.0     88.0   1070.0   1075.5   0.681
20260404004257     97     75.0     90.0   20.0     55.8   1055.4   1055.4   0.697
20260404004257     97   1050.0   1080.0   20.0     62.3   1063.0   1061.0   0.762
20260404004257    100    545.0    565.0   20.0     74.9   1120.8   1119.6   0.922
20260404004257    102    120.0    135.0   20.0     22.2   1051.1   1090.0   0.802
20260404004257    102    870.0    885.0   20.0     41.8   1143.5   1142.2   0.675
20260404004257    104   1140.0   1165.0   20.0    254.6   1064.1   1062.9   0.822
20260404004257    104   1580.0   1595.0   20.0     26.6   1070.3   1070.6   0.471
20260404004257    104   1670.0   1755.0   20.0    107.0   1080.1   1427.4   0.843
20260404004257    106    910.0    945.0   20.0    199.5   1056.4   1047.1   0.893
20260404004257    106   1275.0   1295.0   20.0     86.7   1052.7   1054.6   0.764
20260404004257    107   1115.0   1130.0   20.0     24.8   1160.0   1170.8   0.840
20260404004257    108      5.0     20.0   20.0     91.5   1141.2   1318.7   0.793
20260404004257    109    155.0    170.0   20.0     21.2   1023.8   1056.9   0.761
20260404004257    109    715.0    730.0   20.0     23.4   1103.3   1102.1   0.784
20260404004257    110    150.0    165.0   20.0     25.4   1559.0   1580.1   0.843
20260404004257    110   1105.0   1120.0   20.0     22.5   1609.0   1607.4   0.625
20260404004257    110   1785.0   1800.0   20.0    107.1   1592.6   1625.8   0.864
20260404004257    111    120.0    140.0   20.0    115.2   1097.1   1056.9   0.784
20260404004257    111   1370.0   1385.0   20.0     21.2   1133.3   1182.4   0.748
20260404004257    112    170.0    195.0   20.0     80.5   1056.1   1054.5   0.810
20260404004257    112    665.0    680.0   20.0     26.3   1056.7   1087.1   0.744
20260404004257    112   1095.0   1110.0   20.0    248.6   1108.1   1530.5   0.854
20260404004257    112   1455.0   1470.0   20.0    110.8   1158.5   1207.6   0.838
20260404004257    113     85.0    100.0   20.0     31.7   1040.3   1088.4   0.745
20260404004257    113    460.0    475.0   20.0     40.5   1110.0   1118.5   0.829
20260404004257    113    655.0    670.0   20.0     31.3   1128.5   1181.8   0.788
20260404004257    113    855.0    870.0   20.0     26.3   1189.9   1192.0   0.895
20260404004257    113    915.0    930.0   20.0     86.8   1196.2   1217.6   0.697
20260404004257    113   1145.0   1160.0   20.0     82.9   1213.0   1293.3   0.823
20260404004257    114    120.0    135.0   20.0     22.1   1504.2   1506.7   0.802
20260404004257    114    615.0    625.0   20.0     27.2   1554.4   1558.9   0.637
20260404004257    115   1695.0   1710.0   20.0     78.8   1063.8   1065.3   0.722
20260404004257    119    350.0    380.0   20.0     96.9   1141.1   1091.0   0.863
20260404004257    119    515.0    525.0   20.0     48.4   1122.8   1115.6   0.529
20260404004257    119   1095.0   1195.0   20.0     63.1   1145.7   1245.7   0.747
20260404004257    119   1240.0   1260.0   20.0     30.9   1266.0   1208.4   0.792
20260404004257    119   1745.0   1760.0   20.0    108.1   1321.5   1430.9   0.797
20260404004257    121     35.0     60.0   20.0     71.9   1288.5   1136.1   0.909
20260404004257    121    195.0    220.0   20.0     39.0   1148.2   1197.4   0.751
20260404004257    121    420.0    435.0   20.0     32.3   1282.3   1321.5   0.609
20260404004257    121    530.0    545.0   20.0     23.3   1326.5   1324.2   0.631
20260404004257    121    765.0    780.0   20.0     31.0   1344.1   1386.6   0.781
20260404004257    121    820.0    835.0   20.0     40.0   1391.8   1408.3   0.523
20260404004257    123    290.0    310.0   20.0    127.9   1045.9   1042.4   0.800
20260404004257    126    250.0    265.0   20.0     59.4   1263.9   1386.8   0.893
20260404004257    127    320.0    335.0   20.0     48.1   1068.3   1063.6   0.742
20260404004257    127   1045.0   1065.0   20.0     71.0   1061.5   1061.1   0.798
20260404004257    128    420.0    445.0   20.0    116.9   1061.0   1062.6   0.828
20260404004257    129    195.0    230.0   20.0    207.6   1054.9   1049.6   0.821
20260404004257    130    130.0    190.0   20.0     42.0   1200.4   1252.4   0.712
20260404004257    130    580.0    595.0   20.0     24.3   1302.6   1303.1   0.518
20260404004257    133   1135.0   1150.0   20.0     26.2   1067.1   1115.6   0.779
20260404004257    134    175.0    190.0   20.0     38.6   1147.1   1187.3   0.773
20260404004257    134    235.0    250.0   20.0     54.9   1201.5   1192.6   0.527
20260404004257    134    405.0    435.0   20.0     22.8   1255.6   1407.4   0.792
20260404004257    134    475.0    500.0   20.0     45.8   1429.8   1580.0   0.821
20260404004257    134    965.0    980.0   20.0     21.1   1563.4   1567.0   0.527
20260404004257    135    245.0    260.0   20.0     89.1   1145.6   1146.0   0.655
20260404004257    136     40.0     55.0   20.0     22.3   1435.7   1438.4   0.643
20260404004257    136    290.0    300.0   20.0     30.3   1401.6   1404.8   0.434
20260404004257    136    415.0    470.0   20.0     93.9   1437.3   1439.0   0.770
20260404004257    136   1040.0   1100.0   20.0     29.2   1401.3   1393.3   0.765
20260404004257    136   1335.0   1350.0   20.0     32.3   1392.4   1394.3   0.750
20260404004257    137      0.0     15.0   20.0     32.3      0.0   1147.5   0.797
20260404004257    137     85.0    170.0   20.0    100.6   1159.4   1397.5   0.786
20260404004257    137    210.0    320.0   20.0     63.8   1400.4   1441.4   0.723
20260404004257    137    495.0    605.0   20.0     92.9   1413.5   1605.1   0.787
20260404004257    137   1390.0   1405.0   20.0     23.2   1657.3   1579.6   0.926
20260404004257    138    620.0    640.0   20.0    182.0   1079.2   1079.2   0.808
20260404004257    138    990.0   1005.0   20.0     24.5   1087.3   1107.9   0.739
20260404004257    138   1195.0   1240.0   20.0     27.7   1138.1   1209.3   0.834
20260404004257    138   1405.0   1420.0   20.0     22.4   1171.1   1200.5   0.696
20260404004257    139    805.0    820.0   20.0     22.8   1055.8   1105.7   0.680
20260404004257    139    960.0   1025.0   20.0     84.2   1111.6   1131.9   0.901
20260404004257    139   1660.0   1680.0   20.0     80.6   1138.3   1238.6   0.768
20260404004257    140     25.0     45.0   20.0     72.3   1065.9   1067.6   0.775
20260404004257    141    755.0    775.0   20.0     25.5   1177.0   1212.8   0.756
20260404004257    141    820.0    835.0   20.0     45.1   1247.6   1120.3   0.843
20260404004257    141   1305.0   1320.0   20.0     22.1   1120.1   1208.8   0.817
20260404004257    141   1355.0   1370.0   20.0     28.5   1230.8   1222.1   0.495
20260404004257    141   1485.0   1500.0   20.0     37.1   1189.2   1251.0   0.833
20260404004257    143    260.0    275.0   20.0     23.2   1059.9   1105.3   0.749
20260404004257    143    455.0    490.0   20.0     68.2   1138.7   1191.7   0.773
20260404004257    143    585.0    650.0   20.0     62.8   1134.0   1213.4   0.806
20260404004257    143    830.0    850.0   20.0     34.2   1327.8   1373.2   0.905
20260404004257    143   1130.0   1145.0   20.0     55.7   1404.1   1360.8   0.800
20260404004257    143   1245.0   1285.0   20.0     68.1   1341.7   1063.5   0.925
20260404004257    143   1630.0   1645.0   20.0     53.0   1066.9   1065.0   0.666
20260404004257    144    945.0    960.0   20.0     96.9   1092.6   1095.4   0.830
20260404004257    146     20.0     60.0   20.0    362.0   1067.3   1074.2   0.973
20260404004257    146     95.0    110.0   20.0     31.3   1074.6   1115.0   0.747
20260404004257    146    325.0    340.0   20.0     32.8   1142.5   1171.2   0.685
20260404004257    146   1020.0   1035.0   20.0     42.1   1165.2   1318.9   0.878
20260404004257    148      5.0     20.0   20.0     27.9   1066.9   1118.8   0.737
20260404004257    148    175.0    185.0   20.0     22.1   1180.1   1180.5   0.732
20260404004257    148    460.0    475.0   20.0     31.7   1263.3   1336.3   0.720
20260404004257    150     60.0     70.0   20.0     30.8    616.1    620.3   0.407
20260404004257    150    115.0    195.0   20.0     35.9    644.4    672.4   0.596
20260404004257    150    230.0    260.0   20.0     34.7    671.0    637.8   0.650
20260404004257    150    320.0    445.0   20.0     38.6    631.4    632.5   0.629
20260404004257    150    490.0    505.0   20.0     35.8    652.4    634.0   0.558
20260404004257    150    540.0    600.0   20.0     34.9    635.3    668.6   0.621
20260404004257    150    670.0    700.0   20.0     42.8    666.6    670.2   0.495
20260404004257    150    750.0    775.0   20.0     50.1    671.0    641.7   0.610
20260404004257    150    810.0    885.0   20.0     45.2    641.7    636.0   0.547
20260404004257    150    920.0    940.0   20.0     37.0    640.6    632.1   0.500
20260404004257    150    990.0   1075.0   18.4     48.4    634.8    672.8   0.466
20260404004257    150   1160.0   1290.0   20.0     47.2    667.4    666.4   0.549
20260404004257    150   1485.0   1495.0   20.0     33.3    650.1    683.2   0.523
20260404004257    150   1565.0   1675.0   20.0     49.9    665.0    675.2   0.640
20260404004257    150   1775.0   1790.0   20.0     31.3    671.7    639.4   0.570
20260404004257    151    150.0    220.0   20.0     31.8   1130.2   1157.0   0.913
20260404004257    151    355.0    370.0   20.0     53.3   1166.7   1162.4   0.801
20260404004257    151    420.0    435.0   20.0    166.6   1173.5   1173.0   0.824
20260404004257    151    785.0    800.0   20.0     56.1   1162.7   1161.9   0.609
20260404004257    151   1270.0   1285.0   20.0     29.0   1179.4   1220.2   0.667
20260404004257    152   1755.0   1770.0   20.0     81.4   1068.7   1159.4   0.770
20260404004257    155   1600.0   1615.0   20.0     21.6   1167.9   1174.5   0.568
20260404004257    157    565.0    580.0   20.0     32.5   1089.2   1207.2   0.859
20260404004257    157    630.0    680.0   20.0     24.9   1215.9   1394.0   0.798
20260404004257    157   1675.0   1690.0   20.0     26.7   1090.0   1091.2   0.685
20260404004257    158   1060.0   1075.0   20.0     75.2   1116.0   1240.7   0.928
20260404004257    159    470.0    485.0   20.0     64.3   1121.0   1123.5   0.751
20260404004257    159    735.0    760.0   20.0     33.4   1134.9   1128.3   0.911
20260404004257    159   1305.0   1325.0   20.0     66.4   1129.7   1125.6   0.775
20260404004257    160    390.0    405.0   20.0     31.7   1728.3   1760.4   0.951
20260404004257    161    330.0    345.0   20.0     28.5   1020.5   1020.5   0.435
20260404004257    161   1335.0   1345.0   20.0     20.9   1030.3   1037.8   0.419
20260404004257    161   1495.0   1510.0   20.0     23.2   1026.6   1047.4   0.805
20260404004257    162    610.0    625.0   20.0     59.1   1107.4   1192.3   0.748
20260404004257    162    660.0    675.0   20.0     20.3   1194.7   1223.8   0.746
20260404004257    162    810.0    825.0   20.0     52.1   1224.1   1229.2   0.613
20260404004257    162    905.0    960.0   20.0     50.1   1230.5   1261.4   0.732
20260404004257    162   1235.0   1250.0   20.0     28.0   1373.1   1348.7   0.844
20260404004257    162   1360.0   1375.0   20.0     26.7   1327.1   1373.6   0.812
20260404004257    163   1245.0   1265.0   20.0    125.2   1099.5   1096.7   0.922
20260404004257    164    945.0    960.0   20.0    193.6   1116.9   1477.7   0.800
20260404004257    164   1065.0   1125.0   20.0     80.8   1496.2   1517.4   0.857
20260404004257    164   1670.0   1680.0   20.0     20.8   1471.0   1457.9   0.426
20260404004257    166    535.0    550.0   20.0     47.9   1134.2   1187.4   0.787
20260404004257    166    600.0    615.0   20.0    103.3   1255.0   1137.2   0.772
20260404004257    166    950.0    965.0   20.0    215.4   1128.8   1138.6   0.832
20260404004257    166   1195.0   1210.0   20.0    148.6   1128.8   1446.9   0.903
20260404004257    169    660.0    690.0   20.0     27.7   1106.6   1107.0   0.784
20260404004257    169   1300.0   1315.0   20.0     23.1   1103.6   1134.9   0.729
20260404004257    169   1515.0   1530.0   20.0     32.6   1174.0   1160.7   0.682
20260404004257    169   1610.0   1625.0   20.0     35.2   1193.6   1162.4   0.696
20260404004257    169   1695.0   1740.0   20.0     42.4   1161.2   1170.8   0.747
20260404004257    170   1495.0   1505.0   20.0     23.4   1123.8   1125.3   0.868
20260404004257    171   1030.0   1070.0   20.0    152.4   1109.0   1490.8   0.886
20260404004257    171   1145.0   1160.0   20.0     21.8   1462.8   1474.5   0.750
20260404004257    172     50.0     65.0   20.0     75.4   1160.8   1277.3   0.802
20260404004257    172    500.0    515.0   20.0     67.5   1387.7   1373.8   0.645
20260404004257    172   1035.0   1050.0   20.0     30.3   1359.1   1420.1   0.801
20260404004257    173    455.0    470.0   20.0     26.8   1302.3   1356.7   0.810
20260404004257    176    295.0    310.0   20.0     95.3   1126.7   1133.2   0.769
20260404004257    176    355.0    370.0   20.0     72.1   1126.8   1134.5   0.783
20260404004257    176   1760.0   1775.0   20.0     62.7   1141.3   1133.1   0.789
20260404004257    178    540.0    555.0   20.0     20.7   1128.9   1139.7   0.678
20260404004257    181    670.0    685.0   20.0     31.2   1132.7   1178.1   0.793
20260404004257    181    900.0    960.0   20.0     91.2   1206.3   1131.6   0.750
20260404004257    181   1105.0   1130.0   20.0    139.4   1132.1   1133.7   0.795
20260404004257    182    105.0    120.0   20.0    132.5   1219.2   1302.3   0.515
20260404004257    182   1625.0   1640.0   20.0     28.2   1374.9   1370.8   0.871
20260404004257    184   1790.0   1800.0   20.0     89.2   1231.0   1268.9   0.798
20260404004257    186   1665.0   1740.0   20.0    119.6   1160.1   1413.6   0.857
20260404004257    187   1170.0   1185.0   20.0     63.4   1198.1   1126.5   0.810
20260404004257    190   1535.0   1550.0   20.0     29.4   1248.7   1240.1   0.843
20260404004257    191    325.0    335.0   20.0     20.8   1040.1   1044.7   0.410
20260404004257    193    285.0    305.0   20.0     87.7   1169.6   1166.2   0.857
20260404004257    195    625.0    640.0   20.0     22.0   1368.6   1309.9   0.810
20260404004257    197    540.0    550.0   20.0     23.3   1195.3   1184.3   0.728
20260404004257    198    165.0    180.0   20.0     40.2   1174.2   1226.8   0.833
20260404004257    198    225.0    240.0   20.0     21.7   1240.3   1257.9   0.578
20260404004257    198    310.0    325.0   20.0     87.1   1322.9   1179.0   0.861
20260404004257    199    135.0    150.0   20.0     34.3   1162.6   1216.7   0.725
20260404004257    199    395.0    410.0   20.0     60.8   1256.5   1342.9   0.822
20260404004257    199   1020.0   1035.0   20.0     23.3   1557.5   1595.1   0.873
20260404004257    203   1560.0   1575.0   20.0     26.8   1679.9   1672.6   0.725
20260404004257    204    310.0    375.0   20.0    133.6   1148.1   1148.0   0.826
20260404004257    210     10.0     25.0   20.0     31.1   1355.3   1373.7   0.727
20260404004257    210     85.0    140.0   20.0    149.5   1446.7   1196.2   0.785
20260404004257    213    855.0    870.0   20.0    235.8   1189.1   1190.1   0.847
20260404004257    215     30.0     55.0   20.0    211.4   1197.7   1196.4   0.868
20260404004257    218    115.0    130.0   20.0     62.1   1395.2   1512.4   0.790
20260404004257    219    965.0    980.0   20.0    118.8   1208.8   1466.1   0.845
20260404004257    220     10.0     25.0   20.0    117.1   1199.5   1199.3   0.772
20260404004257    220   1400.0   1415.0   20.0     21.2   1191.3   1189.8   0.598
20260404004257    221    415.0    430.0   20.0     29.5   1204.1   1259.0   0.691
20260404004257    223    765.0    780.0   20.0     30.2   1233.8   1285.9   0.720
20260404004257    223   1205.0   1220.0   20.0     21.7   1331.3   1346.1   0.784
20260404004257    223   1365.0   1380.0   20.0     46.5   1346.7   1339.9   0.803
20260404004257    223   1560.0   1575.0   20.0     30.4   1334.5   1334.5   0.825
20260404004257    224    220.0    290.0   20.0    112.1   1227.0   1614.8   0.790
20260404004257    224    510.0    525.0   20.0     55.2   1559.3   1512.4   0.793
20260404004257    224    595.0    610.0   20.0     23.1   1504.3   1582.6   0.804
20260404004257    225    150.0    200.0   20.0    152.0   1344.0   1306.2   0.910
20260404004257    226    115.0    130.0   20.0     26.2   1152.6   1154.2   0.705
20260404004257    229    285.0    300.0   20.0     68.6   1253.3   1253.2   0.704
20260404004257    229   1625.0   1640.0   20.0     29.4   1233.7   1282.6   0.739
20260404004257    230    145.0    160.0   20.0     38.8    516.4    465.0   0.796
20260404004257    232   1325.0   1340.0   20.0     26.1   1636.9   1692.7   0.852
20260404004257    233    290.0    300.0   20.0     23.6   1249.8   1248.0   0.404
20260404004257    233   1610.0   1625.0   20.0     22.0   1250.2   1279.3   0.739
20260404004257    235    855.0   1005.0   20.0    148.4   1257.7   1258.8   0.861
20260404004257    235   1115.0   1130.0   20.0     77.9   1260.2   1260.6   0.732
20260404004257    235   1580.0   1605.0   20.0    147.1   1255.2   1628.4   0.888
20260404004257    237    380.0    395.0   20.0    310.3   1261.4   1260.0   0.835
20260404004257    237    515.0    560.0   20.0    195.6   1260.5   1260.3   0.927
20260404004257    237   1350.0   1365.0   20.0     43.0   1259.0   1319.1   0.811
20260404004257    237   1630.0   1645.0   20.0    240.5   1404.3   1638.8   0.750
20260404004257    239     50.0     65.0   20.0     71.6   1362.4   1334.2   0.754
20260404004257    239    405.0    435.0   20.0     77.2   1337.0   1345.6   0.759
20260404004257    243    390.0    405.0   20.0     23.5   1277.8   1297.4   0.475
20260404004257    244      0.0     10.0   20.0    111.8      0.0   1512.2   0.569
20260404004257    244     65.0     90.0   20.0    200.6   1543.1   1307.6   0.797
20260404004257    244    860.0    880.0   20.0    263.3   1295.3   1297.3   0.791
20260404004257    244   1165.0   1220.0   20.0     33.5   1295.7   1480.8   0.782
20260404004257    244   1255.0   1270.0   20.0     88.5   1498.5   1436.1   0.454
20260404004257    244   1530.0   1545.0   20.0     27.7   1433.8   1456.3   0.789
20260404004257    245   1030.0   1045.0   20.0     86.3   1295.8   1296.6   0.725
20260404004257    248      0.0    155.0   20.0     81.4      0.0   2156.3   0.797
20260404004257    252     85.0    145.0   20.0    104.3   1935.9   1891.0   0.878
20260404004257    252   1195.0   1210.0   20.0     25.0   1852.0   1855.2   0.691
20260404004257    252   1510.0   1525.0   20.0     35.7   1845.4   1858.2   0.570
20260404004257    252   1595.0   1610.0   20.0     28.7   1859.7   1874.9   0.683
20260404004257    254    965.0   1000.0   20.0     68.4   1345.9   1525.5   0.742
20260404004257    254   1215.0   1250.0   20.0    157.6   1607.6   1340.2   0.923
20260404011616      1   1680.0   1695.0   20.0     24.4   1171.6   1210.0   0.711
20260404011616      1   1760.0   1790.0   20.0    153.0   1261.8   1278.9   0.798
20260404011616      3    585.0    605.0   20.0     55.6   1171.6   1250.1   0.794
20260404011616      3   1575.0   1590.0   20.0     23.3   1181.4   1210.1   0.780
20260404011616      3   1690.0   1710.0   20.0     99.5   1281.9   1416.2   0.900
20260404011616      4   1515.0   1530.0   20.0     24.7   1167.7   1168.9   0.802
20260404011616      6    105.0    120.0   20.0     54.3   1175.0   1171.6   0.502
20260404011616      6    460.0    475.0   20.0     28.2   1172.8   1209.3   0.732
20260404011616      6    610.0    620.0   20.0     28.5   1279.6   1266.5   0.535
20260404011616      6    735.0    750.0   20.0     26.2   1286.4   1297.3   0.697
20260404011616      6    865.0    880.0   20.0     45.5   1247.3   1345.8   0.914
20260404011616      8    350.0    365.0   20.0     20.4   1234.5   1237.2   0.853
20260404011616      8    520.0    535.0   20.0     89.0   1260.0   1316.4   0.768
20260404011616      8    585.0    600.0   20.0     21.0   1298.0   1306.7   0.795
20260404011616      8   1430.0   1445.0   20.0     21.9   1329.3   1356.5   0.776
20260404011616      9   1645.0   1660.0   20.0    117.6   1155.3   1401.6   0.831
20260404011616     10     40.0     55.0   20.0     26.5   1157.9   1192.5   0.752
20260404011616     10    100.0    115.0   20.0     21.2   1199.2   1228.4   0.838
20260404011616     10    390.0    405.0   20.0     35.7   1263.1   1309.3   0.728
20260404011616     10    810.0    825.0   20.0     81.8   1322.7   1422.2   0.831
20260404011616     11    330.0    345.0   20.0    242.1   1192.4   1151.8   0.560
20260404011616     11    445.0    460.0   20.0    111.0   1150.9   1150.2   0.819
20260404011616     11    940.0    980.0   20.0    161.5   1149.6   1150.2   0.860
20260404011616     11   1435.0   1455.0   20.0    140.1   1156.5   1159.9   0.797
20260404011616     11   1725.0   1740.0   20.0     21.8   1184.5   1156.9   0.744
20260404011616     12     45.0     70.0   20.0     28.9   1549.2   1565.3   0.772
20260404011616     12    185.0    200.0   20.0     31.0   1623.2   1630.8   0.885
20260404011616     12    495.0    510.0   20.0     21.2   1662.9   1682.2   0.827
20260404011616     12    880.0    895.0   20.0     49.5   1708.4   1688.1   0.767
20260404011616     12   1005.0   1020.0   20.0     69.8   1689.0   1690.4   0.541
20260404011616     12   1055.0   1195.0   20.0     38.8   1722.5   1693.1   0.833
20260404011616     12   1275.0   1290.0   20.0     66.2   1687.8   1683.8   0.750
20260404011616     15   1295.0   1310.0   20.0     50.7   1158.8   1174.8   0.667
20260404011616     16      0.0     20.0   20.0     67.7      0.0   1531.7   0.914
20260404011616     16     55.0     70.0   20.0     21.1   1504.8   1462.3   0.776
20260404011616     16    355.0    370.0   20.0     43.6   1292.4   1246.1   0.674
20260404011616     16    905.0    920.0   20.0     31.1   1223.6   1273.9   0.771
20260404011616     16   1120.0   1140.0   20.0    169.0   1300.7   1217.4   0.839
20260404011616     17     65.0     80.0   20.0     65.7   1191.9   1346.7   0.861
20260404011616     17    135.0    155.0   20.0     33.0   1300.4   1284.5   0.637
20260404011616     17    315.0    330.0   20.0     35.1   1302.3   1320.3   0.631
20260404011616     17    365.0    380.0   20.0     20.9   1305.8   1156.4   0.870
20260404011616     17    445.0    460.0   20.0     27.9   1142.1   1175.8   0.780
20260404011616     17   1755.0   1770.0   20.0     51.5   1228.8   1373.9   0.754
20260404011616     18   1745.0   1780.0   20.0    110.7   1133.0   1334.0   0.890
20260404011616     21    535.0    555.0   20.0     81.6   1170.4   1170.7   0.893
20260404011616     21    620.0    675.0   20.0     45.2   1173.0   1169.8   0.890
20260404011616     22    675.0    705.0   20.0     97.5   1157.3   1149.4   0.816
20260404011616     24    320.0    335.0   20.0     31.7   1129.4   1175.1   0.768
20260404011616     24    525.0    535.0   20.0     22.2   1328.7   1228.8   0.777
20260404011616     24    630.0    645.0   20.0     34.3   1207.2   1246.5   0.805
20260404011616     24    875.0    890.0   20.0     52.3   1259.0   1315.2   0.696
20260404011616     25    280.0    330.0   20.0    375.9   1138.3   1137.6   0.808
20260404011616     26    250.0    265.0   20.0     78.4   1131.8   1121.6   0.806
20260404011616     26    520.0    535.0   20.0     30.1   1155.0   1123.0   0.727
20260404011616     28     20.0     35.0   20.0     21.5   1172.7   1165.4   0.806
20260404011616     28    100.0    115.0   20.0     27.5   1193.2   1176.8   0.721
20260404011616     28    360.0    375.0   20.0     62.2   1188.8   1211.1   0.834
20260404011616     28   1160.0   1185.0   20.0     36.1   1193.0   1395.7   0.821
20260404011616     28   1375.0   1390.0   20.0     26.2   1323.9   1260.6   0.950
20260404011616     31    450.0    465.0   20.0     34.2   1118.4   1155.5   0.720
20260404011616     31    620.0    665.0   20.0    182.0   1181.1   1118.3   0.861
20260404011616     33    265.0    275.0   20.0     24.2   1174.8   1258.1   0.826
20260404011616     34   1490.0   1515.0   20.0    105.5   1121.2   1116.3   0.833
20260404011616     34   1760.0   1775.0   20.0     44.0   1102.2   1105.1   0.522
20260404011616     35    685.0    700.0   20.0     61.2   1178.0   1115.7   0.760
20260404011616     35    735.0    765.0   20.0     72.2   1117.7   1187.9   0.820
20260404011616     35    810.0    825.0   20.0     60.0   1248.7   1289.7   0.743
20260404011616     35    900.0    920.0   20.0     41.6   1307.5   1334.2   0.880
20260404011616     35    970.0   1060.0   20.0     91.5   1386.3   1308.7   0.673
20260404011616     37   1060.0   1075.0   20.0     80.1   1395.9   1500.9   0.856
20260404011616     38    175.0    190.0   20.0    280.1   1182.7   1169.3   0.875
20260404011616     38    430.0    445.0   20.0    119.2   1184.1   1195.9   0.898
20260404011616     39    620.0    645.0   20.0     43.8   1088.4   1126.0   0.689
20260404011616     39    685.0    700.0   20.0     36.8   1127.9   1118.7   0.763
20260404011616     39    875.0    890.0   20.0    127.7   1144.7   1149.9   0.903
20260404011616     40    200.0    230.0   20.0     31.4   1104.7   1324.4   0.844
20260404011616     40    280.0    300.0   20.0     37.9   1299.0   1273.5   0.663
20260404011616     40    425.0    480.0   20.0    112.5   1356.5   1099.7   0.925
20260404011616     40   1580.0   1600.0   20.0     81.3   1102.4   1105.1   0.838
20260404011616     41    880.0    895.0   20.0    119.5   1092.0   1093.3   0.756
20260404011616     41   1735.0   1750.0   20.0     22.5   1109.5   1088.4   0.739
20260404011616     43    855.0    870.0   20.0     57.5   1169.8   1218.2   0.825
20260404011616     45     60.0     75.0   20.0     33.0   1198.7   1197.1   0.672
20260404011616     45    240.0    260.0   20.0    243.8   1207.1   1545.6   0.891
20260404011616     46   1130.0   1145.0   20.0     63.2   1099.7   1098.8   0.723
20260404011616     48    120.0    135.0   20.0     48.4    335.4    354.6   0.706
20260404011616     48    210.0    225.0   20.0     22.5    345.4    344.0   0.651
20260404011616     48    265.0    290.0   20.0     22.9    346.9    348.7   0.568
20260404011616     48    480.0    495.0   20.0     23.0    342.7    364.2   0.627
20260404011616     48    555.0    600.0   20.0     26.2    375.5    400.4   0.720
20260404011616     48    665.0    740.0   20.0     21.6    402.7    414.9   0.710
20260404011616     48    805.0    820.0   20.0     20.5    416.1    427.6   0.672
20260404011616     48    900.0    915.0   20.0     21.9    425.0    429.1   0.709
20260404011616     48    950.0    960.0   20.0     20.6    430.8    431.5   0.655
20260404011616     48   1065.0   1125.0   20.0     22.6    427.4    441.6   0.697
20260404011616     48   1260.0   1270.0   20.0     22.2    432.4    445.3   0.692
20260404011616     48   1340.0   1360.0   20.0     21.8    438.7    432.2   0.695
20260404011616     48   1540.0   1555.0   20.0     20.3    447.5    431.2   0.638
20260404011616     48   1730.0   1750.0   20.0     22.0    432.4    435.6   0.681
20260404011616     49   1510.0   1525.0   20.0     24.0   1075.5   1074.4   0.667
20260404011616     49   1775.0   1800.0   20.0    179.1   1073.7   1074.5   0.797
20260404011616     50     95.0    110.0   20.0     67.4   1128.2   1078.3   0.897
20260404011616     53   1010.0   1025.0   20.0     98.8   1095.6   1100.1   0.740
20260404011616     56    220.0    245.0   20.0    165.0   1093.8   1092.7   0.816
20260404011616     57    880.0    895.0   20.0    153.2   1183.9   1400.5   0.759
20260404011616     59   1445.0   1460.0   20.0     68.6   1085.4   1087.0   0.636
20260404011616     61    505.0    520.0   20.0     23.8   1082.0   1115.8   0.685
20260404011616     61    655.0    670.0   20.0     22.3   1152.9   1160.9   0.723
20260404011616     61    850.0    865.0   20.0     40.2   1230.2   1242.2   0.693
20260404011616     61    975.0    990.0   20.0     43.4   1229.5   1291.5   0.744
20260404011616     61   1070.0   1085.0   20.0     45.0   1249.0   1266.3   0.802
20260404011616     63    210.0    225.0   20.0     63.0   1079.2   1079.7   0.762
20260404011616     63    355.0    370.0   20.0     63.1   1081.0   1082.6   0.415
20260404011616     63    445.0    480.0   20.0    176.0   1089.9   1087.6   0.804
20260404011616     64      0.0   1800.0   19.9    175.6      0.0   1663.8   0.838
20260404011616     65   1385.0   1420.0   20.0     57.4   1073.2   1067.7   0.796
20260404011616     65   1545.0   1560.0   20.0     34.8   1067.7   1105.6   0.715
20260404011616     65   1725.0   1740.0   20.0     21.7   1125.8   1120.4   0.823
20260404011616     67   1000.0   1015.0   20.0     25.1   1069.8   1108.7   0.722
20260404011616     67   1760.0   1775.0   20.0    160.7   1147.3   1520.8   0.866
20260404011616     68     95.0    110.0   20.0     23.8   1183.0   1214.0   0.888
20260404011616     68    230.0    255.0   20.0     57.7   1192.2   1171.7   0.878
20260404011616     68   1340.0   1360.0   20.0     89.4   1189.1   1182.8   0.898
20260404011616     68   1585.0   1600.0   20.0     91.3   1176.0   1183.1   0.753
20260404011616     69    930.0    945.0   20.0     24.2   1082.2   1117.3   0.778
20260404011616     69   1025.0   1040.0   20.0     22.9   1142.2   1179.3   0.799
20260404011616     69   1185.0   1200.0   20.0     35.2   1150.9   1243.1   0.756
20260404011616     73    625.0    640.0   20.0     98.3   1086.3   1318.4   0.870
20260404011616     73    690.0    705.0   20.0    126.8   1336.0   1437.9   0.808
20260404011616     75    465.0    480.0   20.0     20.8   1066.6   1114.6   0.609
20260404011616     75    950.0    970.0   20.0     27.3   1210.7   1270.3   0.794
20260404011616     75   1495.0   1510.0   20.0     28.3   1310.2   1346.4   0.718
20260404011616     76    650.0    675.0   20.0    202.6   1088.1   1090.0   0.825
20260404011616     76   1045.0   1065.0   20.0    181.5   1095.7   1093.1   0.836
20260404011616     77     50.0     70.0   20.0    135.2   1052.1   1052.8   0.774
20260404011616     77    805.0    835.0   20.0    121.0   1060.1   1055.0   0.831
20260404011616     77   1160.0   1185.0   20.0    153.8   1072.0   1055.2   0.869
20260404011616     77   1625.0   1645.0   20.0     45.2   1065.1   1161.3   0.847
20260404011616     77   1715.0   1740.0   20.0     34.9   1196.9   1256.4   0.742
20260404011616     79    480.0    495.0   20.0     89.4   1063.4   1072.2   0.839
20260404011616     79   1275.0   1300.0   20.0     78.4   1072.7   1073.8   0.761
20260404011616     79   1365.0   1385.0   20.0     94.6   1075.4   1073.5   0.802
20260404011616     81    240.0    265.0   20.0     55.3   1068.0   1176.9   0.794
20260404011616     81    520.0    560.0   20.0     89.8   1185.0   1228.5   0.867
20260404011616     83   1035.0   1050.0   20.0     88.3   1062.2   1061.3   0.551
20260404011616     83   1195.0   1230.0   20.0    249.8   1083.1   1080.3   0.846
20260404011616     83   1310.0   1325.0   20.0     30.7   1080.6   1078.0   0.781
20260404011616     86   1020.0   1040.0   20.0    196.0   1081.1   1077.3   0.823
20260404011616     87   1070.0   1090.0   20.0    220.7   1059.0   1058.7   0.831
20260404011616     87   1265.0   1280.0   20.0     36.0   1056.7   1102.5   0.867
20260404011616     87   1325.0   1425.0   20.0     34.6   1187.8   1208.9   0.751
20260404011616     87   1480.0   1495.0   20.0    127.4   1164.7   1058.5   0.840
20260404011616     88    605.0    620.0   20.0    304.2   1068.8   1403.6   0.809
20260404011616     88    760.0    775.0   20.0    303.7   1064.7   1544.7   0.820
20260404011616     90     25.0     40.0   20.0     41.8    549.6    501.9   0.577
20260404011616     92     50.0     65.0   20.0     63.9   1037.3   1039.1   0.759
20260404011616     92   1440.0   1465.0   20.0     46.3   1039.6   1041.4   0.760
20260404011616     92   1685.0   1720.0   20.0    139.4   1039.5   1040.5   0.868
20260404011616     94     60.0    105.0   20.0     98.6   1067.7   1059.3   0.870
20260404011616     94    665.0    680.0   20.0     41.0   1103.1   1192.4   0.860
20260404011616     94   1070.0   1085.0   20.0     66.0   1225.9   1272.2   0.720
20260404011616     94   1200.0   1215.0   20.0     30.9   1321.2   1306.6   0.623
20260404011616     94   1255.0   1315.0   20.0     43.9   1308.8   1392.6   0.785
20260404011616     95   1070.0   1085.0   20.0     70.1   1691.4   1710.3   0.651
20260404011616     96    640.0    685.0   20.0    105.7   1065.3   1065.6   0.791
20260404011616     96   1160.0   1185.0   20.0     96.9   1081.4   1077.7   0.848
20260404011616     96   1610.0   1635.0   20.0    158.4   1086.5   1108.0   0.832
20260404011616     97   1420.0   1545.0   20.0     29.7   1064.7   1400.6   0.793
20260404011616     97   1665.0   1680.0   20.0     26.3   1419.7   1437.0   0.707
20260404011616     99    405.0    420.0   20.0     49.8   1066.2   1068.4   0.804
20260404011616    100    560.0    580.0   20.0     34.1   1102.3   1102.4   0.743
20260404011616    102    165.0    270.0   20.0    103.4   1054.7   1057.3   0.828
20260404011616    102    670.0    725.0   20.0     52.2   1068.0   1061.1   0.743
20260404011616    104    265.0    280.0   20.0     30.2   1061.5   1113.5   0.722
20260404011616    104    490.0    505.0   20.0     34.1   1153.9   1195.2   0.816
20260404011616    104    545.0    560.0   20.0     28.1   1194.1   1198.0   0.874
20260404011616    104    745.0    760.0   20.0     20.4   1262.1   1271.0   0.775
20260404011616    104   1545.0   1560.0   20.0     20.4   1385.8   1394.3   0.629
20260404011616    104   1645.0   1660.0   20.0     54.6   1390.2   1405.7   0.871
20260404011616    104   1720.0   1735.0   20.0     20.1   1399.3   1421.1   0.819
20260404011616    105    190.0    215.0   20.0    135.3   1042.0   1042.0   0.874
20260404011616    105    410.0    490.0   20.0    107.9   1043.2   1042.5   0.768
20260404011616    105   1410.0   1560.0   20.0     84.9   1050.3   1388.6   0.768
20260404011616    105   1595.0   1610.0   20.0     24.8   1379.7   1415.3   0.700
20260404011616    105   1690.0   1705.0   20.0     20.4   1451.3   1501.0   0.791
20260404011616    105   1745.0   1760.0   20.0     20.1   1508.5   1520.0   0.641
20260404011616    106     85.0    100.0   20.0    212.8   1095.9   1179.1   0.748
20260404011616    106    375.0    395.0   20.0     87.0   1119.6   1247.4   0.713
20260404011616    110      0.0     10.0   20.0     39.3      0.0   1678.7   0.863
20260404011616    112    435.0    455.0   20.0     84.1   1154.3   1058.0   0.747
20260404011616    112    985.0   1060.0   20.0    335.6   1066.3   1067.3   0.812
20260404011616    113    575.0    590.0   20.0     25.2   1043.0   1083.1   0.693
20260404011616    113    665.0    680.0   20.0     28.2   1101.4   1132.4   0.775
20260404011616    113   1005.0   1025.0   20.0     52.1   1132.8   1243.2   0.809
20260404011616    113   1470.0   1485.0   20.0     21.8   1283.9   1260.0   0.774
20260404011616    113   1545.0   1560.0   20.0     32.4   1222.5   1233.1   0.812
20260404011616    118    130.0    145.0   20.0    119.7   1059.9   1059.3   0.866
20260404011616    118   1400.0   1425.0   20.0     98.4   1059.7   1082.5   0.804
20260404011616    120    935.0    955.0   20.0    114.7   1054.7   1055.1   0.867
20260404011616    121     35.0     50.0   20.0     38.1   1415.5   1477.6   0.723
20260404011616    122     80.0     95.0   20.0     23.8   1059.3   1101.7   0.690
20260404011616    122    250.0    265.0   20.0     66.4   1113.4   1168.0   0.806
20260404011616    122    920.0    950.0   20.0     38.8   1150.0   1288.2   0.769
20260404011616    123     15.0     30.0   20.0     36.4   1043.6   1092.8   0.743
20260404011616    123    570.0    610.0   20.0     46.5   1120.2   1200.6   0.845
20260404011616    123    780.0    795.0   20.0     59.6   1264.4   1318.2   0.833
20260404011616    124   1510.0   1525.0   20.0     39.4   1251.1   1267.4   0.779
20260404011616    128    855.0    870.0   20.0     73.9   1065.3   1068.8   0.609
20260404011616    128   1490.0   1550.0   20.0    216.3   1065.3   1066.5   0.826
20260404011616    130   1595.0   1610.0   20.0     59.1   1071.6   1072.8   0.537
20260404011616    133    100.0    125.0   20.0    166.3   1059.8   1061.7   0.770
20260404011616    133    825.0    870.0   20.0     82.8   1067.1   1315.7   0.834
20260404011616    133    935.0    970.0   20.0    297.4   1311.3   1070.2   0.795
20260404011616    133   1180.0   1195.0   20.0     83.9   1066.6   1109.3   0.749
20260404011616    133   1325.0   1350.0   20.0    102.4   1151.8   1345.2   0.859
20260404011616    133   1425.0   1440.0   20.0     27.6   1348.4   1391.5   0.746
20260404011616    133   1730.0   1750.0   20.0     73.3   1387.9   1355.8   0.817
20260404011616    135    445.0    465.0   20.0    103.0   1189.8   1201.3   0.894
20260404011616    135    695.0    710.0   20.0     41.7   1191.8   1194.3   0.710
20260404011616    135   1045.0   1060.0   20.0    119.0   1198.3   1145.5   0.843
20260404011616    136    180.0    195.0   20.0     22.7   1385.4   1410.1   0.737
20260404011616    136    385.0    400.0   20.0     24.2   1412.2   1392.6   0.766
20260404011616    136   1585.0   1595.0   20.0     20.6   1434.8   1433.4   0.799
20260404011616    137     85.0    100.0   20.0     26.5   1602.2   1612.4   0.650
20260404011616    138    790.0    805.0   20.0     47.1   1085.6   1082.8   0.802
20260404011616    138   1790.0   1800.0   20.0     30.2   1089.8   1084.6   0.516
20260404011616    140    780.0    820.0   20.0    157.6   1075.6   1094.8   0.859
20260404011616    140   1545.0   1565.0   20.0    172.3   1079.9   1071.0   0.876
20260404011616    141    190.0    205.0   20.0     30.2   1072.1   1115.8   0.769
20260404011616    141    295.0    310.0   20.0     22.1   1147.6   1126.3   0.757
20260404011616    141    355.0    370.0   20.0     25.3   1126.8   1136.6   0.700
20260404011616    143    140.0    155.0   20.0     21.3   1059.9   1065.6   0.778
20260404011616    143   1190.0   1255.0   20.0    250.9   1068.8   1069.9   0.883
20260404011616    146    680.0    695.0   20.0     61.1   1094.0   1102.8   0.731
20260404011616    147   1550.0   1560.0   20.0     21.4   1089.9   1088.1   0.447
20260404011616    148    565.0    580.0   20.0     88.3   1080.7   1082.5   0.605
20260404011616    148   1735.0   1750.0   20.0     71.1   1092.3   1092.2   0.830
20260404011616    150     60.0    105.0   20.0     55.6    621.5    642.1   0.654
20260404011616    150    180.0    190.0   20.0     21.5    636.0    635.9   0.526
20260404011616    150    240.0    250.0   20.0     35.7    631.3    658.4   0.673
20260404011616    150    310.0    355.0   20.0     45.4    659.7    666.3   0.497
20260404011616    150    390.0    440.0   20.0     42.1    665.1    630.1   0.621
20260404011616    150    480.0    525.0   20.0     44.0    626.4    653.1   0.544
20260404011616    150    575.0    695.0   20.0     42.9    644.8    635.7   0.644
20260404011616    150    740.0    825.0   20.0     42.5    633.9    623.6   0.686
20260404011616    150    945.0   1340.0   20.0     60.7    645.3    677.3   0.640
20260404011616    150   1405.0   1800.0   20.0     59.3    683.4    638.6   0.716
20260404011616    151   1665.0   1680.0   20.0     98.4   1091.9   1316.1   0.805
20260404011616    151   1725.0   1745.0   20.0     27.4   1347.0   1356.2   0.877
20260404011616    152    865.0    880.0   20.0     50.6   1069.5   1071.7   0.705
20260404011616    155    210.0    225.0   20.0     66.0   1153.1   1154.2   0.769
20260404011616    155    440.0    455.0   20.0     23.1   1164.1   1161.0   0.478
20260404011616    155   1645.0   1660.0   20.0     61.4   1157.2   1155.0   0.791
20260404011616    156    375.0    390.0   20.0     62.5   1057.2   1148.7   0.780
20260404011616    156    675.0    715.0   20.0     28.7   1348.3   1241.9   0.732
20260404011616    156    840.0    855.0   20.0     28.2   1244.3   1278.6   0.813
20260404011616    156   1200.0   1215.0   20.0     25.6   1318.5   1322.4   0.765
20260404011616    156   1360.0   1375.0   20.0     91.2   1319.1   1310.3   0.811
20260404011616    157    235.0    270.0   20.0     33.5   1090.5   1334.8   0.834
20260404011616    157    345.0    360.0   20.0     33.9   1370.2   1406.6   0.883
20260404011616    157    420.0    435.0   20.0     25.2   1400.5   1401.5   0.755
20260404011616    157    785.0    800.0   20.0     68.6   1399.3   1403.9   0.883
20260404011616    157   1520.0   1535.0   20.0     25.3   1458.1   1469.0   0.586
20260404011616    157   1620.0   1645.0   20.0     29.6   1580.6   1576.0   0.914
20260404011616    157   1775.0   1795.0   20.0     45.8   1469.6   1518.7   0.835
20260404011616    158    510.0    525.0   20.0    151.9   1131.7   1193.8   0.654
20260404011616    158    715.0    730.0   20.0     24.2   1185.9   1194.3   0.694
20260404011616    158    920.0    935.0   20.0     62.0   1171.8   1192.2   0.866
20260404011616    158   1725.0   1745.0   20.0     60.5   1166.8   1225.6   0.899
20260404011616    159     75.0    265.0   20.0     48.1   1063.0   1344.2   0.827
20260404011616    159    330.0    355.0   20.0     49.6   1334.4   1502.0   0.833
20260404011616    162    490.0    505.0   20.0     85.5   1116.3   1198.1   0.737
20260404011616    162    680.0    710.0   20.0    115.2   1239.6   1282.7   0.738
20260404011616    162    785.0    800.0   20.0     25.9   1324.4   1326.3   0.711
20260404011616    162    860.0    875.0   20.0     66.1   1323.5   1346.1   0.560
20260404011616    162   1070.0   1100.0   20.0     27.0   1434.0   1487.6   0.820
20260404011616    162   1330.0   1345.0   20.0     35.0   1176.9   1177.5   0.867
20260404011616    163    775.0    790.0   20.0     23.7   1139.0   1139.2   0.688
20260404011616    164    190.0    245.0   20.0     83.0   1106.4   1248.9   0.764
20260404011616    164    380.0    460.0   20.0     66.8   1259.6   1249.1   0.890
20260404011616    164    505.0    520.0   20.0    131.7   1258.8   1097.9   0.775
20260404011616    164   1260.0   1275.0   20.0     37.4   1121.4   1169.4   0.741
20260404011616    164   1420.0   1445.0   20.0     68.0   1197.1   1240.2   0.838
20260404011616    164   1690.0   1710.0   20.0     46.8   1301.8   1338.7   0.834
20260404011616    165   1755.0   1770.0   20.0     21.7   1099.0   1101.5   0.789
20260404011616    167     60.0     75.0   20.0     20.9   1097.8   1098.5   0.533
20260404011616    167    355.0    365.0   20.0     22.5   1105.0   1131.2   0.552
20260404011616    167    480.0    495.0   20.0     44.2   1159.4   1100.4   0.747
20260404011616    167   1140.0   1165.0   20.0    205.4   1117.0   1116.6   0.873
20260404011616    167   1535.0   1550.0   20.0     22.8   1116.8   1120.7   0.738
20260404011616    169     25.0     40.0   20.0     66.6   1103.6   1104.5   0.797
20260404011616    169    950.0    970.0   20.0    202.0   1116.6   1112.2   0.868
20260404011616    169   1115.0   1130.0   20.0     27.4   1119.6   1137.6   0.478
20260404011616    169   1170.0   1185.0   20.0     50.2   1129.9   1130.8   0.756
20260404011616    169   1465.0   1480.0   20.0     40.1   1135.6   1111.6   0.773
20260404011616    170    275.0    290.0   20.0     99.9   1091.9   1093.1   0.805
20260404011616    171    325.0    355.0   20.0    444.4   1118.1   1119.9   0.834
20260404011616    171    495.0    515.0   20.0     48.4   1117.7   1117.2   0.842
20260404011616    175   1205.0   1265.0   20.0     32.6   1120.5   1169.0   0.721
20260404011616    176   1435.0   1450.0   20.0     23.4   1215.5   1207.8   0.658
20260404011616    176   1645.0   1660.0   20.0     32.8   1237.5   1234.8   0.603
20260404011616    176   1705.0   1720.0   20.0     29.5   1251.7   1259.1   0.683
20260404011616    177    125.0    140.0   20.0    125.1   1122.3   1122.9   0.741
20260404011616    177   1545.0   1560.0   20.0     25.1   1124.8   1161.4   0.725
20260404011616    179    110.0    125.0   20.0     27.0   1114.2   1163.4   0.756
20260404011616    179    220.0    235.0   20.0    238.5   1188.7   1502.3   0.838
20260404011616    180   1020.0   1090.0   20.0     82.0   1157.4   1541.7   0.878
20260404011616    180   1180.0   1235.0   20.0     41.6   1211.1   1273.3   0.856
20260404011616    181    685.0    700.0   20.0    121.1   1136.5   1459.5   0.865
20260404011616    182      5.0     20.0   20.0     41.3   1409.7   1417.9   0.608
20260404011616    183    730.0    750.0   20.0     68.8   1234.4   1238.1   0.775
20260404011616    184    225.0    245.0   20.0     50.3   1314.5   1377.2   0.723
20260404011616    184    300.0    330.0   20.0    135.1   1389.7   1517.6   0.837
20260404011616    184    375.0    390.0   20.0     26.7   1493.5   1490.9   0.847
20260404011616    184    745.0    760.0   20.0     46.5   1546.4   1576.0   0.772
20260404011616    185   1315.0   1330.0   20.0     22.0   1112.5   1138.9   0.760
20260404011616    186      0.0     10.0   20.0    151.7      0.0   1166.7   0.696
20260404011616    186    715.0    765.0   20.0     87.4   1144.5   1144.3   0.819
20260404011616    186   1655.0   1705.0   20.0     80.5   1137.0   1138.0   0.869
20260404011616    187     50.0     65.0   20.0     26.2   1190.1   1171.7   0.721
20260404011616    187    215.0    230.0   20.0     22.7   1178.9   1158.5   0.758
20260404011616    187   1165.0   1180.0   20.0     22.0   1188.7   1164.2   0.719
20260404011616    188   1610.0   1625.0   20.0     30.7   1237.9   1266.5   0.775
20260404011616    188   1715.0   1800.0   20.0    102.2   1266.6   1539.7   0.874
20260404011616    191     25.0     75.0   20.0     34.3   1043.0   1311.2   0.801
20260404011616    191    135.0    155.0   20.0     57.0   1393.9   1042.3   0.901
20260404011616    191    340.0    360.0   20.0     82.3   1047.3   1047.6   0.867
20260404011616    194    485.0    505.0   20.0    338.5   1181.3   1611.2   0.837
20260404011616    195     15.0     30.0   20.0     76.4   1158.7   1156.4   0.769
20260404011616    195    240.0    255.0   20.0     28.6   1156.6   1159.4   0.704
20260404011616    195   1100.0   1115.0   20.0    240.6   1154.1   1154.3   0.847
20260404011616    196    860.0    895.0   20.0     48.9   1261.9   1895.9   0.930
20260404011616    197    725.0    745.0   20.0     54.2   1174.8   1193.5   0.784
20260404011616    198    120.0    135.0   20.0     73.6   1179.7   1181.0   0.752
20260404011616    198    420.0    440.0   20.0     38.1   1183.4   1178.8   0.808
20260404011616    202   1205.0   1220.0   20.0    172.7   1172.8   1175.7   0.845
20260404011616    204      5.0     30.0   20.0    151.5   1148.4   1148.9   0.832
20260404011616    205    270.0    310.0   20.0     60.4   1186.2   1219.4   0.838
20260404011616    205    365.0    380.0   20.0     58.3   1233.7   1182.4   0.730
20260404011616    205    705.0    725.0   20.0     50.0   1189.0   1188.2   0.775
20260404011616    205   1250.0   1265.0   20.0     20.7   1186.1   1184.3   0.459
20260404011616    205   1580.0   1595.0   20.0     20.4   1182.7   1220.7   0.717
20260404011616    206    105.0    120.0   20.0     59.9   1171.5   1167.5   0.691
20260404011616    210   1230.0   1255.0   20.0    133.2   1207.8   1208.1   0.817
20260404011616    211    530.0    545.0   20.0     33.6   1188.8   1233.9   0.706
20260404011616    211    590.0    605.0   20.0     52.6   1238.9   1187.5   0.724
20260404011616    211    815.0    830.0   20.0     24.4   1188.4   1239.0   0.690
20260404011616    211   1120.0   1135.0   20.0     35.8   1278.5   1306.9   0.812
20260404011616    211   1220.0   1235.0   20.0     24.7   1320.0   1315.8   0.736
20260404011616    211   1380.0   1395.0   20.0     44.8   1324.9   1405.7   0.802
20260404011616    211   1485.0   1500.0   20.0     46.7   1486.4   1447.2   0.755
20260404011616    211   1635.0   1650.0   20.0     20.3   1451.1   1188.5   0.887
20260404011616    213    665.0    680.0   20.0     26.3   1192.3   1231.8   0.715
20260404011616    213    835.0    850.0   20.0     32.9   1265.3   1383.2   0.849
20260404011616    213    945.0    960.0   20.0     40.3   1407.0   1423.6   0.582
20260404011616    213   1010.0   1025.0   20.0     20.7   1477.4   1484.7   0.670
20260404011616    213   1450.0   1465.0   20.0     30.5   1521.0   1511.8   0.462
20260404011616    215    810.0    840.0   20.0    121.8   1203.8   1495.4   0.893
20260404011616    216   1530.0   1545.0    4.0    176.0   2145.9   2140.8   0.474
20260404011616    216   1610.0   1620.0    3.7    175.2   2142.9   2140.8   0.443
20260404011616    217    855.0    865.0   20.0     23.0   1253.1   1241.9   0.736
20260404011616    217   1650.0   1795.0   20.0     70.0   1260.7   1564.5   0.801
20260404011616    219    460.0    480.0   20.0    167.4   1219.6   1212.7   0.797
20260404011616    219    605.0    650.0   20.0    142.1   1218.9   1214.3   0.903
20260404011616    219    790.0    820.0   20.0     30.2   1219.2   1333.7   0.766
20260404011616    219   1015.0   1030.0   20.0     23.0   1321.0   1363.9   0.705
20260404011616    219   1070.0   1090.0   20.0    140.7   1354.2   1562.6   0.857
20260404011616    220    335.0    395.0   20.0     76.0   1197.7   1610.6   0.848
20260404011616    220    480.0    495.0   20.0     27.4   1666.1   1660.8   0.818
20260404011616    220    665.0    680.0   20.0     30.1   1653.7   1652.8   0.658
20260404011616    221     95.0    110.0   20.0     23.9   1201.3   1264.2   0.845
20260404011616    221    145.0    160.0   20.0     56.6   1257.0   1201.5   0.746
20260404011616    221   1500.0   1520.0   20.0    114.9   1203.6   1551.3   0.913
20260404011616    222    410.0    445.0   20.0     92.3   1212.2   1209.6   0.822
20260404011616    223    130.0    150.0   20.0    116.3   1233.5   1236.9   0.879
20260404011616    223    540.0    590.0   20.0     81.9   1235.4   1542.8   0.839
20260404011616    223    705.0    720.0   20.0     35.9   1518.3   1525.1   0.676
20260404011616    223    825.0    840.0   20.0     21.1   1543.0   1588.0   0.826
20260404011616    223   1155.0   1170.0   20.0     49.9   1625.2   1721.1   0.767
20260404011616    224   1085.0   1205.0   20.0    128.5   1235.9   1243.7   0.860
20260404011616    225      0.0     15.0   20.0    115.2      0.0   1305.9   0.772
20260404011616    225   1000.0   1020.0   20.0    214.3   1296.2   1307.2   0.861
20260404011616    228    610.0    665.0   20.0    105.2   1284.2   1695.2   0.890
20260404011616    228    830.0    845.0   20.0     38.9   1642.6   1664.0   0.418
20260404011616    229    560.0    750.0   20.0    148.2   1250.5   1270.4   0.791
20260404011616    233    305.0    320.0   20.0     20.2   1249.9   1294.0   0.662
20260404011616    233    390.0    405.0   20.0     26.8   1316.8   1371.0   0.826
20260404011616    234    975.0    990.0   20.0     36.7   1427.7   1427.5   0.450
20260404011616    234   1335.0   1350.0   20.0     48.4   1419.8   1470.5   0.747
20260404011616    234   1395.0   1410.0   20.0     41.8   1466.4   1494.0   0.780
20260404011616    234   1455.0   1470.0   20.0     64.5   1491.3   1516.2   0.834
20260404011616    234   1510.0   1530.0   20.0    232.6   1498.4   1416.0   0.877
20260404011616    235    190.0    210.0   20.0    316.1   1260.1   1260.8   0.857
20260404011616    236    605.0    615.0   20.0     23.3   1338.1   1335.1   0.458
20260404011616    236   1195.0   1240.0   20.0     95.0   1323.4   1326.1   0.799
20260404011616    237     30.0     55.0   20.0     32.9   1305.1   1331.8   0.837
20260404011616    237    365.0    530.0   20.0     65.8   1336.2   1367.1   0.921
20260404011616    239    160.0    180.0   20.0     39.4   1351.7   1464.0   0.882
20260404011616    243    800.0    860.0   20.0    164.7   1276.7   1280.4   0.729
20260404011616    243    965.0   1070.0   20.0    197.6   1300.1   1280.8   0.906
20260404011616    243   1150.0   1165.0   20.0     34.5   1277.2   1277.1   0.762
20260404011616    244    140.0    155.0   20.0     28.7   1300.7   1299.1   0.619
20260404011616    245    480.0    550.0   20.0    159.3   1302.8   1313.8   0.865
20260404011616    246   1255.0   1270.0   20.0     59.0   1303.8   1308.6   0.634
20260404011616    252    495.0    510.0   20.0     28.7   1984.7   1946.1   0.597
20260404011616    254    410.0    465.0   20.0     41.0   1343.4   1431.0   0.835
20260404011616    254    525.0    540.0   20.0     37.7   1478.8   1528.2   0.787
20260404011616    254    800.0    815.0   20.0     74.1   1539.5   1516.9   0.753
20260404011616    254   1005.0   1020.0   20.0     22.1   1557.4   1579.6   0.794
20260404014933      2      5.0     55.0   20.0     39.4   1954.7   1942.5   0.786
20260404014933      2    160.0    175.0   20.0     48.3   1937.1   1956.8   0.745
20260404014933      2    210.0    225.0   20.0     31.1   1952.1   1941.0   0.696
20260404014933      2    290.0    325.0   20.0     28.4   1940.1   1962.7   0.795
20260404014933      2    420.0    435.0   20.0     30.0   1947.0   1944.3   0.521
20260404014933      2    500.0    515.0   20.0     27.7   1967.1   1952.6   0.769
20260404014933      3    920.0    985.0   20.0    167.7   1385.2   1521.0   0.846
20260404014933      3   1025.0   1045.0   20.0    117.8   1460.1   1163.9   0.879
20260404014933      4    250.0    265.0   20.0     70.3   1175.4   1179.3   0.801
20260404014933      4    950.0    965.0   20.0     21.9   1175.4   1224.9   0.730
20260404014933      4   1170.0   1185.0   20.0     32.8   1235.6   1355.7   0.812
20260404014933      4   1275.0   1290.0   20.0     45.7   1297.8   1261.8   0.652
20260404014933      5    470.0    570.0   20.0     46.8   1165.0   1437.9   0.825
20260404014933      5    620.0    685.0   20.0    125.8   1382.5   1472.5   0.875
20260404014933      5    785.0    810.0   20.0     53.3   1408.5   1162.8   0.929
20260404014933      6    430.0    475.0   20.0    219.6   1176.8   1253.9   0.796
20260404014933      6    865.0    885.0   20.0    126.3   1248.4   1268.4   0.811
20260404014933      6   1535.0   1550.0   20.0     39.9   1265.2   1336.0   0.774
20260404014933      8    275.0    290.0   20.0     33.2   1230.9   1241.1   0.747
20260404014933      8    695.0    710.0   20.0     35.3   1222.5   1270.4   0.830
20260404014933      8   1280.0   1295.0   20.0     53.9   1249.3   1303.4   0.778
20260404014933      8   1385.0   1400.0   20.0     25.5   1302.8   1301.5   0.803
20260404014933      9    660.0    675.0   20.0    108.7   1189.2   1188.8   0.828
20260404014933      9   1275.0   1285.0   20.0     28.2   1184.4   1160.7   0.403
20260404014933      9   1530.0   1545.0   20.0     73.7   1221.0   1154.9   0.778
20260404014933     10     80.0    250.0   20.0     43.8   1473.3   1207.4   0.905
20260404014933     10    440.0    580.0   20.0     67.8   1160.0   1551.5   0.929
20260404014933     10    615.0    630.0   20.0     29.7   1530.7   1531.4   0.649
20260404014933     10    735.0    750.0   20.0     21.4   1512.0   1222.6   0.799
20260404014933     11     70.0     85.0   20.0     22.1   1160.2   1204.8   0.786
20260404014933     11    580.0    595.0   20.0     20.8   1230.5   1270.7   0.656
20260404014933     11    840.0    855.0   20.0     68.3   1238.1   1326.5   0.885
20260404014933     12   1160.0   1175.0   20.0     87.9   1689.2   1703.8   0.552
20260404014933     13    445.0    460.0   20.0     28.3   1159.6   1163.3   0.481
20260404014933     13    520.0    565.0   20.0     34.6   1165.9   1337.1   0.786
20260404014933     13    615.0    630.0   20.0     22.1   1442.9   1399.3   0.744
20260404014933     13    705.0    720.0   20.0    149.2   1554.7   1153.3   0.879
20260404014933     13   1625.0   1665.0   20.0     40.2   1164.2   1157.5   0.849
20260404014933     14     75.0     90.0   20.0     75.9    969.6    943.9   0.644
20260404014933     14    590.0    605.0   20.0     20.3    905.4    915.6   0.699
20260404014933     15    570.0    585.0   20.0     93.4   1157.9   1154.4   0.749
20260404014933     15    765.0    780.0   20.0     78.7   1151.2   1152.5   0.832
20260404014933     15    955.0   1095.0   20.0    157.5   1155.5   1172.2   0.925
20260404014933     15   1335.0   1385.0   20.0    412.6   1148.0   1145.1   0.874
20260404014933     15   1715.0   1735.0   20.0     85.1   1143.8   1143.2   0.828
20260404014933     16   1565.0   1580.0   20.0     27.7   1206.3   1267.2   0.841
20260404014933     18     20.0     35.0   20.0     24.6   1141.4   1177.5   0.708
20260404014933     18    335.0    350.0   20.0     36.8   1197.1   1379.4   0.742
20260404014933     18    585.0    600.0   20.0     48.7   1452.8   1476.1   0.644
20260404014933     22    285.0    305.0   20.0     57.8   1149.3   1151.4   0.773
20260404014933     22   1145.0   1155.0   20.0     20.3   1165.2   1170.0   0.414
20260404014933     23   1690.0   1705.0   20.0     23.6   1339.3   1350.6   0.611
20260404014933     24    390.0    405.0   20.0     21.7   1135.0   1174.7   0.695
20260404014933     24    565.0    670.0   20.0     95.7   1243.8   1150.5   0.823
20260404014933     24   1520.0   1565.0   20.0     32.6   1129.8   1275.2   0.808
20260404014933     25   1755.0   1770.0   20.0     62.8   1134.7   1131.7   0.684
20260404014933     26    295.0    310.0   20.0     26.5   1129.2   1184.0   0.794
20260404014933     26    345.0    375.0   20.0    168.0   1217.2   1133.3   0.869
20260404014933     28    400.0    415.0   20.0     53.9   1130.0   1128.0   0.734
20260404014933     28    940.0    955.0   20.0     33.7   1126.4   1177.9   0.744
20260404014933     28   1270.0   1300.0   20.0    303.7   1182.2   1507.2   0.708
20260404014933     29    440.0    460.0   20.0     55.8   1114.3   1115.8   0.744
20260404014933     29   1525.0   1540.0   20.0    161.5   1117.9   1122.5   0.832
20260404014933     31    505.0    520.0   20.0     26.2   1121.2   1163.0   0.738
20260404014933     31    690.0    710.0   20.0     57.1   1190.2   1165.9   0.720
20260404014933     31    980.0   1000.0   20.0     35.9   1167.8   1257.3   0.898
20260404014933     31   1620.0   1635.0   20.0     63.3   1278.5   1368.7   0.777
20260404014933     33    520.0    560.0   20.0     44.7   1121.1   1122.1   0.799
20260404014933     33    605.0    620.0   20.0    123.1   1126.2   1369.9   0.868
20260404014933     34   1000.0   1055.0   20.0     76.6   1107.7   1164.3   0.851
20260404014933     34   1120.0   1190.0   20.0    161.0   1361.9   1105.2   0.805
20260404014933     35    320.0    345.0   20.0    179.9   1114.9   1115.8   0.873
20260404014933     35    515.0    530.0   20.0     73.0   1115.8   1116.5   0.767
20260404014933     35   1325.0   1340.0   20.0     57.0   1190.8   1216.9   0.656
20260404014933     36   1255.0   1270.0   20.0     26.2   1101.0   1100.1   0.815
20260404014933     37   1355.0   1370.0   20.0     92.2   1369.5   1374.7   0.674
20260404014933     39    320.0    335.0   20.0     45.2   1089.0   1086.0   0.778
20260404014933     39    815.0    835.0   20.0    218.3   1090.1   1548.0   0.865
20260404014933     39   1080.0   1095.0   20.0     38.7   1575.6   1585.0   0.790
20260404014933     39   1145.0   1160.0   20.0     87.9   1568.1   1596.9   0.610
20260404014933     40    195.0    220.0   20.0     55.3   1107.0   1295.1   0.827
20260404014933     40    260.0    275.0   20.0    145.0   1283.5   1108.2   0.843
20260404014933     41    150.0    165.0   20.0     68.3   1094.0   1095.2   0.819
20260404014933     41    565.0    680.0   20.0     89.6   1097.1   1099.8   0.842
20260404014933     48     70.0     90.0   20.0     59.6    369.5    396.2   0.793
20260404014933     48    225.0    240.0   20.0     65.4    365.3    360.0   0.723
20260404014933     48    470.0    485.0   20.0     40.5    354.7    381.8   0.717
20260404014933     48   1085.0   1100.0   20.0     89.1    384.1    388.2   0.746
20260404014933     49    615.0    665.0   20.0     49.4   1080.4   1077.2   0.874
20260404014933     49    945.0    970.0   20.0     83.2   1074.8   1076.6   0.837
20260404014933     52    280.0    295.0   20.0     44.3   1843.5   1774.2   0.811
20260404014933     53    455.0    475.0   20.0     50.7   1086.8   1093.4   0.791
20260404014933     53    600.0    645.0   20.0    248.6   1090.8   1089.8   0.839
20260404014933     53   1715.0   1730.0   20.0     55.6   1082.5   1082.9   0.540
20260404014933     54    955.0    970.0   20.0     40.3   1087.6   1197.1   0.848
20260404014933     54   1020.0   1040.0   20.0     55.8   1210.7   1234.2   0.672
20260404014933     54   1100.0   1115.0   20.0     27.2   1240.2   1247.0   0.511
20260404014933     54   1205.0   1230.0   20.0     39.8   1266.0   1291.2   0.739
20260404014933     54   1355.0   1445.0   20.0     44.1   1308.4   1426.0   0.762
20260404014933     54   1510.0   1525.0   20.0     26.7   1479.9   1492.8   0.578
20260404014933     55   1585.0   1600.0   20.0    445.6   1106.0   1096.7   0.784
20260404014933     57   1095.0   1110.0   20.0     23.8   1083.9   1122.7   0.709
20260404014933     57   1160.0   1175.0   20.0     71.4   1131.5   1081.3   0.796
20260404014933     60    760.0    775.0   20.0     26.9   1578.5   1625.9   0.853
20260404014933     61   1055.0   1070.0   20.0     27.2   1088.8   1085.5   0.424
20260404014933     62    360.0    395.0   20.0     34.2   1080.1   1076.3   0.746
20260404014933     63     35.0    115.0   20.0    235.3   1170.4   1643.4   0.825
20260404014933     63    160.0    175.0   20.0     42.8   1678.5   1091.1   0.951
20260404014933     63   1675.0   1690.0   20.0     23.8   1094.8   1130.0   0.640
20260404014933     63   1750.0   1765.0   20.0     78.9   1158.4   1230.2   0.729
20260404014933     64      0.0   1330.0   20.0    136.5      0.0   1637.1   0.729
20260404014933     64   1425.0   1480.0   20.0     29.3   1627.2   1624.0   0.518
20260404014933     64   1520.0   1530.0   20.0     30.3   1617.4   1630.2   0.456
20260404014933     64   1695.0   1710.0   20.0     23.4   1609.1   1616.9   0.470
20260404014933     66    830.0    845.0   20.0     36.2   1346.0   1408.7   0.818
20260404014933     67   1515.0   1530.0   20.0     67.7   1069.4   1070.0   0.793
20260404014933     69    755.0    770.0   20.0     34.8   1087.4   1138.6   0.774
20260404014933     69    865.0    915.0   20.0     71.3   1183.8   1317.0   0.772
20260404014933     73    180.0    195.0   20.0    162.8   1085.3   1085.8   0.747
20260404014933     76    610.0    630.0   20.0     56.5   1098.2   1095.8   0.760
20260404014933     76   1595.0   1610.0   20.0     80.7   1086.1   1086.4   0.762
20260404014933     77   1700.0   1715.0   20.0     35.3   1077.5   1068.8   0.743
20260404014933     79   1730.0   1745.0   20.0     27.9   1063.6   1096.5   0.744
20260404014933     80   1420.0   1445.0   20.0     75.5   1065.0   1069.8   0.762
20260404014933     80   1725.0   1790.0   20.0     59.6   1065.9   1306.9   0.767
20260404014933     83      0.0    105.0   20.0    358.4      0.0   1069.1   0.745
20260404014933     83    880.0    895.0   20.0     23.9   1067.1   1066.0   0.605
20260404014933     83   1580.0   1595.0   20.0     43.3   1099.8   1066.5   0.812
20260404014933     85    705.0    720.0   20.0     27.9   1583.2   1464.6   0.860
20260404014933     86    255.0    290.0   20.0     32.6   1060.3   1148.8   0.786
20260404014933     86    395.0    450.0   20.0     41.1   1145.3   1240.2   0.824
20260404014933     87    395.0    440.0   20.0     90.0   1081.5   1067.7   0.728
20260404014933     87    575.0    600.0   20.0    196.6   1069.4   1072.4   0.809
20260404014933     88    255.0    275.0   20.0    241.1   1063.6   1515.8   0.933
20260404014933     88    320.0    335.0   20.0     21.1   1442.0   1618.5   0.903
20260404014933     89    890.0    905.0   20.0    232.8   1085.4   1085.8   0.836
20260404014933     92    590.0    620.0   20.0    215.8   1044.2   1046.3   0.839
20260404014933     92   1200.0   1230.0   20.0    178.3   1099.8   1042.1   0.849
20260404014933     94    310.0    335.0   20.0    187.8   1064.6   1064.1   0.904
20260404014933     96    135.0    150.0   20.0     35.1   1069.2   1114.0   0.726
20260404014933     97    410.0    515.0   20.0     77.3   1068.1   1449.8   0.865
20260404014933     97    775.0    875.0   20.0     66.0   1496.5   1514.1   0.848
20260404014933     97   1005.0   1015.0   20.0     29.1   1535.8   1540.0   0.437
20260404014933     97   1410.0   1420.0   20.0     21.8   1550.7   1542.2   0.481
20260404014933     97   1540.0   1555.0   20.0     23.5   1547.6   1548.0   0.685
20260404014933     99    970.0    985.0   20.0     66.2   1080.8   1079.0   0.781
20260404014933    100    315.0    330.0   20.0     54.8   1091.4   1092.3   0.438
20260404014933    101    170.0    185.0   20.0     31.8   1658.1   1691.3   0.826
20260404014933    102     35.0     50.0   20.0     32.3   1155.3   1187.1   0.741
20260404014933    102     85.0    100.0   20.0     25.5   1183.4   1209.3   0.823
20260404014933    102    155.0    170.0   20.0     64.2   1230.8   1305.5   0.763
20260404014933    102    595.0    610.0   20.0    137.5   1365.0   1517.1   0.849
20260404014933    104   1130.0   1150.0   20.0    108.7   1083.8   1085.5   0.806
20260404014933    104   1375.0   1395.0   20.0    170.1   1093.4   1084.6   0.899
20260404014933    105   1335.0   1350.0   20.0     20.5   1342.8   1333.0   0.715
20260404014933    106    925.0    940.0   20.0     43.5   1156.0   1188.3   0.806
20260404014933    107    550.0    645.0   20.0     88.8   1120.7   1333.0   0.852
20260404014933    107    715.0    750.0   20.0     25.3   1330.3   1316.1   0.708
20260404014933    107    800.0    850.0   20.0     21.6   1307.2   1312.8   0.834
20260404014933    107    915.0    980.0   20.0     94.2   1325.0   1177.8   0.912
20260404014933    109    915.0    930.0   20.0     67.1   1076.8   1037.6   0.766
20260404014933    110   1480.0   1495.0   20.0     27.4   1406.9   1422.5   0.862
20260404014933    111     95.0    110.0   20.0     23.8   1171.3   1239.8   0.703
20260404014933    111    270.0    285.0   20.0     23.1   1267.2   1289.3   0.739
20260404014933    112     70.0     90.0   20.0     81.7   1107.8   1067.4   0.806
20260404014933    112    400.0    415.0   20.0     30.5   1077.6   1107.6   0.768
20260404014933    112   1325.0   1340.0   20.0     81.5   1190.3   1345.1   0.863
20260404014933    113    315.0    340.0   20.0     34.0   1047.5   1080.5   0.783
20260404014933    113    480.0    495.0   20.0     31.5   1173.6   1166.2   0.717
20260404014933    113    570.0    640.0   20.0     33.0   1141.9   1054.1   0.898
20260404014933    113   1620.0   1650.0   20.0    117.3   1118.2   1165.7   0.896
20260404014933    115    510.0    525.0   20.0     75.6   1070.5   1072.6   0.791
20260404014933    115   1465.0   1545.0   20.0    200.9   1070.6   1069.3   0.871
20260404014933    116    610.0    625.0   20.0     22.2     72.5     72.3   0.706
20260404014933    118    620.0    645.0   20.0    121.2   1125.2   1114.9   0.865
20260404014933    118    710.0    730.0   20.0     57.5   1119.1   1218.8   0.826
20260404014933    118    775.0    790.0   20.0     48.7   1241.2   1293.0   0.704
20260404014933    118    835.0    890.0   20.0    141.1   1351.8   1083.1   0.701
20260404014933    118   1300.0   1315.0   20.0     39.0   1066.8   1142.1   0.815
20260404014933    118   1355.0   1370.0   20.0     23.9   1163.0   1192.9   0.807
20260404014933    118   1505.0   1520.0   20.0     44.5   1263.8   1340.7   0.827
20260404014933    118   1555.0   1570.0   20.0     89.6   1365.2   1433.6   0.930
20260404014933    118   1630.0   1645.0   20.0     32.0   1351.0   1362.8   0.821
20260404014933    119   1590.0   1605.0   20.0     20.4   1083.1   1062.2   0.745
20260404014933    120    365.0    405.0   20.0    138.5   1051.9   1251.9   0.781
20260404014933    120   1450.0   1525.0   20.0    129.5   1050.2   1102.7   0.843
20260404014933    122      0.0     15.0   20.0     45.6      0.0   1463.0   0.887
20260404014933    122    255.0    270.0   20.0     38.6   1444.1   1556.6   0.805
20260404014933    123    720.0    735.0   20.0     24.0   1054.6   1095.7   0.734
20260404014933    123   1350.0   1365.0   20.0     31.9   1132.6   1171.6   0.661
20260404014933    124    155.0    175.0   20.0     28.9   1275.8   1315.2   0.907
20260404014933    124   1015.0   1030.0   20.0     48.8   1380.4   1415.0   0.759
20260404014933    125    270.0    285.0   20.0     43.3   1062.2   1107.3   0.728
20260404014933    125    430.0    445.0   20.0     30.0   1156.8   1156.6   0.470
20260404014933    125   1275.0   1290.0   20.0     41.2   1181.9   1191.7   0.675
20260404014933    126    530.0    545.0   20.0     25.4   1226.5   1245.7   0.843
20260404014933    126    735.0    750.0   20.0     20.8   1259.5   1233.6   0.879
20260404014933    126   1435.0   1450.0   20.0     70.0   1226.6   1275.5   0.787
20260404014933    127   1550.0   1570.0   20.0    111.4   1071.3   1062.5   0.864
20260404014933    127   1635.0   1650.0   20.0     89.7   1062.5   1062.6   0.725
20260404014933    128    360.0    375.0   20.0     41.4   1114.8   1193.8   0.850
20260404014933    128    595.0    610.0   20.0     26.1   1234.6   1247.8   0.524
20260404014933    129    145.0    180.0   20.0    133.7   1058.1   1056.4   0.782
20260404014933    129    385.0    400.0   20.0     21.6   1061.4   1105.6   0.748
20260404014933    129    440.0    455.0   20.0     64.9   1126.6   1244.2   0.844
20260404014933    129   1220.0   1235.0   20.0     51.1   1246.2   1155.2   0.814
20260404014933    130     40.0    115.0   20.0     78.5   1148.5   1392.6   0.802
20260404014933    130    160.0    175.0   20.0     31.5   1339.0   1172.2   0.854
20260404014933    130   1725.0   1740.0   20.0     30.5   1072.5   1114.8   0.742
20260404014933    132     55.0     70.0   20.0     31.4   1068.6   1110.2   0.735
20260404014933    132    615.0    630.0   20.0     24.7   1151.7   1233.2   0.835
20260404014933    132    760.0    775.0   20.0     29.9   1269.2   1284.3   0.822
20260404014933    132    885.0    900.0   20.0     62.4   1275.8   1370.8   0.823
20260404014933    133     70.0     85.0   20.0    216.0   1062.9   1103.0   0.780
20260404014933    133    320.0    375.0   20.0     66.6   1128.7   1267.4   0.846
20260404014933    133    945.0    960.0   20.0     34.3   1169.4   1072.1   0.786
20260404014933    134   1610.0   1625.0   20.0     50.2   1157.3   1219.4   0.828
20260404014933    134   1690.0   1705.0   20.0    126.7   1259.4   1157.3   0.827
20260404014933    135   1035.0   1050.0   20.0     48.9   1197.4   1234.6   0.862
20260404014933    138     75.0     90.0   20.0     20.9   1082.0   1082.2   0.721
20260404014933    138   1355.0   1400.0   20.0    152.7   1091.1   1086.0   0.828
20260404014933    138   1455.0   1470.0   20.0    229.1   1085.0   1087.0   0.828
20260404014933    139    840.0    855.0   20.0     39.0   1073.1   1071.4   0.781
20260404014933    140   1675.0   1690.0   20.0    102.6   1115.5   1285.8   0.847
20260404014933    141    180.0    195.0   20.0     34.9   1076.0   1136.1   0.751
20260404014933    141    235.0    250.0   20.0     44.0   1135.9   1197.1   0.716
20260404014933    141    370.0    430.0   20.0     73.6   1195.0   1312.4   0.846
20260404014933    141    915.0    930.0   20.0     22.6   1363.6   1315.7   0.880
20260404014933    143     50.0     70.0   20.0    150.7   1305.8   1065.7   0.937
20260404014933    143    250.0    335.0   20.0     67.8   1066.5   1352.3   0.851
20260404014933    143    605.0    625.0   20.0    105.9   1384.6   1071.2   0.850
20260404014933    145    215.0    240.0   20.0     40.2   1087.7   1189.1   0.779
20260404014933    145    310.0    325.0   20.0     35.0   1270.4   1308.8   0.676
20260404014933    145    410.0    525.0   20.0     33.9   1341.1   1396.9   0.786
20260404014933    145    605.0    655.0   20.0     33.1   1390.1   1393.5   0.608
20260404014933    145   1010.0   1025.0   20.0     41.6   1482.5   1530.8   0.774
20260404014933    146   1270.0   1295.0   20.0    412.5   1095.3   1569.9   0.925
20260404014933    147    110.0    125.0   20.0     20.8   1089.2   1131.7   0.683
20260404014933    147    440.0    460.0   20.0     36.6   1170.4   1252.6   0.835
20260404014933    147    495.0    510.0   20.0     40.8   1248.6   1267.3   0.739
20260404014933    147    635.0    650.0   20.0     33.9   1262.9   1281.4   0.670
20260404014933    147    770.0    855.0   20.0     32.9   1305.3   1286.3   0.895
20260404014933    147   1290.0   1305.0   20.0     50.6   1355.6   1384.7   0.601
20260404014933    150     35.0     75.0   20.0     42.1    646.1    620.9   0.507
20260404014933    150    140.0    210.0   20.0     47.1    666.5    651.7   0.693
20260404014933    150    330.0    345.0   20.0     48.0    654.1    647.0   0.573
20260404014933    150    380.0    410.0   20.0     45.7    658.9    669.8   0.506
20260404014933    150    485.0    540.0   20.0     46.4    677.3    672.8   0.534
20260404014933    150    575.0    630.0   20.0     54.0    661.3    689.0   0.597
20260404014933    150    675.0    690.0   20.0     43.8    657.4    671.9   0.628
20260404014933    150    740.0    750.0   20.0     30.9    664.7    665.3   0.446
20260404014933    150    825.0    850.0   20.0     44.3    669.9    675.7   0.528
20260404014933    150    895.0    940.0   20.0     40.2    678.8    665.9   0.596
20260404014933    150    975.0    985.0   20.0     22.6    679.9    673.9   0.467
20260404014933    150   1065.0   1115.0   20.0     40.9    678.4    675.4   0.650
20260404014933    150   1180.0   1190.0   20.0     21.1    686.9    672.1   0.412
20260404014933    150   1240.0   1320.0   20.0     36.0    686.3    678.8   0.616
20260404014933    150   1385.0   1430.0   20.0     27.5    670.0    684.6   0.562
20260404014933    150   1470.0   1505.0   20.0     32.5    673.1    678.8   0.584
20260404014933    150   1670.0   1695.0   20.0     42.6    663.4    673.4   0.660
20260404014933    150   1770.0   1795.0   20.0     42.3    672.8    686.8   0.676
20260404014933    151    305.0    320.0   20.0    105.0   1088.2   1323.0   0.851
20260404014933    152   1155.0   1170.0   20.0     24.1   1099.6   1076.3   0.753
20260404014933    153     90.0    110.0   20.0    103.1   1275.0   1520.4   0.935
20260404014933    156     20.0     40.0   20.0     32.7   1202.3   1205.7   0.842
20260404014933    156    200.0    220.0   20.0     42.7   1255.0   1237.9   0.782
20260404014933    156    265.0    280.0   20.0    110.7   1243.4   1264.7   0.641
20260404014933    156    525.0    540.0   20.0     22.5   1256.2   1257.0   0.787
20260404014933    156    605.0    650.0   20.0     83.8   1276.6   1300.6   0.731
20260404014933    156    765.0    780.0   20.0     46.9   1313.2   1439.8   0.732
20260404014933    156   1385.0   1400.0   20.0     58.8   1427.9   1419.3   0.870
20260404014933    157     20.0     35.0   20.0     74.7   1566.7   1604.3   0.855
20260404014933    159    640.0    655.0   20.0     28.6   1073.6   1128.6   0.744
20260404014933    159    775.0    790.0   20.0     45.8   1136.5   1198.5   0.853
20260404014933    159    975.0    990.0   20.0     53.9   1287.9   1358.3   0.772
20260404014933    161    510.0    525.0   20.0     22.3   1051.3   1086.1   0.667
20260404014933    161    880.0    895.0   20.0     25.1   1090.2   1169.5   0.841
20260404014933    161   1720.0   1735.0   20.0     40.7   1219.1   1224.3   0.516
20260404014933    162   1000.0   1015.0   20.0     27.6   1116.9   1115.5   0.691
20260404014933    162   1625.0   1640.0   20.0     88.1   1177.5   1323.9   0.894
20260404014933    162   1680.0   1715.0   20.0    144.5   1362.5   1425.6   0.850
20260404014933    163   1190.0   1205.0   20.0     22.6   1104.8   1142.9   0.744
20260404014933    164    840.0    890.0   20.0     40.9   1123.0   1287.9   0.759
20260404014933    164   1000.0   1015.0   20.0     31.0   1329.2   1405.9   0.758
20260404014933    164   1110.0   1125.0   20.0     32.9   1457.6   1479.6   0.440
20260404014933    166     70.0     90.0   20.0     42.9   1144.4   1138.5   0.774
20260404014933    167    600.0    665.0   20.0     85.8   1107.4   1106.4   0.891
20260404014933    168    855.0    870.0   20.0     83.8   1496.4   1562.8   0.838
20260404014933    169    190.0    210.0   20.0    163.2   1107.6   1107.4   0.901
20260404014933    169    345.0    420.0   20.0     33.7   1115.6   1148.6   0.885
20260404014933    169   1000.0   1020.0   20.0     44.1   1138.9   1136.2   0.881
20260404014933    171    255.0    270.0   20.0     70.2   1107.6   1107.4   0.859
20260404014933    171   1105.0   1120.0   20.0     22.4   1119.9   1169.8   0.715
20260404014933    171   1360.0   1375.0   20.0     27.6   1205.1   1169.3   0.796
20260404014933    171   1590.0   1605.0   20.0     51.7   1195.6   1240.3   0.739
20260404014933    173   1275.0   1290.0   20.0     53.6   1358.3   1433.9   0.777
20260404014933    175    600.0    615.0   20.0     79.3   1123.5   1122.0   0.748
20260404014933    175   1415.0   1445.0   20.0     71.3   1160.7   1393.9   0.857
20260404014933    177    595.0    610.0   20.0    154.9   1132.3   1138.8   0.811
20260404014933    177    905.0    935.0   20.0    204.8   1130.7   1450.5   0.816
20260404014933    177   1380.0   1395.0   20.0     41.7   1412.1   1413.0   0.680
20260404014933    177   1545.0   1560.0   20.0     34.0   1400.6   1417.7   0.822
20260404014933    178    320.0    335.0   20.0     45.3   1121.4   1123.9   0.644
20260404014933    178    975.0   1025.0   20.0    104.4   1160.9   1324.1   0.852
20260404014933    179     75.0     90.0   20.0     62.4   1169.8   1142.3   0.862
20260404014933    179   1210.0   1230.0   20.0    180.5   1122.8   1538.2   0.900
20260404014933    179   1485.0   1510.0   20.0     22.1   1377.3   1422.2   0.910
20260404014933    179   1550.0   1565.0   20.0     64.0   1422.4   1420.0   0.579
20260404014933    179   1620.0   1635.0   20.0     78.8   1403.0   1425.7   0.469
20260404014933    180    220.0    240.0   20.0    175.6   1161.8   1136.3   0.841
20260404014933    181    250.0    265.0   20.0     23.8   1159.7   1142.2   0.751
20260404014933    182      0.0     15.0   20.0     20.0      0.0   1423.1   0.923
20260404014933    182    120.0    135.0   20.0     28.4   1460.9   1448.8   0.579
20260404014933    184    280.0    295.0   20.0     34.9   1521.0   1579.6   0.829
20260404014933    184    445.0    460.0   20.0     37.7   1613.9   1573.5   0.738
20260404014933    184    690.0    705.0   20.0     62.1   1541.4   1539.1   0.798
20260404014933    185      0.0     30.0   20.0    132.2      0.0   1110.5   0.917
20260404014933    186   1220.0   1235.0   20.0     69.2   1179.5   1150.5   0.658
20260404014933    186   1355.0   1380.0   20.0     83.0   1152.3   1158.2   0.817
20260404014933    187   1735.0   1750.0   20.0     23.9   1132.3   1131.7   0.742
20260404014933    188   1260.0   1320.0   20.0    110.2   1224.5   1255.9   0.924
20260404014933    190     95.0    130.0   20.0     50.0   1237.7   1236.6   0.816
20260404014933    190   1100.0   1145.0   20.0    101.5   1224.1   1224.7   0.836
20260404014933    191     35.0     75.0   20.0     71.4   1054.0   1052.0   0.879
20260404014933    191   1040.0   1060.0   20.0     72.4   1044.5   1044.5   0.755
20260404014933    193     75.0    115.0   20.0    197.8   1151.7   1148.8   0.862
20260404014933    193    535.0    550.0   20.0     81.2   1167.0   1172.5   0.812
20260404014933    194    195.0    210.0   20.0     20.8   1686.9   1706.3   0.854
20260404014933    194    375.0    390.0   20.0     89.7   1712.1   1802.7   0.835
20260404014933    195      0.0     30.0   20.0     63.0      0.0   1280.7   0.927
20260404014933    195     80.0    105.0   20.0     40.8   1283.2   1234.2   0.891
20260404014933    195    160.0    175.0   20.0     49.6   1213.4   1248.8   0.851
20260404014933    195    585.0    625.0   20.0    311.8   1183.2   1183.4   0.898
20260404014933    197    160.0    175.0   20.0    227.0   1175.5   1180.5   0.793
20260404014933    197    420.0    465.0   20.0    119.1   1213.0   1185.1   0.818
20260404014933    197    580.0    600.0   20.0     28.3   1190.5   1392.7   0.828
20260404014933    197    670.0    685.0   20.0    219.0   1492.1   1177.3   0.847
20260404014933    198    420.0    435.0   20.0     59.7   1191.4   1188.8   0.687
20260404014933    198    730.0    770.0   20.0     93.0   1186.5   1187.3   0.794
20260404014933    199      0.0     15.0   20.0     92.8      0.0   1167.1   0.686
20260404014933    199    120.0    150.0   20.0    235.6   1165.7   1182.0   0.914
20260404014933    199    540.0    555.0   20.0     60.6   1176.6   1362.7   0.837
20260404014933    199    595.0    660.0   20.0    153.8   1372.8   1499.9   0.871
20260404014933    199    710.0    725.0   20.0    146.4   1497.1   1594.3   0.748
20260404014933    202    575.0    640.0   20.0    115.3   1181.6   1366.4   0.720
20260404014933    202    720.0    735.0   20.0     42.7   1370.1   1364.3   0.857
20260404014933    202    780.0    840.0   20.0    105.6   1403.7   1176.3   0.849
20260404014933    202   1105.0   1120.0   20.0     22.6   1188.8   1188.8   0.743
20260404014933    202   1545.0   1560.0   20.0     35.7   1198.3   1175.3   0.798
20260404014933    203     35.0     55.0   20.0     41.2   1737.6   1826.3   0.836
20260404014933    204     25.0     40.0   20.0     52.0   1209.9   1213.6   0.766
20260404014933    204     80.0     95.0   20.0     51.5   1214.1   1152.1   0.763
20260404014933    204    300.0    315.0   20.0     31.9   1152.8   1226.3   0.777
20260404014933    204    365.0    375.0   20.0     42.7   1230.1   1251.6   0.490
20260404014933    204    425.0    440.0   20.0    126.9   1266.2   1406.6   0.655
20260404014933    204    580.0    595.0   20.0     42.1   1331.5   1418.8   0.795
20260404014933    204    655.0    670.0   20.0     22.8   1391.2   1432.5   0.882
20260404014933    204   1080.0   1095.0   20.0     39.6   1485.1   1509.9   0.777
20260404014933    205    130.0    300.0   20.0    127.5   1194.2   1837.6   0.864
20260404014933    205    335.0    345.0   20.0     21.9   1901.9   1815.8   0.627
20260404014933    205    440.0    485.0   20.0     44.3   1725.4   1738.9   0.849
20260404014933    205    555.0    570.0   20.0     42.0   1783.4   1815.2   0.724
20260404014933    205    615.0    670.0   20.0     34.0   1841.3   1873.9   0.722
20260404014933    206     60.0     85.0   20.0     88.9   1365.1   1169.3   0.839
20260404014933    206    185.0    200.0   20.0     54.2   1171.6   1171.4   0.674
20260404014933    209    310.0    330.0   20.0    173.4   1179.4   1180.9   0.789
20260404014933    209   1645.0   1660.0   20.0     92.9   1178.4   1177.7   0.791
20260404014933    210   1040.0   1055.0   20.0     25.7   1206.5   1233.5   0.754
20260404014933    210   1135.0   1150.0   20.0     20.8   1242.7   1268.3   0.806
20260404014933    210   1245.0   1260.0   20.0     35.0   1305.8   1310.5   0.893
20260404014933    210   1345.0   1375.0   20.0     63.0   1304.1   1420.4   0.818
20260404014933    210   1580.0   1595.0   20.0     23.6   1417.7   1454.5   0.738
20260404014933    213    395.0    410.0   20.0     61.2   1195.6   1198.0   0.767
20260404014933    213    825.0    840.0   20.0    103.8   1195.8   1517.7   0.898
20260404014933    213    895.0    910.0   20.0     91.5   1432.4   1195.1   0.916
20260404014933    213   1770.0   1785.0   20.0     86.1   1187.8   1186.3   0.794
20260404014933    215   1145.0   1180.0   20.0    209.0   1202.6   1203.2   0.876
20260404014933    216      0.0    165.0   20.0    228.3      0.0   2124.2   0.717
20260404014933    216    260.0    335.0   20.0    194.0   2139.1   2141.4   0.675
20260404014933    216    395.0    410.0    2.5    185.8   2147.6   2133.4   0.583
20260404014933    216    650.0    660.0    2.3    180.4   2139.2   2139.5   0.589
20260404014933    216    920.0   1325.0   20.0    175.4   2103.7   2105.2   0.745
20260404014933    216   1365.0   1800.0   20.0    190.1   2109.0   2117.9   0.719
20260404014933    217      0.0     90.0   20.0     43.1      0.0   1519.4   0.874
20260404014933    217    125.0    140.0   20.0     71.8   1537.3   1542.2   0.776
20260404014933    217    195.0    270.0   20.0     67.3   1562.3   1663.8   0.819
20260404014933    217    355.0    370.0   20.0     32.2   1669.0   1672.7   0.619
20260404014933    219    110.0    125.0   20.0     28.8   1212.6   1213.1   0.751
20260404014933    219    240.0    300.0   20.0     38.4   1214.4   1323.9   0.812
20260404014933    220    115.0    130.0   20.0     39.1   1646.5   1681.2   0.790
20260404014933    221    525.0    610.0   20.0    145.3   1207.5   1621.4   0.816
20260404014933    221   1130.0   1145.0   20.0    240.5   1674.4   1689.6   0.791
20260404014933    225    510.0    525.0   20.0     38.9   1298.8   1331.3   0.802
20260404014933    225    630.0    720.0   20.0    273.7   1347.2   1301.4   0.884
20260404014933    228    365.0    385.0   20.0    194.0   1287.5   1283.2   0.928
20260404014933    228   1660.0   1770.0   20.0    262.9   1281.7   1490.7   0.912
20260404014933    229    525.0    540.0   20.0     76.9   1254.1   1251.0   0.801
20260404014933    232      5.0     20.0   20.0     23.6   1589.7   1591.6   0.746
20260404014933    233    510.0    525.0   20.0    230.1   1277.0   1254.2   0.579
20260404014933    233   1310.0   1330.0   20.0    289.5   1245.5   1244.4   0.827
20260404014933    234    765.0    785.0   20.0     63.8   1461.1   1457.0   0.827
20260404014933    234   1075.0   1155.0   20.0    118.4   1463.1   1397.5   0.849
20260404014933    235    125.0    145.0   20.0     28.2   1262.2   1321.9   0.731
20260404014933    235    245.0    260.0   20.0     41.7   1313.2   1318.5   0.776
20260404014933    235    575.0    590.0   20.0    222.6   1373.7   1644.3   0.791
20260404014933    236    385.0    400.0   20.0     27.0   1325.1   1327.8   0.584
20260404014933    236    555.0    575.0   20.0     46.0   1323.4   1327.6   0.781
20260404014933    236   1565.0   1580.0   20.0     53.6   1310.8   1309.7   0.817
20260404014933    237     95.0    105.0   20.0    118.8   1315.8   1336.0   0.401
20260404014933    237    280.0    295.0   20.0     44.7   1312.0   1363.9   0.846
20260404014933    239     30.0     45.0   20.0     32.3   1358.7   1334.9   0.750
20260404014933    239    550.0    565.0   20.0     50.4   1344.4   1398.1   0.774
20260404014933    239    710.0    725.0   20.0     38.6   1398.7   1299.2   0.838
20260404014933    240    610.0    630.0   20.0    429.1   1271.9   1276.6   0.900
20260404014933    243    150.0    165.0   20.0     32.8   1279.2   1321.8   0.745
20260404014933    244    790.0    865.0   20.0    116.6   1317.7   1580.3   0.855
20260404014933    244    910.0    925.0   20.0     28.7   1597.3   1575.3   0.768
20260404014933    244   1230.0   1245.0   20.0     96.9   1699.1   1301.3   0.945
20260404014933    245    485.0    535.0   20.0    241.9   1307.8   1309.3   0.852
20260404014933    246    145.0    165.0   20.0    178.5   1313.5   1314.4   0.885
20260404014933    246    605.0    615.0   20.0     23.8   1310.0   1314.8   0.413
20260404022250      2   1065.0   1080.0   20.0     39.3   2039.4   2037.6   0.804
20260404022250      2   1395.0   1415.0   20.0     34.7   2042.0   2043.5   0.836
20260404022250      3     20.0     80.0   20.0    160.2   1232.1   1197.8   0.736
20260404022250      3    290.0    305.0   20.0     29.2   1249.4   1252.0   0.687
20260404022250      4    820.0    835.0   20.0     47.2   1185.9   1246.5   0.758
20260404022250      4   1070.0   1085.0   20.0     22.5   1370.8   1400.5   0.746
20260404022250      4   1130.0   1145.0   20.0     26.8   1420.1   1470.5   0.727
20260404022250      4   1380.0   1395.0   20.0     23.7   1378.8   1384.5   0.722
20260404022250      4   1645.0   1660.0   20.0     24.3   1371.9   1391.2   0.727
20260404022250      5     15.0     30.0   20.0    142.7   1414.4   1167.4   0.913
20260404022250      5    985.0   1060.0   20.0    225.5   1163.6   1164.1   0.877
20260404022250      5   1360.0   1385.0   20.0     38.0   1160.0   1195.5   0.752
20260404022250      5   1515.0   1530.0   20.0     68.0   1198.8   1156.6   0.773
20260404022250      6   1660.0   1675.0   20.0    117.6   1169.9   1171.3   0.804
20260404022250      7    590.0    605.0   20.0     22.7   1209.3   1212.4   0.704
20260404022250     10   1785.0   1800.0   20.0     71.0   1148.9   1145.7   0.781
20260404022250     11   1650.0   1665.0   20.0     51.2   1143.3   1142.5   0.492
20260404022250     11   1730.0   1745.0   20.0    117.7   1140.4   1394.2   0.823
20260404022250     13     15.0     85.0   20.0    166.3   1294.2   1149.8   0.820
20260404022250     13    640.0    655.0   20.0     24.0   1147.6   1149.1   0.420
20260404022250     13   1635.0   1650.0   20.0     30.2   1145.2   1179.4   0.786
20260404022250     13   1705.0   1725.0   20.0     23.2   1200.7   1252.5   0.869
20260404022250     14    750.0    765.0   20.0     44.8    927.0    941.5   0.703
20260404022250     14   1060.0   1075.0   20.0     23.9    903.4    906.4   0.801
20260404022250     15   1105.0   1160.0   20.0     29.3   1160.7   1232.7   0.787
20260404022250     15   1225.0   1240.0   20.0    125.6   1278.9   1437.0   0.831
20260404022250     18   1545.0   1655.0   20.0    194.2   1141.5   1125.7   0.909
20260404022250     21   1775.0   1790.0   20.0     21.1   1149.6   1149.9   0.558
20260404022250     22    685.0    710.0   20.0     67.3   1152.0   1146.5   0.845
20260404022250     23     10.0     25.0   20.0     52.1   1436.6   1317.3   0.861
20260404022250     23    685.0    700.0   20.0     29.2   1284.4   1330.8   0.830
20260404022250     23   1185.0   1200.0   20.0     24.3   1348.1   1363.6   0.795
20260404022250     24    630.0    645.0   20.0     21.2   1134.8   1133.3   0.790
20260404022250     24    945.0    960.0   20.0     83.6   1132.9   1134.3   0.781
20260404022250     24   1710.0   1725.0   20.0     80.0   1127.5   1129.0   0.717
20260404022250     25      5.0    100.0   20.0     92.8   1304.7   1379.5   0.869
20260404022250     25    140.0    220.0   20.0     46.6   1363.8   1364.3   0.798
20260404022250     25    255.0    320.0   20.0     49.8   1374.2   1476.6   0.755
20260404022250     25    445.0    460.0   20.0     20.7   1451.9   1477.9   0.741
20260404022250     25    625.0    640.0   20.0    113.3   1493.5   1577.9   0.806
20260404022250     26   1165.0   1200.0   20.0     89.4   1126.0   1129.8   0.842
20260404022250     26   1460.0   1475.0   20.0     51.8   1116.9   1117.2   0.674
20260404022250     26   1710.0   1795.0   20.0     70.1   1112.2   1337.2   0.778
20260404022250     28    680.0    705.0   20.0    282.6   1130.0   1127.9   0.864
20260404022250     28    870.0    890.0   20.0    204.0   1127.9   1125.5   0.868
20260404022250     31      0.0     15.0   20.0     23.2      0.0   1156.7   0.756
20260404022250     31    190.0    205.0   20.0    100.5   1166.5   1303.4   0.730
20260404022250     33    160.0    180.0   20.0     39.2   1117.0   1117.0   0.793
20260404022250     33    865.0    875.0   20.0     20.3   1126.9   1125.0   0.483
20260404022250     33    950.0    965.0   20.0     35.3   1142.3   1126.3   0.611
20260404022250     34    695.0    710.0   20.0     48.9   1170.1   1107.8   0.740
20260404022250     34    805.0    820.0   20.0     46.3   1112.0   1112.1   0.751
20260404022250     34   1645.0   1660.0   20.0     28.6   1117.8   1129.4   0.527
20260404022250     35    650.0    665.0   20.0     28.0   1110.0   1150.8   0.749
20260404022250     35    875.0    890.0   20.0     25.1   1196.8   1204.5   0.623
20260404022250     35   1010.0   1030.0   20.0    140.6   1196.2   1348.2   0.755
20260404022250     36    530.0    605.0   20.0    216.9   1136.4   1116.3   0.922
20260404022250     36   1035.0   1060.0   20.0    100.4   1124.5   1136.7   0.829
20260404022250     36   1650.0   1680.0   20.0     82.2   1128.1   1128.0   0.861
20260404022250     37    380.0    425.0   20.0     28.9   1358.0   1359.2   0.796
20260404022250     38    440.0    455.0   20.0    102.5   1231.2   1173.9   0.844
20260404022250     38    560.0    575.0   20.0     57.9   1173.5   1172.8   0.817
20260404022250     38   1720.0   1735.0   20.0     53.4   1169.7   1168.8   0.786
20260404022250     40      0.0     15.0   20.0     86.1      0.0   1102.8   0.760
20260404022250     41    580.0    595.0   20.0     26.2   1092.6   1094.5   0.568
20260404022250     41    845.0    860.0   20.0    129.1   1094.1   1095.0   0.819
20260404022250     41    950.0    965.0   20.0     37.6   1093.7   1149.8   0.796
20260404022250     41   1055.0   1070.0   20.0     81.8   1267.2   1096.4   0.804
20260404022250     41   1570.0   1585.0   20.0     69.4   1087.8   1090.1   0.752
20260404022250     43   1590.0   1605.0   20.0     30.6   1097.2   1141.1   0.746
20260404022250     43   1660.0   1675.0   20.0     34.8   1168.4   1218.6   0.843
20260404022250     44   1730.0   1745.0   20.0     27.5   1141.7   1142.5   0.694
20260404022250     45   1345.0   1360.0   20.0     43.5   1296.4   1322.7   0.825
20260404022250     45   1505.0   1520.0   20.0     24.3   1312.7   1327.2   0.857
20260404022250     46    610.0    625.0   20.0     95.9   1097.9   1098.8   0.725
20260404022250     46   1215.0   1245.0   20.0     35.8   1103.0   1103.5   0.726
20260404022250     46   1460.0   1475.0   20.0     22.0   1120.2   1102.1   0.725
20260404022250     48    400.0    415.0   20.0     37.1    362.8    381.0   0.640
20260404022250     48    455.0    470.0   20.0     27.7    391.1    391.8   0.649
20260404022250     48    520.0    870.0   20.0     34.1    391.2    391.9   0.662
20260404022250     48    910.0   1135.0   20.0     29.0    391.6    370.6   0.707
20260404022250     48   1765.0   1780.0   20.0     32.7    380.3    380.0   0.516
20260404022250     50    910.0    940.0   20.0    110.6   1095.4   1101.1   0.781
20260404022250     50   1195.0   1295.0   20.0    147.7   1083.8   1083.7   0.886
20260404022250     51     10.0     55.0   20.0    168.7   1290.0   1124.5   0.769
20260404022250     51    640.0    685.0   20.0    155.1   1157.4   1082.5   0.784
20260404022250     53      5.0     90.0   20.0    102.7   1436.2   1104.8   0.915
20260404022250     53    960.0    975.0   20.0     33.8   1082.1   1140.9   0.711
20260404022250     53   1035.0   1050.0   20.0     91.5   1184.6   1082.8   0.754
20260404022250     54    300.0    315.0   20.0     81.5   1103.9   1459.2   0.908
20260404022250     54    350.0    365.0   20.0     25.1   1437.1   1499.6   0.789
20260404022250     54    420.0    435.0   20.0     48.7   1457.4   1460.9   0.641
20260404022250     54    715.0    730.0   20.0     28.6   1556.3   1548.6   0.839
20260404022250     57    540.0    560.0   20.0     87.2   1126.2   1086.0   0.901
20260404022250     57   1220.0   1235.0   20.0     21.5   1085.7   1125.8   0.702
20260404022250     57   1595.0   1610.0   20.0     20.4   1162.6   1253.2   0.754
20260404022250     61   1035.0   1075.0   20.0    198.7   1076.0   1174.8   0.826
20260404022250     61   1760.0   1775.0   20.0     32.9   1162.3   1194.4   0.711
20260404022250     63    510.0    555.0   20.0    165.9   1102.3   1444.9   0.873
20260404022250     64      0.0     50.0   20.0     34.9      0.0   1643.8   0.658
20260404022250     64    100.0    230.0   20.0     29.8   1646.2   1629.1   0.622
20260404022250     64    275.0    335.0   20.0     25.8   1626.4   1630.7   0.542
20260404022250     64    385.0   1010.0   20.0     37.7   1626.7   1619.9   0.643
20260404022250     64   1120.0   1165.0   20.0     37.9   1612.5   1615.1   0.472
20260404022250     64   1220.0   1290.0   20.0     44.8   1614.2   1620.2   0.551
20260404022250     64   1380.0   1440.0   20.0     35.9   1633.8   1628.2   0.542
20260404022250     64   1480.0   1800.0   20.0     42.0   1625.8   1602.9   0.622
20260404022250     65    525.0    540.0   20.0    109.4   1066.0   1068.3   0.712
20260404022250     65   1155.0   1175.0   20.0    197.6   1069.7   1075.7   0.888
20260404022250     66    465.0    480.0   20.0    100.8   1350.7   1466.9   0.819
20260404022250     67    820.0    870.0   20.0     37.7   1068.9   1071.2   0.804
20260404022250     67    905.0    920.0   20.0    146.6   1068.8   1338.5   0.815
20260404022250     67   1025.0   1040.0   20.0     22.6   1365.7   1342.0   0.838
20260404022250     67   1470.0   1485.0   20.0     32.7   1371.0   1374.1   0.778
20260404022250     69   1090.0   1105.0   20.0     29.2   1083.4   1130.4   0.740
20260404022250     69   1360.0   1375.0   20.0     63.1   1165.6   1166.8   0.862
20260404022250     76   1400.0   1415.0   20.0     33.7   1091.0   1099.1   0.500
20260404022250     76   1740.0   1790.0   20.0     39.5   1087.0   1178.1   0.841
20260404022250     77    610.0    625.0   20.0     39.5   1054.9   1057.3   0.710
20260404022250     80   1540.0   1555.0   20.0     39.3   1071.0   1069.0   0.792
20260404022250     81   1400.0   1415.0   20.0     31.1   1070.7   1071.2   0.638
20260404022250     83    495.0    515.0   20.0     41.5   1071.5   1065.3   0.773
20260404022250     83    785.0    805.0   20.0    102.5   1063.0   1060.9   0.823
20260404022250     85    245.0    260.0   20.0     35.5   1279.9   1236.5   0.850
20260404022250     86    120.0    135.0   20.0     27.1   1061.2   1089.4   0.743
20260404022250     86    735.0    750.0   20.0     21.6   1136.4   1171.5   0.774
20260404022250     86    915.0    930.0   20.0    103.5   1191.3   1348.5   0.638
20260404022250     88    560.0    580.0   20.0     86.6   1561.0   1597.6   0.835
20260404022250     88    620.0    635.0   20.0     58.1   1550.4   1552.8   0.835
20260404022250     88    670.0    685.0   20.0     25.3   1550.7   1580.1   0.772
20260404022250     88   1430.0   1450.0   20.0     33.7   1643.4   1662.0   0.868
20260404022250     88   1500.0   1565.0   20.0     53.2   1627.8   1658.3   0.808
20260404022250     89    510.0    525.0   20.0    156.7   1082.5   1083.4   0.728
20260404022250     90   1385.0   1400.0   20.0     56.0    548.3    587.4   0.637
20260404022250     90   1465.0   1475.0   20.0     28.7    579.9    534.6   0.408
20260404022250     92   1500.0   1515.0   20.0     30.5   1037.9   1071.4   0.724
20260404022250     92   1740.0   1755.0   20.0     20.0   1119.6   1103.1   0.871
20260404022250     94     10.0     80.0   20.0     34.0   1154.7   1345.2   0.779
20260404022250     94    155.0    170.0   20.0     59.3   1325.0   1362.5   0.691
20260404022250     94    230.0    275.0   20.0     26.2   1510.8   1478.0   0.787
20260404022250     94    320.0    335.0   20.0     32.8   1478.8   1599.2   0.914
20260404022250     94   1100.0   1115.0   20.0     46.5   1073.5   1073.9   0.826
20260404022250     96    650.0    680.0   20.0     71.1   1095.2   1144.0   0.914
20260404022250     96    990.0   1005.0   20.0     21.8   1289.7   1198.7   0.891
20260404022250     96   1040.0   1055.0   20.0     46.5   1184.0   1083.8   0.809
20260404022250     97    225.0    240.0   20.0     60.1   1556.6   1561.9   0.919
20260404022250     97    380.0    395.0   20.0     20.9   1567.5   1580.4   0.460
20260404022250     97    630.0    645.0   20.0     39.3   1627.2   1622.8   0.683
20260404022250     97    820.0    835.0   20.0     35.9   1624.2   1621.3   0.799
20260404022250     99   1585.0   1605.0   20.0    115.2   1070.0   1070.0   0.761
20260404022250    100    945.0    960.0   20.0     57.0   1076.1   1075.5   0.719
20260404022250    101   1665.0   1680.0   20.0     61.4   1678.7   1755.6   0.892
20260404022250    102   1165.0   1180.0   20.0     20.3   1472.1   1509.1   0.803
20260404022250    104    295.0    350.0   20.0     29.6   1141.0   1232.8   0.831
20260404022250    105   1785.0   1800.0   20.0    224.2   1047.8   1048.7   0.836
20260404022250    106    300.0    375.0   20.0     52.1   1078.4   1195.8   0.853
20260404022250    106    475.0    490.0   20.0    106.0   1219.8   1366.9   0.821
20260404022250    106    840.0    855.0   20.0     30.2   1362.1   1408.2   0.801
20260404022250    109    820.0    905.0   20.0    170.7   1027.4   1027.6   0.879
20260404022250    109   1160.0   1175.0   20.0     29.8   1025.8   1098.9   0.740
20260404022250    109   1295.0   1385.0   20.0     96.5   1171.6   1350.6   0.781
20260404022250    109   1640.0   1655.0   20.0     22.2   1417.3   1390.6   0.762
20260404022250    109   1780.0   1795.0   20.0     87.2   1407.8   1490.5   0.809
20260404022250    110     25.0     40.0   20.0     31.1   1367.6   1476.4   0.909
20260404022250    110    515.0    550.0   20.0     63.1   1412.9   1399.6   0.927
20260404022250    110    675.0    690.0   20.0     92.2   1391.5   1475.1   0.804
20260404022250    111      0.0     40.0   20.0     55.9      0.0   1225.0   0.851
20260404022250    111   1280.0   1295.0   20.0     20.4   1288.1   1326.8   0.799
20260404022250    111   1350.0   1360.0   20.0     22.6   1275.7   1269.4   0.459
20260404022250    111   1435.0   1445.0   20.0     55.4   1280.0   1276.4   0.640
20260404022250    111   1520.0   1535.0   20.0     21.2   1313.9   1262.4   0.877
20260404022250    111   1580.0   1620.0   20.0     81.2   1279.7   1432.6   0.877
20260404022250    111   1675.0   1710.0   20.0     27.8   1330.4   1334.2   0.836
20260404022250    112   1690.0   1710.0   20.0     80.3   1064.7   1063.2   0.838
20260404022250    113      5.0     45.0   20.0     89.8   1046.7   1051.4   0.864
20260404022250    118      0.0     15.0   20.0     30.1      0.0   1148.8   0.871
20260404022250    118     65.0     85.0   20.0     66.0   1256.6   1283.2   0.890
20260404022250    118    190.0    210.0   20.0    116.7   1273.8   1098.6   0.868
20260404022250    118    570.0    635.0   20.0    162.5   1074.6   1594.6   0.841
20260404022250    119   1060.0   1080.0   20.0    183.0   1058.2   1058.5   0.770
20260404022250    122    640.0    655.0   20.0     97.7   1547.8   1636.4   0.692
20260404022250    123    510.0    540.0   20.0    101.3   1052.2   1050.8   0.756
20260404022250    123    595.0    610.0   20.0     68.1   1049.6   1048.9   0.576
20260404022250    123   1160.0   1175.0   20.0     29.5   1050.6   1049.3   0.731
20260404022250    125    860.0    875.0   20.0     32.0   1065.2   1062.6   0.802
20260404022250    126    185.0    200.0   20.0     24.5   1219.6   1215.5   0.821
20260404022250    127    145.0    160.0   20.0     63.6   1063.4   1065.1   0.665
20260404022250    128   1755.0   1770.0   20.0     24.8   1073.6   1093.5   0.596
20260404022250    129   1045.0   1060.0   20.0     74.5   1054.0   1054.9   0.581
20260404022250    130    750.0    770.0   20.0    165.0   1090.3   1071.2   0.786
20260404022250    133   1320.0   1335.0   20.0     23.9   1070.4   1114.6   0.730
20260404022250    133   1570.0   1585.0   20.0     54.9   1142.5   1263.9   0.857
20260404022250    136    680.0    720.0   20.0     76.4   1071.3   1115.6   0.746
20260404022250    137   1305.0   1320.0   20.0     82.7   1794.7   1784.6   0.599
20260404022250    139    755.0    770.0   20.0     21.6   1060.1   1091.1   0.763
20260404022250    139   1160.0   1220.0   20.0    100.2   1110.4   1385.0   0.906
20260404022250    140    220.0    235.0   20.0     38.5   1124.4   1137.9   0.829
20260404022250    140   1275.0   1290.0   20.0     22.8   1189.0   1242.5   0.894
20260404022250    140   1530.0   1545.0   20.0     24.0   1295.1   1289.0   0.854
20260404022250    141    245.0    275.0   20.0     99.6   1143.8   1364.5   0.746
20260404022250    142    165.0    180.0   20.0     42.6   1175.2   1234.8   0.801
20260404022250    142    355.0    370.0   20.0     20.0   1242.5   1274.8   0.747
20260404022250    142    415.0    430.0   20.0     42.8   1348.2   1469.8   0.832
20260404022250    142    700.0    715.0   20.0     40.6   1372.7   1377.9   0.536
20260404022250    142    770.0    785.0   20.0     35.3   1391.5   1430.1   0.634
20260404022250    142   1045.0   1060.0   20.0     24.7   1442.0   1534.3   0.831
20260404022250    143    510.0    525.0   20.0     22.1   1065.6   1065.3   0.463
20260404022250    143    795.0    810.0   20.0     29.6   1066.2   1064.2   0.750
20260404022250    143   1010.0   1035.0   20.0    123.2   1066.5   1064.4   0.858
20260404022250    143   1460.0   1485.0   20.0    142.6   1066.2   1066.4   0.782
20260404022250    146    140.0    155.0   20.0     21.5   1178.1   1199.4   0.596
20260404022250    146    205.0    220.0   20.0     81.9   1198.6   1226.9   0.570
20260404022250    147     85.0    100.0   20.0     23.8   1125.5   1122.0   0.504
20260404022250    147    285.0    310.0   20.0     23.0   1119.9   1120.5   0.751
20260404022250    147   1520.0   1540.0   20.0    100.3   1261.2   1487.4   0.849
20260404022250    148    725.0    740.0   20.0     20.6   1092.0   1089.0   0.558
20260404022250    148    800.0    815.0   20.0     62.9   1091.1   1081.0   0.765
20260404022250    148   1430.0   1470.0   20.0    278.9   1103.7   1090.3   0.858
20260404022250    150      0.0     15.0   20.0     42.4      0.0    671.3   0.687
20260404022250    150    125.0    135.0   20.0     20.1    690.1    703.9   0.473
20260404022250    150    210.0    220.0   20.0     20.0    697.5    700.7   0.407
20260404022250    150    495.0    530.0   20.0     95.6    709.3    700.6   0.614
20260404022250    150   1660.0   1670.0   20.0     48.0    713.6    720.9   0.416
20260404022250    150   1740.0   1760.0   20.0     43.6    719.5    720.3   0.484
20260404022250    151    140.0    160.0   20.0    200.1   1113.9   1533.3   0.743
20260404022250    151    385.0    400.0   20.0     39.7   1580.3   1581.3   0.768
20260404022250    152   1105.0   1120.0   20.0     59.6   1069.0   1068.3   0.642
20260404022250    154    120.0    135.0   20.0     33.3   1809.2   1793.6   0.726
20260404022250    157    780.0    795.0   20.0     20.6   1450.9   1450.6   0.659
20260404022250    158   1575.0   1590.0   20.0     22.9   1103.2   1102.7   0.483
20260404022250    159    840.0    855.0   20.0     82.6   1071.8   1070.9   0.763
20260404022250    159   1755.0   1780.0   20.0    122.2   1065.6   1065.6   0.839
20260404022250    161    220.0    235.0   20.0     29.8   1076.1   1102.7   0.822
20260404022250    161    980.0    995.0   20.0     22.0   1125.6   1146.1   0.715
20260404022250    161   1290.0   1300.0   20.0     54.4   1266.9   1297.9   0.505
20260404022250    161   1495.0   1505.0   20.0     52.1   1256.4   1263.9   0.412
20260404022250    162      0.0     20.0   20.0     73.0      0.0   1436.9   0.770
20260404022250    162    380.0    395.0   20.0     26.8   1557.8   1613.9   0.846
20260404022250    164    670.0    685.0   20.0     24.3   1122.7   1165.3   0.755
20260404022250    164    820.0    885.0   20.0     70.7   1280.3   1121.8   0.923
20260404022250    167     90.0    100.0   20.0     22.6   1098.6   1099.2   0.430
20260404022250    167    165.0    180.0   20.0     31.7   1102.1   1165.5   0.736
20260404022250    167    225.0    250.0   20.0     30.8   1174.6   1283.2   0.715
20260404022250    167    355.0    380.0   20.0     91.0   1278.9   1116.4   0.849
20260404022250    167    685.0    700.0   20.0     53.5   1104.1   1103.4   0.553
20260404022250    167   1720.0   1740.0   20.0     99.2   1105.4   1105.4   0.715
20260404022250    171    425.0    440.0   20.0     21.1   1122.8   1111.1   0.676
20260404022250    171    545.0    590.0   20.0    109.5   1113.4   1454.8   0.825
20260404022250    171   1145.0   1160.0   20.0     23.5   1532.5   1530.5   0.562
20260404022250    171   1510.0   1525.0   20.0    153.6   1516.0   1616.2   0.678
20260404022250    176    265.0    290.0   20.0    114.0   1156.1   1139.9   0.760
20260404022250    176    355.0    385.0   20.0     47.2   1145.3   1153.0   0.754
20260404022250    176    445.0    460.0   20.0     35.1   1147.5   1187.0   0.806
20260404022250    176    515.0    535.0   20.0    101.8   1199.8   1151.5   0.790
20260404022250    176    805.0    820.0   20.0     26.0   1159.4   1235.9   0.725
20260404022250    176    860.0    875.0   20.0     63.6   1306.7   1157.7   0.933
20260404022250    176   1050.0   1065.0   20.0     53.0   1160.7   1154.9   0.587
20260404022250    177    720.0    735.0   20.0     80.2   1127.4   1126.0   0.790
20260404022250    178    345.0    355.0   20.0     20.2   1123.3   1160.4   0.734
20260404022250    178    655.0    670.0   20.0     45.1   1179.8   1122.5   0.763
20260404022250    180    320.0    335.0   20.0     22.2   1133.6   1147.8   0.592
20260404022250    180   1200.0   1215.0   20.0     63.4   1157.4   1150.5   0.796
20260404022250    181    230.0    270.0   20.0     49.8   1176.0   1135.6   0.847
20260404022250    181    525.0    540.0   20.0     34.2   1138.1   1178.4   0.860
20260404022250    181   1015.0   1030.0   20.0    173.7   1194.7   1317.6   0.840
20260404022250    181   1100.0   1150.0   20.0    136.4   1277.2   1413.0   0.722
20260404022250    183    585.0    595.0   20.0     22.5   1198.5   1198.6   0.453
20260404022250    183   1250.0   1265.0   20.0     35.6   1196.9   1251.2   0.902
20260404022250    183   1305.0   1325.0   20.0    129.0   1280.4   1194.0   0.765
20260404022250    183   1475.0   1495.0   20.0    166.3   1198.9   1195.0   0.841
20260404022250    185    545.0    560.0   20.0     25.0   1143.7   1146.7   0.735
20260404022250    185    680.0    695.0   20.0     97.6   1173.9   1159.2   0.529
20260404022250    185    810.0    845.0   20.0    108.0   1168.3   1182.2   0.862
20260404022250    185   1225.0   1240.0   20.0     22.9   1180.2   1221.9   0.803
20260404022250    186    130.0    145.0   20.0     98.1   1139.0   1140.4   0.755
20260404022250    186   1695.0   1710.0   20.0     41.9   1140.8   1138.0   0.697
20260404022250    188    125.0    140.0   20.0     23.7   1266.8   1281.7   0.797
20260404022250    190    275.0    285.0   20.0     26.9   1220.0   1217.6   0.415
20260404022250    190   1785.0   1800.0   20.0     27.6   1204.8   1235.4   0.774
20260404022250    193    395.0    410.0   20.0     23.4   1162.7   1161.2   0.687
20260404022250    193    700.0    715.0   20.0     28.5   1169.7   1165.9   0.744
20260404022250    193    840.0    865.0   20.0     56.6   1167.7   1268.2   0.774
20260404022250    193   1030.0   1100.0   20.0    101.6   1387.9   1155.5   0.928
20260404022250    193   1225.0   1245.0   20.0     84.5   1171.5   1418.8   0.843
20260404022250    193   1610.0   1625.0   20.0     54.5   1436.1   1504.8   0.820
20260404022250    194   1415.0   1445.0   20.0    278.4   1187.2   1483.2   0.893
20260404022250    197    695.0    715.0   20.0    105.6   1193.9   1263.2   0.925
20260404022250    197    845.0    855.0   20.0     24.6   1275.9   1290.3   0.611
20260404022250    197    890.0   1005.0   20.0     60.2   1268.2   1355.3   0.856
20260404022250    197   1130.0   1145.0   20.0     37.8   1344.1   1380.6   0.834
20260404022250    199   1325.0   1345.0   20.0     78.8   1175.7   1179.4   0.796
20260404022250    202    520.0    535.0   20.0     93.6   1182.1   1173.6   0.766
20260404022250    202   1335.0   1370.0   20.0     20.6   1262.1   1227.1   0.637
20260404022250    202   1425.0   1440.0   20.0     25.1   1226.5   1277.5   0.770
20260404022250    202   1500.0   1515.0   20.0     32.0   1258.4   1259.9   0.754
20260404022250    203    580.0    595.0   20.0     45.9   1724.4   1724.0   0.759
20260404022250    203    925.0    940.0   20.0     29.0   1682.3   1681.9   0.873
20260404022250    206    225.0    240.0   20.0    101.3   1172.1   1171.3   0.649
20260404022250    206    585.0    610.0   20.0    133.8   1172.7   1177.6   0.789
20260404022250    206   1085.0   1110.0   20.0     51.1   1172.8   1175.1   0.746
20260404022250    208    520.0    540.0   20.0    397.7   1245.5   1244.1   0.883
20260404022250    209    760.0    780.0   20.0    120.3   1182.0   1175.6   0.900
20260404022250    210    355.0    380.0   20.0    122.9   1214.7   1213.7   0.767
20260404022250    213    500.0    670.0   20.0    143.6   1193.7   1777.2   0.764
20260404022250    213   1685.0   1700.0   20.0     26.7   2009.9   1877.6   0.737
20260404022250    215     30.0     45.0   20.0     22.7   1230.6   1202.4   0.808
20260404022250    215    975.0    990.0   20.0     25.9   1201.2   1201.2   0.588
20260404022250    215   1570.0   1585.0   20.0     66.7   1200.0   1198.9   0.776
20260404022250    216      0.0   1725.0   20.0    199.4      0.0   2158.6   0.810
20260404022250    216   1765.0   1780.0   20.0    171.2   2160.4   2158.2   0.725
20260404022250    217   1045.0   1075.0   20.0     25.5   1327.2   1324.9   0.849
20260404022250    217   1410.0   1425.0   20.0     38.6   1323.0   1338.7   0.760
20260404022250    219    460.0    490.0   20.0     47.1   1220.5   1412.2   0.913
20260404022250    219    740.0    775.0   20.0    158.6   1374.6   1571.6   0.739
20260404022250    219    835.0    850.0   20.0     43.7   1588.5   1628.9   0.822
20260404022250    220    160.0    180.0   20.0     97.2   1727.2   1854.0   0.819
20260404022250    221     95.0    125.0   20.0     75.1   1203.1   1202.0   0.792
20260404022250    221    410.0    475.0   20.0    112.0   1208.4   1224.2   0.880
20260404022250    221    790.0    805.0   20.0     61.9   1220.2   1228.0   0.766
20260404022250    221   1515.0   1530.0   20.0     95.1   1218.9   1235.4   0.731
20260404022250    221   1715.0   1730.0   20.0     59.2   1216.7   1458.8   0.893
20260404022250    222    300.0    315.0   20.0     66.9   1215.0   1214.4   0.660
20260404022250    222    380.0    400.0   20.0     50.6   1213.6   1212.1   0.832
20260404022250    222    835.0    855.0   20.0     43.3   1213.9   1211.6   0.852
20260404022250    223    160.0    175.0   20.0     54.8   1236.8   1239.2   0.768
20260404022250    224      0.0     20.0   20.0    139.3      0.0   1242.1   0.918
20260404022250    228     95.0    110.0   20.0     46.5   1400.6   1485.0   0.792
20260404022250    228   1340.0   1415.0   20.0     31.3   1609.3   1693.5   0.866
20260404022250    229    670.0    685.0   20.0     22.7   1246.7   1248.2   0.449
20260404022250    233     95.0    110.0   20.0     91.6   1249.4   1250.5   0.812
20260404022250    233   1165.0   1180.0   20.0     43.9   1248.8   1245.2   0.473
20260404022250    233   1220.0   1235.0   20.0     40.6   1279.9   1248.4   0.737
20260404022250    233   1320.0   1415.0   20.0    108.1   1248.2   1294.6   0.851
20260404022250    233   1575.0   1590.0   20.0     32.3   1302.0   1342.0   0.746
20260404022250    234    315.0    330.0   20.0     59.1   1393.3   1498.3   0.768
20260404022250    234    365.0    385.0   20.0    130.4   1535.4   1386.7   0.830
20260404022250    234   1405.0   1420.0   20.0     34.9   1378.9   1426.3   0.857
20260404022250    234   1535.0   1550.0   20.0    229.3   1550.4   1375.2   0.810
20260404022250    235    350.0    365.0   20.0    215.2   1265.1   1268.9   0.683
20260404022250    236     55.0     80.0   20.0     47.5   1321.2   1337.3   0.829
20260404022250    236   1015.0   1030.0   20.0     25.4   1307.6   1343.1   0.861
20260404022250    236   1235.0   1250.0   20.0     22.8   1510.1   1527.0   0.634
20260404022250    236   1515.0   1530.0   20.0     33.3   1588.2   1636.4   0.775
20260404022250    237    325.0    380.0   20.0     36.4   1394.2   1509.7   0.825
20260404022250    237    605.0    620.0   20.0     48.8   1566.5   1504.5   0.749
20260404022250    238    635.0    650.0   20.0     33.1   1397.4   1397.1   0.762
20260404022250    238   1175.0   1190.0   20.0     32.7   1392.4   1392.1   0.803
20260404022250    240    315.0    330.0   20.0     57.7   1271.3   1270.0   0.828
20260404022250    243   1130.0   1225.0   20.0     75.5   1282.5   1543.9   0.863
20260404022250    243   1510.0   1525.0   20.0     40.3   1669.3   1622.0   0.896
20260404022250    245    330.0    350.0   20.0     85.1   1309.9   1309.7   0.777
20260404022250    245   1750.0   1765.0   20.0     48.1   1294.8   1350.5   0.744
20260404022250    246    270.0    285.0   20.0     53.1   1313.8   1312.8   0.511
20260404022250    246    410.0    425.0   20.0     39.6   1309.7   1362.7   0.735
20260404022250    246    685.0    700.0   20.0     37.8   1380.1   1419.1   0.814
20260404022250    246    780.0    825.0   20.0    256.4   1458.6   1701.3   0.761
20260404022250    252     15.0     30.0   20.0    114.5   2008.1   2014.0   0.854
20260404022250    252    200.0    220.0   20.0     64.8   1992.2   1988.0   0.935
20260404022250    252    380.0    400.0   20.0    112.6   1994.5   1999.8   0.860
20260404022250    252    760.0    785.0   20.0    119.8   1968.0   1969.4   0.876
20260404022250    252   1040.0   1055.0   20.0     24.1   2008.1   1969.1   0.870
20260404022250    255    105.0    120.0   20.0     35.2   1544.5   1542.8   0.775
20260404025609      1    340.0    355.0   20.0     52.8   1184.9   1248.5   0.762
20260404025609      1    450.0    465.0   20.0     39.7   1277.1   1344.8   0.723
20260404025609      1    860.0    880.0   20.0    153.2   1309.3   1254.4   0.808
20260404025609      1   1040.0   1060.0   20.0    111.7   1312.9   1416.5   0.833
20260404025609      1   1300.0   1355.0   20.0     26.3   1530.7   1628.6   0.553
20260404025609      2     75.0    135.0   20.0     25.3   2066.0   2066.2   0.680
20260404025609      3   1480.0   1510.0   20.0     88.5   1193.9   1197.4   0.874
20260404025609      4    275.0    290.0   20.0     41.4   1182.9   1218.2   0.748
20260404025609      4    470.0    525.0   20.0    185.8   1254.7   1301.8   0.859
20260404025609      4   1670.0   1690.0   20.0     98.0   1241.2   1480.3   0.806
20260404025609      5    600.0    670.0   20.0    160.4   1168.8   1327.1   0.799
20260404025609      5    735.0    750.0   20.0     20.6   1334.2   1320.9   0.614
20260404025609      5    935.0    950.0   20.0     24.7   1333.2   1332.3   0.415
20260404025609      5   1110.0   1130.0   20.0     38.0   1319.5   1333.3   0.770
20260404025609      5   1180.0   1195.0   20.0     30.9   1348.5   1319.5   0.813
20260404025609      5   1280.0   1315.0   20.0     33.5   1324.6   1403.3   0.823
20260404025609      5   1355.0   1370.0   20.0     56.9   1447.3   1322.0   0.760
20260404025609      5   1430.0   1485.0   20.0     22.5   1328.2   1323.6   0.741
20260404025609      5   1715.0   1730.0   20.0     41.3   1335.1   1318.3   0.573
20260404025609      6    240.0    255.0   20.0     23.1   1182.3   1183.8   0.551
20260404025609      6    860.0    875.0   20.0     22.2   1178.9   1224.7   0.740
20260404025609      6   1300.0   1335.0   20.0     32.7   1272.4   1282.1   0.845
20260404025609      7    245.0    265.0   20.0    297.5   1195.4   1751.8   0.832
20260404025609      9    260.0    280.0   20.0    136.9   1163.7   1166.7   0.824
20260404025609      9   1100.0   1115.0   20.0     28.9   1159.4   1189.4   0.753
20260404025609      9   1375.0   1440.0   20.0    121.3   1210.7   1430.5   0.868
20260404025609      9   1725.0   1740.0   20.0     44.9   1453.0   1468.9   0.895
20260404025609     10    105.0    120.0   20.0     33.4   1476.8   1494.4   0.763
20260404025609     10   1165.0   1180.0   20.0     76.8   1665.4   1722.4   0.702
20260404025609     11     30.0     70.0   20.0    153.0   1426.3   1623.9   0.657
20260404025609     11    255.0    270.0   20.0     46.4   1614.0   1619.5   0.629
20260404025609     12   1050.0   1065.0   20.0    233.4   1193.8   1211.0   0.838
20260404025609     12   1110.0   1125.0   20.0     58.8   1209.5   1274.9   0.784
20260404025609     12   1210.0   1225.0   20.0     63.0   1286.6   1243.6   0.793
20260404025609     16   1555.0   1595.0   20.0    191.8   1215.4   1215.5   0.849
20260404025609     18    405.0    420.0   20.0     21.5   1138.9   1168.5   0.736
20260404025609     21    790.0    815.0   20.0     73.0   1153.3   1154.9   0.841
20260404025609     21    895.0    935.0   20.0     87.0   1152.1   1151.3   0.798
20260404025609     22    425.0    440.0   20.0     46.6   1159.1   1158.3   0.788
20260404025609     22   1030.0   1045.0   20.0     25.6   1178.6   1177.4   0.527
20260404025609     22   1725.0   1740.0   20.0     21.2   1172.3   1179.4   0.484
20260404025609     23   1055.0   1070.0   20.0     40.6   1264.2   1308.7   0.814
20260404025609     23   1135.0   1150.0   20.0     43.9   1250.6   1293.9   0.731
20260404025609     23   1320.0   1335.0   20.0     65.8   1311.0   1402.2   0.857
20260404025609     26     80.0     95.0   20.0     29.7   1182.5   1171.0   0.738
20260404025609     26    290.0    315.0   20.0     36.1   1194.6   1218.4   0.824
20260404025609     26    555.0    570.0   20.0     34.4   1220.4   1278.4   0.814
20260404025609     26   1240.0   1255.0   20.0    132.7   1458.6   1604.1   0.823
20260404025609     28    260.0    280.0   20.0     75.2   1133.9   1135.6   0.824
20260404025609     28   1160.0   1180.0   20.0     27.5   1138.0   1139.1   0.775
20260404025609     28   1420.0   1480.0   20.0    140.0   1135.8   1463.9   0.896
20260404025609     28   1525.0   1545.0   20.0     38.9   1429.4   1365.7   0.745
20260404025609     31   1725.0   1750.0   20.0    101.1   1120.2   1136.4   0.872
20260404025609     32    450.0    465.0   20.0    150.2   1178.3   1176.6   0.781
20260404025609     34    335.0    440.0   20.0     33.0   1116.3   1261.7   0.845
20260404025609     34   1135.0   1150.0   20.0     57.3   1188.9   1188.5   0.830
20260404025609     34   1325.0   1345.0   20.0     46.1   1184.3   1278.3   0.737
20260404025609     34   1390.0   1405.0   20.0     84.9   1271.7   1209.6   0.735
20260404025609     34   1490.0   1505.0   20.0     29.8   1221.1   1231.7   0.732
20260404025609     34   1620.0   1635.0   20.0     33.9   1197.3   1194.9   0.784
20260404025609     36    585.0    600.0   20.0     77.7   1112.2   1108.9   0.784
20260404025609     37   1270.0   1290.0   20.0     46.8   1413.5   1514.9   0.819
20260404025609     38   1275.0   1295.0   20.0    113.2   1671.2   1679.5   0.880
20260404025609     38   1425.0   1440.0   20.0    120.7   1654.1   1660.9   0.829
20260404025609     39    550.0    570.0   20.0    144.4   1094.4   1303.9   0.796
20260404025609     39   1690.0   1705.0   20.0     23.5   1480.9   1521.6   0.631
20260404025609     41    355.0    370.0   20.0     84.4   1097.4   1097.8   0.684
20260404025609     41    900.0    915.0   20.0     22.6   1098.4   1102.1   0.685
20260404025609     41   1685.0   1700.0   20.0     34.2   1124.2   1098.0   0.742
20260404025609     43    340.0    355.0   20.0     83.4   1104.5   1102.4   0.726
20260404025609     46    885.0    935.0   20.0    226.3   1107.2   1116.2   0.933
20260404025609     48      5.0    105.0   20.0     25.6    358.9    346.8   0.524
20260404025609     48    360.0    375.0   20.0     33.2    327.7    344.5   0.582
20260404025609     48    795.0    810.0   20.0     30.6    344.5    329.4   0.583
20260404025609     48   1105.0   1120.0   20.0     30.2    343.5    360.0   0.579
20260404025609     48   1430.0   1485.0   20.0     31.5    353.2    341.2   0.527
20260404025609     48   1575.0   1625.0   20.0     38.7    344.6    345.2   0.553
20260404025609     48   1695.0   1705.0   20.0     21.0    343.5    342.9   0.436
20260404025609     48   1775.0   1785.0   20.0     21.6    343.4    345.4   0.457
20260404025609     49    290.0    305.0   20.0    134.1   1078.3   1079.3   0.796
20260404025609     49   1060.0   1075.0   20.0     35.2   1079.8   1132.0   0.763
20260404025609     49   1160.0   1180.0   20.0     80.0   1166.9   1322.8   0.729
20260404025609     49   1720.0   1735.0   20.0     40.4   1320.6   1342.0   0.780
20260404025609     50    290.0    330.0   20.0    122.6   1085.1   1087.6   0.824
20260404025609     50   1740.0   1755.0   20.0     22.6   1089.8   1116.9   0.797
20260404025609     53    120.0    135.0   20.0    155.6   1091.4   1089.6   0.853
20260404025609     54    670.0    690.0   20.0     48.6   1113.9   1423.0   0.813
20260404025609     55   1115.0   1130.0   20.0     23.8   1101.2   1141.2   0.737
20260404025609     56   1190.0   1205.0   20.0     23.7   1092.3   1119.3   0.746
20260404025609     56   1290.0   1305.0   20.0     25.4   1120.6   1130.0   0.573
20260404025609     57   1250.0   1265.0   20.0     23.4   1082.2   1085.7   0.800
20260404025609     59    210.0    225.0   20.0     26.4   1096.7   1094.5   0.598
20260404025609     59   1340.0   1355.0   20.0     31.4   1093.6   1100.0   0.683
20260404025609     59   1645.0   1660.0   20.0     23.7   1134.4   1168.9   0.838
20260404025609     60     50.0     65.0   20.0     47.1   1735.3   1768.7   0.901
20260404025609     61    825.0    860.0   20.0     81.5   1085.8   1083.2   0.849
20260404025609     61   1330.0   1405.0   20.0    205.1   1086.0   1127.4   0.865
20260404025609     61   1450.0   1465.0   20.0     82.8   1178.9   1085.3   0.787
20260404025609     63    765.0    780.0   20.0     22.9   1097.7   1146.9   0.745
20260404025609     63    970.0   1015.0   20.0    112.3   1209.3   1399.6   0.739
20260404025609     64      0.0     85.0   20.0     29.7      0.0   1645.4   0.649
20260404025609     64    125.0    205.0   20.0     27.4   1646.2   1629.6   0.621
20260404025609     64    245.0    305.0   19.9     29.7   1627.1   1624.3   0.538
20260404025609     64   1095.0   1355.0   20.0     31.0   1631.0   1630.2   0.606
20260404025609     64   1390.0   1480.0   20.0     32.8   1630.3   1653.4   0.486
20260404025609     64   1520.0   1570.0   20.0     25.6   1628.2   1632.1   0.411
20260404025609     64   1625.0   1720.0   20.0     38.2   1625.8   1628.5   0.526
20260404025609     67    495.0    510.0   20.0     26.7   1100.8   1137.8   0.739
20260404025609     67    590.0    655.0   20.0     47.8   1187.1   1142.8   0.855
20260404025609     67    700.0    710.0   20.0     84.2   1130.4   1097.6   0.678
20260404025609     68   1130.0   1145.0   20.0     27.6   1138.7   1175.4   0.746
20260404025609     69   1000.0   1015.0   20.0    146.8   1169.4   1232.4   0.806
20260404025609     69   1375.0   1390.0   20.0     23.6   1269.6   1291.6   0.783
20260404025609     69   1565.0   1605.0   20.0     66.4   1197.6   1107.4   0.892
20260404025609     70    190.0    205.0   20.0     75.7   1148.2   1147.3   0.644
20260404025609     70   1235.0   1250.0   20.0     26.7   1142.1   1171.0   0.789
20260404025609     70   1345.0   1360.0   20.0     87.3   1194.5   1139.6   0.753
20260404025609     73   1045.0   1060.0   20.0     23.1   1093.8   1094.0   0.663
20260404025609     73   1235.0   1250.0   20.0     88.8   1092.1   1092.1   0.642
20260404025609     74    155.0    170.0   20.0     34.9   1140.2   1213.4   0.854
20260404025609     74    210.0    225.0   20.0     86.1   1220.4   1136.5   0.871
20260404025609     76    250.0    270.0   20.0    132.9   1092.6   1093.2   0.821
20260404025609     77    470.0    485.0   20.0     69.0   1110.6   1061.4   0.729
20260404025609     79    385.0    400.0   20.0     22.9   1167.0   1162.3   0.755
20260404025609     79    440.0    460.0   20.0     76.4   1161.4   1202.2   0.802
20260404025609     79   1050.0   1065.0   20.0     94.3   1181.3   1173.6   0.815
20260404025609     79   1625.0   1640.0   20.0     67.6   1177.2   1286.3   0.859
20260404025609     79   1770.0   1785.0   20.0     21.7   1398.4   1411.5   0.762
20260404025609     80   1745.0   1800.0   20.0    191.4   1082.2   1069.0   0.880
20260404025609     81    835.0    870.0   20.0    196.6   1081.1   1082.1   0.907
20260404025609     81   1340.0   1360.0   20.0    105.5   1079.5   1441.6   0.875
20260404025609     81   1565.0   1580.0   20.0     33.3   1426.0   1397.1   0.856
20260404025609     81   1675.0   1775.0   20.0    196.8   1310.8   1325.9   0.755
20260404025609     83    335.0    350.0   20.0     23.7   1077.7   1075.5   0.689
20260404025609     83   1180.0   1195.0   20.0     32.5   1181.7   1312.4   0.733
20260404025609     83   1270.0   1285.0   20.0     38.0   1357.8   1485.9   0.860
20260404025609     83   1640.0   1655.0   20.0     32.4   1552.7   1591.9   0.768
20260404025609     86   1450.0   1475.0   20.0    145.4   1086.7   1088.1   0.940
20260404025609     87   1510.0   1560.0   20.0     72.3   1217.2   1280.1   0.857
20260404025609     88    365.0    380.0   20.0     74.0   1777.3   1655.1   0.795
20260404025609     88    545.0    560.0   20.0     30.2   1624.9   1628.9   0.818
20260404025609     88    595.0    615.0   20.0     77.2   1638.2   1630.8   0.908
20260404025609     88    710.0    730.0   20.0    117.4   1628.4   1617.4   0.800
20260404025609     88    830.0    850.0   20.0    121.2   1624.8   1617.3   0.838
20260404025609     88   1115.0   1145.0   20.0    129.1   1614.9   1716.6   0.892
20260404025609     89    605.0    620.0   20.0     36.2   1079.8   1079.2   0.679
20260404025609     89   1150.0   1165.0   20.0     20.4   1080.8   1109.6   0.779
20260404025609     89   1270.0   1340.0   20.0     33.7   1122.5   1233.6   0.824
20260404025609     89   1395.0   1410.0   20.0    152.9   1190.7   1084.9   0.788
20260404025609     92    520.0    570.0   20.0     77.6   1042.7   1274.8   0.894
20260404025609     92    630.0    665.0   20.0    111.4   1290.1   1046.0   0.818
20260404025609     92    830.0    845.0   20.0     96.1   1043.8   1046.0   0.806
20260404025609     92   1550.0   1565.0   20.0    101.7   1042.7   1232.8   0.844
20260404025609     92   1695.0   1710.0   20.0     79.1   1272.2   1462.7   0.906
20260404025609     96      0.0     15.0   20.0    229.0      0.0   1071.9   0.830
20260404025609     96     75.0     85.0   20.0     20.1   1073.9   1077.1   0.736
20260404025609     96    530.0    545.0   20.0     30.8   1076.4   1121.9   0.731
20260404025609     96    900.0    940.0   20.0     26.9   1165.3   1243.6   0.750
20260404025609     96   1180.0   1195.0   20.0     37.2   1279.6   1344.6   0.783
20260404025609     96   1660.0   1675.0   20.0     66.7   1337.5   1430.2   0.897
20260404025609     97     95.0    110.0   20.0     40.2   1674.7   1685.1   0.856
20260404025609     99    740.0    750.0   20.0     20.8   1077.9   1078.3   0.500
20260404025609     99   1385.0   1400.0   20.0     26.3   1108.0   1076.5   0.762
20260404025609    101    130.0    145.0   20.0     77.7   1681.3   1748.5   0.889
20260404025609    103   1675.0   1690.0   20.0     86.7   1162.0   1163.0   0.835
20260404025609    106    935.0    950.0   20.0     35.8   1089.3   1087.9   0.440
20260404025609    107   1370.0   1390.0   20.0     52.7   1110.4   1110.0   0.868
20260404025609    107   1565.0   1580.0   20.0     24.0   1109.3   1149.2   0.792
20260404025609    107   1650.0   1665.0   20.0     40.2   1161.8   1182.2   0.830
20260404025609    108    625.0    640.0   20.0     51.4   1508.7   1566.4   0.857
20260404025609    108    700.0    720.0   20.0    137.7   1569.6   1748.1   0.807
20260404025609    111     20.0     35.0   20.0     25.1   1466.7   1462.8   0.526
20260404025609    111    175.0    190.0   20.0     21.0   1408.3   1435.6   0.833
20260404025609    111    640.0    655.0   20.0     30.6   1438.1   1446.5   0.836
20260404025609    111   1585.0   1600.0   20.0     80.3   1427.7   1432.8   0.898
20260404025609    112    175.0    190.0   20.0     23.5   1068.5   1097.2   0.754
20260404025609    112    660.0    675.0   20.0     22.5   1195.1   1136.5   0.884
20260404025609    112   1340.0   1405.0   20.0     95.6   1155.5   1094.5   0.947
20260404025609    113    150.0    165.0   20.0    206.3   1053.6   1054.3   0.872
20260404025609    113    215.0    230.0   20.0     27.2   1051.7   1092.5   0.803
20260404025609    113    340.0    355.0   20.0     56.8   1125.3   1161.4   0.778
20260404025609    113    540.0    555.0   20.0     64.7   1149.8   1227.4   0.774
20260404025609    114    585.0    600.0   20.0     39.7   1164.5   1161.8   0.705
20260404025609    114   1555.0   1570.0   20.0    177.5   1158.5   1154.9   0.833
20260404025609    115    145.0    190.0   20.0    263.9   1072.2   1073.9   0.784
20260404025609    115    800.0    815.0   20.0     98.7   1075.6   1075.9   0.759
20260404025609    115    945.0    955.0   20.0     21.6   1232.4   1075.5   0.676
20260404025609    115   1255.0   1270.0   20.0     65.2   1073.9   1076.8   0.799
20260404025609    115   1520.0   1570.0   20.0    129.2   1076.9   1317.0   0.839
20260404025609    118    235.0    250.0   20.0     73.0   1065.6   1066.2   0.629
20260404025609    119    150.0    165.0   20.0     27.2   1064.4   1103.7   0.728
20260404025609    119    230.0    300.0   20.0    118.6   1136.6   1218.4   0.745
20260404025609    119    375.0    390.0   20.0     57.4   1165.2   1063.8   0.796
20260404025609    119    710.0    725.0   20.0     64.8   1066.0   1065.5   0.601
20260404025609    119   1370.0   1400.0   20.0     31.5   1070.2   1105.8   0.823
20260404025609    119   1650.0   1660.0   20.0     28.9   1119.4   1122.7   0.502
20260404025609    123    680.0    725.0   20.0     30.0   1058.9   1252.6   0.832
20260404025609    123    815.0    830.0   20.0     21.2   1256.8   1259.6   0.768
20260404025609    123   1010.0   1020.0   20.0     25.1   1361.2   1358.3   0.419
20260404025609    123   1070.0   1085.0   20.0     34.2   1383.5   1381.2   0.766
20260404025609    123   1355.0   1370.0   20.0     23.9   1410.6   1406.1   0.829
20260404025609    125    440.0    455.0   20.0     21.8   1064.9   1089.0   0.775
20260404025609    125    715.0    730.0   20.0     24.5   1192.8   1198.9   0.844
20260404025609    125    830.0    845.0   20.0     26.9   1228.2   1228.0   0.815
20260404025609    125    995.0   1010.0   20.0     64.6   1225.8   1341.7   0.780
20260404025609    125   1165.0   1185.0   20.0     95.6   1358.2   1314.1   0.716
20260404025609    127    130.0    145.0   20.0     57.2   1076.5   1075.8   0.665
20260404025609    127    815.0    830.0   20.0     77.0   1074.6   1074.0   0.763
20260404025609    127   1625.0   1640.0   20.0     67.2   1070.9   1070.9   0.755
20260404025609    129    820.0    890.0   20.0     66.3   1067.2   1350.4   0.802
20260404025609    129    945.0    960.0   20.0    239.8   1382.7   1070.3   0.838
20260404025609    130   1480.0   1495.0   20.0     34.3   1082.4   1117.5   0.790
20260404025609    132   1710.0   1725.0   20.0     22.9   1070.5   1108.1   0.753
20260404025609    135     45.0     65.0   20.0     49.2   1143.4   1141.5   0.769
20260404025609    135    465.0    480.0   20.0     36.9   1136.8   1136.0   0.818
20260404025609    136     70.0    120.0   20.0     70.9   1079.1   1079.0   0.756
20260404025609    136    355.0    370.0   20.0     20.4   1071.7   1112.4   0.714
20260404025609    136    445.0    460.0   20.0     74.5   1131.5   1154.1   0.654
20260404025609    136    515.0    530.0   20.0     38.1   1146.6   1203.0   0.752
20260404025609    137    105.0    120.0   20.0     67.8   1819.0   1798.9   0.587
20260404025609    139    195.0    210.0   20.0     21.1   1064.4   1089.0   0.744
20260404025609    139    410.0    430.0   20.0     34.6   1181.7   1188.3   0.789
20260404025609    139    470.0    530.0   20.0     34.7   1173.1   1165.0   0.789
20260404025609    139    885.0    900.0   20.0     27.4   1237.5   1301.2   0.875
20260404025609    140   1710.0   1725.0   20.0    168.2   1191.3   1446.3   0.805
20260404025609    143    225.0    240.0   20.0     27.9   1099.5   1070.5   0.721
20260404025609    144    110.0    170.0   20.0     88.5   1099.3   1108.4   0.766
20260404025609    146    830.0    850.0   20.0    208.1   1096.9   1613.9   0.814
20260404025609    146   1095.0   1110.0   20.0     20.2   1498.4   1485.5   0.876
20260404025609    150      0.0    110.0   19.4     77.2      0.0    662.1   0.620
20260404025609    150    195.0    255.0   20.0     50.6    638.4    626.1   0.749
20260404025609    150    325.0    340.0   20.0     43.4    630.6    633.2   0.652
20260404025609    150    375.0    525.0   20.0     60.2    629.5    645.6   0.760
20260404025609    150    600.0    620.0   20.0     59.2    644.8    656.1   0.664
20260404025609    150    660.0    795.0   20.0     60.0    658.1    649.4   0.761
20260404025609    150    930.0    985.0   20.0     50.0    659.5    658.9   0.612
20260404025609    150   1020.0   1035.0   20.0     87.0    658.8    654.1   0.759
20260404025609    150   1070.0   1100.0   20.0     49.4    656.6    652.1   0.760
20260404025609    150   1135.0   1150.0   20.0     47.6    654.4    655.7   0.754
20260404025609    150   1230.0   1260.0   20.0     46.2    653.8    663.3   0.662
20260404025609    150   1340.0   1420.0   20.0     84.7    662.5    661.6   0.732
20260404025609    150   1470.0   1490.0   20.0     26.6    657.8    657.3   0.516
20260404025609    150   1525.0   1540.0   20.0     22.5    661.5    659.5   0.477
20260404025609    150   1615.0   1625.0   20.0     48.5    653.1    651.8   0.594
20260404025609    150   1700.0   1780.0   20.0     44.0    655.9    649.8   0.750
20260404025609    154   1570.0   1585.0   20.0    123.4   1382.7   1334.8   0.710
20260404025609    155    260.0    280.0   20.0     46.7   1150.9   1151.1   0.741
20260404025609    158    390.0    405.0   20.0     29.1   1094.8   1092.9   0.745
20260404025609    158    800.0    820.0   20.0     54.2   1094.4   1096.3   0.737
20260404025609    159     10.0     25.0   20.0     82.0   1070.8   1070.6   0.775
20260404025609    161     50.0     65.0   20.0     58.8   1049.1   1049.0   0.601
20260404025609    161    595.0    610.0   20.0    276.8   1051.8   1051.9   0.746
20260404025609    163   1115.0   1130.0   20.0     32.2   1112.8   1106.1   0.661
20260404025609    165   1360.0   1375.0   20.0     24.8   1103.1   1104.3   0.488
20260404025609    166     60.0    195.0   20.0     89.9   1136.4   1283.9   0.805
20260404025609    166    350.0    370.0   20.0     29.3   1293.2   1336.4   0.744
20260404025609    166    405.0    440.0   20.0     24.2   1344.6   1358.0   0.724
20260404025609    166    510.0    525.0   20.0     30.4   1351.3   1224.6   0.898
20260404025609    166    560.0    575.0   20.0    249.1   1233.6   1540.1   0.793
20260404025609    167   1030.0   1125.0   20.0    179.0   1108.7   1110.8   0.917
20260404025609    167   1730.0   1745.0   20.0     27.9   1110.1   1149.3   0.708
20260404025609    169     60.0     75.0   20.0     21.8   1165.3   1176.9   0.765
20260404025609    169    325.0    375.0   20.0     99.5   1174.3   1130.6   0.858
20260404025609    169    605.0    620.0   20.0     22.7   1128.9   1159.4   0.703
20260404025609    169    675.0    695.0   20.0     42.2   1169.2   1203.4   0.856
20260404025609    169   1700.0   1715.0   20.0    115.6   1203.6   1298.8   0.720
20260404025609    170    260.0    315.0   20.0     62.6   1105.1   1099.2   0.764
20260404025609    170    855.0    875.0   20.0     49.7   1102.7   1099.5   0.769
20260404025609    171     60.0     95.0   20.0    191.1   1109.2   1144.8   0.869
20260404025609    171    515.0    530.0   20.0     45.0   1122.8   1119.3   0.808
20260404025609    171    835.0    890.0   20.0     49.8   1109.4   1217.4   0.824
20260404025609    171   1040.0   1115.0   20.0     68.8   1281.8   1324.7   0.906
20260404025609    171   1150.0   1215.0   20.0     41.4   1327.4   1328.9   0.819
20260404025609    171   1305.0   1320.0   20.0     36.2   1342.3   1347.7   0.733
20260404025609    171   1355.0   1370.0   20.0     31.5   1352.6   1345.8   0.655
20260404025609    171   1420.0   1435.0   20.0     22.3   1360.8   1367.6   0.821
20260404025609    176    555.0    595.0   20.0     65.5   1169.6   1183.7   0.807
20260404025609    176    970.0    985.0   20.0     20.8   1185.5   1222.1   0.669
20260404025609    176   1160.0   1175.0   20.0     37.5   1296.8   1373.7   0.891
20260404025609    176   1230.0   1290.0   20.0     54.5   1407.5   1194.0   0.939
20260404025609    176   1745.0   1760.0   20.0     29.4   1174.3   1207.0   0.762
20260404025609    177   1490.0   1515.0   20.0     95.5   1130.3   1131.1   0.847
20260404025609    179    500.0    515.0   20.0     23.3   1124.8   1174.5   0.725
20260404025609    179    715.0    730.0   20.0     56.8   1256.8   1247.6   0.464
20260404025609    179    795.0    810.0   20.0     52.3   1229.7   1258.5   0.729
20260404025609    179    875.0    890.0   20.0     22.8   1259.1   1325.3   0.790
20260404025609    179   1480.0   1495.0   20.0     27.4   1368.7   1411.4   0.792
20260404025609    180    105.0    135.0   20.0    139.1   1139.6   1140.7   0.773
20260404025609    180    280.0    295.0   20.0     36.0   1145.1   1155.3   0.711
20260404025609    181    965.0    980.0   20.0     21.5   1142.1   1201.8   0.736
20260404025609    181   1295.0   1310.0   20.0     43.7   1258.9   1205.5   0.759
20260404025609    181   1730.0   1745.0   20.0     24.5   1247.6   1185.5   0.835
20260404025609    181   1780.0   1795.0   20.0     50.0   1183.5   1254.1   0.777
20260404025609    183   1315.0   1330.0   20.0     57.1   1189.7   1189.3   0.748
20260404025609    183   1430.0   1450.0   20.0     62.6   1184.4   1262.6   0.810
20260404025609    184   1200.0   1215.0   20.0     34.2   1282.2   1282.4   0.682
20260404025609    186   1360.0   1390.0   20.0    118.1   1142.7   1461.5   0.803
20260404025609    187    265.0    280.0   20.0     27.9   1144.5   1185.4   0.715
20260404025609    187    385.0    400.0   20.0     31.1   1198.5   1219.6   0.690
20260404025609    187    535.0    610.0   20.0    114.6   1207.6   1384.7   0.863
20260404025609    187    805.0    875.0   20.0     68.4   1446.5   1481.8   0.909
20260404025609    187   1290.0   1305.0   20.0     23.3   1491.9   1515.9   0.736
20260404025609    188     90.0    105.0   20.0     30.9   1644.5   1597.4   0.768
20260404025609    190      0.0     10.0   20.0     93.8      0.0   1217.9   0.706
20260404025609    190    270.0    285.0   20.0    143.9   1213.3   1227.2   0.828
20260404025609    190   1310.0   1325.0   20.0     30.1   1189.1   1222.0   0.758
20260404025609    190   1440.0   1455.0   20.0     63.5   1247.7   1343.4   0.832
20260404025609    190   1695.0   1710.0   20.0     20.4   1374.3   1380.3   0.550
20260404025609    193    390.0    405.0   20.0     29.3   1168.1   1157.6   0.738
20260404025609    193    850.0    860.0   20.0     20.6   1171.0   1171.5   0.440
20260404025609    195    610.0    625.0   20.0     28.2   1185.5   1212.7   0.821
20260404025609    195   1260.0   1275.0   20.0     41.0   1193.3   1193.0   0.734
20260404025609    198   1090.0   1105.0   20.0     71.5   1191.1   1185.5   0.765
20260404025609    202   1225.0   1300.0   20.0    226.5   1173.6   1177.4   0.718
20260404025609    203   1145.0   1160.0   20.0     25.4   1647.0   1661.5   0.726
20260404025609    204   1100.0   1120.0   20.0     57.5   1345.0   1254.4   0.904
20260404025609    206      0.0     10.0   20.0    117.6      0.0   1178.3   0.653
20260404025609    206    530.0    545.0   20.0     21.8   1192.9   1245.8   0.736
20260404025609    206    610.0    620.0   20.0     24.6   1263.0   1305.4   0.462
20260404025609    206    675.0    705.0   20.0     48.4   1329.7   1527.1   0.873
20260404025609    208   1045.0   1060.0   20.0     68.7   1181.4   1183.4   0.797
20260404025609    209    710.0    725.0   20.0     40.1   1208.4   1181.0   0.716
20260404025609    211     60.0     80.0   20.0     36.3   1192.7   1194.0   0.742
20260404025609    211   1415.0   1430.0   20.0     30.4   1190.0   1228.9   0.727
20260404025609    213    345.0    375.0   20.0    186.6   1217.9   1777.2   0.933
20260404025609    213    690.0    705.0   20.0     82.7   1838.2   1859.7   0.752
20260404025609    215   1185.0   1200.0   20.0     20.9   1202.8   1202.4   0.636
20260404025609    215   1350.0   1365.0   20.0     20.6   1205.2   1205.4   0.631
20260404025609    216      0.0    390.0   20.0    273.2      0.0   2206.7   0.787
20260404025609    216    460.0    475.0   20.0    201.9   2206.4   2210.6   0.658
20260404025609    216    645.0    735.0   20.0    214.1   2205.1   2213.0   0.705
20260404025609    216    860.0    940.0   20.0    202.2   2199.1   2186.1   0.666
20260404025609    216   1280.0   1295.0   20.0    192.5   2179.3   2187.7   0.630
20260404025609    216   1580.0   1590.0   20.0    176.1   2187.1   2175.0   0.626
20260404025609    216   1790.0   1800.0   20.0    157.1   2171.2   2158.3   0.689
20260404025609    219    170.0    180.0   20.0     27.9   1225.0   1229.2   0.404
20260404025609    219    540.0    565.0   20.0     62.8   1225.0   1639.5   0.844
20260404025609    219    620.0    635.0   20.0     24.8   1489.5   1525.6   0.807
20260404025609    219    780.0    795.0   20.0     37.5   1498.2   1566.7   0.807
20260404025609    221    535.0    550.0   20.0     81.0   1209.3   1210.2   0.733
20260404025609    221   1575.0   1605.0   20.0    158.4   1206.0   1201.7   0.797
20260404025609    222    275.0    290.0   20.0     29.0   1218.9   1274.3   0.800
20260404025609    222    405.0    420.0   20.0     27.1   1317.5   1296.1   0.750
20260404025609    222    725.0    770.0   20.0     21.6   1325.5   1279.5   0.839
20260404025609    222   1065.0   1080.0   20.0    134.1   1317.5   1317.3   0.649
20260404025609    222   1685.0   1700.0   20.0     26.0   1334.3   1376.4   0.830
20260404025609    223     85.0    105.0   20.0    277.2   1276.2   1243.4   0.863
20260404025609    223    225.0    270.0   20.0    218.2   1242.0   1697.7   0.817
20260404025609    223    310.0    325.0   20.0    148.4   1693.7   1246.2   0.903
20260404025609    223   1005.0   1035.0   20.0     26.0   1269.0   1259.2   0.687
20260404025609    225   1410.0   1425.0   20.0     33.0   1276.7   1323.3   0.903
20260404025609    225   1590.0   1605.0   20.0     30.6   1323.7   1327.4   0.704
20260404025609    229    515.0    530.0   20.0     24.3   1251.4   1287.2   0.740
20260404025609    229    905.0    920.0   20.0     25.2   1296.9   1313.4   0.667
20260404025609    229    985.0   1035.0   20.0     42.2   1310.1   1330.0   0.768
20260404025609    229   1085.0   1100.0   20.0     52.0   1330.3   1375.8   0.712
20260404025609    233    230.0    245.0   20.0     47.5   1256.4   1463.5   0.806
20260404025609    233    290.0    335.0   20.0     29.0   1448.5   1468.1   0.825
20260404025609    233    410.0    425.0   20.0     36.0   1399.7   1380.8   0.744
20260404025609    233    480.0    495.0   20.0     31.3   1371.7   1268.0   0.872
20260404025609    233    705.0    715.0   20.0     21.1   1251.6   1252.7   0.454
20260404025609    233    755.0    795.0   20.0    102.6   1254.7   1255.9   0.752
20260404025609    235    405.0    420.0   20.0     27.7   1266.3   1320.1   0.752
20260404025609    235    460.0    480.0   20.0     50.0   1328.3   1386.5   0.847
20260404025609    235    720.0    745.0   20.0     42.6   1368.4   1451.5   0.864
20260404025609    235    935.0    950.0   20.0     29.7   1447.0   1440.0   0.809
20260404025609    236    220.0    235.0   20.0     28.3   1675.9   1707.5   0.777
20260404025609    237    260.0    295.0   20.0     70.3   1279.5   1343.5   0.850
20260404025609    237    425.0    445.0   20.0    246.5   1286.3   1287.0   0.806
20260404025609    237   1000.0   1075.0   20.0    161.8   1286.5   1293.1   0.916
20260404025609    237   1580.0   1590.0   20.0     22.7   1302.8   1293.2   0.503
20260404025609    238    490.0    525.0   20.0     63.4   1390.4   1390.9   0.830
20260404025609    238   1610.0   1625.0   20.0     29.1   1375.8   1375.2   0.818
20260404025609    239    230.0    280.0   20.0     67.7   1274.1   1293.4   0.858
20260404025609    240    155.0    170.0   20.0    188.9   1275.1   1277.2   0.715
20260404025609    240    475.0    510.0   20.0    124.4   1280.1   1281.1   0.740
20260404025609    243    990.0   1005.0   20.0     26.0   1282.3   1328.3   0.734
20260404025609    244    975.0    990.0   20.0     39.9   1313.8   1363.0   0.704
20260404025609    244   1040.0   1070.0   20.0     70.6   1378.7   1480.3   0.870
20260404025609    244   1290.0   1305.0   20.0     59.7   1503.8   1386.5   0.936
20260404025609    244   1770.0   1780.0   20.0     20.1   1404.6   1422.4   0.534
20260404025609    245     50.0    135.0   20.0    264.1   1312.9   1311.7   0.923
20260404025609    245   1505.0   1520.0   20.0     60.9   1298.7   1299.2   0.603
20260404025609    254     40.0     65.0   20.0     54.4   1383.8   1380.9   0.749
20260404025609    254    980.0   1005.0   20.0    204.2   1363.6   1362.7   0.912
20260404025609    254   1745.0   1760.0   20.0     40.6   1347.4   1344.9   0.648
20260404025609    255   1255.0   1270.0   20.0     53.9   1504.3   1508.9   0.794
20260404025609    255   1555.0   1570.0   20.0     59.5   1500.3   1501.6   0.804
20260404032926      1   1060.0   1075.0   20.0     28.4   1187.7   1235.3   0.711
20260404032926      1   1520.0   1535.0   20.0     54.7   1269.2   1305.8   0.681
20260404032926      1   1745.0   1765.0   20.0     59.5   1279.4   1279.0   0.847
20260404032926      3   1430.0   1445.0   20.0     45.6   1283.3   1284.1   0.837
20260404032926      3   1530.0   1555.0   20.0     44.2   1354.5   1190.6   0.873
20260404032926      5   1770.0   1800.0   20.0    322.1   1171.6   1155.9   0.812
20260404032926      6    140.0    155.0   20.0     56.6   1185.1   1183.9   0.752
20260404032926      7    470.0    490.0   20.0     34.4   1216.0   1219.4   0.815
20260404032926      7    725.0    740.0   20.0    138.9   1221.2   1307.6   0.772
20260404032926      7   1010.0   1030.0   20.0     70.7   1211.6   1214.9   0.777
20260404032926      7   1335.0   1350.0   20.0     20.1   1221.3   1229.5   0.853
20260404032926      8     35.0     50.0   20.0     36.1   1179.4   1222.8   0.740
20260404032926      8    115.0    135.0   20.0     80.9   1283.5   1445.9   0.776
20260404032926      8    245.0    270.0   20.0    108.5   1496.3   1168.4   0.879
20260404032926      8    925.0    940.0   20.0     76.8   1168.7   1172.9   0.771
20260404032926      8   1680.0   1715.0   20.0     28.2   1173.1   1174.5   0.681
20260404032926      9   1685.0   1700.0   20.0     90.3   1161.5   1161.8   0.645
20260404032926     12    665.0    750.0   20.0    165.5   1153.5   1167.7   0.845
20260404032926     12   1125.0   1170.0   20.0    207.3   1162.1   1167.2   0.785
20260404032926     13    360.0    370.0   20.0     28.6   1159.8   1323.4   0.403
20260404032926     14    605.0    630.0   20.0     43.3    927.6    943.6   0.786
20260404032926     14   1350.0   1365.0   20.0     25.7    951.3   1017.7   0.880
20260404032926     14   1410.0   1425.0   20.0     35.3   1037.9   1059.6   0.552
20260404032926     14   1465.0   1485.0   20.0     46.9   1050.8    939.8   0.876
20260404032926     15    605.0    620.0   20.0     33.0   1184.7   1188.7   0.602
20260404032926     15    790.0    805.0   20.0     62.3   1185.2   1267.7   0.849
20260404032926     15    840.0    855.0   20.0     23.7   1269.7   1273.4   0.776
20260404032926     15    940.0    965.0   20.0    138.2   1290.5   1203.9   0.830
20260404032926     16    945.0    965.0   20.0     63.6   1221.7   1341.8   0.779
20260404032926     16   1020.0   1065.0   20.0    119.9   1345.9   1253.0   0.868
20260404032926     16   1655.0   1670.0   20.0     22.9   1248.5   1225.1   0.776
20260404032926     18    275.0    290.0   20.0     22.2   1238.1   1203.8   0.833
20260404032926     18    510.0    525.0   20.0     33.8   1224.9   1257.0   0.792
20260404032926     18   1000.0   1015.0   20.0     33.0   1314.0   1339.3   0.749
20260404032926     21     15.0     30.0   20.0     36.4   1155.1   1210.8   0.825
20260404032926     21     65.0     85.0   20.0    146.2   1231.5   1153.2   0.954
20260404032926     21   1405.0   1420.0   20.0     25.3   1140.1   1177.5   0.752
20260404032926     22   1295.0   1310.0   20.0     86.1   1172.4   1173.9   0.658
20260404032926     22   1605.0   1620.0   20.0     56.6   1182.4   1243.1   0.676
20260404032926     22   1655.0   1670.0   20.0     21.4   1265.1   1292.8   0.687
20260404032926     22   1735.0   1795.0   20.0     58.4   1344.6   1420.3   0.732
20260404032926     24    160.0    175.0   20.0     30.0   1142.9   1140.0   0.776
20260404032926     24   1360.0   1375.0   20.0     29.2   1167.8   1157.9   0.750
20260404032926     28   1310.0   1325.0   20.0     38.7   1136.0   1185.7   0.761
20260404032926     28   1365.0   1420.0   20.0    119.6   1234.8   1147.3   0.838
20260404032926     28   1500.0   1515.0   20.0     22.8   1147.3   1133.8   0.459
20260404032926     29    765.0    830.0   20.0    207.9   1170.1   1136.4   0.847
20260404032926     31    935.0    990.0   20.0     38.6   1148.5   1205.5   0.737
20260404032926     31   1040.0   1055.0   20.0     25.3   1207.9   1245.6   0.674
20260404032926     31   1090.0   1105.0   20.0     84.9   1248.9   1184.6   0.791
20260404032926     31   1425.0   1440.0   20.0     64.7   1229.5   1152.9   0.840
20260404032926     32   1390.0   1405.0   20.0     22.0   1132.2   1163.2   0.744
20260404032926     33    355.0    375.0   20.0    206.1   1133.2   1129.4   0.880
20260404032926     33    700.0    715.0   20.0     25.0   1147.3   1168.8   0.718
20260404032926     34    360.0    395.0   20.0    118.4   1128.2   1130.5   0.763
20260404032926     35   1765.0   1780.0   20.0     26.3   1495.4   1500.4   0.658
20260404032926     36    560.0    575.0   20.0     66.2   1113.7   1115.4   0.776
20260404032926     36    645.0    660.0   20.0     60.8   1118.4   1128.2   0.832
20260404032926     36   1290.0   1310.0   20.0     80.0   1126.2   1292.4   0.885
20260404032926     36   1465.0   1480.0   20.0     39.8   1360.4   1361.1   0.432
20260404032926     38     10.0     35.0   20.0    105.6   1695.8   1663.5   0.772
20260404032926     38    115.0    130.0   20.0     82.9   1683.6   1667.6   0.820
20260404032926     38    225.0    240.0   20.0     72.3   1684.5   1678.7   0.822
20260404032926     38    470.0    490.0   20.0     86.9   1686.3   1677.9   0.816
20260404032926     38    645.0    660.0   20.0     36.6   1673.1   1650.3   0.807
20260404032926     38    740.0    760.0   20.0    107.6   1654.9   1691.4   0.874
20260404032926     38   1120.0   1135.0   20.0    106.0   1678.9   1678.2   0.831
20260404032926     39    655.0    670.0   20.0     54.6   1095.2   1145.1   0.723
20260404032926     39    845.0    860.0   20.0    139.5   1155.4   1164.1   0.770
20260404032926     40    785.0    815.0   20.0     59.6   1133.0   1341.4   0.830
20260404032926     40    870.0    885.0   20.0     45.8   1358.5   1436.4   0.660
20260404032926     40   1325.0   1345.0   20.0     51.6   1604.6   1532.1   0.853
20260404032926     40   1630.0   1645.0   20.0     35.0   1566.4   1629.1   0.900
20260404032926     41    370.0    385.0   20.0     35.2   1178.4   1176.3   0.773
20260404032926     41   1020.0   1035.0   20.0    204.9   1186.2   1189.2   0.659
20260404032926     41   1395.0   1415.0   20.0    183.9   1181.7   1444.1   0.822
20260404032926     44    455.0    475.0   20.0     48.5   1150.7   1152.2   0.770
20260404032926     46   1175.0   1195.0   20.0    186.9   1113.1   1123.5   0.858
20260404032926     48    665.0    680.0   20.0     23.0    324.9    326.3   0.445
20260404032926     48    725.0    790.0   20.0     33.9    324.9    339.1   0.642
20260404032926     48    860.0    905.0   20.0     31.6    335.0    340.4   0.571
20260404032926     48    945.0   1025.0   20.0     35.1    334.1    340.0   0.703
20260404032926     48   1215.0   1270.0   20.0     37.6    336.2    334.2   0.595
20260404032926     48   1380.0   1395.0   20.0     35.4    337.9    318.9   0.572
20260404032926     48   1490.0   1535.0   20.0     36.6    318.1    312.1   0.691
20260404032926     49   1060.0   1075.0   20.0     56.0   1083.4   1085.0   0.720
20260404032926     50    230.0    270.0   20.0    117.0   1101.5   1097.4   0.749
20260404032926     51   1305.0   1325.0   20.0    203.9   1096.5   1097.5   0.837
20260404032926     53    600.0    615.0   20.0    118.0   1097.0   1104.2   0.544
20260404032926     53   1145.0   1175.0   20.0    144.1   1115.2   1449.3   0.830
20260404032926     53   1295.0   1325.0   20.0     55.3   1471.1   1491.8   0.648
20260404032926     53   1410.0   1465.0   20.0    185.4   1512.6   1287.2   0.800
20260404032926     54    110.0    125.0   20.0     59.6   1581.8   1587.4   0.491
20260404032926     54    545.0    560.0   20.0     27.4   1579.7   1595.2   0.688
20260404032926     56    110.0    165.0   20.0     35.0   1101.3   1156.7   0.767
20260404032926     56    315.0    330.0   20.0    138.2   1152.9   1232.1   0.742
20260404032926     56    715.0    730.0   20.0     54.8   1212.4   1260.0   0.636
20260404032926     56    895.0    910.0   20.0     23.8   1263.2   1266.5   0.638
20260404032926     56   1235.0   1250.0   20.0     23.1   1320.0   1323.0   0.746
20260404032926     57    725.0    780.0   20.0    152.3   1091.4   1329.2   0.913
20260404032926     57   1185.0   1200.0   20.0     20.4   1368.6   1395.1   0.584
20260404032926     59    655.0    670.0   20.0    127.5   1103.7   1115.5   0.541
20260404032926     59    950.0    965.0   20.0     22.0   1119.3   1124.7   0.683
20260404032926     59   1085.0   1100.0   20.0     35.1   1113.1   1120.8   0.551
20260404032926     59   1410.0   1485.0   20.0    181.3   1097.9   1389.7   0.818
20260404032926     59   1765.0   1780.0   20.0     27.9   1408.8   1433.2   0.839
20260404032926     61    120.0    135.0   20.0     20.4   1092.6   1118.7   0.651
20260404032926     61    280.0    295.0   20.0     21.1   1173.5   1166.2   0.863
20260404032926     61    560.0    575.0   20.0     39.7   1160.5   1164.8   0.800
20260404032926     61   1570.0   1600.0   20.0     59.0   1176.7   1180.6   0.890
20260404032926     61   1705.0   1770.0   20.0     41.7   1183.2   1239.5   0.799
20260404032926     62   1045.0   1070.0   20.0     46.6   1100.3   1283.0   0.723
20260404032926     62   1110.0   1170.0   20.0     45.2   1293.7   1328.6   0.694
20260404032926     62   1260.0   1275.0   20.0     22.4   1367.0   1369.7   0.607
20260404032926     62   1395.0   1410.0   20.0     23.3   1320.9   1361.9   0.811
20260404032926     63    815.0    915.0   20.0    141.3   1110.2   1216.4   0.900
20260404032926     63   1000.0   1040.0   20.0     27.4   1233.4   1344.9   0.781
20260404032926     64      5.0     35.0   20.0     29.8   1580.3   1601.1   0.643
20260404032926     64    460.0    490.0   20.0     32.2   1626.9   1626.7   0.536
20260404032926     64    555.0    695.0   20.0     29.3   1625.1   1624.5   0.580
20260404032926     64    800.0    885.0   20.0     30.7   1619.8   1622.2   0.529
20260404032926     64    965.0    975.0   20.0     22.0   1627.1   1628.1   0.432
20260404032926     64   1040.0   1055.0   20.0     32.6   1626.1   1641.9   0.531
20260404032926     64   1090.0   1105.0   20.0     34.0   1620.6   1630.2   0.454
20260404032926     64   1155.0   1175.0   20.0     33.0   1624.4   1640.5   0.459
20260404032926     64   1265.0   1290.0   20.0    200.3   1619.0   1645.9   0.786
20260404032926     64   1395.0   1475.0   20.0    188.1   1646.2   1586.6   0.723
20260404032926     64   1585.0   1615.0   20.0    157.1   1589.6   1584.2   0.697
20260404032926     65    645.0    730.0   20.0    106.8   1084.2   1351.8   0.810
20260404032926     65    775.0    850.0   20.0     29.4   1334.3   1123.1   0.884
20260404032926     65    980.0   1000.0   20.0     37.8   1126.7   1144.8   0.906
20260404032926     65   1110.0   1125.0   20.0     27.4   1146.9   1143.0   0.852
20260404032926     65   1295.0   1310.0   20.0     22.0   1150.0   1181.9   0.799
20260404032926     65   1405.0   1420.0   20.0    101.4   1180.5   1249.2   0.652
20260404032926     67     30.0     95.0   20.0    131.7   1079.5   1479.8   0.807
20260404032926     68    125.0    150.0   20.0     52.4   1205.0   1229.4   0.841
20260404032926     68   1130.0   1145.0   20.0     45.3   1317.3   1376.5   0.886
20260404032926     69    615.0    645.0   20.0    154.0   1095.2   1376.9   0.850
20260404032926     69   1070.0   1085.0   20.0    104.4   1443.3   1445.6   0.809
20260404032926     69   1125.0   1140.0   20.0     45.4   1453.3   1489.5   0.733
20260404032926     69   1445.0   1475.0   20.0     88.7   1407.6   1409.9   0.702
20260404032926     70     50.0     65.0   20.0     95.9   1153.8   1466.6   0.795
20260404032926     70    245.0    260.0   20.0     24.1   1317.4   1468.5   0.852
20260404032926     70    360.0    415.0   20.0     80.6   1463.7   1480.3   0.931
20260404032926     70    465.0    510.0   20.0     20.4   1497.4   1523.4   0.588
20260404032926     73    180.0    195.0   20.0     80.2   1097.9   1097.8   0.742
20260404032926     74   1600.0   1615.0   20.0     32.5   1135.1   1177.3   0.742
20260404032926     75   1200.0   1215.0   20.0     20.4   1190.4   1205.0   0.744
20260404032926     77   1275.0   1320.0   20.0    174.5   1068.2   1067.8   0.905
20260404032926     77   1625.0   1640.0   20.0     25.9   1070.0   1067.4   0.751
20260404032926     79   1420.0   1435.0   20.0    101.2   1078.7   1267.6   0.813
20260404032926     79   1625.0   1640.0   20.0     66.1   1317.6   1322.7   0.795
20260404032926     83   1295.0   1310.0   20.0     91.7   1613.7   1452.3   0.809
20260404032926     85    285.0    315.0   20.0     40.1   1198.3   1199.3   0.794
20260404032926     85   1175.0   1190.0   20.0     20.9   1195.1   1194.2   0.768
20260404032926     86     55.0     70.0   20.0    360.9   1072.4   1080.1   0.788
20260404032926     86    755.0    770.0   20.0     46.2   1092.3   1091.8   0.500
20260404032926     86   1355.0   1380.0   20.0    114.6   1083.6   1095.6   0.849
20260404032926     92    780.0    795.0   20.0     26.6   1052.5   1094.2   0.736
20260404032926     92    975.0    995.0   20.0     31.6   1104.4   1112.5   0.862
20260404032926     92   1170.0   1185.0   20.0     24.0   1136.4   1120.7   0.834
20260404032926     92   1280.0   1295.0   20.0     48.7   1121.4   1127.9   0.749
20260404032926     94    120.0    140.0   20.0     65.1   1075.5   1077.4   0.878
20260404032926     96   1360.0   1415.0   20.0    431.0   1083.0   1078.6   0.913
20260404032926     99    395.0    410.0   20.0     21.6   1081.6   1115.5   0.853
20260404032926     99    445.0    490.0   20.0    168.6   1109.6   1088.2   0.818
20260404032926     99    570.0    610.0   20.0    102.7   1092.4   1080.0   0.824
20260404032926    100    460.0    475.0   20.0     24.7   1078.2   1079.5   0.842
20260404032926    105     20.0     65.0   20.0    226.5   1055.5   1186.4   0.883
20260404032926    105    585.0    600.0   20.0     22.2   1271.0   1300.7   0.808
20260404032926    105    665.0    695.0   20.0     82.7   1314.5   1423.9   0.902
20260404032926    105    755.0    765.0   20.0     21.7   1489.5   1503.2   0.778
20260404032926    105    925.0    940.0   20.0     26.0   1526.4   1537.3   0.649
20260404032926    105   1000.0   1015.0   20.0     35.1   1523.1   1598.6   0.903
20260404032926    109     95.0    110.0   20.0     20.1   1512.6   1516.7   0.702
20260404032926    111     35.0     50.0   20.0     81.8   1477.2   1471.1   0.860
20260404032926    111    360.0    380.0   20.0     94.6   1486.6   1481.5   0.851
20260404032926    114     45.0     65.0   20.0     58.4   1178.4   1178.5   0.765
20260404032926    115    500.0    550.0   20.0     47.1   1123.2   1188.6   0.649
20260404032926    115    660.0    710.0   20.0     37.8   1245.2   1374.7   0.768
20260404032926    120      5.0     20.0   20.0    153.6   1056.1   1057.2   0.803
20260404032926    121   1075.0   1090.0   20.0     23.0   1453.6   1449.5   0.707
20260404032926    122   1475.0   1490.0   20.0     35.2   1522.0   1506.2   0.859
20260404032926    123    170.0    185.0   20.0     56.9   1550.1   1556.9   0.721
20260404032926    124    100.0    115.0   20.0     55.9   1349.7   1385.0   0.819
20260404032926    125    275.0    290.0   20.0     23.1   1142.8   1248.2   0.636
20260404032926    125    445.0    460.0   20.0     88.1   1300.4   1213.6   0.769
20260404032926    127    785.0    800.0   20.0    103.5   1075.7   1343.4   0.911
20260404032926    127    870.0    930.0   20.0     38.7   1324.1   1473.8   0.867
20260404032926    128   1330.0   1375.0   20.0     59.7   1088.8   1075.1   0.732
20260404032926    128   1540.0   1560.0   20.0    185.8   1073.0   1074.5   0.909
20260404032926    128   1750.0   1770.0   20.0    180.9   1077.4   1076.8   0.873
20260404032926    129    135.0    150.0   20.0    142.8   1070.1   1069.6   0.670
20260404032926    129    770.0    790.0   20.0    171.1   1068.5   1071.3   0.841
20260404032926    130    660.0    675.0   20.0     22.3   1079.3   1119.6   0.726
20260404032926    130    775.0    800.0   20.0     33.4   1145.4   1284.4   0.813
20260404032926    132   1185.0   1210.0   20.0     75.4   1073.7   1072.4   0.780
20260404032926    133    255.0    270.0   20.0     50.4   1079.5   1221.2   0.702
20260404032926    133    425.0    475.0   20.0    165.9   1259.6   1078.1   0.847
20260404032926    135      0.0     10.0   20.0     25.2      0.0   1169.5   0.736
20260404032926    136    960.0    980.0   20.0    241.3   1074.8   1076.4   0.928
20260404032926    140     30.0     80.0   20.0     96.5   1089.0   1641.5   0.896
20260404032926    140    900.0    955.0   20.0     20.9   1817.8   1818.9   0.851
20260404032926    142     15.0     30.0   20.0     23.8   1159.7   1194.1   0.742
20260404032926    143   1420.0   1435.0   20.0     87.8   1077.8   1078.4   0.716
20260404032926    144    925.0    940.0   20.0     43.7   1099.4   1157.3   0.766
20260404032926    144    985.0   1000.0   20.0     21.0   1172.7   1216.7   0.637
20260404032926    144   1045.0   1060.0   20.0     44.2   1187.9   1202.0   0.657
20260404032926    144   1235.0   1295.0   20.0     44.9   1200.5   1363.1   0.627
20260404032926    144   1330.0   1385.0   20.0     36.4   1363.6   1443.5   0.754
20260404032926    144   1510.0   1520.0   20.0     20.4   1360.8   1367.0   0.573
20260404032926    144   1650.0   1665.0   20.0     23.0   1306.9   1307.9   0.632
20260404032926    146    500.0    515.0   20.0     30.8   1560.3   1578.6   0.713
20260404032926    150      0.0     80.0   20.0     26.1      0.0    613.2   0.478
20260404032926    150    130.0    175.0   20.0     55.7    641.0    646.7   0.760
20260404032926    150    290.0    335.0   20.0     43.9    650.6    653.2   0.584
20260404032926    150    385.0    430.0   20.0     48.2    655.2    662.1   0.773
20260404032926    150    465.0    510.0   20.0     40.6    659.3    652.6   0.728
20260404032926    150    630.0    690.0   20.0     44.3    657.1    657.4   0.620
20260404032926    150    750.0    840.0   20.0     45.3    655.2    662.1   0.721
20260404032926    150    970.0   1125.0   20.0     50.7    659.2    652.3   0.768
20260404032926    150   1230.0   1260.0   20.0     21.9    657.6    655.3   0.569
20260404032926    150   1350.0   1465.0   20.0     40.0    660.1    655.3   0.720
20260404032926    150   1500.0   1520.0   20.0     45.9    649.0    650.3   0.744
20260404032926    150   1560.0   1695.0   20.0     88.1    652.2    662.1   0.742
20260404032926    150   1730.0   1745.0   20.0     27.6    664.9    661.3   0.521
20260404032926    150   1790.0   1800.0   20.0     46.6    665.3    658.0   0.682
20260404032926    152     25.0     40.0   20.0     35.0   1081.7   1109.5   0.843
20260404032926    152    170.0    185.0   20.0     62.5   1137.8   1082.6   0.620
20260404032926    152    225.0    240.0   20.0     76.2   1082.4   1164.6   0.757
20260404032926    152    470.0    490.0   20.0     72.2   1170.8   1083.6   0.786
20260404032926    152   1690.0   1700.0   20.0     22.4   1077.8   1124.9   0.712
20260404032926    152   1790.0   1800.0   20.0     32.0   1121.7   1117.1   0.660
20260404032926    153    595.0    610.0   20.0     22.6   1514.6   1491.8   0.794
20260404032926    154    820.0    835.0   20.0     46.1   1254.4   1226.4   0.761
20260404032926    157   1580.0   1595.0   20.0     27.5   1169.5   1168.3   0.560
20260404032926    161    295.0    310.0   20.0     33.5   1054.7   1057.5   0.571
20260404032926    163    385.0    400.0   20.0     22.0   1112.5   1110.7   0.549
20260404032926    163   1045.0   1060.0   20.0     96.5   1125.3   1337.9   0.880
20260404032926    163   1205.0   1220.0   20.0     74.6   1342.6   1360.4   0.839
20260404032926    164    760.0    775.0   20.0     24.4   1131.8   1130.9   0.519
20260404032926    164    930.0    965.0   20.0    107.9   1134.9   1298.6   0.885
20260404032926    164   1060.0   1075.0   20.0     38.6   1323.8   1290.0   0.923
20260404032926    167   1485.0   1500.0   20.0     25.1   1116.9   1114.1   0.510
20260404032926    170      0.0     50.0   20.0     86.4      0.0   1103.2   0.846
20260404032926    171    670.0    735.0   20.0     54.1   1135.0   1274.2   0.843
20260404032926    171    950.0    965.0   20.0     83.4   1286.6   1398.8   0.802
20260404032926    175    410.0    425.0   20.0    154.4   1130.6   1131.8   0.747
20260404032926    175   1525.0   1535.0   20.0     56.2   1202.7   1188.2   0.632
20260404032926    176    610.0    655.0   20.0     39.1   1298.5   1414.5   0.881
20260404032926    177    200.0    280.0   20.0    455.2   1140.1   1149.0   0.924
20260404032926    177   1210.0   1230.0   20.0     29.4   1135.5   1175.4   0.695
20260404032926    179    180.0    200.0   20.0     82.7   1131.6   1131.6   0.834
20260404032926    179    355.0    400.0   20.0    170.7   1134.5   1187.6   0.722
20260404032926    179    525.0    540.0   20.0     20.5   1251.2   1186.3   0.819
20260404032926    179    800.0    815.0   20.0     23.9   1225.9   1265.3   0.690
20260404032926    180    220.0    270.0   20.0    122.5   1152.1   1154.7   0.817
20260404032926    180    760.0    775.0   20.0     29.3   1160.2   1162.4   0.493
20260404032926    181    435.0    450.0   20.0     24.1   1148.7   1205.1   0.802
20260404032926    181   1680.0   1695.0   20.0     50.4   1246.3   1242.4   0.766
20260404032926    183    855.0    895.0   20.0     99.0   1137.4   1138.0   0.837
20260404032926    184    940.0    950.0   20.0     20.6   1303.0   1300.7   0.421
20260404032926    184    990.0   1010.0   20.0     27.1   1308.3   1301.4   0.837
20260404032926    184   1315.0   1330.0   20.0    115.0   1301.5   1369.8   0.930
20260404032926    184   1630.0   1645.0   20.0     37.7   1358.9   1418.7   0.854
20260404032926    185    710.0    725.0   20.0     64.5   1208.9   1295.8   0.709
20260404032926    185   1235.0   1250.0   20.0    105.2   1326.8   1314.9   0.736
20260404032926    186    775.0    790.0   20.0     47.7   1154.6   1156.1   0.703
20260404032926    187    830.0    845.0   20.0     20.2   1143.1   1168.2   0.750
20260404032926    187    975.0    990.0   20.0    145.3   1193.6   1508.4   0.884
20260404032926    188    430.0    755.0   20.0    100.9   1756.5   1801.9   0.921
20260404032926    190    325.0    385.0   20.0     25.0   1198.6   1241.7   0.748
20260404032926    190    835.0    855.0   20.0     60.6   1267.2   1275.2   0.822
20260404032926    190   1305.0   1320.0   20.0     53.3   1279.3   1314.1   0.709
20260404032926    193   1645.0   1660.0   20.0     30.8   1220.2   1189.7   0.754
20260404032926    193   1700.0   1715.0   20.0     40.7   1188.8   1189.2   0.718
20260404032926    193   1770.0   1785.0   20.0     45.5   1206.9   1188.5   0.717
20260404032926    195     65.0     95.0   20.0     38.5   1166.5   1246.4   0.785
20260404032926    195    535.0    560.0   20.0     59.4   1291.0   1382.9   0.783
20260404032926    195    600.0    645.0   20.0    118.9   1355.7   1346.0   0.811
20260404032926    195   1325.0   1345.0   20.0    199.3   1316.2   1606.8   0.777
20260404032926    197    185.0    200.0   20.0     20.4   1189.4   1197.1   0.783
20260404032926    198   1335.0   1355.0   20.0     52.0   1187.0   1200.1   0.834
20260404032926    199    305.0    320.0   20.0     22.1   1200.2   1203.2   0.649
20260404032926    202     10.0    100.0   20.0    241.3   1183.1   1188.5   0.819
20260404032926    202    710.0    725.0   20.0     20.5   1211.3   1212.9   0.741
20260404032926    206    465.0    480.0   20.0     31.3   1493.9   1565.1   0.848
20260404032926    209   1490.0   1540.0   20.0     27.4   1192.3   1186.8   0.758
20260404032926    210    235.0    255.0   20.0     74.3   1218.2   1220.9   0.756
20260404032926    210   1550.0   1605.0   20.0     25.0   1201.2   1226.4   0.733
20260404032926    211    135.0    150.0   20.0     23.3   1197.7   1242.6   0.679
20260404032926    211    325.0    340.0   20.0     74.6   1248.3   1438.6   0.860
20260404032926    215   1040.0   1055.0   20.0     20.8   1212.2   1209.6   0.610
20260404032926    215   1570.0   1665.0   20.0     37.0   1228.3   1499.9   0.885
20260404032926    215   1705.0   1720.0   20.0    110.5   1558.9   1207.1   0.939
20260404032926    216      0.0   1800.0   20.0    210.3      0.0   2182.0   0.813
20260404032926    217    980.0    995.0   20.0     20.8   1298.0   1322.1   0.725
20260404032926    219    385.0    405.0   20.0     49.1   1250.5   1260.3   0.772
20260404032926    219   1010.0   1025.0   20.0     53.1   1223.2   1226.2   0.633
20260404032926    219   1150.0   1200.0   20.0    165.3   1225.7   1219.7   0.896
20260404032926    219   1320.0   1335.0   20.0     62.1   1269.2   1220.2   0.807
20260404032926    219   1420.0   1450.0   20.0    231.6   1220.2   1221.0   0.864
20260404032926    221      0.0     25.0   20.0    121.3      0.0   1215.5   0.871
20260404032926    221    700.0    720.0   20.0    105.3   1212.2   1216.9   0.583
20260404032926    223      0.0     20.0   20.0    321.6      0.0   2002.2   0.881
20260404032926    223    395.0    410.0   20.0     58.6   1963.7   1904.2   0.702
20260404032926    223    555.0    595.0   20.0    152.5   1834.6   1406.4   0.760
20260404032926    224    400.0    440.0   20.0     44.3   1247.6   1243.1   0.703
20260404032926    225    215.0    230.0   20.0     23.6   1280.2   1312.0   0.759
20260404032926    225   1690.0   1705.0   20.0     33.5   1328.1   1431.0   0.849
20260404032926    225   1770.0   1785.0   20.0     32.2   1386.3   1394.9   0.712
20260404032926    226    230.0    245.0   20.0     35.5   1224.1   1213.4   0.770
20260404032926    227   1120.0   1140.0   20.0    203.8   2134.8   2084.7   0.870
20260404032926    228    575.0    595.0   20.0     68.7   1300.5   1300.4   0.745
20260404032926    228   1480.0   1495.0   20.0     51.0   1297.8   1356.6   0.760
20260404032926    228   1530.0   1575.0   20.0    155.8   1348.8   1406.3   0.791
20260404032926    229     65.0    125.0   20.0     47.2   1258.8   1431.5   0.834
20260404032926    229    165.0    235.0   20.0    335.1   1418.8   1799.6   0.805
20260404032926    230    375.0    390.0   20.0     48.2    480.2    425.6   0.900
20260404032926    230   1775.0   1790.0   20.0     24.9    470.7    466.8   0.482
20260404032926    233     30.0     45.0   20.0     53.2   1256.4   1257.7   0.682
20260404032926    237     10.0     25.0   20.0     39.9   1488.3   1677.7   0.917
20260404032926    238     85.0    100.0   20.0     34.1   1393.3   1428.3   0.788
20260404032926    238    350.0    365.0   20.0     31.9   1394.3   1412.5   0.847
20260404032926    238   1715.0   1730.0   20.0     38.7   1399.8   1440.1   0.793
20260404032926    239    750.0    815.0   20.0     66.8   1274.2   1423.6   0.914
20260404032926    239    855.0    940.0   20.0     64.3   1433.1   1524.6   0.898
20260404032926    239   1010.0   1020.0   20.0     26.3   1511.5   1534.6   0.689
20260404032926    239   1060.0   1135.0   20.0    122.8   1528.1   1575.8   0.841
20260404032926    240     30.0     45.0   20.0     21.9   1284.0   1312.7   0.740
20260404032926    240    125.0    140.0   20.0     26.4   1336.9   1342.9   0.719
20260404032926    240    600.0    615.0   20.0     60.6   1366.0   1278.5   0.830
20260404032926    240   1740.0   1790.0   20.0    124.5   1277.8   1310.8   0.698
20260404032926    243   1030.0   1045.0   20.0     54.9   1406.0   1596.1   0.879
20260404032926    243   1300.0   1315.0   20.0     31.6   1536.2   1345.8   0.772
20260404032926    243   1590.0   1605.0   20.0     32.3   1313.8   1311.1   0.406
20260404032926    244    340.0    355.0   20.0     74.1   1315.3   1316.1   0.763
20260404032926    244   1575.0   1605.0   20.0     54.8   1368.4   1450.0   0.842
20260404032926    245    810.0    830.0   20.0    147.5   1307.5   1307.1   0.777
20260404032926    246     65.0     80.0   20.0     29.4   1359.5   1329.8   0.724
20260404032926    252    130.0    145.0   20.0     23.4   1945.3   1955.6   0.815
20260404032926    253    785.0    800.0   20.0     25.2   1463.4   1515.0   0.580
20260404032926    253   1090.0   1105.0   20.0     37.0   1458.5   1483.6   0.835
20260404032926    254    630.0    645.0   20.0     21.1   1377.9   1375.9   0.756
20260404032926    254   1790.0   1800.0   20.0     49.5   1371.8   1456.7   0.840
20260404032926    255    515.0    535.0   20.0     56.5   1499.2   1502.0   0.773
20260404040242      1    735.0    755.0   20.0    149.2   1191.1   1190.0   0.876
20260404040242      3    870.0    890.0   20.0     26.5   1241.7   1285.4   0.774
20260404040242      4   1480.0   1495.0   20.0     29.3   1174.1   1289.5   0.762
20260404040242      4   1680.0   1700.0   20.0     50.7   1322.4   1328.3   0.763
20260404040242      5    635.0    740.0   20.0    238.9   1166.8   1507.0   0.833
20260404040242      5    790.0    805.0   20.0    154.1   1512.7   1264.2   0.714
20260404040242      5   1115.0   1130.0   20.0     40.4   1232.1   1253.5   0.605
20260404040242      5   1185.0   1200.0   20.0     52.2   1244.6   1330.1   0.758
20260404040242      6   1295.0   1305.0   20.0     20.9   1203.9   1194.7   0.800
20260404040242      6   1440.0   1465.0   20.0    321.7   1183.1   1181.8   0.796
20260404040242      8     20.0     75.0   20.0     36.3   1410.5   1300.7   0.853
20260404040242      8   1115.0   1130.0   20.0     31.1   1204.8   1207.5   0.653
20260404040242      8   1510.0   1525.0   20.0     33.6   1199.7   1237.6   0.720
20260404040242      8   1580.0   1600.0   20.0    105.1   1239.7   1195.0   0.874
20260404040242      9    265.0    280.0   20.0     47.7   1161.5   1164.5   0.716
20260404040242      9    815.0    830.0   20.0     28.0   1161.2   1205.9   0.730
20260404040242      9   1055.0   1070.0   20.0     66.1   1223.3   1161.9   0.752
20260404040242      9   1365.0   1380.0   20.0     20.1   1164.9   1173.1   0.528
20260404040242      9   1670.0   1790.0   20.0    183.2   1171.0   1148.1   0.799
20260404040242     12    660.0    675.0   20.0     32.8   1149.0   1202.3   0.745
20260404040242     12    765.0    780.0   20.0     20.7   1254.4   1297.4   0.646
20260404040242     12    825.0    840.0   20.0     20.2   1263.4   1234.2   0.666
20260404040242     12    910.0    925.0   20.0     21.8   1248.1   1248.6   0.489
20260404040242     12    960.0    990.0   20.0    154.1   1251.4   1313.0   0.841
20260404040242     12   1325.0   1340.0   20.0     31.5   1308.3   1310.0   0.771
20260404040242     12   1390.0   1405.0   20.0     27.6   1300.7   1336.6   0.783
20260404040242     12   1540.0   1555.0   20.0     41.7   1344.2   1408.2   0.787
20260404040242     13    310.0    355.0   20.0    251.1   1161.2   1161.4   0.869
20260404040242     13    540.0    555.0   20.0    139.6   1159.1   1161.9   0.642
20260404040242     14    640.0    655.0   20.0     27.6    931.9    938.1   0.761
20260404040242     16    475.0    490.0   20.0     44.7   1220.2   1218.2   0.785
20260404040242     18    660.0    675.0   20.0    118.8   1191.0   1186.7   0.657
20260404040242     18    980.0    995.0   20.0     35.8   1218.3   1218.2   0.731
20260404040242     21    735.0    750.0   20.0     40.0   1137.4   1189.6   0.766
20260404040242     21   1450.0   1510.0   20.0    133.3   1208.1   1332.7   0.834
20260404040242     21   1645.0   1660.0   20.0     83.5   1329.1   1408.6   0.854
20260404040242     22     10.0     25.0   20.0     27.2   1443.1   1425.4   0.643
20260404040242     22    145.0    160.0   20.0     87.0   1452.4   1152.6   0.942
20260404040242     23    575.0    590.0   20.0     30.2   1396.6   1504.0   0.796
20260404040242     24     20.0     80.0   20.0    126.8   1190.6   1196.3   0.759
20260404040242     24    415.0    460.0   20.0    113.8   1193.5   1370.5   0.844
20260404040242     28   1125.0   1140.0   20.0     38.3   1131.4   1129.4   0.739
20260404040242     29    850.0    860.0   20.0     22.9   1118.1   1117.4   0.545
20260404040242     29   1700.0   1715.0   20.0     25.6   1125.7   1114.4   0.628
20260404040242     34    250.0    270.0   20.0    243.2   1117.1   1119.2   0.885
20260404040242     36    115.0    135.0   20.0    306.3   1123.0   1117.8   0.811
20260404040242     36    525.0    560.0   20.0     85.2   1116.7   1111.9   0.812
20260404040242     36   1460.0   1475.0   20.0     25.5   1117.9   1167.4   0.761
20260404040242     36   1665.0   1685.0   20.0    242.6   1185.7   1364.4   0.776
20260404040242     37   1065.0   1080.0   20.0     30.9   1376.1   1374.2   0.788
20260404040242     38      5.0     20.0   20.0    101.9   1687.4   1805.5   0.839
20260404040242     41    410.0    425.0   20.0     78.0   1099.1   1097.8   0.667
20260404040242     41   1455.0   1470.0   20.0     20.5   1095.0   1133.1   0.694
20260404040242     43   1125.0   1165.0   20.0    163.4   1105.4   1431.3   0.838
20260404040242     46   1365.0   1380.0   20.0     36.9   1123.1   1113.1   0.635
20260404040242     46   1435.0   1465.0   20.0     28.8   1111.3   1137.5   0.724
20260404040242     46   1615.0   1635.0   20.0    271.9   1193.5   1255.0   0.790
20260404040242     46   1735.0   1750.0   20.0     70.2   1170.7   1304.8   0.842
20260404040242     48    195.0    210.0   20.0     33.1    322.3    332.4   0.618
20260404040242     48    255.0    270.0   20.0     31.6    335.7    327.0   0.613
20260404040242     48    435.0    460.0   20.0     31.9    328.8    320.8   0.610
20260404040242     48    495.0    510.0   20.0     29.4    337.6    340.1   0.586
20260404040242     48    590.0    605.0   20.0     31.5    340.6    320.2   0.605
20260404040242     48    655.0    670.0   20.0     33.2    315.4    333.1   0.636
20260404040242     48    850.0    865.0   20.0     32.1    335.8    320.3   0.524
20260404040242     48   1170.0   1185.0   20.0     32.5    317.8    336.5   0.613
20260404040242     48   1390.0   1435.0   20.0     36.2    340.3    336.2   0.619
20260404040242     48   1490.0   1555.0   20.0     21.6    333.5    349.1   0.500
20260404040242     48   1650.0   1725.0   20.0     30.8    334.4    348.4   0.605
20260404040242     49    975.0   1005.0   20.0    113.0   1079.8   1077.1   0.818
20260404040242     50    905.0    950.0   20.0     39.7   1217.0   1231.2   0.746
20260404040242     50   1185.0   1200.0   20.0    103.0   1242.2   1087.0   0.817
20260404040242     50   1290.0   1320.0   20.0    239.0   1090.0   1087.6   0.808
20260404040242     50   1510.0   1545.0   20.0    338.1   1083.1   1097.2   0.792
20260404040242     51   1255.0   1270.0   20.0    180.7   1083.7   1085.2   0.699
20260404040242     51   1630.0   1650.0   20.0    132.1   1085.2   1367.0   0.881
20260404040242     53    175.0    190.0   20.0    155.6   1093.4   1092.0   0.829
20260404040242     55    400.0    415.0   20.0     29.1   1108.8   1104.7   0.490
20260404040242     56    995.0   1010.0   20.0     28.0   1090.9   1089.7   0.696
20260404040242     57     55.0     95.0   20.0    156.1   1094.4   1090.2   0.822
20260404040242     57    275.0    335.0   20.0     77.9   1089.4   1540.3   0.895
20260404040242     57    380.0    400.0   20.0     84.4   1577.7   1090.1   0.922
20260404040242     57    545.0    560.0   20.0     70.5   1087.7   1207.6   0.840
20260404040242     57    720.0    765.0   20.0     83.6   1236.5   1089.6   0.791
20260404040242     59    105.0    170.0   20.0     25.6   1100.4   1215.2   0.877
20260404040242     59    450.0    465.0   20.0     69.1   1291.3   1390.3   0.773
20260404040242     61   1370.0   1385.0   20.0     86.8   1091.7   1091.2   0.772
20260404040242     61   1600.0   1615.0   20.0     23.2   1100.8   1097.1   0.564
20260404040242     62    270.0    310.0   20.0    180.2   1091.2   1238.1   0.922
20260404040242     62    400.0    450.0   20.0     58.0   1228.4   1321.0   0.776
20260404040242     62    490.0    505.0   20.0     30.6   1326.8   1324.0   0.714
20260404040242     63   1185.0   1195.0   20.0     20.3   1093.1   1093.5   0.404
20260404040242     63   1335.0   1350.0   20.0    446.7   1094.3   1587.9   0.790
20260404040242     63   1495.0   1585.0   20.0    102.9   1353.2   1406.9   0.896
20260404040242     63   1725.0   1740.0   20.0     33.3   1438.0   1455.7   0.621
20260404040242     65   1320.0   1335.0   20.0     27.7   1087.7   1089.3   0.519
20260404040242     67    135.0    155.0   20.0    110.3   1079.6   1078.9   0.805
20260404040242     67    555.0    570.0   20.0     28.9   1078.3   1120.8   0.726
20260404040242     67    680.0    695.0   20.0     34.3   1128.4   1115.5   0.613
20260404040242     67   1035.0   1055.0   20.0     88.7   1148.1   1198.3   0.806
20260404040242     67   1320.0   1335.0   20.0     23.8   1166.5   1167.2   0.774
20260404040242     67   1495.0   1510.0   20.0     99.7   1166.5   1143.0   0.753
20260404040242     68    335.0    350.0   20.0    127.4   1141.6   1179.2   0.896
20260404040242     69    695.0    710.0   20.0    139.8   1087.0   1089.0   0.809
20260404040242     69   1215.0   1230.0   20.0    166.2   1107.0   1172.7   0.466
20260404040242     69   1680.0   1695.0   20.0     21.9   1146.1   1102.1   0.762
20260404040242     73    880.0    935.0   20.0     53.6   1093.6   1094.4   0.761
20260404040242     74     35.0     50.0   20.0     27.2   1276.0   1354.5   0.668
20260404040242     74    270.0    285.0   20.0     59.1   1406.1   1377.6   0.765
20260404040242     75    170.0    185.0   20.0     21.9   1175.9   1167.3   0.894
20260404040242     75    760.0    775.0   20.0     23.6   1212.5   1168.7   0.896
20260404040242     75   1790.0   1800.0   20.0     26.7   1237.1   1266.0   0.746
20260404040242     77    120.0    135.0   20.0     34.0   1125.3   1104.7   0.712
20260404040242     77    250.0    265.0   20.0     72.2   1130.6   1286.7   0.796
20260404040242     77    360.0    445.0   20.0    180.3   1263.9   1064.4   0.795
20260404040242     77    635.0    650.0   20.0    259.3   1134.6   1103.4   0.658
20260404040242     77    860.0    875.0   20.0     42.8   1063.4   1062.7   0.787
20260404040242     79     30.0     50.0   20.0     98.4   1179.9   1336.3   0.900
20260404040242     79     85.0    145.0   20.0     23.9   1289.1   1175.9   0.875
20260404040242     79   1125.0   1140.0   20.0     24.6   1070.8   1094.1   0.738
20260404040242     79   1265.0   1280.0   20.0     57.8   1121.4   1138.2   0.676
20260404040242     79   1510.0   1525.0   20.0     41.6   1166.8   1187.9   0.638
20260404040242     80    800.0   1010.0   20.0     86.5   1119.7   1365.7   0.804
20260404040242     80   1070.0   1110.0   20.0     25.4   1436.2   1385.5   0.868
20260404040242     80   1230.0   1250.0   20.0     64.1   1421.0   1412.3   0.882
20260404040242     80   1470.0   1485.0   20.0     67.7   1475.0   1522.3   0.776
20260404040242     81    700.0    735.0   20.0     39.6   1081.0   1241.3   0.813
20260404040242     81    805.0    825.0   20.0    107.0   1338.4   1086.6   0.754
20260404040242     81   1745.0   1790.0   20.0    217.1   1083.3   1074.3   0.883
20260404040242     86   1105.0   1170.0   20.0     88.7   1102.9   1340.8   0.808
20260404040242     86   1240.0   1255.0   20.0    149.3   1343.4   1295.7   0.591
20260404040242     86   1335.0   1390.0   20.0     64.2   1260.9   1443.2   0.899
20260404040242     89    580.0    595.0   20.0    133.4   1084.8   1393.6   0.896
20260404040242     92   1410.0   1425.0   20.0     59.2   1048.2   1120.9   0.546
20260404040242     92   1470.0   1540.0   20.0    189.3   1157.1   1058.3   0.888
20260404040242     94    100.0    115.0   20.0     26.4   1069.4   1112.2   0.729
20260404040242     94    740.0    755.0   20.0     23.8   1284.2   1282.7   0.835
20260404040242     94   1350.0   1365.0   20.0    109.4   1338.9   1428.1   0.746
20260404040242     96   1020.0   1035.0   20.0     23.2   1072.8   1095.7   0.722
20260404040242     96   1260.0   1275.0   20.0     81.4   1132.1   1127.0   0.909
20260404040242     99    520.0    615.0   20.0     56.8   1071.5   1091.6   0.816
20260404040242     99   1275.0   1290.0   20.0     46.3   1083.3   1143.8   0.781
20260404040242     99   1345.0   1445.0   20.0     23.6   1205.1   1212.1   0.573
20260404040242     99   1485.0   1500.0   20.0     40.1   1215.8   1216.6   0.873
20260404040242     99   1660.0   1675.0   20.0     60.1   1192.6   1216.9   0.827
20260404040242     99   1745.0   1760.0   20.0    126.5   1288.9   1100.8   0.842
20260404040242    102    865.0    920.0   20.0    111.7   1266.3   1415.6   0.794
20260404040242    103    210.0    225.0   20.0     57.4   1153.2   1152.3   0.691
20260404040242    105    775.0    785.0   20.0     20.5   1691.4   1696.7   0.756
20260404040242    105   1370.0   1385.0   20.0     21.6   1678.3   1688.4   0.743
20260404040242    105   1420.0   1595.0   20.0     43.2   1684.2   1677.7   0.831
20260404040242    105   1635.0   1650.0   20.0     21.1   1678.1   1680.7   0.788
20260404040242    105   1755.0   1775.0   20.0     48.2   1670.8   1669.1   0.785
20260404040242    107      0.0     25.0   20.0    117.7      0.0   1109.0   0.825
20260404040242    107    270.0    300.0   20.0    305.8   1105.9   1114.5   0.838
20260404040242    111    490.0    505.0   20.0     57.6   1476.6   1587.8   0.876
20260404040242    111   1015.0   1030.0   20.0     26.1   1545.5   1545.0   0.649
20260404040242    111   1785.0   1800.0   20.0     26.9   1530.8   1571.6   0.901
20260404040242    112   1185.0   1200.0   20.0     28.5   1119.3   1082.9   0.767
20260404040242    113    490.0    550.0   20.0     46.8   1054.3   1055.2   0.801
20260404040242    113   1670.0   1760.0   20.0     79.8   1056.9   1295.0   0.801
20260404040242    114    955.0    970.0   20.0     25.9   1147.2   1145.7   0.654
20260404040242    114   1450.0   1465.0   20.0     80.7   1143.8   1144.4   0.798
20260404040242    115    760.0    845.0   20.0     60.5   1076.8   1300.5   0.795
20260404040242    115    915.0    930.0   20.0     26.5   1323.9   1379.4   0.717
20260404040242    115   1195.0   1210.0   20.0     21.6   1407.3   1402.7   0.765
20260404040242    118    650.0    665.0   20.0     35.4   1060.7   1096.2   0.726
20260404040242    118   1190.0   1205.0   20.0     21.1   1128.8   1131.2   0.761
20260404040242    118   1500.0   1515.0   20.0     23.4   1218.6   1290.9   0.823
20260404040242    119    155.0    170.0   20.0     96.2   1066.5   1067.4   0.766
20260404040242    119   1195.0   1210.0   20.0     73.6   1066.6   1067.2   0.476
20260404040242    122     20.0     70.0   20.0     33.0   1436.8   1578.2   0.896
20260404040242    122    885.0    900.0   20.0    111.9   1554.5   1420.0   0.472
20260404040242    125   1560.0   1575.0   20.0     47.0   1091.6   1091.1   0.530
20260404040242    128    595.0    620.0   20.0     58.2   1073.6   1073.3   0.760
20260404040242    128   1060.0   1100.0   20.0     74.4   1069.2   1070.6   0.757
20260404040242    129    770.0    800.0   20.0     63.0   1061.7   1063.2   0.735
20260404040242    129   1740.0   1800.0   20.0     80.9   1062.9   1299.5   0.915
20260404040242    130    350.0    365.0   20.0     31.5   1085.5   1087.3   0.636
20260404040242    130    925.0    940.0   20.0     64.8   1076.0   1076.0   0.767
20260404040242    132   1190.0   1205.0   20.0     37.1   1129.1   1186.4   0.797
20260404040242    132   1460.0   1475.0   20.0     48.4   1235.7   1288.5   0.739
20260404040242    133   1445.0   1475.0   20.0     86.1   1084.8   1081.3   0.837
20260404040242    134    575.0    595.0   20.0     80.1   1141.6   1158.8   0.913
20260404040242    134   1325.0   1345.0   20.0     45.1   1134.7   1138.0   0.901
20260404040242    135    280.0    300.0   20.0     28.5   1205.2   1343.4   0.819
20260404040242    136    525.0    540.0   20.0     21.0   1066.6   1064.7   0.521
20260404040242    136   1590.0   1605.0   20.0     31.0   1061.9   1093.5   0.753
20260404040242    136   1685.0   1700.0   20.0     24.2   1118.5   1103.6   0.794
20260404040242    138    325.0    340.0   20.0     27.4   1098.9   1138.4   0.705
20260404040242    138    480.0    495.0   20.0     31.2   1175.4   1096.6   0.804
20260404040242    141     85.0    100.0   20.0     31.0   1674.2   1719.4   0.879
20260404040242    142    280.0    295.0   20.0     28.7   1179.3   1182.8   0.634
20260404040242    142   1360.0   1375.0   20.0     21.8   1195.6   1219.1   0.747
20260404040242    144      5.0     60.0   20.0     93.4   1082.8   1085.3   0.851
20260404040242    144   1335.0   1360.0   20.0     72.5   1114.3   1115.6   0.755
20260404040242    146    405.0    460.0   20.0     71.0   1129.1   1155.3   0.921
20260404040242    148    375.0    395.0   20.0     72.2   1091.5   1093.6   0.853
20260404040242    148    745.0    760.0   20.0     24.2   1121.9   1097.8   0.767
20260404040242    150      0.0     20.0   20.0     41.6      0.0    635.0   0.628
20260404040242    150     85.0    185.0   20.0     49.6    629.9    657.0   0.685
20260404040242    150    270.0    290.0   20.0     41.3    658.3    655.4   0.717
20260404040242    150    330.0    435.0   20.0     53.1    659.5    667.3   0.739
20260404040242    150    620.0    710.0   20.0     30.7    659.8    664.3   0.540
20260404040242    150    875.0    905.0   20.0     25.8    662.2    663.3   0.501
20260404040242    150    975.0   1050.0   20.0     64.6    666.8    667.3   0.725
20260404040242    150   1115.0   1220.0   20.0     49.1    660.4    663.9   0.751
20260404040242    150   1295.0   1470.0   20.0     52.7    666.9    662.1   0.695
20260404040242    150   1515.0   1525.0   20.0     22.3    662.0    663.9   0.603
20260404040242    150   1680.0   1705.0   20.0     45.5    667.0    668.6   0.760
20260404040242    150   1745.0   1780.0   20.0     40.6    664.1    667.2   0.573
20260404040242    153    630.0    650.0   20.0     50.1   1411.3   1445.6   0.778
20260404040242    155     40.0     65.0   20.0    119.6   1247.1   1152.3   0.852
20260404040242    155    315.0    340.0   20.0     43.4   1162.4   1163.5   0.872
20260404040242    155   1030.0   1045.0   20.0     26.9   1168.5   1166.5   0.795
20260404040242    155   1295.0   1310.0   20.0     30.7   1167.4   1168.5   0.753
20260404040242    155   1705.0   1750.0   20.0     32.8   1182.6   1203.3   0.889
20260404040242    157   1185.0   1205.0   20.0     26.3   1154.6   1214.8   0.715
20260404040242    157   1260.0   1275.0   20.0     23.3   1222.0   1212.0   0.730
20260404040242    158    315.0    330.0   20.0     24.9   1100.8   1142.5   0.744
20260404040242    158    470.0    485.0   20.0     22.6   1169.5   1169.8   0.646
20260404040242    158    560.0    575.0   20.0     80.7   1171.3   1305.3   0.870
20260404040242    158   1145.0   1160.0   20.0     43.7   1219.4   1261.8   0.738
20260404040242    158   1360.0   1375.0   20.0     44.6   1284.7   1278.7   0.813
20260404040242    158   1440.0   1455.0   20.0     47.5   1280.8   1288.1   0.771
20260404040242    161    675.0    690.0   20.0    130.1   1047.6   1216.1   0.805
20260404040242    161    735.0    750.0   20.0    128.7   1230.0   1169.2   0.536
20260404040242    161    815.0    835.0   20.0    288.4   1168.9   1197.6   0.698
20260404040242    161    870.0    885.0   20.0    162.1   1164.2   1186.3   0.589
20260404040242    161    985.0   1000.0   20.0    181.0   1196.9   1176.3   0.569
20260404040242    161   1105.0   1195.0   20.0    406.6   1193.5   1189.1   0.686
20260404040242    161   1330.0   1350.0   20.0    351.1   1167.6   1170.7   0.716
20260404040242    161   1390.0   1405.0   20.0    184.6   1161.5   1212.8   0.671
20260404040242    161   1440.0   1455.0   20.0    142.4   1234.5   1202.0   0.655
20260404040242    161   1530.0   1595.0   20.0    277.8   1201.9   1192.5   0.682
20260404040242    161   1770.0   1790.0   20.0    175.2   1165.5   1169.8   0.692
20260404040242    162    740.0    755.0   20.0     33.6   1601.9   1644.4   0.834
20260404040242    163    900.0    915.0   20.0     60.8   1133.7   1132.1   0.813
20260404040242    164    585.0    605.0   20.0     28.7   1119.0   1114.6   0.754
20260404040242    165    320.0    330.0   20.0     22.9   1149.4   1107.3   0.474
20260404040242    165   1180.0   1280.0   20.0     43.5   1127.9   1569.1   0.833
20260404040242    165   1460.0   1475.0   20.0     31.2   1622.5   1594.8   0.859
20260404040242    165   1775.0   1790.0   20.0     75.0   1595.5   1634.5   0.663
20260404040242    166   1110.0   1125.0   20.0     28.8   1162.2   1161.3   0.752
20260404040242    166   1645.0   1660.0   20.0    135.0   1203.3   1199.8   0.445
20260404040242    168    305.0    320.0   20.0     51.1   1287.3   1261.9   0.785
20260404040242    170    540.0    555.0   20.0     33.6   1100.2   1151.6   0.730
20260404040242    170    610.0    630.0   20.0    165.8   1204.3   1099.1   0.760
20260404040242    175   1315.0   1355.0   20.0    206.5   1123.8   1155.7   0.882
20260404040242    176     20.0     35.0   20.0     55.0   1131.0   1219.2   0.822
20260404040242    176     90.0    110.0   20.0    118.5   1258.9   1133.3   0.804
20260404040242    176    375.0    405.0   20.0     54.7   1149.0   1153.9   0.823
20260404040242    176   1185.0   1200.0   20.0     94.3   1165.3   1158.8   0.783
20260404040242    177    605.0    620.0   20.0     29.6   1135.6   1173.7   0.706
20260404040242    177    720.0    790.0   20.0    176.0   1183.1   1240.4   0.874
20260404040242    177    875.0    890.0   20.0     43.0   1217.3   1309.3   0.808
20260404040242    177    975.0   1030.0   20.0     76.1   1334.5   1408.9   0.800
20260404040242    177   1370.0   1385.0   20.0     26.1   1461.3   1470.0   0.676
20260404040242    178    305.0    320.0   20.0    218.9   1131.2   1435.3   0.792
20260404040242    179   1220.0   1235.0   20.0     22.8   1135.4   1131.1   0.415
20260404040242    179   1335.0   1350.0   20.0     25.2   1129.5   1162.1   0.693
20260404040242    180    380.0    395.0   20.0     31.3   1148.9   1202.7   0.669
20260404040242    180    445.0    465.0   20.0     22.9   1242.2   1268.6   0.595
20260404040242    180    500.0    565.0   20.0     68.1   1259.6   1317.5   0.735
20260404040242    180    625.0    650.0   20.0    115.3   1310.8   1140.9   0.817
20260404040242    180   1335.0   1380.0   20.0    105.3   1152.2   1143.7   0.816
20260404040242    180   1480.0   1495.0   20.0     20.8   1146.4   1145.1   0.545
20260404040242    181    510.0    525.0   20.0     36.3   1178.7   1178.9   0.606
20260404040242    181    645.0    660.0   20.0     22.8   1195.4   1180.9   0.713
20260404040242    181    755.0    775.0   20.0     28.4   1211.8   1211.6   0.814
20260404040242    181   1035.0   1050.0   20.0     64.7   1215.4   1283.4   0.754
20260404040242    181   1290.0   1340.0   20.0    137.6   1312.1   1375.8   0.706
20260404040242    183    715.0    730.0   20.0     27.2   1138.5   1140.1   0.435
20260404040242    183   1560.0   1575.0   20.0    121.0   1141.2   1365.1   0.901
20260404040242    184   1310.0   1325.0   20.0     26.6   1242.5   1239.8   0.815
20260404040242    185     15.0     55.0   20.0     33.5   1201.2   1217.8   0.725
20260404040242    185    195.0    210.0   20.0     20.8   1266.9   1267.0   0.516
20260404040242    185    295.0    310.0   20.0     33.7   1280.4   1314.1   0.688
20260404040242    185    365.0    390.0   20.0     77.9   1310.7   1364.0   0.644
20260404040242    185    455.0    470.0   20.0     45.5   1311.1   1136.3   0.853
20260404040242    185   1085.0   1105.0   20.0     59.8   1115.8   1116.4   0.742
20260404040242    186    455.0    470.0   20.0     22.7   1147.4   1143.6   0.801
20260404040242    186   1260.0   1285.0   20.0    262.8   1138.6   1142.6   0.828
20260404040242    186   1685.0   1700.0   20.0     20.0   1140.8   1141.3   0.485
20260404040242    187     20.0     35.0   20.0     55.3   1143.4   1144.5   0.651
20260404040242    190    755.0    775.0   20.0    103.4   1143.6   1142.8   0.743
20260404040242    190    980.0   1030.0   20.0     81.6   1147.9   1300.1   0.884
20260404040242    191     80.0     95.0   20.0     48.4   1049.7   1049.3   0.753
20260404040242    192     60.0     75.0   20.0     96.5   1150.9   1151.3   0.802
20260404040242    195    565.0    580.0   20.0    114.5   1285.9   1384.6   0.777
20260404040242    197     20.0     45.0   20.0    126.2   1172.2   1173.4   0.768
20260404040242    198    340.0    360.0   20.0    176.5   1195.8   1190.9   0.764
20260404040242    198    485.0    505.0   20.0    275.7   1189.3   1186.8   0.853
20260404040242    198   1260.0   1320.0   20.0    158.4   1192.7   1197.5   0.804
20260404040242    202    100.0    115.0   20.0    106.2   1180.7   1180.6   0.861
20260404040242    202   1105.0   1120.0   20.0     20.4   1177.6   1198.3   0.718
20260404040242    202   1475.0   1490.0   20.0     80.2   1179.8   1176.8   0.768
20260404040242    203   1580.0   1595.0   20.0     48.6   1666.7   1684.0   0.730
20260404040242    208    415.0    430.0   20.0     25.8   1180.5   1227.5   0.693
20260404040242    208    895.0    910.0   20.0     21.1   1252.5   1285.6   0.753
20260404040242    208    960.0    975.0   20.0     52.1   1292.2   1299.5   0.648
20260404040242    209    330.0    350.0   20.0     42.3   1197.0   1196.1   0.780
20260404040242    209    755.0    770.0   20.0     35.3   1177.7   1238.5   0.732
20260404040242    209   1080.0   1125.0   20.0     27.5   1243.8   1488.5   0.759
20260404040242    209   1200.0   1235.0   20.0     28.2   1391.3   1399.9   0.911
20260404040242    209   1435.0   1450.0   20.0     70.1   1309.3   1304.8   0.796
20260404040242    209   1550.0   1565.0   20.0     67.1   1302.2   1407.3   0.800
20260404040242    210    410.0    430.0   20.0    144.5   1214.0   1209.3   0.711
20260404040242    210    635.0    650.0   20.0     52.3   1203.7   1267.6   0.743
20260404040242    210    705.0    720.0   20.0     77.0   1266.4   1200.9   0.773
20260404040242    211     70.0     85.0   20.0     82.2   1197.7   1198.6   0.586
20260404040242    211    560.0    585.0   20.0    122.0   1197.1   1198.3   0.884
20260404040242    215   1015.0   1030.0   20.0     21.7   1205.7   1206.3   0.591
20260404040242    216      0.0   1800.0   20.0    219.5      0.0   2182.1   0.848
20260404040242    217   1035.0   1050.0   20.0     24.7   1280.8   1313.2   0.722
20260404040242    217   1200.0   1280.0   20.0     52.5   1333.6   1483.2   0.819
20260404040242    217   1320.0   1335.0   20.0     23.4   1529.9   1556.9   0.712
20260404040242    217   1420.0   1435.0   20.0    128.0   1657.8   1284.7   0.945
20260404040242    219    695.0    730.0   20.0    110.7   1215.8   1222.7   0.783
20260404040242    222   1485.0   1515.0   20.0    377.5   1213.9   1214.0   0.889
20260404040242    223   1080.0   1110.0   20.0    219.0   1249.3   1260.9   0.867
20260404040242    223   1235.0   1255.0   20.0    170.7   1258.3   1530.1   0.854
20260404040242    223   1335.0   1350.0   20.0     25.2   1521.0   1529.0   0.774
20260404040242    224    230.0    250.0   20.0    216.8   1237.8   1240.1   0.898
20260404040242    224    315.0    330.0   20.0    114.3   1243.7   1249.9   0.800
20260404040242    224    590.0    605.0   20.0     76.7   1247.0   1241.5   0.821
20260404040242    224   1215.0   1230.0   20.0     49.7   1243.3   1257.0   0.688
20260404040242    225    460.0    515.0   20.0     53.2   1269.4   1268.0   0.845
20260404040242    225    660.0    675.0   20.0     25.4   1265.1   1265.0   0.544
20260404040242    228     10.0     25.0   20.0     90.7   1291.6   1291.8   0.790
20260404040242    230    370.0    385.0   20.0     20.4    475.2    464.7   0.749
20260404040242    235    325.0    340.0   20.0     26.8   1329.4   1330.4   0.572
20260404040242    235    430.0    445.0   20.0     28.8   1417.2   1266.3   0.761
20260404040242    235    560.0    575.0   20.0     21.8   1271.5   1273.3   0.447
20260404040242    235   1590.0   1605.0   20.0     21.1   1259.3   1299.5   0.741
20260404040242    237    725.0    740.0   20.0     30.3   1337.5   1476.6   0.768
20260404040242    237    790.0    880.0   20.0     24.6   1569.1   1496.7   0.816
20260404040242    237    940.0    955.0   20.0     25.7   1446.7   1428.6   0.614
20260404040242    239    430.0    445.0   20.0     32.9   1268.5   1270.9   0.754
20260404040242    239   1785.0   1800.0   20.0     53.9   1279.3   1354.5   0.799
20260404040242    240    485.0    530.0   20.0     29.0   1292.0   1425.9   0.751
20260404040242    240    575.0    605.0   20.0    111.6   1427.9   1354.6   0.753
20260404040242    240    640.0    655.0   20.0     37.1   1353.8   1387.7   0.642
20260404040242    240    700.0    715.0   20.0     22.2   1413.5   1408.8   0.671
20260404040242    243    210.0    275.0   20.0    133.9   1338.6   1327.9   0.744
20260404040242    243   1470.0   1520.0   20.0     31.1   1309.2   1336.0   0.731
20260404040242    243   1755.0   1770.0   20.0     33.3   1319.1   1318.0   0.787
20260404040242    245     20.0     35.0   20.0     30.4   1313.8   1363.2   0.778
20260404040242    245   1260.0   1275.0   20.0     68.8   1417.0   1490.6   0.783
20260404040242    245   1345.0   1360.0   20.0     29.5   1481.4   1476.7   0.795
20260404040242    246    500.0    515.0   20.0     70.3   1342.6   1314.7   0.534
20260404040242    246    890.0    925.0   20.0    371.5   1315.3   1860.9   0.802
20260404040242    246   1120.0   1195.0   20.0    130.2   1827.2   1897.1   0.864
20260404040242    246   1445.0   1460.0   20.0     45.3   1663.8   1526.0   0.762
20260404040242    252     95.0    110.0   20.0     73.0   1439.2   1438.8   0.799
20260404040242    254   1085.0   1155.0   20.0     77.8   1380.7   1601.5   0.833
20260404040242    255   1475.0   1490.0   20.0     23.1   1467.7   1466.6   0.637
20260404043600      1    835.0    850.0   20.0     21.3   1185.8   1186.1   0.572
20260404043600      3    670.0    690.0   20.0     56.5   1192.8   1190.3   0.759
20260404043600      3   1535.0   1585.0   20.0     83.6   1237.4   1288.6   0.802
20260404043600      3   1705.0   1720.0   20.0     36.8   1253.5   1240.5   0.845
20260404043600      4   1175.0   1285.0   20.0    137.7   1181.4   1179.3   0.901
20260404043600      5   1325.0   1360.0   20.0    148.7   1172.7   1160.6   0.866
20260404043600      6     40.0     55.0   20.0     46.9   1181.3   1238.4   0.742
20260404043600      6    145.0    160.0   20.0     21.5   1230.5   1235.2   0.850
20260404043600      6    255.0    270.0   20.0     36.5   1241.9   1231.4   0.882
20260404043600      6    345.0    360.0   20.0    142.0   1236.4   1233.0   0.861
20260404043600      6    460.0    475.0   20.0     32.7   1262.7   1240.0   0.745
20260404043600      7   1425.0   1475.0   20.0     49.3   1203.3   1201.2   0.726
20260404043600      8   1220.0   1235.0   20.0     29.2   1187.4   1182.5   0.797
20260404043600      9   1590.0   1605.0   20.0     72.1   1166.8   1276.1   0.743
20260404043600      9   1640.0   1785.0   20.0     97.5   1282.7   1339.6   0.741
20260404043600     10   1630.0   1675.0   20.0     40.0   1631.3   1636.4   0.940
20260404043600     11   1450.0   1465.0   20.0     80.8   1204.5   1195.9   0.787
20260404043600     12    470.0    485.0   20.0     98.7   1155.2   1156.8   0.792
20260404043600     12    965.0    980.0   20.0     53.6   1166.0   1160.1   0.769
20260404043600     12   1195.0   1210.0   20.0     43.6   1162.2   1169.2   0.580
20260404043600     12   1525.0   1545.0   20.0    250.5   1152.2   1151.0   0.831
20260404043600     13    850.0    865.0   20.0     46.0   1160.3   1161.0   0.705
20260404043600     15   1755.0   1770.0   20.0     37.1   1161.0   1207.5   0.834
20260404043600     16    530.0    545.0   20.0     62.0   1225.1   1226.4   0.567
20260404043600     16   1050.0   1065.0   20.0    105.1   1236.9   1474.7   0.812
20260404043600     18    640.0    655.0   20.0     32.6   1265.1   1281.5   0.787
20260404043600     21    515.0    555.0   20.0     42.6   1132.5   1133.2   0.736
20260404043600     22    600.0    620.0   20.0    134.5   1151.7   1363.5   0.822
20260404043600     22   1385.0   1405.0   20.0     73.8   1284.0   1271.9   0.932
20260404043600     22   1475.0   1505.0   20.0     41.9   1317.8   1385.5   0.837
20260404043600     23     10.0     25.0   20.0     24.0   1472.0   1486.9   0.684
20260404043600     23    925.0    940.0   20.0     22.3   1499.1   1502.4   0.721
20260404043600     24    375.0    395.0   20.0     34.6   1143.2   1147.1   0.753
20260404043600     28    735.0    750.0   20.0     42.1   1144.5   1135.2   0.744
20260404043600     29    610.0    645.0   20.0     40.1   1122.4   1203.1   0.880
20260404043600     29    735.0    750.0   20.0     30.6   1201.8   1250.6   0.788
20260404043600     31    620.0    635.0   20.0     25.7   1126.7   1168.3   0.686
20260404043600     31   1135.0   1180.0   20.0    189.7   1189.1   1126.1   0.949
20260404043600     31   1655.0   1670.0   20.0     37.5   1118.4   1119.1   0.588
20260404043600     32    655.0    670.0   20.0     23.0   1134.5   1132.1   0.753
20260404043600     32    920.0    935.0   20.0     78.3   1127.3   1406.7   0.866
20260404043600     32   1335.0   1350.0   20.0     23.3   1470.1   1476.4   0.594
20260404043600     33    970.0    985.0   20.0     28.4   1130.7   1162.7   0.697
20260404043600     33   1215.0   1230.0   20.0     99.5   1203.5   1297.8   0.739
20260404043600     33   1595.0   1630.0   20.0     34.8   1188.0   1281.1   0.788
20260404043600     34     35.0     50.0   20.0     38.8   1319.8   1344.4   0.555
20260404043600     34    155.0    165.0   20.0     21.0   1343.5   1363.9   0.640
20260404043600     34    215.0    275.0   20.0    147.7   1391.2   1121.8   0.879
20260404043600     37   1750.0   1765.0   20.0     72.7   1357.4   1359.7   0.856
20260404043600     38     10.0     25.0   20.0     31.6   1801.6   1804.5   0.906
20260404043600     43    345.0    410.0   20.0    125.4   1113.7   1115.8   0.898
20260404043600     46    750.0    775.0   20.0     66.3   1116.2   1161.1   0.863
20260404043600     46    810.0    825.0   20.0     49.7   1154.3   1111.6   0.728
20260404043600     48     60.0    200.0   20.0     37.2    342.5    317.1   0.558
20260404043600     48    285.0    335.0   20.0     21.6    320.5    322.7   0.550
20260404043600     48    415.0    475.0   20.0     33.3    316.9    325.5   0.586
20260404043600     48    530.0    545.0   20.0     32.6    323.4    305.4   0.581
20260404043600     48    830.0    870.0   20.0     35.8    325.2    324.2   0.592
20260404043600     48   1005.0   1020.0   20.0     32.0    318.7    330.9   0.628
20260404043600     48   1060.0   1080.0   20.0     38.8    329.7    327.7   0.664
20260404043600     48   1170.0   1185.0   20.0     32.5    324.9    325.8   0.573
20260404043600     48   1240.0   1300.0   20.0     34.4    311.2    318.5   0.632
20260404043600     49   1705.0   1720.0   20.0     25.6   1077.0   1128.2   0.742
20260404043600     50     15.0     30.0   20.0     75.4   1218.8   1092.8   0.789
20260404043600     50    465.0    585.0   20.0    136.4   1087.2   1097.6   0.828
20260404043600     50    665.0    755.0   20.0    293.9   1088.8   1088.3   0.849
20260404043600     50   1770.0   1785.0   20.0     40.6   1076.6   1077.2   0.739
20260404043600     51      0.0     50.0   20.0     21.7      0.0   1134.1   0.802
20260404043600     51   1235.0   1250.0   20.0     33.1   1229.7   1223.8   0.681
20260404043600     51   1520.0   1535.0   20.0    128.9   1184.9   1329.1   0.774
20260404043600     51   1670.0   1685.0   20.0     27.6   1388.1   1401.6   0.598
20260404043600     53   1475.0   1500.0   20.0     88.5   1097.1   1095.8   0.749
20260404043600     55    525.0    560.0   20.0     30.6   1112.2   1199.0   0.828
20260404043600     55    610.0    655.0   20.0     28.1   1217.9   1230.6   0.626
20260404043600     55    715.0    730.0   20.0     47.4   1224.8   1246.0   0.637
20260404043600     55    920.0    930.0   20.0     26.8   1358.3   1334.9   0.402
20260404043600     55   1005.0   1035.0   20.0    185.2   1345.7   1318.9   0.736
20260404043600     55   1080.0   1095.0   20.0     31.4   1325.9   1333.6   0.689
20260404043600     55   1265.0   1315.0   20.0     24.6   1373.7   1508.8   0.805
20260404043600     55   1380.0   1395.0   20.0     22.8   1386.3   1463.4   0.756
20260404043600     56    290.0    310.0   20.0    155.2   1095.3   1430.7   0.751
20260404043600     56    710.0    725.0   20.0    167.1   1427.2   1480.0   0.757
20260404043600     60      0.0     10.0   20.0    141.5      0.0   1579.0   0.639
20260404043600     61    675.0    695.0   20.0     67.1   1089.0   1092.4   0.752
20260404043600     61    950.0    965.0   20.0     23.6   1093.1   1087.8   0.511
20260404043600     63     45.0     60.0   20.0     29.9   1104.2   1144.2   0.747
20260404043600     63    490.0    505.0   20.0    199.9   1164.3   1416.7   0.813
20260404043600     65    285.0    305.0   20.0     78.1   1079.9   1079.5   0.843
20260404043600     65    800.0    815.0   20.0     49.5   1077.8   1146.1   0.753
20260404043600     65   1045.0   1060.0   20.0    102.6   1173.4   1181.9   0.842
20260404043600     65   1160.0   1180.0   20.0    189.4   1186.8   1082.6   0.773
20260404043600     66    500.0    520.0   20.0     51.2   1176.8   1178.5   0.805
20260404043600     69    950.0    965.0   20.0     43.9   1092.9   1222.7   0.790
20260404043600     69   1025.0   1045.0   20.0     27.4   1258.5   1269.2   0.863
20260404043600     69   1315.0   1330.0   20.0     30.5   1295.1   1298.6   0.816
20260404043600     69   1410.0   1440.0   20.0     31.8   1304.9   1353.0   0.841
20260404043600     69   1570.0   1585.0   20.0     29.8   1355.1   1341.4   0.648
20260404043600     76    200.0    215.0   20.0     47.0   1145.5   1212.4   0.812
20260404043600     77      0.0     10.0   20.0    205.9      0.0   1145.0   0.868
20260404043600     77    270.0    310.0   20.0     29.0   1155.0   1156.1   0.788
20260404043600     77    345.0    365.0   20.0     59.2   1173.6   1368.9   0.752
20260404043600     77    400.0    415.0   20.0     21.0   1376.8   1385.6   0.506
20260404043600     77    545.0    560.0   20.0     25.8   1459.2   1451.2   0.673
20260404043600     77    600.0    615.0   20.0     32.8   1476.1   1457.7   0.513
20260404043600     77    955.0    970.0   20.0     30.6   1525.4   1550.2   0.744
20260404043600     81     45.0     65.0   20.0     92.3   1083.6   1082.5   0.879
20260404043600     83    610.0    625.0   20.0     60.2   1075.5   1079.8   0.667
20260404043600     83   1170.0   1220.0   20.0    200.9   1073.2   1078.1   0.896
20260404043600     86      5.0     15.0   20.0     51.5   1240.3   1209.8   0.494
20260404043600     86   1575.0   1620.0   20.0     56.7   1164.0   1165.3   0.791
20260404043600     89     65.0     80.0   20.0     92.3   1089.7   1126.5   0.885
20260404043600     90   1645.0   1660.0   20.0     34.5    563.5    526.8   0.477
20260404043600     92    130.0    145.0   20.0     30.1   1053.7   1094.7   0.715
20260404043600     92    510.0    555.0   20.0     28.3   1164.1   1204.8   0.516
20260404043600     92   1150.0   1165.0   20.0     93.4   1225.5   1251.3   0.902
20260404043600     94    390.0    410.0   20.0     43.6   1122.9   1122.9   0.914
20260404043600     94   1475.0   1490.0   20.0    167.8   1181.4   1363.5   0.682
20260404043600     96    315.0    330.0   20.0     60.1   1159.4   1085.0   0.835
20260404043600     97   1120.0   1135.0   20.0     38.9   1717.0   1713.3   0.754
20260404043600     99    470.0    485.0   20.0     51.0   1081.4   1079.8   0.786
20260404043600     99   1555.0   1635.0   20.0     97.9   1080.7   1247.8   0.915
20260404043600     99   1790.0   1800.0   20.0     75.0   1125.6   1136.8   0.580
20260404043600    105     45.0     60.0   20.0     24.0   1694.7   1656.2   0.785
20260404043600    105    145.0    210.0   20.0     31.5   1652.3   1693.6   0.887
20260404043600    106    260.0    295.0   20.0     42.3   1080.8   1082.6   0.878
20260404043600    107   1215.0   1230.0   20.0     65.4   1104.5   1104.2   0.745
20260404043600    112    870.0    890.0   20.0    354.4   1085.8   1575.9   0.840
20260404043600    114    465.0    480.0   20.0     21.5   1190.9   1213.4   0.632
20260404043600    114    625.0    640.0   20.0     46.3   1286.9   1467.5   0.821
20260404043600    115      0.0     25.0   20.0     56.4      0.0   1522.5   0.835
20260404043600    115     60.0     75.0   20.0     28.9   1473.7   1499.4   0.566
20260404043600    115    155.0    170.0   20.0     22.9   1547.4   1551.5   0.678
20260404043600    118    470.0    485.0   20.0    119.8   1062.3   1062.8   0.826
20260404043600    118   1265.0   1280.0   20.0     24.5   1060.5   1089.0   0.741
20260404043600    118   1480.0   1495.0   20.0     31.1   1108.9   1127.5   0.800
20260404043600    118   1620.0   1675.0   20.0     59.3   1166.3   1230.7   0.881
20260404043600    119    130.0    145.0   20.0     27.1   1070.2   1089.6   0.755
20260404043600    119    315.0    330.0   20.0     94.2   1127.4   1128.0   0.603
20260404043600    119    660.0    675.0   20.0    158.2   1179.4   1165.2   0.791
20260404043600    119    965.0    995.0   20.0     69.6   1138.3   1145.3   0.928
20260404043600    119   1095.0   1110.0   20.0     41.8   1139.2   1295.2   0.850
20260404043600    119   1225.0   1240.0   20.0     27.5   1300.4   1307.3   0.870
20260404043600    119   1290.0   1305.0   20.0     41.5   1315.1   1252.9   0.895
20260404043600    120   1070.0   1135.0   20.0    164.6   1060.1   1058.2   0.799
20260404043600    122   1285.0   1330.0   20.0     40.8   1163.6   1248.4   0.808
20260404043600    122   1385.0   1400.0   20.0     20.9   1253.4   1259.9   0.727
20260404043600    122   1485.0   1500.0   20.0     61.0   1253.8   1160.7   0.752
20260404043600    125   1225.0   1240.0   20.0     28.0   1090.6   1094.7   0.670
20260404043600    127   1735.0   1755.0   20.0    131.9   1075.6   1296.2   0.823
20260404043600    128    210.0    225.0   20.0     20.7   1292.7   1270.4   0.778
20260404043600    128    305.0    320.0   20.0     26.4   1225.3   1079.4   0.963
20260404043600    130    385.0    400.0   20.0     29.6   1110.4   1088.8   0.780
20260404043600    130   1335.0   1350.0   20.0     89.9   1090.2   1085.2   0.664
20260404043600    132    170.0    185.0   20.0     20.0   1073.8   1105.6   0.744
20260404043600    132    300.0    410.0   20.0     95.4   1120.2   1227.2   0.855
20260404043600    132    910.0    925.0   20.0     62.6   1380.6   1412.8   0.839
20260404043600    132   1180.0   1195.0   20.0     20.7   1357.1   1381.7   0.750
20260404043600    132   1765.0   1785.0   20.0     38.4   1424.2   1408.2   0.828
20260404043600    133    805.0    825.0   20.0     58.1   1087.3   1080.2   0.796
20260404043600    134    685.0    700.0   20.0     62.0   1136.1   1138.8   0.850
20260404043600    134   1305.0   1320.0   20.0     62.8   1134.2   1133.7   0.646
20260404043600    135    245.0    275.0   20.0     23.6   1224.0   1396.7   0.788
20260404043600    135    325.0    340.0   20.0     23.2   1410.7   1355.9   0.893
20260404043600    135   1045.0   1060.0   20.0     31.6   1402.2   1443.1   0.863
20260404043600    139     15.0     30.0   20.0     54.2   1086.8   1069.1   0.782
20260404043600    142    180.0    205.0   20.0     34.4   1192.0   1241.8   0.775
20260404043600    142    410.0    475.0   20.0     42.8   1198.4   1334.3   0.835
20260404043600    142    535.0    550.0   20.0     56.0   1340.3   1407.0   0.894
20260404043600    142    830.0    850.0   20.0     33.7   1419.7   1423.3   0.834
20260404043600    143    175.0    190.0   20.0     37.2   1076.6   1122.3   0.745
20260404043600    143    405.0    480.0   20.0    118.0   1151.7   1161.7   0.905
20260404043600    143    710.0    725.0   20.0     24.0   1172.1   1191.4   0.730
20260404043600    143    965.0    980.0   20.0     61.5   1199.8   1235.0   0.722
20260404043600    143   1030.0   1045.0   20.0     55.9   1226.9   1212.2   0.944
20260404043600    143   1490.0   1505.0   20.0     27.3   1247.6   1267.5   0.732
20260404043600    146    695.0    710.0   20.0     37.8   1137.5   1153.5   0.782
20260404043600    148   1615.0   1645.0   20.0    224.3   1096.0   1109.4   0.952
20260404043600    150      0.0     20.0   20.0     23.1      0.0    625.9   0.569
20260404043600    150     80.0    100.0   20.0     26.9    625.6    642.4   0.437
20260404043600    150    165.0    180.0   20.0     48.2    661.0    653.9   0.503
20260404043600    150    230.0    480.0   20.0     57.2    647.4    685.6   0.648
20260404043600    150    515.0   1800.0   20.0     58.9    692.5    698.7   0.720
20260404043600    152    815.0    835.0   20.0    197.9   1084.8   1088.1   0.858
20260404043600    152   1250.0   1285.0   20.0     95.8   1077.5   1077.5   0.822
20260404043600    154   1700.0   1715.0   20.0     21.1   1179.2   1206.1   0.824
20260404043600    155   1015.0   1035.0   20.0     51.4   1141.0   1139.4   0.900
20260404043600    157    965.0    985.0   20.0     58.9   1146.1   1145.9   0.802
20260404043600    158    790.0    810.0   20.0    145.2   1114.2   1098.0   0.784
20260404043600    159    230.0    250.0   20.0     49.5   1078.7   1232.7   0.808
20260404043600    159    700.0    715.0   20.0     28.7   1102.7   1202.4   0.804
20260404043600    161    235.0    250.0   20.0     27.7   1045.8   1048.6   0.863
20260404043600    161    665.0    680.0   20.0     55.0   1039.2   1038.4   0.633
20260404043600    161    715.0    730.0   20.0     23.2   1038.0   1036.1   0.853
20260404043600    161    820.0    830.0   20.0     20.3   1038.6   1037.1   0.861
20260404043600    161    945.0    960.0   20.0     23.8   1034.3   1032.3   0.871
20260404043600    161   1110.0   1125.0   20.0     20.6   1036.5   1043.4   0.851
20260404043600    161   1175.0   1190.0   20.0     21.4   1037.7   1041.9   0.864
20260404043600    161   1270.0   1285.0   20.0     53.1   1036.5   1037.0   0.860
20260404043600    161   1325.0   1345.0   20.0     46.7   1040.3   1042.3   0.877
20260404043600    161   1600.0   1615.0   20.0     21.4   1038.2   1039.9   0.867
20260404043600    161   1675.0   1715.0   20.0     32.3   1040.5   1039.8   0.883
20260404043600    163   1495.0   1510.0   20.0     22.2   1107.6   1152.2   0.716
20260404043600    164    285.0    340.0   20.0    100.2   1120.8   1131.4   0.767
20260404043600    165    825.0    880.0   20.0     26.2   1109.8   1180.2   0.765
20260404043600    165   1295.0   1315.0   20.0     43.0   1171.4   1527.6   0.865
20260404043600    166     70.0     85.0   20.0     31.0   1199.3   1192.6   0.723
20260404043600    166    640.0    665.0   20.0    181.3   1304.0   1147.4   0.919
20260404043600    167    755.0    770.0   20.0     65.9   1112.8   1111.9   0.698
20260404043600    168    845.0    920.0   20.0     98.6   1261.7   1266.3   0.763
20260404043600    168    970.0    985.0   20.0     56.8   1256.4   1311.3   0.731
20260404043600    168   1060.0   1090.0   20.0     34.4   1307.2   1280.8   0.764
20260404043600    169    410.0    425.0   20.0     52.2   1159.0   1116.3   0.723
20260404043600    169   1085.0   1125.0   20.0     69.2   1117.4   1115.5   0.762
20260404043600    170   1380.0   1395.0   20.0     20.7   1306.1   1305.1   0.823
20260404043600    171    335.0    350.0   20.0     38.1   1344.6   1284.2   0.828
20260404043600    175    145.0    160.0   20.0     20.9   1128.4   1158.5   0.737
20260404043600    175    970.0    990.0   20.0    168.1   1196.8   1203.7   0.854
20260404043600    175   1060.0   1080.0   20.0    137.5   1200.1   1203.6   0.837
20260404043600    176     10.0     70.0   20.0     57.8   1411.2   1490.7   0.808
20260404043600    176    270.0    285.0   20.0     22.4   1485.0   1478.8   0.668
20260404043600    177    135.0    150.0   20.0     40.9   1141.4   1144.8   0.761
20260404043600    177    255.0    270.0   20.0     56.2   1143.9   1203.8   0.714
20260404043600    177    360.0    375.0   20.0     79.9   1225.4   1145.7   0.743
20260404043600    177    585.0    600.0   20.0     24.8   1141.6   1140.9   0.586
20260404043600    177   1025.0   1040.0   20.0     21.8   1137.2   1166.2   0.657
20260404043600    177   1530.0   1545.0   20.0     65.2   1171.4   1176.9   0.792
20260404043600    177   1680.0   1705.0   20.0    165.0   1176.9   1175.7   0.917
20260404043600    179     65.0    125.0   20.0     76.6   1129.1   1158.9   0.735
20260404043600    179    470.0    485.0   20.0     41.3   1196.0   1191.8   0.818
20260404043600    179    670.0    685.0   20.0     26.5   1210.2   1258.2   0.850
20260404043600    179    945.0    960.0   20.0     28.4   1254.9   1212.4   0.726
20260404043600    180     15.0    105.0   20.0    131.4   1144.6   1295.5   0.840
20260404043600    180    225.0    240.0   20.0     26.8   1399.1   1387.1   0.702
20260404043600    181    300.0    325.0   20.0     31.7   1153.9   1152.6   0.839
20260404043600    182    915.0    930.0   20.0     64.3   1815.8   1790.8   0.615
20260404043600    183    660.0    675.0   20.0     41.2   1177.2   1175.8   0.780
20260404043600    184    180.0    200.0   20.0     50.7   1245.4   1260.6   0.874
20260404043600    185    520.0    540.0   20.0     53.5   1130.4   1120.9   0.808
20260404043600    186    960.0    975.0   20.0    102.0   1162.7   1148.1   0.795
20260404043600    187     30.0     45.0   20.0     54.0   1147.4   1228.8   0.819
20260404043600    187    110.0    160.0   20.0    162.7   1225.9   1415.6   0.904
20260404043600    187    210.0    280.0   20.0     71.3   1334.5   1392.7   0.847
20260404043600    187    550.0    585.0   20.0    109.2   1407.6   1496.8   0.824
20260404043600    191    400.0    470.0   20.0    133.6   1052.6   1058.8   0.911
20260404043600    191    590.0    605.0   20.0     52.8   1068.3   1081.6   0.823
20260404043600    191   1380.0   1395.0   20.0     20.7   1084.6   1084.7   0.785
20260404043600    191   1675.0   1710.0   20.0     39.2   1084.8   1158.5   0.852
20260404043600    192    260.0    325.0   20.0     77.9   1205.8   1391.3   0.914
20260404043600    193    335.0    350.0   20.0     50.4   1168.3   1162.6   0.727
20260404043600    195     35.0     50.0   20.0     36.1   1220.4   1343.2   0.899
20260404043600    195    595.0    645.0   20.0     98.1   1337.9   1306.3   0.762
20260404043600    195   1170.0   1185.0   20.0     31.1   1301.4   1330.4   0.775
20260404043600    198    135.0    150.0   20.0     21.3   1185.4   1186.5   0.741
20260404043600    198    340.0    350.0   20.0     36.3   1192.9   1187.6   0.408
20260404043600    198    620.0    635.0   20.0     64.6   1236.3   1187.7   0.764
20260404043600    198   1060.0   1070.0   20.0     49.3   1188.8   1188.3   0.605
20260404043600    198   1600.0   1615.0   20.0     37.3   1200.7   1182.6   0.620
20260404043600    199    180.0    200.0   20.0     30.1   1227.3   1264.8   0.871
20260404043600    199   1620.0   1635.0   20.0     38.4   1240.2   1375.0   0.850
20260404043600    199   1755.0   1775.0   20.0     39.8   1259.0   1264.2   0.896
20260404043600    202    310.0    330.0   20.0     87.8   1227.3   1331.5   0.902
20260404043600    202    490.0    505.0   20.0    147.0   1266.6   1444.5   0.781
20260404043600    202    645.0    660.0   20.0     52.5   1453.9   1181.1   0.964
20260404043600    204    455.0    470.0   20.0     22.8   1665.5   1636.1   0.647
20260404043600    204   1295.0   1310.0   20.0     21.1   1635.0   1629.3   0.833
20260404043600    204   1670.0   1685.0   20.0     24.9   1644.5   1637.0   0.844
20260404043600    204   1735.0   1750.0   20.0     24.6   1631.8   1633.8   0.766
20260404043600    208    235.0    250.0   20.0     83.7   1186.4   1187.1   0.805
20260404043600    209   1495.0   1510.0   20.0     22.8   1194.4   1177.2   0.620
20260404043600    209   1655.0   1685.0   20.0    272.8   1178.9   1177.8   0.837
20260404043600    210    230.0    250.0   20.0     83.7   1250.9   1226.7   0.777
20260404043600    211    155.0    170.0   20.0     71.0   1198.1   1200.1   0.700
20260404043600    211    985.0   1015.0   20.0     71.6   1196.1   1192.9   0.733
20260404043600    215    515.0    530.0   20.0     21.8   1211.1   1209.6   0.454
20260404043600    215    755.0    770.0   20.0     28.4   1206.6   1209.4   0.768
20260404043600    216      0.0   1800.0   20.0    250.9      0.0   2236.6   0.856
20260404043600    217   1415.0   1430.0   20.0     24.1   1276.7   1308.0   0.718
20260404043600    219    470.0    490.0   20.0    248.0   1221.2   1223.1   0.820
20260404043600    219   1525.0   1540.0   20.0     20.6   1222.9   1210.4   0.658
20260404043600    221    690.0    705.0   20.0     70.5   1221.2   1220.1   0.788
20260404043600    222    455.0    470.0   20.0     47.8   1223.1   1223.9   0.617
20260404043600    222   1655.0   1670.0   20.0    124.8   1219.8   1471.2   0.854
20260404043600    223     60.0    110.0   20.0     34.5   1247.3   1246.7   0.766
20260404043600    223   1360.0   1375.0   20.0    103.0   1279.9   1284.4   0.612
20260404043600    228   1200.0   1220.0   20.0    238.5   1284.4   1282.6   0.866
20260404043600    230   1275.0   1290.0   20.0     28.4    439.6    433.1   0.738
20260404043600    233    570.0    665.0   20.0     47.5   1256.9   1348.7   0.759
20260404043600    233    960.0    980.0   20.0     89.4   1349.4   1542.6   0.934
20260404043600    235    535.0    550.0   20.0     21.4   1271.2   1272.6   0.456
20260404043600    235   1530.0   1545.0   20.0     66.1   1258.3   1259.6   0.586
20260404043600    238    795.0    810.0   20.0     48.8   1367.7   1363.9   0.812
20260404043600    238   1490.0   1505.0   20.0     26.8   1350.1   1384.1   0.895
20260404043600    239     25.0     40.0   20.0     29.4   1275.2   1407.0   0.856
20260404043600    239     75.0    135.0   20.0    127.8   1482.1   1283.2   0.943
20260404043600    239    310.0    330.0   20.0    158.1   1281.1   1282.8   0.844
20260404043600    239    705.0    745.0   20.0    223.3   1277.9   1281.4   0.928
20260404043600    240    350.0    365.0   20.0    147.7   1291.7   1295.0   0.616
20260404043600    240    860.0    875.0   20.0     28.4   1349.7   1364.4   0.813
20260404043600    240    915.0    965.0   20.0     90.1   1374.4   1481.9   0.814
20260404043600    240   1030.0   1060.0   20.0    122.0   1505.5   1716.2   0.871
20260404043600    240   1355.0   1370.0   20.0     59.2   1581.2   1375.5   0.654
20260404043600    240   1635.0   1645.0   20.0     29.3   1352.4   1276.2   0.443
20260404043600    243   1700.0   1715.0   20.0     53.5   1273.1   1326.1   0.694
20260404043600    244   1340.0   1355.0   20.0     36.8   1320.0   1307.0   0.653
20260404043600    244   1505.0   1550.0   20.0     53.2   1309.9   1700.7   0.869
20260404043600    245    600.0    615.0   20.0     28.3   1310.5   1343.5   0.749
20260404043600    245   1590.0   1605.0   20.0     44.1   1381.4   1344.1   0.751
20260404043600    246     50.0     90.0   20.0    180.6   1460.2   1323.0   0.894
20260404043600    246    210.0    235.0   20.0     32.0   1323.4   1323.6   0.866
20260404043600    246    535.0    550.0   20.0     21.2   1319.2   1350.0   0.527
20260404043600    252    360.0    375.0   20.0     74.5   1422.9   1416.1   0.717
20260404043600    255    915.0    930.0   20.0     21.6   1472.6   1469.6   0.664
20260404050917      1     65.0    100.0   20.0    113.1   1190.7   1225.0   0.755
20260404050917      1    160.0    175.0   20.0     45.9   1230.9   1187.3   0.640
20260404050917      1   1030.0   1045.0   20.0     24.3   1208.4   1186.1   0.556
20260404050917      3    380.0    415.0   20.0     22.8   1268.5   1296.9   0.670
20260404050917      3    450.0    465.0   20.0     22.4   1287.5   1284.0   0.505
20260404050917      3    540.0    555.0   20.0     64.6   1288.9   1290.0   0.728
20260404050917      3    655.0    675.0   20.0    125.7   1291.3   1177.1   0.834
20260404050917      4    420.0    435.0   20.0     22.0   1194.3   1187.6   0.546
20260404050917      4    650.0    665.0   20.0     25.3   1186.5   1185.2   0.488
20260404050917      4    765.0    780.0   20.0     28.2   1187.7   1182.3   0.724
20260404050917      5   1365.0   1385.0   20.0    256.5   1173.1   1171.8   0.853
20260404050917      6   1775.0   1800.0   20.0    140.2   1186.0   1442.7   0.856
20260404050917      7    160.0    175.0   20.0     38.3   1214.7   1211.5   0.657
20260404050917      7    540.0    555.0   20.0    186.3   1231.8   1532.5   0.830
20260404050917      7   1650.0   1665.0   20.0     80.9   1567.0   1589.6   0.645
20260404050917      7   1755.0   1780.0   20.0    180.2   1566.5   1593.8   0.742
20260404050917      8   1475.0   1495.0   20.0     47.4   1188.2   1237.2   0.864
20260404050917      8   1605.0   1635.0   20.0     28.9   1302.5   1362.9   0.708
20260404050917      8   1685.0   1700.0   20.0     20.4   1361.3   1367.4   0.819
20260404050917      9    275.0    290.0   20.0     22.2   1170.2   1221.1   0.751
20260404050917      9    445.0    455.0   20.0     22.4   1205.1   1198.1   0.427
20260404050917      9    730.0    785.0   20.0     81.4   1202.2   1164.7   0.728
20260404050917     10    470.0    485.0   20.0     40.1   1517.4   1503.5   0.716
20260404050917     12    655.0    665.0   20.0     64.3   1159.9   1157.1   0.622
20260404050917     12   1015.0   1030.0   20.0     26.2   1162.9   1196.0   0.758
20260404050917     12   1280.0   1295.0   20.0     91.9   1226.2   1218.5   0.726
20260404050917     13      5.0    115.0   20.0     75.1   1361.7   1528.9   0.847
20260404050917     13    855.0    870.0   20.0     62.8   1251.1   1238.8   0.659
20260404050917     14    885.0    900.0   20.0     40.0    951.3   1051.6   0.900
20260404050917     15    115.0    130.0   20.0     22.0   1216.8   1276.2   0.715
20260404050917     15    165.0    230.0   20.0    106.2   1309.4   1167.0   0.825
20260404050917     15    545.0    560.0   20.0     26.4   1165.1   1228.1   0.781
20260404050917     15    710.0    725.0   20.0     29.6   1242.6   1310.2   0.780
20260404050917     15    775.0    790.0   20.0     56.5   1320.9   1497.6   0.841
20260404050917     15    985.0   1000.0   20.0     70.5   1526.0   1498.4   0.791
20260404050917     15   1110.0   1125.0   20.0     37.7   1511.6   1561.3   0.846
20260404050917     16    270.0    285.0   20.0     28.8   1521.4   1220.9   0.901
20260404050917     16   1055.0   1070.0   20.0     34.0   1222.0   1295.4   0.772
20260404050917     16   1130.0   1145.0   20.0    102.5   1263.6   1632.0   0.882
20260404050917     16   1355.0   1370.0   20.0    119.5   1546.5   1225.0   0.952
20260404050917     18     55.0     75.0   20.0     29.0   1197.4   1201.2   0.809
20260404050917     18    545.0    580.0   20.0     73.3   1225.2   1413.6   0.886
20260404050917     18    625.0    645.0   20.0     65.4   1422.1   1255.9   0.907
20260404050917     18   1285.0   1300.0   20.0     35.3   1326.5   1175.4   0.929
20260404050917     22    295.0    310.0   20.0     41.6   1224.8   1328.3   0.803
20260404050917     22    400.0    415.0   20.0     87.7   1300.1   1334.4   0.769
20260404050917     22    515.0    530.0   20.0     20.4   1357.7   1396.0   0.535
20260404050917     24    455.0    470.0   20.0     30.5   1145.3   1176.5   0.762
20260404050917     24    510.0    525.0   20.0     47.2   1188.7   1139.5   0.784
20260404050917     24   1755.0   1770.0   20.0    122.3   1138.9   1375.3   0.815
20260404050917     29   1225.0   1240.0   20.0     22.2   1130.0   1130.6   0.531
20260404050917     29   1320.0   1340.0   20.0    106.6   1129.2   1335.6   0.860
20260404050917     29   1770.0   1785.0   20.0     20.5   1365.4   1378.9   0.495
20260404050917     30    540.0    555.0   20.0     56.3   1895.5   1892.9   0.699
20260404050917     31    630.0    655.0   20.0    238.7   1126.1   1123.5   0.867
20260404050917     32    190.0    210.0   20.0     37.2   1131.3   1339.3   0.802
20260404050917     32    250.0    265.0   20.0     27.5   1350.7   1351.7   0.701
20260404050917     32    410.0    445.0   20.0     54.5   1334.5   1347.6   0.807
20260404050917     32    490.0    520.0   20.0     43.6   1367.4   1431.6   0.843
20260404050917     32    970.0    985.0   20.0     22.7   1497.2   1503.9   0.745
20260404050917     33    415.0    430.0   20.0     71.6   1133.3   1136.0   0.782
20260404050917     33    890.0    905.0   20.0     20.4   1131.9   1135.3   0.505
20260404050917     33   1505.0   1520.0   20.0     48.4   1138.9   1138.5   0.690
20260404050917     34      5.0     20.0   20.0     68.2   1131.0   1125.5   0.757
20260404050917     34     55.0     70.0   20.0     44.8   1125.9   1127.3   0.709
20260404050917     34   1405.0   1420.0   20.0     42.9   1128.5   1133.6   0.763
20260404050917     34   1615.0   1630.0   20.0     45.8   1129.2   1133.0   0.787
20260404050917     36    450.0    465.0   20.0     29.5   1551.0   1609.9   0.895
20260404050917     36    645.0    660.0   20.0     39.6   1566.8   1578.9   0.553
20260404050917     37     35.0     55.0   20.0     50.3   1373.6   1366.7   0.830
20260404050917     39   1175.0   1210.0   20.0    123.9   1326.9   1574.3   0.748
20260404050917     39   1480.0   1495.0   20.0     26.9   1515.6   1503.4   0.686
20260404050917     40   1300.0   1315.0   20.0     24.8   1150.7   1163.8   0.687
20260404050917     40   1495.0   1510.0   20.0     41.1   1149.7   1143.9   0.793
20260404050917     40   1555.0   1800.0   20.0     81.2   1144.0   1244.1   0.849
20260404050917     41    895.0    915.0   20.0     68.6   1104.1   1100.9   0.838
20260404050917     43    455.0    470.0   20.0     29.0   1116.5   1152.4   0.739
20260404050917     43    680.0    695.0   20.0    226.4   1170.4   1276.6   0.732
20260404050917     43    845.0    860.0   20.0     56.3   1222.9   1307.4   0.814
20260404050917     43   1370.0   1385.0   20.0     26.0   1288.0   1313.5   0.742
20260404050917     43   1570.0   1585.0   20.0     52.5   1344.9   1337.8   0.657
20260404050917     45    695.0    710.0   20.0     20.1   1194.4   1240.7   0.789
20260404050917     45    945.0    965.0   20.0     38.1   1253.1   1231.7   0.796
20260404050917     45   1125.0   1140.0   20.0     38.2   1255.0   1228.8   0.753
20260404050917     45   1260.0   1275.0   20.0     40.5   1238.4   1318.4   0.844
20260404050917     45   1725.0   1740.0   20.0     49.8   1305.3   1309.9   0.834
20260404050917     46    305.0    475.0   20.0    147.4   1110.1   1443.2   0.815
20260404050917     46    540.0    630.0   20.0     29.4   1490.5   1539.6   0.778
20260404050917     46    665.0    680.0   20.0     43.8   1456.4   1466.6   0.760
20260404050917     46    735.0    750.0   20.0     78.2   1476.1   1568.1   0.862
20260404050917     46    790.0    845.0   20.0     59.9   1575.1   1553.2   0.751
20260404050917     46   1030.0   1045.0   20.0    106.3   1565.7   1670.3   0.771
20260404050917     48     25.0     65.0   20.0     73.4    322.9    374.7   0.692
20260404050917     48    435.0    450.0   20.0     29.8    367.6    369.0   0.489
20260404050917     48    540.0    635.0   20.0     65.8    372.1    381.1   0.662
20260404050917     48    710.0   1800.0   20.0    104.6    374.8    518.5   0.778
20260404050917     49    620.0    635.0   20.0     51.3   1082.6   1082.0   0.783
20260404050917     49   1515.0   1545.0   20.0    113.5   1087.3   1318.4   0.856
20260404050917     50    285.0    340.0   20.0    200.9   1094.2   1094.8   0.866
20260404050917     51   1225.0   1240.0   20.0     75.5   1145.9   1149.6   0.726
20260404050917     52   1645.0   1675.0   20.0     59.3   1171.0   1171.7   0.890
20260404050917     52   1775.0   1790.0   20.0     21.0   1178.0   1172.9   0.791
20260404050917     53   1030.0   1045.0   20.0     23.2   1146.8   1159.8   0.637
20260404050917     53   1130.0   1150.0   20.0     90.6   1166.8   1199.2   0.824
20260404050917     53   1225.0   1300.0   20.0    165.0   1190.0   1310.9   0.848
20260404050917     53   1595.0   1675.0   20.0     33.3   1469.3   1473.9   0.847
20260404050917     53   1790.0   1800.0   20.0     52.2   1477.6   1470.5   0.613
20260404050917     55     70.0    105.0   20.0     30.2   1335.2   1518.2   0.719
20260404050917     55    425.0    435.0   20.0     54.0   1540.0   1521.9   0.493
20260404050917     55    705.0    720.0   20.0     31.4   1458.6   1464.7   0.607
20260404050917     55   1695.0   1720.0   20.0    129.3   1586.6   1571.4   0.798
20260404050917     57      0.0     25.0   20.0    196.6      0.0   1100.2   0.830
20260404050917     57   1510.0   1525.0   20.0     32.8   1091.5   1104.2   0.769
20260404050917     61   1340.0   1400.0   20.0    238.9   1102.8   1120.4   0.858
20260404050917     63     55.0     70.0   20.0    128.6   1158.1   1191.9   0.690
20260404050917     65    140.0    155.0   20.0     37.2   1083.4   1133.0   0.752
20260404050917     65    260.0    275.0   20.0     53.6   1152.6   1260.2   0.838
20260404050917     65    375.0    390.0   20.0     29.2   1230.9   1230.1   0.506
20260404050917     67    560.0    580.0   20.0     75.9   1092.5   1090.2   0.814
20260404050917     70   1690.0   1720.0   20.0     34.1   1409.0   1486.5   0.849
20260404050917     70   1755.0   1770.0   20.0     28.5   1484.7   1488.7   0.830
20260404050917     73    225.0    240.0   20.0     48.5   1130.6   1294.1   0.861
20260404050917     73    275.0    515.0   20.0     84.8   1307.5   1537.6   0.908
20260404050917     73    570.0    585.0   20.0     99.2   1559.9   1100.2   0.953
20260404050917     74   1105.0   1160.0   20.0     77.5   1146.3   1134.8   0.833
20260404050917     75    385.0    400.0   20.0     23.4   1109.7   1133.3   0.609
20260404050917     75   1120.0   1135.0   20.0     76.1   1195.0   1304.7   0.760
20260404050917     76    230.0    245.0   20.0     31.0   1096.3   1137.2   0.834
20260404050917     76    665.0    680.0   20.0     45.6   1171.9   1185.2   0.604
20260404050917     76    735.0    750.0   20.0     57.0   1186.7   1227.2   0.697
20260404050917     76    905.0    920.0   20.0     80.8   1228.6   1106.2   0.885
20260404050917     76   1630.0   1645.0   20.0     44.4   1098.5   1151.3   0.717
20260404050917     76   1685.0   1700.0   20.0     26.9   1178.0   1221.7   0.643
20260404050917     76   1740.0   1795.0   20.0     67.0   1277.5   1512.4   0.718
20260404050917     77    525.0    555.0   20.0     31.7   1131.8   1416.2   0.646
20260404050917     77    620.0    635.0   20.0     31.1   1410.5   1411.1   0.665
20260404050917     77    790.0    820.0   20.0     22.3   1415.5   1393.3   0.838
20260404050917     77    875.0    890.0   20.0     51.0   1391.9   1382.6   0.683
20260404050917     77   1015.0   1030.0   20.0     53.9   1408.1   1414.0   0.815
20260404050917     79   1110.0   1125.0   20.0     71.1   1078.1   1077.8   0.778
20260404050917     79   1215.0   1230.0   20.0     83.0   1081.0   1080.3   0.754
20260404050917     80    605.0    625.0   20.0    341.8   1145.1   1528.4   0.896
20260404050917     81    260.0    270.0   20.0     23.8   1082.0   1082.2   0.420
20260404050917     81    880.0    975.0   20.0     32.9   1158.5   1245.2   0.769
20260404050917     81   1150.0   1165.0   20.0     78.1   1203.5   1264.0   0.580
20260404050917     81   1220.0   1235.0   20.0     73.5   1185.0   1103.3   0.696
20260404050917     83      0.0     20.0   20.0     86.8      0.0   1069.7   0.788
20260404050917     83     70.0     85.0   20.0     64.6   1070.9   1069.7   0.698
20260404050917     86    475.0    490.0   20.0    146.3   1348.6   1411.1   0.666
20260404050917     86   1105.0   1120.0   20.0     52.0   1385.3   1393.5   0.893
20260404050917     87    775.0    790.0   20.0     26.8   1127.6   1129.4   0.495
20260404050917     90    240.0    250.0   20.0     27.8    587.3    597.8   0.439
20260404050917     92   1720.0   1735.0   20.0     22.2   1054.1   1086.6   0.765
20260404050917     94    520.0    535.0   20.0     33.0   1076.6   1127.2   0.731
20260404050917     94    765.0    780.0   20.0     48.8   1252.2   1262.4   0.686
20260404050917     94    895.0    910.0   20.0     23.0   1266.9   1255.3   0.552
20260404050917     96    265.0    280.0   20.0     21.2   1085.6   1135.6   0.759
20260404050917     96    325.0    370.0   20.0     21.8   1170.1   1265.2   0.683
20260404050917     96    410.0    475.0   20.0     97.1   1292.4   1093.2   0.955
20260404050917    105     30.0     45.0   20.0     32.1   1683.1   1726.6   0.898
20260404050917    105    250.0    265.0   20.0     36.8   1688.3   1733.8   0.853
20260404050917    105    375.0    390.0   20.0     21.8   1733.5   1693.0   0.781
20260404050917    105    550.0    565.0   20.0     26.1   1741.2   1691.5   0.883
20260404050917    105    635.0    710.0   20.0     35.9   1695.9   1689.6   0.889
20260404050917    105    940.0   1040.0   20.0     31.5   1697.3   1696.7   0.907
20260404050917    105   1080.0   1095.0   20.0     21.8   1740.3   1699.9   0.871
20260404050917    105   1135.0   1170.0   20.0     30.0   1700.1   1697.0   0.871
20260404050917    105   1215.0   1260.0   20.0     29.5   1742.1   1703.6   0.876
20260404050917    105   1350.0   1365.0   20.0     32.5   1749.3   1701.5   0.864
20260404050917    105   1405.0   1420.0   20.0     37.2   1743.6   1700.3   0.794
20260404050917    105   1715.0   1740.0   20.0     41.2   1705.7   1701.2   0.905
20260404050917    106    395.0    455.0   20.0     61.1   1088.4   1190.9   0.781
20260404050917    106    580.0    595.0   20.0     23.1   1204.9   1238.7   0.731
20260404050917    106    635.0    650.0   20.0     33.0   1253.2   1259.5   0.730
20260404050917    106    700.0    720.0   20.0     88.5   1255.9   1379.8   0.808
20260404050917    106   1050.0   1065.0   20.0    196.7   1247.5   1323.0   0.805
20260404050917    107   1000.0   1015.0   20.0     93.4   1104.3   1102.1   0.744
20260404050917    113    470.0    485.0   20.0     20.2   1059.9   1106.6   0.741
20260404050917    113    560.0    575.0   20.0     79.5   1196.0   1098.5   0.798
20260404050917    113    615.0    630.0   20.0     38.6   1098.2   1060.3   0.752
20260404050917    114    210.0    225.0   20.0     96.3   1694.8   1794.0   0.859
20260404050917    114    270.0    285.0   20.0     27.9   1792.5   1724.7   0.853
20260404050917    119   1690.0   1715.0   20.0     60.3   1156.2   1120.8   0.825
20260404050917    120    210.0    230.0   20.0     45.0   1057.1   1055.4   0.761
20260404050917    121    375.0    390.0   20.0     25.8   1467.9   1447.3   0.631
20260404050917    122   1265.0   1280.0   20.0     44.1   1161.5   1162.9   0.809
20260404050917    122   1590.0   1605.0   20.0    119.6   1163.3   1165.3   0.685
20260404050917    123    310.0    325.0   20.0     24.0   1602.0   1651.6   0.933
20260404050917    124    395.0    410.0   20.0     26.2   1174.1   1180.9   0.816
20260404050917    124   1610.0   1630.0   20.0     44.4   1162.4   1162.7   0.822
20260404050917    125   1095.0   1115.0   20.0     61.8   1078.3   1087.8   0.861
20260404050917    126    975.0    995.0   20.0     69.3   1148.6   1150.5   0.797
20260404050917    128   1470.0   1485.0   20.0    152.2   1084.4   1073.2   0.783
20260404050917    129   1640.0   1655.0   20.0     62.8   1070.6   1068.8   0.690
20260404050917    132   1685.0   1700.0   20.0     91.8   1078.9   1076.5   0.843
20260404050917    133    760.0    775.0   20.0     24.6   1077.7   1117.8   0.736
20260404050917    133   1365.0   1385.0   20.0     74.7   1158.8   1263.7   0.908
20260404050917    133   1445.0   1460.0   20.0     24.7   1278.7   1327.3   0.834
20260404050917    133   1640.0   1675.0   20.0     51.4   1412.5   1430.2   0.807
20260404050917    136    400.0    420.0   20.0     34.5   1077.4   1077.0   0.828
20260404050917    136   1045.0   1060.0   20.0     71.5   1163.5   1082.4   0.796
20260404050917    143   1755.0   1770.0   20.0     57.4   1083.2   1082.2   0.519
20260404050917    144    940.0    955.0   20.0     21.7   1117.7   1129.4   0.873
20260404050917    144   1355.0   1370.0   20.0     29.0   1114.2   1144.0   0.732
20260404050917    144   1405.0   1465.0   20.0     77.2   1148.8   1202.5   0.859
20260404050917    145    135.0    150.0   20.0     20.7   1701.8   1737.2   0.851
20260404050917    150     25.0    195.0   20.0     42.6    661.9    699.5   0.487
20260404050917    150    230.0   1070.0   20.0     73.3    700.3    696.3   0.704
20260404050917    150   1105.0   1800.0   20.0     43.5    684.5    691.0   0.679
20260404050917    152    400.0    415.0   20.0     21.8   1088.2   1088.1   0.439
20260404050917    152    475.0    540.0   20.0     36.3   1086.6   1184.9   0.751
20260404050917    152    615.0    630.0   20.0     29.8   1185.1   1188.5   0.744
20260404050917    152    710.0    725.0   20.0    183.0   1191.6   1506.5   0.793
20260404050917    154    595.0    635.0   20.0     80.8   1306.5   1483.0   0.795
20260404050917    155   1565.0   1620.0   20.0     56.6   1117.1   1250.9   0.884
20260404050917    155   1720.0   1785.0   20.0     47.2   1290.0   1368.3   0.790
20260404050917    157     25.0    110.0   20.0     75.4   1171.6   1186.0   0.837
20260404050917    157    500.0    515.0   20.0     20.6   1221.4   1208.0   0.688
20260404050917    159   1335.0   1350.0   20.0     31.9   1085.2   1132.8   0.781
20260404050917    159   1385.0   1420.0   20.0    142.6   1140.3   1346.7   0.840
20260404050917    161     40.0     50.0   20.0     20.1   1047.8   1046.7   0.809
20260404050917    161    175.0    215.0   20.0     43.0   1045.1   1042.1   0.872
20260404050917    161    650.0    700.0   20.0     38.5   1055.8   1039.5   0.858
20260404050917    161    780.0    795.0   20.0     26.7   1036.5   1039.5   0.744
20260404050917    161    885.0   1000.0   20.0     40.0   1055.0   1037.1   0.878
20260404050917    161   1160.0   1175.0   20.0     20.7   1043.0   1041.8   0.859
20260404050917    161   1365.0   1380.0   20.0     22.0   1042.7   1048.1   0.881
20260404050917    161   1435.0   1470.0   20.0     24.7   1045.4   1060.2   0.811
20260404050917    161   1545.0   1585.0   20.0    153.6   1062.9   1283.2   0.790
20260404050917    161   1620.0   1635.0   20.0    187.6   1183.7   1174.4   0.673
20260404050917    161   1670.0   1730.0   20.0    163.5   1173.2   1278.9   0.690
20260404050917    165      5.0     25.0   20.0    163.2   1159.6   1110.9   0.789
20260404050917    165    350.0    365.0   20.0    194.9   1112.8   1124.1   0.803
20260404050917    165    810.0    840.0   20.0     70.4   1117.8   1119.5   0.758
20260404050917    165   1270.0   1335.0   20.0    186.6   1188.6   1268.1   0.875
20260404050917    165   1540.0   1555.0   20.0     29.2   1416.7   1449.6   0.835
20260404050917    166    740.0    755.0   20.0     20.9   1158.1   1179.2   0.779
20260404050917    167   1040.0   1055.0   20.0     64.4   1117.3   1116.0   0.810
20260404050917    167   1335.0   1350.0   20.0     22.9   1120.2   1156.6   0.604
20260404050917    167   1765.0   1780.0   20.0     20.5   1174.2   1180.7   0.737
20260404050917    168    395.0    785.0   20.0     69.2   1265.8   1325.3   0.759
20260404050917    168    890.0    965.0   20.0     40.8   1333.8   1343.1   0.741
20260404050917    168   1010.0   1025.0   20.0     32.8   1353.9   1346.7   0.617
20260404050917    168   1060.0   1145.0   20.0     34.7   1342.3   1335.5   0.534
20260404050917    169     35.0     65.0   20.0    150.1   1116.9   1116.8   0.796
20260404050917    169    450.0    470.0   20.0    148.8   1117.4   1117.8   0.867
20260404050917    169   1050.0   1065.0   20.0     21.0   1117.5   1115.7   0.736
20260404050917    169   1150.0   1165.0   20.0     83.1   1131.3   1114.9   0.822
20260404050917    169   1325.0   1350.0   20.0     31.7   1115.0   1172.8   0.698
20260404050917    169   1520.0   1600.0   20.0     64.9   1193.0   1457.4   0.837
20260404050917    169   1645.0   1705.0   20.0    104.1   1463.2   1569.8   0.772
20260404050917    170    150.0    205.0   20.0     48.9   1541.7   1580.6   0.597
20260404050917    175   1490.0   1515.0   20.0    103.5   1135.4   1129.5   0.869
20260404050917    178   1745.0   1765.0   20.0    196.5   1138.1   1133.3   0.856
20260404050917    179   1135.0   1150.0   20.0     50.8   1212.1   1312.8   0.803
20260404050917    180    250.0    265.0   20.0    203.2   1147.8   1677.9   0.906
20260404050917    181    140.0    215.0   20.0     65.4   1146.8   1346.6   0.841
20260404050917    181    265.0    315.0   20.0     29.1   1287.2   1292.2   0.808
20260404050917    182      0.0     10.0   20.0     45.9      0.0   1744.5   0.815
20260404050917    182     65.0     80.0   20.0    101.8   1737.5   1648.8   0.570
20260404050917    183   1695.0   1710.0   20.0     31.4   1128.1   1171.4   0.782
20260404050917    186   1680.0   1715.0   20.0    103.0   1197.4   1409.6   0.919
20260404050917    190    890.0   1000.0   20.0     54.8   1147.0   1338.5   0.863
20260404050917    190   1090.0   1175.0   20.0     66.3   1335.8   1595.9   0.818
20260404050917    192     10.0     25.0   20.0     48.0   1444.1   1496.9   0.788
20260404050917    193    485.0    505.0   20.0    260.3   1163.6   1160.2   0.837
20260404050917    193    995.0   1010.0   20.0    239.2   1322.2   1182.1   0.800
20260404050917    196    155.0    175.0   20.0     47.6   1236.0   1235.9   0.777
20260404050917    196    360.0    375.0   20.0     63.1   1238.4   1335.5   0.855
20260404050917    196    455.0    470.0   20.0     26.8   1308.5   1333.6   0.814
20260404050917    198    280.0    350.0   20.0     92.3   1192.1   1241.1   0.808
20260404050917    198    410.0    425.0   20.0     73.1   1243.0   1226.5   0.834
20260404050917    198    680.0    730.0   20.0     77.7   1266.6   1367.9   0.711
20260404050917    198    980.0    995.0   20.0     44.9   1363.9   1448.4   0.819
20260404050917    199   1165.0   1180.0   20.0     25.2   1180.5   1215.5   0.765
20260404050917    202    405.0    455.0   20.0    262.9   1189.7   1192.0   0.833
20260404050917    202    490.0    505.0   20.0    258.0   1190.2   1442.9   0.697
20260404050917    210   1785.0   1800.0   20.0    129.2   1216.8   1214.6   0.831
20260404050917    211    795.0    810.0   20.0     22.6   1206.3   1242.3   0.762
20260404050917    211   1185.0   1225.0   20.0    100.1   1305.0   1230.3   0.776
20260404050917    211   1335.0   1355.0   20.0     36.7   1245.5   1222.1   0.685
20260404050917    211   1420.0   1435.0   20.0     26.0   1239.1   1228.0   0.777
20260404050917    215     10.0     40.0   20.0     63.6   1390.8   1621.0   0.780
20260404050917    215     75.0     95.0   20.0    111.4   1625.9   1227.3   0.965
20260404050917    215    600.0    620.0   20.0     72.1   1235.1   1231.9   0.756
20260404050917    215   1030.0   1045.0   20.0    125.4   1227.1   1467.0   0.825
20260404050917    215   1215.0   1230.0   20.0     90.4   1477.1   1466.2   0.753
20260404050917    215   1565.0   1580.0   20.0     23.6   1511.0   1526.3   0.744
20260404050917    215   1720.0   1735.0   20.0     33.2   1540.4   1551.8   0.720
20260404050917    216      0.0   1800.0   20.0    285.0      0.0   2257.2   0.866
20260404050917    217    165.0    180.0   20.0     21.5   1326.4   1331.3   0.550
20260404050917    217    265.0    280.0   20.0     42.4   1317.2   1417.5   0.702
20260404050917    217    760.0    775.0   20.0     22.7   1353.5   1355.4   0.721
20260404050917    217    870.0    885.0   20.0     27.4   1357.5   1366.1   0.792
20260404050917    217   1055.0   1070.0   20.0     32.8   1377.9   1453.7   0.737
20260404050917    219    765.0    780.0   20.0     59.1   1233.9   1222.3   0.544
20260404050917    219   1600.0   1615.0   20.0    117.1   1229.1   1221.7   0.788
20260404050917    221    210.0    225.0   20.0     28.2   1214.0   1260.4   0.764
20260404050917    221    545.0    560.0   20.0     26.3   1321.7   1309.2   0.680
20260404050917    221    720.0    735.0   20.0     33.3   1334.0   1395.8   0.819
20260404050917    222   1310.0   1395.0   20.0    103.5   1241.9   1524.1   0.882
20260404050917    222   1440.0   1520.0   20.0     67.4   1491.9   1619.4   0.884
20260404050917    223    255.0    325.0   20.0     29.9   1251.4   1305.4   0.748
20260404050917    223    580.0    595.0   20.0     70.5   1339.3   1461.6   0.841
20260404050917    223    725.0    740.0   20.0     21.7   1625.4   1638.7   0.726
20260404050917    223   1010.0   1025.0   20.0     54.2   1624.0   1660.0   0.629
20260404050917    223   1145.0   1160.0   20.0     25.4   1662.4   1653.0   0.725
20260404050917    223   1200.0   1215.0   20.0     95.2   1652.5   1712.0   0.881
20260404050917    224    685.0    705.0   20.0     65.8   1264.5   1267.2   0.836
20260404050917    225     60.0     80.0   20.0     43.8   1266.9   1331.9   0.913
20260404050917    225   1780.0   1795.0   20.0     43.4   1310.4   1355.5   0.754
20260404050917    228   1000.0   1015.0   20.0     27.0   1323.7   1290.6   0.836
20260404050917    228   1195.0   1225.0   20.0    163.6   1291.3   1305.9   0.868
20260404050917    228   1620.0   1635.0   20.0    122.1   1292.9   1293.8   0.856
20260404050917    230    230.0    245.0   20.0     29.8    413.7    408.3   0.705
20260404050917    230    930.0    945.0   20.0     36.7    431.5    425.3   0.774
20260404050917    233    950.0    995.0   20.0    106.9   1279.6   1421.6   0.767
20260404050917    233   1055.0   1070.0   20.0     29.6   1428.3   1416.1   0.672
20260404050917    233   1345.0   1360.0   20.0     20.3   1385.2   1424.9   0.776
20260404050917    234   1200.0   1215.0   20.0     69.2   1352.3   1351.7   0.638
20260404050917    235    275.0    295.0   20.0     89.5   1274.7   1271.7   0.809
20260404050917    238   1015.0   1030.0   20.0     90.9   1371.3   1422.4   0.790
20260404050917    238   1410.0   1425.0   20.0     27.3   1399.8   1406.1   0.801
20260404050917    239    515.0    530.0   20.0     27.2   1286.5   1336.1   0.731
20260404050917    239    670.0    685.0   20.0     20.1   1335.2   1333.9   0.703
20260404050917    239   1230.0   1250.0   20.0    224.2   1365.0   1652.8   0.916
20260404050917    240     50.0     70.0   20.0    161.8   1283.3   1282.5   0.820
20260404050917    240    420.0    435.0   20.0     69.6   1283.4   1284.4   0.717
20260404050917    240   1265.0   1295.0   20.0    142.2   1280.5   1642.7   0.868
20260404050917    240   1450.0   1465.0   20.0     38.9   1652.1   1643.4   0.661
20260404050917    243     75.0     90.0   20.0     31.3   1288.5   1334.1   0.742
20260404050917    243    330.0    345.0   20.0     25.7   1401.3   1443.0   0.629
20260404050917    243    450.0    495.0   20.0     24.4   1433.1   1458.8   0.780
20260404050917    243    665.0    680.0   20.0    180.1   1494.0   1662.9   0.753
20260404050917    245    805.0    820.0   20.0    253.2   1343.1   1323.2   0.759
20260404050917    245    950.0    975.0   20.0     49.4   1318.3   1318.3   0.888
20260404050917    246    325.0    345.0   20.0    247.9   1318.3   1920.1   0.854
20260404050917    246    530.0    545.0   20.0     27.8   2002.1   2009.2   0.834
20260404050917    252    775.0    790.0   20.0     36.6   1427.8   1416.4   0.699
20260404050917    253    390.0    400.0   20.0     20.8   1447.7   1448.7   0.427
20260404050917    253    635.0    650.0   20.0     56.8   1445.6   1444.1   0.671
20260404050917    253    805.0    820.0   20.0     26.4   1445.6   1443.8   0.480
20260404050917    253   1680.0   1695.0   20.0     23.9   1435.6   1432.2   0.646
20260404050917    254   1545.0   1605.0   20.0    303.5   1377.3   1362.5   0.922
20260404050917    254   1770.0   1785.0   20.0     39.7   1347.8   1362.5   0.525
20260404050917    255    455.0    470.0   20.0     23.4   1463.2   1461.1   0.504
20260404050917    255    530.0    545.0   20.0     61.6   1459.5   1461.7   0.817
20260404054234      1    245.0    310.0   20.0    159.8   1195.5   1589.2   0.827
20260404054234      1    460.0    475.0   20.0     56.4   1422.1   1446.8   0.708
20260404054234      1    550.0    565.0   20.0     47.3   1431.5   1434.9   0.891
20260404054234      1   1380.0   1400.0   20.0     22.7   1491.0   1532.7   0.741
20260404054234      1   1565.0   1580.0   20.0     32.1   1596.3   1624.1   0.584
20260404054234      3    705.0    725.0   20.0     63.5   1189.4   1306.1   0.958
20260404054234      3    890.0    915.0   20.0     81.1   1258.6   1554.2   0.836
20260404054234      3   1370.0   1385.0   20.0     35.1   1196.3   1214.7   0.779
20260404054234      4   1620.0   1645.0   20.0     72.6   1180.3   1240.9   0.824
20260404054234      4   1705.0   1740.0   20.0    100.2   1255.6   1468.4   0.875
20260404054234      5   1450.0   1465.0   20.0     23.1   1172.8   1171.2   0.570
20260404054234      7    540.0    555.0   20.0     22.4   1222.6   1249.3   0.725
20260404054234      7    595.0    610.0   20.0     72.5   1252.3   1222.3   0.805
20260404054234      7   1050.0   1065.0   20.0     68.5   1216.6   1217.0   0.709
20260404054234      8    780.0    795.0   20.0    119.9   1229.1   1181.1   0.764
20260404054234      8   1195.0   1215.0   20.0     71.7   1268.6   1174.8   0.842
20260404054234      8   1285.0   1315.0   20.0     59.2   1194.3   1179.8   0.846
20260404054234      8   1775.0   1790.0   20.0     20.2   1192.0   1175.6   0.905
20260404054234      9    730.0    780.0   20.0     95.7   1169.9   1256.4   0.724
20260404054234      9    960.0    975.0   20.0     31.5   1250.3   1298.0   0.834
20260404054234      9   1310.0   1325.0   20.0     42.6   1293.0   1355.5   0.775
20260404054234     13   1235.0   1255.0   20.0    288.1   1162.1   1163.0   0.855
20260404054234     18    305.0    375.0   20.0     60.0   1147.0   1564.7   0.864
20260404054234     18    690.0    710.0   20.0     32.5   1616.0   1596.7   0.952
20260404054234     22     35.0    105.0   20.0     27.2   1161.2   1183.2   0.744
20260404054234     22    405.0    435.0   20.0    154.3   1214.6   1212.2   0.882
20260404054234     22    510.0    525.0   20.0     33.8   1236.6   1258.2   0.735
20260404054234     22    615.0    630.0   20.0    227.9   1272.0   1635.9   0.755
20260404054234     23    805.0    820.0   20.0     21.2   1390.6   1396.1   0.684
20260404054234     23   1745.0   1760.0   20.0     32.7   1420.0   1417.7   0.560
20260404054234     24   1050.0   1085.0   20.0     52.4   1139.8   1184.0   0.783
20260404054234     24   1280.0   1310.0   20.0     26.3   1185.0   1189.2   0.736
20260404054234     24   1395.0   1410.0   20.0     22.9   1208.5   1261.4   0.668
20260404054234     24   1495.0   1510.0   20.0     44.8   1261.7   1257.7   0.863
20260404054234     24   1560.0   1575.0   20.0     48.7   1272.9   1319.6   0.739
20260404054234     24   1630.0   1645.0   20.0     26.5   1331.7   1237.1   0.836
20260404054234     26     60.0     75.0   20.0     53.5   1209.6   1204.9   0.789
20260404054234     26   1435.0   1450.0   20.0     52.1   1197.7   1267.7   0.799
20260404054234     26   1515.0   1530.0   20.0     74.0   1279.6   1195.9   0.840
20260404054234     26   1645.0   1660.0   20.0     23.8   1195.0   1233.7   0.732
20260404054234     29    455.0    470.0   20.0     31.3   1134.1   1176.9   0.741
20260404054234     30     20.0     35.0   20.0     85.2   1827.9   1975.8   0.937
20260404054234     31     50.0     65.0   20.0     26.0   1190.0   1168.1   0.741
20260404054234     31    430.0    445.0   20.0     26.9   1197.8   1199.8   0.699
20260404054234     31    720.0    740.0   20.0     32.7   1329.8   1208.2   0.885
20260404054234     34    275.0    290.0   20.0     24.1   1122.2   1186.6   0.815
20260404054234     34    360.0    375.0   20.0     20.4   1244.6   1278.7   0.694
20260404054234     34   1075.0   1090.0   20.0     21.6   1282.9   1348.8   0.783
20260404054234     36    100.0    115.0   20.0     28.3   1246.1   1264.5   0.762
20260404054234     36    515.0    530.0   20.0     22.2   1246.3   1258.5   0.859
20260404054234     40    105.0    640.0   20.0    102.2   1156.5   1168.4   0.794
20260404054234     40    680.0    810.0   20.0     44.7   1159.4   1159.4   0.797
20260404054234     40   1255.0   1280.0   20.0     58.9   1153.3   1154.3   0.816
20260404054234     40   1370.0   1800.0   20.0     67.0   1155.0   1204.2   0.799
20260404054234     43    325.0    340.0   20.0     22.7   1218.4   1264.8   0.729
20260404054234     44   1305.0   1320.0   20.0     20.4   1142.3   1170.1   0.761
20260404054234     45    965.0    980.0   20.0     28.9   1273.7   1312.3   0.791
20260404054234     45   1595.0   1610.0   20.0     39.3   1312.4   1386.3   0.749
20260404054234     48     20.0     30.0   20.0     25.5    479.2    493.6   0.484
20260404054234     48    195.0    230.0   20.0     29.4    448.9    439.8   0.493
20260404054234     48    300.0    315.0   20.0     41.8    454.5    456.0   0.649
20260404054234     48    375.0    385.0   20.0     23.2    443.4    429.1   0.456
20260404054234     48    455.0    470.0   20.0     34.5    429.0    435.3   0.639
20260404054234     49   1695.0   1710.0   20.0     24.0   1088.9   1139.8   0.749
20260404054234     50    125.0    140.0   20.0     31.0   1094.8   1132.1   0.744
20260404054234     50    360.0    375.0   20.0     28.5   1151.6   1151.2   0.772
20260404054234     51     55.0     70.0   20.0     31.5   1103.9   1149.8   0.702
20260404054234     51   1540.0   1585.0   20.0     88.4   1105.1   1325.3   0.864
20260404054234     53    970.0    985.0   20.0     30.2   1099.9   1140.9   0.743
20260404054234     53   1295.0   1305.0   20.0     30.7   1159.8   1181.0   0.497
20260404054234     53   1530.0   1545.0   20.0    114.5   1180.5   1221.9   0.724
20260404054234     56    845.0    860.0   20.0     22.0   1127.3   1118.1   0.606
20260404054234     56   1260.0   1300.0   20.0    210.5   1115.4   1116.6   0.865
20260404054234     57    100.0    120.0   20.0    182.2   1099.5   1104.3   0.826
20260404054234     57   1270.0   1290.0   20.0     38.7   1094.1   1096.9   0.719
20260404054234     57   1740.0   1760.0   20.0     73.0   1097.0   1095.8   0.850
20260404054234     63    720.0    735.0   20.0     50.0   1415.3   1385.0   0.756
20260404054234     67     40.0     65.0   20.0     64.8   1086.2   1089.5   0.760
20260404054234     68    105.0    120.0   20.0     63.1   1235.7   1233.1   0.744
20260404054234     68    220.0    235.0   20.0    120.3   1223.2   1464.0   0.889
20260404054234     69    725.0    740.0   20.0     39.5   1136.2   1204.0   0.796
20260404054234     69    935.0    975.0   20.0     70.8   1354.4   1353.1   0.732
20260404054234     69   1015.0   1090.0   20.0     34.1   1367.8   1438.2   0.681
20260404054234     69   1140.0   1155.0   20.0     51.9   1474.1   1426.7   0.747
20260404054234     69   1215.0   1230.0   20.0     23.2   1429.3   1450.3   0.464
20260404054234     69   1315.0   1330.0   20.0     37.6   1507.0   1525.6   0.651
20260404054234     73    660.0    675.0   20.0     24.2   1101.6   1143.8   0.713
20260404054234     73    765.0    780.0   20.0     28.8   1185.8   1168.3   0.732
20260404054234     73    870.0    885.0   20.0     55.8   1185.8   1237.5   0.792
20260404054234     73   1270.0   1285.0   20.0     45.8   1247.5   1274.1   0.763
20260404054234     75   1700.0   1715.0   20.0     23.8   1175.7   1245.0   0.768
20260404054234     75   1750.0   1765.0   20.0     33.6   1253.2   1285.4   0.760
20260404054234     76     25.0     40.0   20.0     24.6   1114.9   1105.4   0.576
20260404054234     76    685.0    700.0   20.0     39.4   1162.4   1108.2   0.894
20260404054234     77    315.0    350.0   20.0    137.4   1081.1   1512.4   0.917
20260404054234     79    525.0    540.0   20.0     24.1   1078.5   1112.1   0.671
20260404054234     79    600.0    615.0   20.0     32.8   1146.0   1166.4   0.813
20260404054234     79   1340.0   1360.0   20.0    119.6   1176.3   1178.1   0.907
20260404054234     79   1525.0   1540.0   20.0     23.6   1175.7   1176.3   0.832
20260404054234     80    310.0    325.0   20.0    121.4   1077.9   1485.3   0.876
20260404054234     81    735.0    790.0   20.0     85.1   1098.8   1084.9   0.835
20260404054234     81    940.0    960.0   20.0     95.5   1085.8   1092.5   0.857
20260404054234     85    150.0    165.0   20.0     22.0   1192.8   1192.0   0.802
20260404054234     87    320.0    335.0   20.0     25.8   1134.5   1161.1   0.770
20260404054234     87    895.0    910.0   20.0    152.4   1179.1   1223.8   0.807
20260404054234     87   1105.0   1120.0   20.0     79.1   1192.3   1221.5   0.807
20260404054234     88    345.0    370.0   20.0     68.5   1168.5   1167.2   0.784
20260404054234     88   1060.0   1075.0   20.0     28.3   1160.1   1184.3   0.787
20260404054234     89   1605.0   1620.0   20.0     26.9   1111.0   1103.4   0.835
20260404054234     94    215.0    230.0   20.0     25.9   1127.8   1113.1   0.654
20260404054234     94   1030.0   1045.0   20.0     24.3   1166.0   1171.6   0.824
20260404054234     99   1055.0   1070.0   20.0    103.1   1085.5   1302.2   0.833
20260404054234     99   1210.0   1230.0   20.0     22.5   1332.2   1351.4   0.820
20260404054234     99   1295.0   1310.0   20.0     21.2   1364.2   1378.2   0.704
20260404054234    100    605.0    625.0   20.0     57.3   1066.3   1068.3   0.779
20260404054234    105    795.0    810.0   20.0     36.1   1832.1   1729.8   0.931
20260404054234    105   1735.0   1765.0   20.0    110.5   1695.5   1705.2   0.867
20260404054234    107    325.0    340.0   20.0     42.1   1107.4   1109.8   0.696
20260404054234    111    145.0    160.0   20.0     31.5   1586.6   1627.2   0.849
20260404054234    112    365.0    380.0   20.0     43.6   1086.3   1088.4   0.783
20260404054234    112    850.0    865.0   20.0     20.1   1088.2   1089.6   0.492
20260404054234    112   1375.0   1390.0   20.0     49.9   1090.3   1079.6   0.743
20260404054234    114    125.0    140.0   20.0     98.1   1709.3   1762.1   0.792
20260404054234    115    240.0    255.0   20.0     21.9   1084.6   1120.2   0.782
20260404054234    115    440.0    455.0   20.0     20.1   1142.0   1130.9   0.678
20260404054234    115    570.0    590.0   20.0     71.5   1147.4   1150.7   0.761
20260404054234    115    810.0    825.0   20.0     99.8   1186.1   1230.6   0.766
20260404054234    118   1085.0   1145.0   20.0    236.0   1063.8   1063.4   0.779
20260404054234    119    390.0    405.0   20.0     80.3   1074.9   1083.3   0.749
20260404054234    119   1205.0   1225.0   20.0     70.1   1081.0   1074.0   0.818
20260404054234    120    185.0    200.0   20.0     21.4   1063.1   1100.6   0.750
20260404054234    120    700.0    715.0   20.0     24.3   1159.5   1188.3   0.810
20260404054234    123    105.0    120.0   20.0     28.9   1595.5   1638.1   0.919
20260404054234    125    715.0    730.0   20.0     44.2   1080.8   1084.5   0.824
20260404054234    125    765.0    795.0   20.0     50.0   1081.4   1085.5   0.878
20260404054234    127   1720.0   1735.0   20.0     30.4   1081.8   1080.8   0.431
20260404054234    128   1200.0   1220.0   20.0     52.9   1079.4   1080.8   0.771
20260404054234    129     95.0    125.0   20.0    110.1   1070.6   1071.3   0.789
20260404054234    130    710.0    770.0   20.0    214.5   1103.1   1188.2   0.931
20260404054234    130   1290.0   1305.0   20.0     23.9   1093.5   1098.5   0.763
20260404054234    132     15.0     30.0   20.0     84.7   1080.7   1080.4   0.671
20260404054234    132   1760.0   1775.0   20.0     28.4   1077.8   1070.8   0.474
20260404054234    133   1625.0   1640.0   20.0     24.8   1098.9   1148.3   0.760
20260404054234    133   1685.0   1715.0   20.0    124.9   1145.2   1089.0   0.752
20260404054234    134    690.0    710.0   20.0     70.8   1134.8   1135.3   0.847
20260404054234    136    140.0    170.0   20.0     73.7   1078.8   1082.1   0.881
20260404054234    138   1390.0   1405.0   20.0     68.7   1107.5   1097.3   0.523
20260404054234    138   1630.0   1695.0   20.0     37.5   1096.5   1219.2   0.748
20260404054234    138   1760.0   1775.0   20.0     22.2   1232.0   1231.5   0.653
20260404054234    142    570.0    585.0   20.0     20.1   1406.7   1419.4   0.820
20260404054234    143    525.0    540.0   20.0    144.5   1081.7   1348.1   0.824
20260404054234    143    580.0    595.0   20.0    182.4   1396.6   1086.8   0.838
20260404054234    146    255.0    270.0   20.0     29.0   1238.4   1329.2   0.895
20260404054234    146    765.0    780.0   20.0     22.2   1241.1   1276.8   0.813
20260404054234    146   1280.0   1295.0   20.0     37.4   1309.9   1330.2   0.736
20260404054234    150      0.0   1330.0   20.0     50.4      0.0    691.0   0.701
20260404054234    150   1370.0   1800.0   20.0     46.3    685.5    682.3   0.676
20260404054234    151    105.0    120.0   20.0    130.0   1729.8   1711.0   0.550
20260404054234    152    415.0    430.0   20.0    145.9   1086.8   1087.3   0.808
20260404054234    155      5.0     20.0   20.0     28.1   1240.7   1286.8   0.749
20260404054234    155    100.0    115.0   20.0     54.0   1325.3   1368.7   0.779
20260404054234    156    255.0    270.0   20.0     30.5   1504.9   1493.5   0.783
20260404054234    157    755.0    770.0   20.0     24.5   1163.0   1191.2   0.720
20260404054234    158   1480.0   1500.0   20.0     55.3   1097.8   1102.4   0.796
20260404054234    159     15.0     60.0   20.0     82.2   1078.6   1078.6   0.870
20260404054234    161    315.0    330.0   20.0     31.5   1074.3   1065.0   0.574
20260404054234    161    470.0    485.0   20.0     63.3   1062.3   1205.7   0.745
20260404054234    161    575.0    590.0   20.0     63.1   1267.2   1257.3   0.460
20260404054234    161   1065.0   1120.0   20.0     74.6   1282.8   1252.3   0.518
20260404054234    161   1185.0   1265.0   20.0     39.7   1248.1   1244.0   0.608
20260404054234    163    935.0    950.0   20.0     26.4   1117.3   1140.1   0.530
20260404054234    163   1230.0   1245.0   20.0     25.6   1113.7   1112.8   0.633
20260404054234    163   1285.0   1300.0   20.0    127.9   1116.1   1113.7   0.750
20260404054234    164    345.0    405.0   20.0     27.1   1130.9   1124.3   0.868
20260404054234    165    910.0    970.0   20.0     35.1   1141.9   1159.2   0.824
20260404054234    165   1100.0   1115.0   20.0     60.5   1157.6   1117.3   0.734
20260404054234    166    825.0    840.0   20.0     20.0   1162.5   1168.3   0.670
20260404054234    167    530.0    545.0   20.0     31.4   1122.0   1169.1   0.720
20260404054234    167    900.0    915.0   20.0    126.6   1223.6   1220.5   0.744
20260404054234    167   1105.0   1120.0   20.0    125.2   1229.2   1370.9   0.800
20260404054234    167   1270.0   1285.0   20.0     31.9   1470.2   1480.2   0.708
20260404054234    168    330.0    375.0   20.0     47.4   1247.2   1310.0   0.781
20260404054234    169    335.0    350.0   20.0     28.7   1125.4   1121.7   0.674
20260404054234    169   1330.0   1350.0   20.0    112.1   1121.7   1119.0   0.747
20260404054234    179    925.0    940.0   20.0     20.3   1136.2   1151.4   0.433
20260404054234    179   1450.0   1465.0   20.0    164.0   1138.0   1466.8   0.837
20260404054234    179   1520.0   1545.0   20.0     40.6   1458.6   1469.6   0.708
20260404054234    179   1745.0   1790.0   20.0     73.5   1451.9   1510.3   0.893
20260404054234    181     15.0     40.0   20.0    125.2   1153.3   1154.2   0.835
20260404054234    182     40.0     55.0   20.0     46.8   1586.1   1615.1   0.725
20260404054234    183    210.0    250.0   20.0    150.2   1136.0   1134.1   0.746
20260404054234    183   1400.0   1420.0   20.0     49.1   1128.9   1128.7   0.746
20260404054234    184   1135.0   1150.0   20.0     52.6   1219.1   1285.9   0.928
20260404054234    184   1505.0   1520.0   20.0     51.3   1351.8   1403.4   0.850
20260404054234    184   1575.0   1585.0   20.0     39.7   1438.7   1457.1   0.410
20260404054234    184   1710.0   1725.0   20.0     30.3   1474.3   1559.1   0.771
20260404054234    185    310.0    325.0   20.0     29.9   1125.4   1176.5   0.732
20260404054234    185    435.0    455.0   20.0     80.8   1180.1   1303.8   0.849
20260404054234    185    690.0    705.0   20.0     30.3   1295.9   1308.5   0.706
20260404054234    185   1245.0   1260.0   20.0     29.3   1339.9   1412.4   0.848
20260404054234    185   1300.0   1315.0   20.0     62.4   1482.6   1406.6   0.758
20260404054234    186   1490.0   1505.0   20.0     70.9   1147.4   1225.1   0.774
20260404054234    186   1700.0   1715.0   20.0     29.4   1291.9   1323.5   0.806
20260404054234    187     10.0     25.0   20.0     71.1   1232.3   1234.5   0.759
20260404054234    191    880.0    895.0   20.0     23.4   1058.4   1058.2   0.428
20260404054234    193    520.0    535.0   20.0     21.3   1182.5   1192.6   0.579
20260404054234    193    890.0    905.0   14.3     37.5   1180.0   1189.1   0.497
20260404054234    196    900.0    915.0   20.0     30.2   1528.2   1512.4   0.704
20260404054234    198    365.0    380.0   20.0     20.8   1193.9   1190.0   0.684
20260404054234    199    145.0    160.0   20.0     27.8   1182.2   1231.2   0.779
20260404054234    202    935.0   1015.0   20.0     55.7   1197.3   1336.3   0.811
20260404054234    202   1235.0   1255.0   20.0     23.3   1347.1   1200.7   0.865
20260404054234    204    480.0    495.0   20.0     26.4   1632.0   1630.5   0.569
20260404054234    204    745.0    760.0   20.0    113.6   1645.9   1652.0   0.816
20260404054234    208    815.0    830.0   20.0     34.1   1190.5   1228.6   0.731
20260404054234    208    920.0    960.0   20.0     91.8   1243.3   1320.9   0.861
20260404054234    208   1020.0   1035.0   20.0     54.9   1323.6   1384.2   0.768
20260404054234    209     25.0     40.0   20.0    131.7   1193.6   1192.7   0.797
20260404054234    209    250.0    290.0   20.0    177.2   1195.6   1196.9   0.815
20260404054234    209    400.0    535.0   20.0    117.4   1198.7   1572.6   0.815
20260404054234    209    615.0    650.0   20.0     54.1   1593.4   1571.6   0.865
20260404054234    209    720.0    735.0   20.0     21.9   1596.2   1591.6   0.867
20260404054234    209    850.0    865.0   20.0    189.0   1584.6   1660.8   0.857
20260404054234    209   1045.0   1100.0   20.0    152.6   1656.6   1762.5   0.879
20260404054234    209   1480.0   1500.0   20.0     83.9   1754.6   1742.8   0.920
20260404054234    209   1685.0   1700.0   20.0     74.6   1672.2   1736.9   0.767
20260404054234    210    725.0    740.0   20.0     27.5   1213.1   1244.0   0.742
20260404054234    210   1035.0   1065.0   20.0     43.9   1270.1   1293.2   0.777
20260404054234    210   1310.0   1325.0   20.0     20.1   1369.9   1397.0   0.738
20260404054234    215    405.0    440.0   20.0     44.7   1221.7   1251.7   0.736
20260404054234    215    540.0    570.0   20.0     58.7   1267.7   1380.3   0.880
20260404054234    215    630.0    645.0   20.0     23.6   1351.1   1367.7   0.853
20260404054234    215    865.0    880.0   20.0     74.6   1351.1   1317.3   0.886
20260404054234    215    975.0    990.0   20.0     27.0   1327.7   1357.1   0.882
20260404054234    216      0.0   1675.0   20.0    190.4      0.0   2247.0   0.960
20260404054234    216   1715.0   1800.0   20.0    198.3   2255.8   2242.0   0.946
20260404054234    217    265.0    285.0   20.0    121.8   1336.0   1377.4   0.913
20260404054234    217    515.0    530.0   20.0     54.8   1351.8   1517.4   0.729
20260404054234    219     90.0    105.0   20.0    150.5   1223.8   1223.8   0.711
20260404054234    219    890.0    905.0   20.0     73.5   1222.6   1225.0   0.754
20260404054234    219   1120.0   1135.0   20.0     30.6   1221.7   1266.6   0.734
20260404054234    219   1310.0   1395.0   20.0     45.1   1281.4   1429.2   0.864
20260404054234    220    215.0    230.0   20.0     48.8   2005.3   2054.9   0.886
20260404054234    221    600.0    615.0   20.0     74.8   1229.7   1223.0   0.747
20260404054234    222   1020.0   1035.0   20.0    111.1   1245.8   1239.7   0.836
20260404054234    222   1390.0   1405.0   20.0     74.7   1235.8   1232.0   0.820
20260404054234    223   1140.0   1155.0   20.0    267.4   1274.1   1272.7   0.796
20260404054234    223   1270.0   1290.0   20.0    194.7   1270.1   1278.6   0.822
20260404054234    223   1740.0   1755.0   20.0     64.5   1275.5   1272.8   0.823
20260404054234    228     15.0     30.0   20.0     78.4   1298.9   1406.3   0.794
20260404054234    228     75.0    125.0   20.0    117.8   1411.0   1767.8   0.881
20260404054234    228    390.0    405.0   20.0     23.7   1471.3   1484.8   0.792
20260404054234    228    545.0    560.0   20.0    220.4   1453.2   1780.4   0.832
20260404054234    230   1630.0   1645.0   20.0     35.5    403.8    390.8   0.738
20260404054234    233      0.0     15.0   20.0     57.5      0.0   1261.8   0.801
20260404054234    233     65.0     80.0   20.0     30.2   1260.8   1260.4   0.696
20260404054234    233   1165.0   1190.0   20.0    171.2   1255.9   1269.7   0.945
20260404054234    233   1250.0   1270.0   20.0     26.4   1269.8   1313.9   0.710
20260404054234    233   1580.0   1595.0   20.0     25.0   1331.1   1379.2   0.764
20260404054234    233   1640.0   1655.0   20.0    146.2   1399.8   1453.6   0.773
20260404054234    234      0.0     10.0   20.0    149.1      0.0   1367.4   0.772
20260404054234    235     25.0     75.0   20.0    315.8   1272.4   1281.3   0.753
20260404054234    235   1640.0   1655.0   20.0    236.5   1276.1   1279.6   0.803
20260404054234    239    355.0    370.0   20.0     47.9   1322.4   1398.6   0.803
20260404054234    243    475.0    490.0   20.0     22.2   1367.0   1383.8   0.700
20260404054234    243    600.0    615.0   20.0     36.9   1401.9   1418.3   0.535
20260404054234    244    360.0    385.0   20.0     24.1   1336.8   1355.0   0.741
20260404054234    244   1555.0   1570.0   20.0     36.1   1405.9   1444.6   0.763
20260404054234    248    970.0    995.0   20.0     56.9   1452.3   1468.4   0.796
20260404054234    252    310.0    325.0   20.0     21.2   1399.4   1430.7   0.833
20260404054234    254    200.0    225.0   20.0    191.3   1358.6   1358.7   0.840
20260404054234    254    385.0    395.0   20.0     20.8   1380.1   1377.0   0.787
20260404054234    254   1520.0   1535.0   20.0     27.1   1384.9   1385.4   0.663
20260404054234    255    430.0    455.0   20.0    119.2   1454.5   1457.0   0.838
20260404061552      3    530.0    545.0   20.0     23.8   1237.5   1189.9   0.767
20260404061552      3   1585.0   1600.0   20.0     64.6   1222.6   1343.3   0.849
20260404061552      4    405.0    460.0   20.0    175.5   1191.5   1244.0   0.825
20260404061552      5    270.0    285.0   20.0     78.2   1181.1   1176.0   0.717
20260404061552      6   1565.0   1585.0   20.0    245.1   1206.1   1424.1   0.855
20260404061552      7      0.0     10.0   20.0     36.5      0.0   1266.3   0.762
20260404061552      7    125.0    140.0   20.0     31.0   1289.5   1305.7   0.770
20260404061552      7    280.0    295.0   20.0     20.5   1362.4   1354.7   0.627
20260404061552      7   1755.0   1770.0   20.0     29.4   1499.7   1486.4   0.793
20260404061552      8   1755.0   1775.0   20.0     96.2   1171.4   1172.4   0.757
20260404061552      9     80.0     95.0   20.0     63.1   1398.3   1312.3   0.821
20260404061552     12     60.0     75.0   20.0     21.4   1185.9   1163.0   0.774
20260404061552     12   1000.0   1015.0   20.0     29.5   1157.9   1159.4   0.544
20260404061552     12   1550.0   1570.0   20.0    150.8   1170.2   1409.7   0.860
20260404061552     13    825.0    925.0   20.0    135.1   1169.8   1424.4   0.801
20260404061552     13    995.0   1055.0   20.0     41.1   1399.5   1406.7   0.777
20260404061552     13   1140.0   1155.0   20.0     35.1   1432.3   1395.4   0.873
20260404061552     13   1280.0   1300.0   20.0     32.0   1383.3   1407.9   0.775
20260404061552     13   1605.0   1620.0   20.0     20.7   1422.7   1275.2   0.867
20260404061552     13   1745.0   1760.0   20.0     20.7   1233.6   1232.4   0.700
20260404061552     14    105.0    135.0   20.0     86.2    966.4    966.3   0.812
20260404061552     14   1015.0   1030.0   20.0     29.4    916.0    930.8   0.705
20260404061552     15    185.0    200.0   20.0     51.5   1533.6   1586.6   0.787
20260404061552     16    985.0   1000.0   20.0     37.8   1247.3   1234.6   0.784
20260404061552     16   1615.0   1720.0   20.0     96.6   1205.1   1686.6   0.877
20260404061552     17     20.0     35.0   20.0     39.8   1664.8   1688.8   0.761
20260404061552     21    640.0    700.0   20.0    113.9   1108.3   1431.6   0.940
20260404061552     22     75.0     90.0   20.0     30.9   1498.5   1573.3   0.914
20260404061552     23    800.0    815.0   20.0     24.5   1344.4   1373.1   0.799
20260404061552     25    515.0    530.0   20.0     30.7   1796.7   1787.3   0.654
20260404061552     26   1020.0   1035.0   20.0     31.1   1296.3   1298.9   0.510
20260404061552     26   1295.0   1310.0   20.0     37.8   1277.5   1337.1   0.756
20260404061552     30      0.0     15.0   20.0     54.0      0.0   1951.7   0.880
20260404061552     31      5.0     20.0   20.0     27.3   1211.5   1173.0   0.839
20260404061552     31    825.0    895.0   20.0     84.8   1243.6   1201.1   0.777
20260404061552     31   1040.0   1055.0   20.0    234.4   1220.9   1139.5   0.673
20260404061552     33    150.0    165.0   20.0    178.2   1138.9   1260.3   0.427
20260404061552     34     15.0     30.0   20.0     96.6   1143.4   1258.8   0.816
20260404061552     34    105.0    125.0   20.0     29.8   1282.2   1373.4   0.807
20260404061552     34    510.0    525.0   20.0     35.0   1430.0   1431.8   0.795
20260404061552     36   1360.0   1375.0   20.0     29.4   1169.2   1204.4   0.759
20260404061552     36   1555.0   1570.0   20.0     72.5   1223.4   1166.2   0.801
20260404061552     37     95.0    110.0   20.0     66.5   1356.6   1371.6   0.847
20260404061552     37    245.0    260.0   20.0     27.5   1382.5   1380.8   0.824
20260404061552     37   1755.0   1780.0   20.0     48.3   1345.6   1346.1   0.837
20260404061552     40    305.0    485.0   20.0    142.2   1135.9   1211.9   0.783
20260404061552     40    530.0    545.0   20.0     21.4   1210.3   1202.6   0.765
20260404061552     40    595.0   1210.0   20.0     59.8   1206.7   1205.1   0.760
20260404061552     40   1290.0   1450.0   20.0     40.2   1203.0   1195.4   0.723
20260404061552     40   1485.0   1510.0   20.0     22.3   1200.9   1201.6   0.505
20260404061552     40   1560.0   1800.0   20.0    108.9   1201.5   1125.0   0.738
20260404061552     43    125.0    140.0   20.0     41.3   1390.9   1271.5   0.890
20260404061552     48    110.0    125.0   20.0     20.0    501.2    501.0   0.659
20260404061552     48    320.0    330.0   20.0     20.6    499.8    501.4   0.499
20260404061552     48    365.0    590.0   20.0    178.3    534.8    479.5   0.722
20260404061552     48    625.0    660.0   20.0    142.9    474.3    574.9   0.810
20260404061552     48    710.0    915.0   20.0    203.6    571.8    514.6   0.773
20260404061552     48    955.0    970.0   20.0    142.7    574.6    573.1   0.574
20260404061552     48   1040.0   1165.0   20.0    205.9    571.3    505.3   0.780
20260404061552     48   1215.0   1230.0   20.0    237.1    558.0    593.7   0.611
20260404061552     48   1490.0   1505.0   20.0    172.2    566.0    556.2   0.655
20260404061552     48   1565.0   1670.0   20.0    290.3    562.0    605.3   0.662
20260404061552     49    705.0    720.0   20.0     66.2   1095.8   1095.4   0.792
20260404061552     49   1480.0   1500.0   20.0    133.3   1089.7   1089.9   0.903
20260404061552     50    755.0    770.0   20.0     47.4   1093.3   1094.4   0.736
20260404061552     51   1280.0   1300.0   20.0     92.0   1100.9   1108.4   0.685
20260404061552     52    840.0    855.0   20.0     24.3   1168.3   1166.2   0.852
20260404061552     55   1380.0   1395.0   20.0     32.8   1169.1   1187.6   0.483
20260404061552     56   1385.0   1410.0   20.0     73.6   1118.7   1116.9   0.760
20260404061552     57    915.0    930.0   20.0     23.7   1100.2   1142.2   0.718
20260404061552     57    995.0   1010.0   20.0     44.1   1169.4   1146.0   0.770
20260404061552     57   1500.0   1515.0   20.0    177.8   1197.2   1136.0   0.716
20260404061552     57   1610.0   1625.0   20.0     80.0   1149.9   1093.0   0.778
20260404061552     61   1200.0   1255.0   20.0     24.4   1103.3   1109.8   0.819
20260404061552     65      0.0     10.0   20.0    153.3      0.0   1090.5   0.723
20260404061552     65    690.0    720.0   20.0    174.7   1089.3   1091.7   0.872
20260404061552     67    795.0    810.0   20.0     36.7   1129.1   1109.1   0.772
20260404061552     68    115.0    135.0   20.0     57.0   1435.5   1521.6   0.879
20260404061552     69    200.0    215.0   20.0     20.6   1774.2   1807.9   0.793
20260404061552     69    265.0    350.0   20.0     80.7   1797.2   1812.0   0.787
20260404061552     69   1300.0   1315.0   20.0     34.5   1794.4   1844.8   0.575
20260404061552     69   1420.0   1440.0   20.0     36.3   1794.8   1780.1   0.863
20260404061552     69   1610.0   1625.0   20.0     84.7   1781.4   1773.1   0.792
20260404061552     73    470.0    485.0   20.0     95.3   1100.0   1101.0   0.596
20260404061552     73   1030.0   1075.0   20.0    120.2   1103.7   1392.8   0.820
20260404061552     73   1135.0   1150.0   20.0     27.2   1394.9   1384.6   0.870
20260404061552     74   1090.0   1105.0   20.0    161.7   1163.1   1181.1   0.626
20260404061552     74   1315.0   1330.0   20.0     35.6   1204.5   1246.4   0.780
20260404061552     76    700.0    715.0   20.0    105.8   1112.8   1105.4   0.587
20260404061552     79    225.0    240.0   20.0     58.7   1080.2   1079.5   0.688
20260404061552     79    575.0    590.0   20.0     23.7   1134.4   1172.8   0.813
20260404061552     79    715.0    730.0   20.0     59.2   1169.4   1203.2   0.647
20260404061552     79    910.0    925.0   20.0     21.8   1222.6   1270.3   0.853
20260404061552     79   1020.0   1035.0   20.0     22.4   1281.2   1292.1   0.858
20260404061552     79   1295.0   1310.0   20.0     33.7   1292.4   1371.7   0.863
20260404061552     79   1460.0   1475.0   20.0     21.6   1327.7   1350.4   0.750
20260404061552     80   1195.0   1210.0   20.0     24.4   1515.5   1546.8   0.773
20260404061552     81    630.0    645.0   20.0     30.2   1084.6   1086.3   0.595
20260404061552     81   1220.0   1335.0   20.0     48.3   1084.4   1444.8   0.851
20260404061552     81   1555.0   1600.0   20.0     88.2   1557.8   1335.4   0.811
20260404061552     83    395.0    415.0   20.0     96.9   1075.6   1074.4   0.783
20260404061552     83   1270.0   1285.0   20.0     20.5   1077.8   1078.9   0.703
20260404061552     84   1655.0   1675.0   20.0    122.8   1200.1   1198.5   0.898
20260404061552     86    435.0    450.0   20.0     52.5   1141.0   1142.9   0.816
20260404061552     92    620.0    670.0   20.0     49.2   1165.3   1149.3   0.710
20260404061552     92    845.0    870.0   20.0    105.7   1196.5   1127.7   0.787
20260404061552     92   1430.0   1450.0   20.0     86.8   1112.5   1406.2   0.903
20260404061552     96    330.0    345.0   20.0    144.4   1087.1   1102.3   0.823
20260404061552     99    355.0    375.0   20.0     47.6   1134.3   1131.2   0.823
20260404061552    104    950.0    965.0   20.0     21.4   1176.9   1221.7   0.838
20260404061552    104   1140.0   1160.0   20.0     64.5   1275.3   1195.5   0.906
20260404061552    104   1270.0   1285.0   20.0     27.4   1199.3   1171.9   0.794
20260404061552    106   1020.0   1040.0   20.0     53.1   1099.8   1096.6   0.752
20260404061552    108   1025.0   1040.0   20.0     66.3   1191.0   1190.1   0.798
20260404061552    112   1115.0   1130.0   20.0     75.8   1073.0   1072.7   0.677
20260404061552    115    595.0    615.0   20.0    126.9   1140.7   1101.3   0.866
20260404061552    118    335.0    380.0   20.0     38.2   1068.8   1134.9   0.753
20260404061552    118    430.0    445.0   20.0     25.8   1142.2   1135.2   0.867
20260404061552    118    840.0    875.0   20.0     31.9   1148.2   1177.7   0.747
20260404061552    118   1085.0   1120.0   20.0     91.6   1205.9   1392.7   0.781
20260404061552    118   1615.0   1630.0   20.0     34.1   1315.5   1347.8   0.745
20260404061552    120    890.0    905.0   20.0    106.0   1070.8   1064.8   0.815
20260404061552    123    535.0    555.0   20.0     85.3   1233.1   1238.8   0.866
20260404061552    124   1460.0   1475.0   20.0     38.1   1153.1   1198.8   0.789
20260404061552    124   1540.0   1555.0   20.0     60.0   1199.4   1151.7   0.809
20260404061552    128    350.0    365.0   20.0     42.6   1425.1   1431.6   0.817
20260404061552    128   1590.0   1605.0   20.0     25.3   1138.7   1151.1   0.526
20260404061552    128   1745.0   1760.0   20.0     51.0   1144.5   1147.3   0.643
20260404061552    129     15.0     40.0   20.0    361.5   1488.3   1073.8   0.841
20260404061552    129    420.0    455.0   20.0     61.3   1073.8   1079.2   0.842
20260404061552    130     15.0     30.0   20.0     21.1   1104.5   1091.5   0.749
20260404061552    130    135.0    170.0   20.0    153.5   1094.7   1093.2   0.922
20260404061552    130    720.0    735.0   20.0     45.6   1101.0   1096.8   0.731
20260404061552    130   1060.0   1075.0   20.0     39.8   1107.1   1170.7   0.699
20260404061552    130   1150.0   1165.0   20.0    103.9   1210.7   1110.7   0.860
20260404061552    130   1450.0   1465.0   20.0     39.3   1120.2   1109.9   0.549
20260404061552    130   1735.0   1750.0   20.0     36.6   1126.9   1098.6   0.700
20260404061552    132   1350.0   1365.0   20.0     24.8   1068.0   1071.8   0.446
20260404061552    133   1460.0   1475.0   20.0    102.0   1088.2   1086.4   0.749
20260404061552    134    520.0    535.0   20.0     25.3   1136.5   1134.1   0.770
20260404061552    134    720.0    780.0   20.0     34.9   1133.3   1131.2   0.774
20260404061552    134   1385.0   1400.0   20.0     27.2   1123.9   1125.0   0.585
20260404061552    136     40.0     55.0   20.0     22.2   1078.6   1077.8   0.792
20260404061552    136    215.0    235.0   20.0    143.7   1076.9   1078.3   0.858
20260404061552    139    230.0    245.0   20.0     20.1   1078.9   1112.6   0.731
20260404061552    139   1335.0   1350.0   20.0     86.9   1221.1   1251.4   0.580
20260404061552    140    545.0    560.0   20.0     70.5   1219.7   1269.1   0.768
20260404061552    140    690.0    705.0   20.0    133.9   1282.6   1210.9   0.716
20260404061552    144   1325.0   1340.0   20.0     36.6   1145.6   1123.3   0.675
20260404061552    144   1440.0   1455.0   20.0     67.8   1123.3   1120.4   0.819
20260404061552    144   1620.0   1635.0   20.0     37.7   1124.8   1137.0   0.856
20260404061552    148    790.0    805.0   20.0     91.6   1203.9   1103.9   0.800
20260404061552    150      0.0   1800.0   19.9     61.1      0.0    672.5   0.669
20260404061552    152    900.0    920.0   20.0    141.4   1082.9   1084.2   0.809
20260404061552    154    580.0    595.0   20.0     28.2   1519.3   1569.5   0.720
20260404061552    157   1070.0   1085.0   20.0     23.6   1422.1   1476.2   0.814
20260404061552    158    495.0    520.0   20.0     77.1   1115.8   1123.3   0.811
20260404061552    158    675.0    750.0   20.0     73.1   1135.3   1109.6   0.844
20260404061552    158    900.0    935.0   20.0    210.9   1106.7   1105.9   0.832
20260404061552    159     60.0    115.0   20.0     36.6   1084.9   1085.2   0.757
20260404061552    159    475.0    490.0   20.0     25.0   1085.5   1135.9   0.778
20260404061552    159    530.0    550.0   20.0    221.6   1141.9   1084.6   0.839
20260404061552    162   1300.0   1315.0   20.0     25.5   1685.8   1709.1   0.738
20260404061552    163   1680.0   1695.0   20.0    146.1   1123.5   1119.8   0.574
20260404061552    164    510.0    525.0   20.0     26.4   1128.5   1163.1   0.606
20260404061552    164    785.0    800.0   20.0     31.3   1214.6   1194.5   0.769
20260404061552    164    945.0    960.0   20.0     36.2   1217.2   1243.3   0.836
20260404061552    164   1475.0   1490.0   20.0    100.9   1193.7   1276.3   0.788
20260404061552    164   1670.0   1685.0   20.0     49.4   1204.6   1294.5   0.847
20260404061552    165    225.0    240.0   20.0    125.8   1115.9   1117.1   0.779
20260404061552    165   1290.0   1305.0   20.0    136.6   1109.4   1383.2   0.863
20260404061552    165   1340.0   1370.0   20.0    228.1   1437.8   1112.3   0.839
20260404061552    165   1765.0   1780.0   20.0     78.4   1106.0   1107.0   0.610
20260404061552    167     65.0     80.0   20.0     55.2   1212.9   1136.3   0.787
20260404061552    168   1310.0   1325.0   20.0     21.1   1300.4   1297.8   0.782
20260404061552    169    785.0    820.0   20.0     89.9   1122.8   1486.0   0.886
20260404061552    169    945.0    960.0   20.0     22.4   1568.2   1536.0   0.810
20260404061552    169   1175.0   1190.0   20.0     24.7   1132.6   1137.5   0.525
20260404061552    169   1725.0   1740.0   20.0     21.3   1123.0   1155.8   0.711
20260404061552    173    795.0    810.0   20.0     25.3   1174.7   1177.3   0.719
20260404061552    175    280.0    305.0   20.0    330.7   1139.5   1145.9   0.866
20260404061552    177     80.0    150.0   20.0    315.4   1146.6   1148.2   0.853
20260404061552    177    880.0    890.0   20.0     26.7   1269.7   1398.6   0.684
20260404061552    177    930.0    960.0   20.0     28.2   1273.4   1296.8   0.670
20260404061552    177   1075.0   1090.0   20.0     60.3   1300.0   1285.6   0.602
20260404061552    177   1160.0   1190.0   20.0     29.8   1296.0   1337.3   0.669
20260404061552    177   1380.0   1395.0   20.0     28.2   1361.8   1330.8   0.913
20260404061552    177   1455.0   1510.0   20.0     28.4   1313.0   1318.9   0.827
20260404061552    177   1600.0   1615.0   20.0     20.1   1340.1   1380.7   0.764
20260404061552    177   1695.0   1710.0   20.0     63.1   1399.1   1427.3   0.685
20260404061552    178    120.0    160.0   20.0     30.2   1138.7   1286.0   0.805
20260404061552    178    240.0    275.0   20.0     64.5   1356.0   1378.5   0.813
20260404061552    178    455.0    465.0   20.0     23.3   1507.3   1292.4   0.914
20260404061552    179    485.0    540.0   20.0     73.3   1136.1   1137.8   0.722
20260404061552    179    630.0    660.0   20.0    170.5   1183.9   1154.3   0.898
20260404061552    179   1420.0   1435.0   20.0     46.5   1144.0   1144.1   0.690
20260404061552    181    615.0    630.0   20.0     26.2   1150.6   1151.1   0.735
20260404061552    183     25.0     40.0   20.0     35.0   1180.2   1202.9   0.799
20260404061552    183    165.0    185.0   20.0    109.8   1191.5   1195.5   0.867
20260404061552    183    225.0    240.0   20.0     22.0   1202.8   1236.3   0.805
20260404061552    183    335.0    355.0   20.0    162.9   1247.1   1286.1   0.836
20260404061552    183    405.0    425.0   20.0     26.6   1276.4   1272.2   0.775
20260404061552    183    505.0    520.0   20.0     54.7   1333.9   1169.1   0.863
20260404061552    185    640.0    655.0   20.0     35.3   1131.7   1131.5   0.664
20260404061552    185   1440.0   1460.0   20.0     64.0   1119.1   1138.4   0.771
20260404061552    186    340.0    355.0   20.0     42.5   1158.8   1262.0   0.879
20260404061552    186    990.0   1005.0   20.0    102.3   1370.7   1428.4   0.663
20260404061552    186   1595.0   1610.0   20.0     31.5   1334.9   1343.8   0.677
20260404061552    188    535.0    550.0   20.0     66.5   1265.4   1255.6   0.693
20260404061552    188    620.0    675.0   20.0     50.9   1260.2   1247.6   0.796
20260404061552    190    165.0    180.0   20.0     20.3   1213.1   1269.0   0.754
20260404061552    193    490.0    505.0   20.0     74.1   1170.4   1168.3   0.799
20260404061552    193    865.0    885.0   20.0    109.0   1182.2   1184.3   0.841
20260404061552    193   1520.0   1535.0   20.0     29.1   1167.3   1169.1   0.731
20260404061552    193   1640.0   1680.0   20.0    126.8   1168.2   1173.1   0.802
20260404061552    195    610.0    625.0   20.0    109.9   1185.7   1465.3   0.868
20260404061552    196    120.0    135.0   20.0     23.9   1571.4   1594.9   0.822
20260404061552    196    505.0    520.0   20.0     37.6   1649.9   1674.4   0.696
20260404061552    197    580.0    590.0   20.0     20.4   1224.1   1224.4   0.417
20260404061552    197    690.0    710.0   20.0     43.4   1220.3   1220.5   0.880
20260404061552    198    525.0    565.0   20.0    197.4   1243.6   1215.8   0.848
20260404061552    198    615.0    630.0   20.0     64.5   1222.3   1221.3   0.727
20260404061552    198   1150.0   1165.0   20.0     30.7   1195.7   1197.2   0.441
20260404061552    202    290.0    320.0   20.0     98.1   1195.0   1197.1   0.757
20260404061552    202    430.0    450.0   20.0     77.6   1198.0   1198.3   0.788
20260404061552    208   1065.0   1080.0   20.0     22.3   1252.9   1291.0   0.793
20260404061552    208   1485.0   1500.0   20.0     24.0   1243.7   1243.0   0.885
20260404061552    211    840.0    850.0   20.0     21.0   1207.2   1205.2   0.423
20260404061552    215    345.0    360.0   20.0    283.3   1276.9   1491.3   0.858
20260404061552    215    425.0    440.0   20.0     28.4   1423.3   1456.9   0.798
20260404061552    216      0.0    100.0   20.0    188.5      0.0   2274.8   0.953
20260404061552    216    135.0    190.0   20.0     35.8   2269.6   2276.2   0.939
20260404061552    216    275.0    300.0   20.0    120.1   2278.7   2271.7   0.960
20260404061552    217   1240.0   1255.0   20.0     34.9   1472.2   1413.8   0.852
20260404061552    219    775.0    790.0   20.0    187.4   1292.5   1502.7   0.766
20260404061552    221     75.0    105.0   20.0    201.6   1221.9   1221.4   0.870
20260404061552    221    580.0    595.0   20.0     30.1   1226.6   1262.9   0.814
20260404061552    221    725.0    740.0   20.0     50.3   1265.1   1255.7   0.780
20260404061552    221    790.0    805.0   20.0     21.5   1262.4   1259.0   0.621
20260404061552    222     25.0     45.0   20.0     35.2   1236.6   1237.3   0.752
20260404061552    222    535.0    590.0   20.0    202.7   1368.7   1618.3   0.907
20260404061552    222    890.0    905.0   20.0     40.8   1573.9   1460.4   0.874
20260404061552    222    975.0    990.0   20.0     44.6   1353.2   1325.8   0.768
20260404061552    222   1075.0   1095.0   20.0     35.5   1365.0   1436.7   0.783
20260404061552    222   1135.0   1150.0   20.0    140.9   1482.1   1247.3   0.685
20260404061552    222   1630.0   1655.0   20.0     58.4   1238.6   1239.0   0.806
20260404061552    223    830.0    845.0   20.0    114.5   1262.3   1262.8   0.557
20260404061552    224    245.0    265.0   20.0     42.9   1246.5   1245.7   0.748
20260404061552    224    360.0    375.0   20.0     54.3   1257.7   1249.0   0.809
20260404061552    224   1495.0   1515.0   20.0     77.8   1243.3   1242.2   0.801
20260404061552    225    305.0    320.0   20.0     23.0   1410.8   1403.4   0.784
20260404061552    230    520.0    535.0   20.0     31.1    362.0    358.4   0.595
20260404061552    230   1030.0   1045.0   20.0     32.1    397.6    394.1   0.801
20260404061552    230   1095.0   1110.0   20.0     20.6    397.4    389.7   0.769
20260404061552    233      0.0     10.0   20.0     22.5      0.0   1265.0   0.865
20260404061552    233    480.0    495.0   20.0     28.5   1263.0   1262.1   0.415
20260404061552    233   1035.0   1055.0   20.0    513.1   1257.5   1800.6   0.822
20260404061552    233   1145.0   1185.0   20.0    206.2   1685.1   1258.5   0.935
20260404061552    234    405.0    425.0   20.0     53.0   1362.6   1357.6   0.843
20260404061552    234   1515.0   1530.0   20.0     51.5   1337.8   1337.5   0.820
20260404061552    235    160.0    175.0   20.0     86.0   1275.8   1277.6   0.703
20260404061552    235   1305.0   1320.0   20.0     31.2   1289.2   1284.7   0.569
20260404061552    237    650.0    665.0   20.0     32.5   1307.9   1299.4   0.792
20260404061552    240    310.0    325.0   20.0     22.6   1294.3   1295.7   0.630
20260404061552    240    635.0    650.0   20.0     61.3   1291.8   1351.8   0.898
20260404061552    240   1045.0   1060.0   20.0     28.5   1296.9   1286.2   0.635
20260404061552    240   1180.0   1195.0   20.0     22.3   1289.5   1293.6   0.696
20260404061552    240   1620.0   1650.0   20.0    158.2   1284.7   1689.9   0.882
20260404061552    244    505.0    520.0   20.0     26.2   1332.1   1333.4   0.448
20260404061552    244    835.0    855.0   20.0    142.4   1317.5   1323.6   0.775
20260404061552    245    345.0    360.0   20.0     33.5   1326.3   1368.8   0.728
20260404061552    245    405.0    420.0   20.0     43.3   1379.9   1401.3   0.760
20260404061552    245    515.0    530.0   20.0     21.4   1422.1   1463.3   0.767
20260404061552    245    710.0    725.0   20.0     21.3   1533.7   1583.3   0.800
20260404061552    252    710.0    725.0   20.0    101.4   1407.6   1416.3   0.479
20260404061552    253    815.0    855.0   20.0     56.0   1437.2   1473.7   0.917
20260404061552    254    280.0    310.0   20.0     54.1   1360.1   1647.6   0.874
20260404061552    254    465.0    500.0   20.0     36.7   1598.9   1697.9   0.893
20260404061552    255   1680.0   1695.0   20.0     89.0   1431.7   1434.9   0.792
20260404064909      3    285.0    350.0   20.0    236.0   1175.5   1191.3   0.839
20260404064909      4   1050.0   1065.0   20.0     66.9   1188.8   1187.9   0.845
20260404064909      5    200.0    215.0   20.0     23.8   1177.4   1226.6   0.660
20260404064909      5    510.0    525.0   20.0     50.6   1239.5   1243.4   0.739
20260404064909      5    790.0    805.0   20.0     30.8   1261.2   1288.6   0.769
20260404064909      5   1740.0   1780.0   20.0     68.7   1286.3   1347.0   0.749
20260404064909      6    885.0    900.0   20.0     43.3   1199.0   1189.4   0.751
20260404064909      6   1785.0   1800.0   20.0     27.4   1199.5   1190.4   0.704
20260404064909      8    450.0    465.0   20.0     28.2   1187.5   1189.1   0.697
20260404064909     11   1020.0   1035.0   20.0    103.3   1203.8   1209.3   0.856
20260404064909     12     50.0     75.0   20.0    157.9   1165.7   1167.9   0.876
20260404064909     12    930.0    945.0   20.0     62.8   1160.1   1160.6   0.738
20260404064909     12   1660.0   1715.0   20.0    178.3   1165.7   1163.8   0.894
20260404064909     13    820.0    835.0   20.0    130.8   1168.1   1168.3   0.818
20260404064909     16     80.0    105.0   20.0     54.6   1223.4   1218.9   0.789
20260404064909     16    710.0    825.0   20.0    110.6   1271.3   1629.3   0.909
20260404064909     16    915.0    930.0   20.0     58.9   1563.1   1223.1   0.915
20260404064909     21    830.0    845.0   20.0     50.4   1198.6   1255.9   0.857
20260404064909     21    900.0    915.0   20.0     26.0   1255.3   1193.8   0.905
20260404064909     23   1580.0   1595.0   20.0     25.2   1345.9   1347.0   0.529
20260404064909     23   1755.0   1770.0   20.0     89.1   1350.1   1458.8   0.753
20260404064909     24    335.0    360.0   20.0    105.4   1146.9   1147.7   0.802
20260404064909     24   1150.0   1170.0   20.0     67.2   1151.7   1149.4   0.769
20260404064909     26    430.0    445.0   20.0     45.1   1289.9   1290.9   0.787
20260404064909     26    495.0    510.0   20.0     23.7   1298.0   1339.0   0.861
20260404064909     26    805.0    820.0   20.0     39.2   1297.4   1359.7   0.723
20260404064909     28     75.0     90.0   20.0     64.8   1151.8   1151.7   0.720
20260404064909     28    280.0    295.0   20.0     35.7   1149.9   1207.2   0.720
20260404064909     28    360.0    375.0   20.0    144.8   1211.7   1144.8   0.823
20260404064909     29    590.0    605.0   20.0     32.4   1144.5   1194.6   0.743
20260404064909     31    335.0    350.0   20.0     64.1   1143.5   1143.2   0.599
20260404064909     31   1650.0   1660.0   20.0     25.9   1142.6   1141.2   0.409
20260404064909     33   1590.0   1605.0   20.0     23.6   1170.1   1171.7   0.438
20260404064909     34      0.0     10.0   20.0    134.6      0.0   1448.0   0.778
20260404064909     36     15.0     30.0   20.0     67.2   1166.5   1166.2   0.681
20260404064909     36    735.0    750.0   20.0     45.6   1159.1   1176.1   0.771
20260404064909     36    795.0    810.0   20.0    140.8   1172.7   1157.1   0.844
20260404064909     39    370.0    385.0   20.0     27.2   1508.5   1530.8   0.760
20260404064909     40    210.0    745.0   20.0    109.2   1121.4   1220.0   0.786
20260404064909     40    780.0    880.0   20.0     78.1   1220.0   1188.2   0.766
20260404064909     40    960.0   1010.0   20.0     43.9   1189.8   1204.0   0.644
20260404064909     40   1065.0   1080.0   20.0     64.2   1189.9   1195.2   0.574
20260404064909     40   1135.0   1145.0   20.0     25.6   1193.0   1196.6   0.530
20260404064909     40   1195.0   1310.0   20.0     49.2   1192.9   1196.1   0.694
20260404064909     40   1385.0   1755.0   20.0     76.7   1196.5   1242.5   0.785
20260404064909     43   1545.0   1560.0   20.0    149.2   1138.6   1140.9   0.897
20260404064909     45    120.0    135.0   20.0     34.7   1358.9   1406.9   0.797
20260404064909     48     20.0     30.0   20.0    216.9    588.2    583.5   0.400
20260404064909     48    330.0    340.0   20.0     61.6    577.1    531.1   0.797
20260404064909     48    405.0    415.0   20.0    178.1    533.9    564.5   0.527
20260404064909     48    550.0    560.0   20.0    183.1    552.0    518.5   0.446
20260404064909     48    610.0    625.0   20.0    195.5    553.3    552.0   0.421
20260404064909     48    725.0    740.0   20.0    132.1    558.8    549.4   0.573
20260404064909     48    995.0   1070.0   20.0    216.1    556.8    524.4   0.564
20260404064909     48   1195.0   1270.0   20.0    161.9    558.0    526.8   0.620
20260404064909     48   1360.0   1370.0   20.0    159.8    557.4    528.0   0.452
20260404064909     48   1425.0   1440.0   20.0     23.4    531.1    542.7   0.564
20260404064909     49    555.0    570.0   20.0     49.3   1099.1   1099.4   0.778
20260404064909     49    785.0    800.0   20.0     32.8   1103.3   1157.9   0.735
20260404064909     49    930.0    945.0   20.0     23.8   1169.2   1210.5   0.829
20260404064909     49   1115.0   1130.0   20.0     32.7   1184.1   1184.0   0.817
20260404064909     49   1170.0   1185.0   20.0     67.8   1185.5   1200.5   0.657
20260404064909     50    355.0    375.0   20.0     60.5   1110.2   1118.4   0.767
20260404064909     50    860.0    890.0   20.0    113.0   1099.8   1099.7   0.867
20260404064909     50   1615.0   1635.0   20.0    158.0   1099.5   1100.4   0.801
20260404064909     51    340.0    355.0   20.0     73.3   1105.8   1107.8   0.808
20260404064909     51    785.0    815.0   20.0     62.1   1123.8   1423.0   0.835
20260404064909     51    890.0    905.0   20.0     24.3   1366.3   1354.3   0.782
20260404064909     51   1515.0   1530.0   20.0     70.4   1424.2   1345.8   0.670
20260404064909     54    325.0    340.0   20.0     20.4   1772.7   1799.5   0.869
20260404064909     55    175.0    195.0   20.0     26.6   1165.0   1159.5   0.848
20260404064909     56     35.0     50.0   20.0     27.4   1121.4   1162.0   0.744
20260404064909     56    215.0    230.0   20.0     23.1   1153.9   1147.5   0.724
20260404064909     56    515.0    530.0   20.0     57.2   1185.0   1218.6   0.788
20260404064909     56    900.0    920.0   20.0     50.7   1241.0   1230.3   0.876
20260404064909     56   1095.0   1110.0   20.0     20.9   1267.6   1293.6   0.755
20260404064909     57    375.0    415.0   20.0    160.4   1217.2   1104.7   0.892
20260404064909     57   1690.0   1720.0   20.0    146.6   1108.5   1444.8   0.904
20260404064909     61   1185.0   1200.0   20.0     60.5   1103.3   1102.8   0.751
20260404064909     61   1530.0   1545.0   20.0     39.2   1104.5   1103.3   0.641
20260404064909     61   1670.0   1685.0   20.0    156.9   1113.7   1347.4   0.872
20260404064909     65    135.0    150.0   20.0     68.2   1403.3   1425.8   0.551
20260404064909     65    400.0    415.0   20.0     70.5   1478.3   1488.7   0.625
20260404064909     65    835.0    850.0   20.0     53.1   1516.0   1565.8   0.869
20260404064909     66     50.0     65.0   20.0     38.3   1171.4   1169.8   0.784
20260404064909     66   1025.0   1045.0   20.0     42.6   1194.7   1159.4   0.866
20260404064909     67    695.0    735.0   20.0    179.9   1096.2   1442.9   0.778
20260404064909     67   1385.0   1400.0   20.0    108.9   1462.0   1511.8   0.688
20260404064909     67   1660.0   1675.0   20.0     27.5   1448.4   1462.7   0.712
20260404064909     73     90.0    105.0   20.0     29.6   1107.7   1141.5   0.735
20260404064909     73    560.0    585.0   20.0     37.2   1215.8   1197.4   0.841
20260404064909     73    750.0    765.0   20.0     39.4   1187.2   1258.4   0.779
20260404064909     73    845.0    900.0   20.0     88.9   1238.9   1227.0   0.751
20260404064909     73   1460.0   1475.0   20.0     32.5   1268.0   1282.2   0.801
20260404064909     73   1765.0   1780.0   20.0     21.8   1345.3   1332.8   0.504
20260404064909     74   1445.0   1460.0   20.0     26.2   1118.6   1146.6   0.764
20260404064909     75    935.0    975.0   20.0     34.4   1106.3   1109.8   0.762
20260404064909     76    410.0    435.0   20.0     36.5   1108.9   1108.0   0.787
20260404064909     81    720.0    735.0   20.0     35.5   1104.8   1091.2   0.712
20260404064909     81    835.0    850.0   20.0     88.0   1093.5   1091.1   0.734
20260404064909     84   1625.0   1640.0   20.0     34.2   1191.3   1224.4   0.777
20260404064909     84   1725.0   1750.0   20.0     90.6   1242.1   1197.0   0.869
20260404064909     85    180.0    195.0   20.0     23.0   1230.8   1301.7   0.786
20260404064909     85    575.0    590.0   20.0     46.2   1286.3   1368.7   0.781
20260404064909     87   1230.0   1245.0   20.0     24.6   1125.5   1109.0   0.698
20260404064909     89    490.0    560.0   20.0    199.1   1095.1   1391.5   0.844
20260404064909     89   1225.0   1240.0   20.0     21.4   1433.0   1440.0   0.820
20260404064909     92     40.0     55.0   20.0     32.4   1354.0   1329.6   0.641
20260404064909     92    745.0    760.0   20.0     22.7   1468.8   1480.4   0.841
20260404064909     92   1760.0   1775.0   20.0     20.7   1471.8   1470.2   0.573
20260404064909     96      0.0     40.0   20.0     88.3      0.0   1251.6   0.927
20260404064909     99   1425.0   1440.0   20.0     63.8   1123.4   1276.5   0.791
20260404064909    103     70.0     80.0   20.0     20.8   1150.2   1150.3   0.669
20260404064909    104   1715.0   1760.0   20.0    209.1   1163.5   1172.2   0.921
20260404064909    107    265.0    275.0   20.0     20.7   1121.1   1111.3   0.445
20260404064909    110   1660.0   1675.0   20.0     32.8   1168.1   1168.6   0.757
20260404064909    111    590.0    605.0   20.0     26.2   1525.5   1535.2   0.765
20260404064909    111   1650.0   1665.0   20.0     26.5   1508.4   1510.8   0.752
20260404064909    112     45.0     60.0   20.0     61.7   1123.7   1138.2   0.482
20260404064909    112   1240.0   1255.0   20.0     46.9   1165.0   1094.4   0.768
20260404064909    118    680.0    700.0   20.0     51.1   1081.9   1078.1   0.745
20260404064909    118   1665.0   1695.0   20.0     94.8   1085.6   1083.9   0.844
20260404064909    120    640.0    675.0   20.0     65.2   1079.5   1081.4   0.717
20260404064909    122   1340.0   1355.0   20.0     32.1   1142.3   1142.2   0.434
20260404064909    123    470.0    485.0   20.0     21.9   1209.0   1211.6   0.758
20260404064909    124    620.0    640.0   20.0     45.3   1164.1   1209.9   0.850
20260404064909    124   1385.0   1400.0   20.0     25.7   1348.2   1234.7   0.750
20260404064909    125    495.0    510.0   20.0     29.5   1093.1   1132.9   0.825
20260404064909    125    675.0    705.0   20.0     34.9   1148.4   1253.8   0.808
20260404064909    127    140.0    155.0   20.0     34.1   1087.0   1152.2   0.742
20260404064909    127    270.0    280.0   20.0     24.4   1175.7   1217.3   0.554
20260404064909    127    365.0    445.0   20.0    110.1   1207.5   1306.3   0.922
20260404064909    127    850.0    865.0   20.0     47.4   1336.4   1265.7   0.795
20260404064909    128    540.0    555.0   20.0     55.8   1150.8   1236.8   0.817
20260404064909    128    745.0    760.0   20.0     23.1   1231.6   1271.0   0.754
20260404064909    129    330.0    355.0   20.0     50.8   1080.6   1313.4   0.789
20260404064909    129    410.0    430.0   20.0    111.5   1262.1   1080.3   0.784
20260404064909    130    500.0    560.0   20.0     44.0   1101.7   1097.0   0.790
20260404064909    130    685.0    700.0   20.0     69.7   1097.2   1100.4   0.644
20260404064909    133    345.0    360.0   20.0    144.2   1087.7   1093.2   0.806
20260404064909    134    100.0    115.0   20.0     29.5   1139.2   1175.7   0.802
20260404064909    134   1285.0   1305.0   20.0    116.5   1245.5   1412.9   0.801
20260404064909    135    875.0    890.0   20.0     55.5   1165.4   1231.2   0.767
20260404064909    135   1220.0   1235.0   20.0     30.9   1250.8   1300.8   0.817
20260404064909    135   1620.0   1700.0   20.0     33.4   1383.2   1421.4   0.807
20260404064909    136    830.0    845.0   20.0     34.5   1079.2   1114.6   0.749
20260404064909    136    990.0   1005.0   20.0     68.3   1119.6   1180.7   0.908
20260404064909    136   1075.0   1090.0   20.0     61.0   1155.2   1293.7   0.893
20260404064909    138     65.0    105.0   20.0     21.9   1197.0   1225.3   0.686
20260404064909    138    215.0    310.0   20.0     33.5   1234.7   1332.1   0.811
20260404064909    138    380.0    395.0   20.0     26.3   1340.5   1347.6   0.707
20260404064909    138    465.0    480.0   20.0     56.3   1343.2   1369.9   0.463
20260404064909    138    565.0    580.0   20.0     20.0   1420.0   1403.1   0.714
20260404064909    138    715.0    755.0   20.0     89.9   1107.8   1106.8   0.861
20260404064909    138    910.0    930.0   20.0     60.8   1102.1   1103.3   0.794
20260404064909    138   1415.0   1460.0   20.0     90.2   1109.0   1107.6   0.767
20260404064909    139    290.0    300.0   20.0     20.7   1188.0   1169.8   0.421
20260404064909    139    335.0    350.0   20.0     35.3   1177.5   1171.3   0.514
20260404064909    143      0.0     10.0   20.0     32.9      0.0   1113.8   0.620
20260404064909    143    315.0    330.0   20.0     25.2   1153.8   1140.8   0.787
20260404064909    143    385.0    395.0   20.0     84.5   1144.5   1191.0   0.404
20260404064909    143    440.0    455.0   20.0     84.3   1193.3   1237.5   0.677
20260404064909    144    195.0    210.0   20.0     22.5   1111.9   1144.9   0.738
20260404064909    144    520.0    585.0   20.0     60.6   1156.3   1277.2   0.884
20260404064909    144    950.0   1010.0   20.0     44.2   1332.6   1137.2   0.870
20260404064909    148     65.0     85.0   20.0    133.3   1097.2   1101.4   0.763
20260404064909    148    525.0    550.0   20.0    195.8   1105.6   1119.2   0.905
20260404064909    148   1500.0   1515.0   20.0     44.8   1106.3   1108.2   0.826
20260404064909    150     10.0   1020.0   20.0     69.8    649.8    688.3   0.642
20260404064909    150   1060.0   1800.0   20.0     49.7    691.9    688.9   0.687
20260404064909    152    235.0    255.0   20.0     75.2   1103.2   1099.7   0.833
20260404064909    159    900.0    915.0   20.0     87.7   1092.0   1091.0   0.740
20260404064909    159   1195.0   1215.0   20.0     89.9   1093.4   1086.4   0.825
20260404064909    159   1360.0   1375.0   20.0     54.3   1092.3   1089.0   0.601
20260404064909    161    715.0    775.0   20.0     71.8   1066.7   1096.8   0.692
20260404064909    161    985.0   1000.0   20.0     56.6   1149.5   1163.4   0.737
20260404064909    161   1080.0   1090.0   20.0     25.6   1154.9   1161.2   0.541
20260404064909    161   1435.0   1470.0   20.0     20.9   1178.4   1184.9   0.681
20260404064909    161   1515.0   1530.0   20.0     29.0   1191.2   1192.8   0.676
20260404064909    161   1630.0   1645.0   20.0    257.9   1269.6   1267.2   0.662
20260404064909    161   1735.0   1750.0   20.0     78.5   1303.4   1264.5   0.445
20260404064909    163   1020.0   1035.0   20.0     67.1   1127.7   1120.5   0.611
20260404064909    163   1165.0   1175.0   20.0     27.0   1118.8   1119.7   0.652
20260404064909    163   1490.0   1510.0   20.0     81.1   1117.4   1121.4   0.816
20260404064909    163   1545.0   1560.0   20.0     24.1   1120.6   1158.8   0.716
20260404064909    163   1610.0   1690.0   20.0     57.7   1163.8   1285.1   0.851
20260404064909    165   1520.0   1535.0   20.0     65.6   1121.1   1118.4   0.495
20260404064909    166    625.0    655.0   20.0     64.4   1219.2   1317.8   0.790
20260404064909    166    840.0    855.0   20.0     20.8   1344.1   1344.3   0.872
20260404064909    167   1095.0   1110.0   20.0     20.5   1132.3   1159.0   0.680
20260404064909    168   1725.0   1740.0   20.0     33.4   1262.0   1312.1   0.786
20260404064909    169     20.0     75.0   20.0    109.4   1163.2   1433.9   0.819
20260404064909    173   1275.0   1290.0   20.0     96.3   1160.7   1161.2   0.736
20260404064909    173   1435.0   1450.0   20.0     66.0   1157.7   1157.9   0.820
20260404064909    175   1320.0   1335.0   20.0     86.1   1137.4   1221.7   0.745
20260404064909    175   1420.0   1545.0   20.0     55.5   1460.5   1420.0   0.807
20260404064909    175   1640.0   1655.0   20.0     29.4   1367.7   1373.3   0.772
20260404064909    178    555.0    570.0   20.0     35.2   1148.7   1147.6   0.753
20260404064909    180    245.0    260.0   20.0     20.6   1826.1   1839.2   0.800
20260404064909    181     20.0    135.0   20.0    218.3   1160.1   1169.8   0.932
20260404064909    181    805.0    825.0   20.0    267.0   1159.7   1158.5   0.838
20260404064909    181    955.0   1015.0   20.0     31.1   1169.2   1228.8   0.737
20260404064909    181   1065.0   1080.0   20.0     34.6   1235.2   1275.4   0.609
20260404064909    181   1145.0   1160.0   20.0    112.3   1280.8   1157.0   0.821
20260404064909    181   1310.0   1365.0   20.0    176.4   1153.1   1155.4   0.793
20260404064909    183   1750.0   1770.0   20.0     56.5   1130.3   1127.1   0.796
20260404064909    186     20.0     35.0   20.0     29.9   1490.2   1503.2   0.910
20260404064909    186    245.0    255.0   20.0     24.6   1418.5   1434.3   0.408
20260404064909    186    470.0    485.0   20.0     31.8   1452.8   1461.3   0.928
20260404064909    187    395.0    410.0   20.0     22.7   1333.4   1347.3   0.777
20260404064909    193    535.0    550.0   20.0     22.8   1202.1   1182.2   0.740
20260404064909    193   1205.0   1270.0   20.0     77.8   1191.4   1186.8   0.826
20260404064909    194    560.0    575.0   20.0     50.6   1976.0   1987.4   0.800
20260404064909    195    585.0    595.0   20.0     26.9   1193.7   1194.3   0.550
20260404064909    195    810.0    825.0   20.0     20.5   1198.0   1219.4   0.587
20260404064909    198    375.0    390.0   20.0     32.0   1197.8   1239.8   0.762
20260404064909    198   1475.0   1490.0   20.0     26.2   1351.5   1353.1   0.666
20260404064909    198   1685.0   1700.0   20.0     32.7   1353.1   1384.8   0.719
20260404064909    198   1780.0   1795.0   20.0     25.5   1386.5   1399.0   0.769
20260404064909    202   1215.0   1230.0   20.0     21.5   1196.2   1196.0   0.568
20260404064909    209    120.0    140.0   20.0    221.6   1213.7   1213.5   0.816
20260404064909    209    685.0    705.0   20.0    127.5   1213.4   1249.3   0.786
20260404064909    209    895.0    930.0   20.0     47.3   1269.0   1279.4   0.875
20260404064909    209   1220.0   1235.0   20.0     32.9   1297.9   1335.6   0.724
20260404064909    211    390.0    405.0   20.0     35.7   1211.6   1290.6   0.722
20260404064909    215     15.0     30.0   20.0     28.2   1309.0   1343.3   0.842
20260404064909    215    110.0    125.0   20.0     21.3   1386.8   1388.1   0.616
20260404064909    215    335.0    350.0   20.0    188.6   1420.0   1620.4   0.725
20260404064909    216      0.0     85.0   20.0    196.8      0.0   2267.2   0.941
20260404064909    219   1070.0   1085.0   20.0     23.3   1412.2   1430.7   0.747
20260404064909    221    460.0    475.0   20.0     40.5   1224.8   1284.1   0.590
20260404064909    221    610.0    665.0   20.0     64.0   1290.7   1304.1   0.884
20260404064909    221    915.0    960.0   20.0    110.2   1307.2   1325.9   0.862
20260404064909    221   1015.0   1030.0   20.0     29.2   1339.9   1439.1   0.840
20260404064909    222    210.0    285.0   20.0    172.3   1449.4   1363.8   0.847
20260404064909    222    420.0    470.0   20.0     74.1   1366.4   1418.3   0.845
20260404064909    222    510.0    525.0   20.0     85.5   1451.5   1503.7   0.522
20260404064909    222   1200.0   1210.0   20.0     31.8   1523.9   1532.5   0.529
20260404064909    224    735.0    750.0   20.0     22.5   1265.7   1284.9   0.771
20260404064909    230     55.0     70.0   20.0     35.9    478.5    430.7   0.763
20260404064909    230   1045.0   1060.0   20.0     23.2    368.6    361.7   0.738
20260404064909    233    145.0    160.0   20.0    123.0   1263.5   1265.1   0.819
20260404064909    233    820.0    835.0   20.0    131.2   1279.2   1589.8   0.893
20260404064909    234    880.0    895.0   20.0     64.3   1348.7   1424.8   0.798
20260404064909    234    955.0    985.0   20.0     46.9   1452.4   1362.1   0.844
20260404064909    235     25.0     40.0   20.0     27.2   1276.9   1306.8   0.838
20260404064909    235     95.0    110.0   20.0     24.5   1328.3   1315.6   0.741
20260404064909    235    270.0    285.0   20.0     82.5   1318.4   1349.7   0.793
20260404064909    235    510.0    525.0   20.0     46.4   1347.8   1380.6   0.773
20260404064909    235   1310.0   1325.0   20.0    161.6   1353.1   1429.9   0.694
20260404064909    237    340.0    355.0   20.0     41.5   1295.1   1317.7   0.734
20260404064909    237    440.0    455.0   20.0     22.7   1292.7   1291.0   0.683
20260404064909    238    280.0    295.0   20.0     33.0   1393.1   1413.1   0.788
20260404064909    240    280.0    310.0   20.0     32.7   1691.3   1759.3   0.896
20260404064909    243    295.0    310.0   20.0     70.8   1359.9   1358.3   0.840
20260404064909    244    705.0    745.0   20.0    173.3   1329.2   1332.8   0.858
20260404064909    245    470.0    485.0   20.0     37.7   1505.3   1547.4   0.775
20260404064909    245   1420.0   1435.0   20.0     23.1   1534.9   1575.7   0.761
20260404064909    253   1490.0   1505.0   20.0     20.1   1426.7   1426.9   0.435
20260404064909    253   1650.0   1665.0   20.0    162.6   1443.9   1624.2   0.743
20260404064909    253   1770.0   1795.0   20.0    323.0   1644.2   1418.3   0.812
20260404072227      3    420.0    435.0   20.0     21.1   1195.3   1185.9   0.858
20260404072227      4   1550.0   1575.0   20.0    234.7   1181.1   1181.1   0.868
20260404072227      5     35.0     50.0   20.0    166.3   1184.0   1183.7   0.802
20260404072227      5   1400.0   1425.0   20.0     92.9   1184.4   1565.8   0.867
20260404072227      5   1555.0   1565.0   20.0     36.7   1544.0   1563.7   0.513
20260404072227      5   1610.0   1625.0   20.0     68.7   1557.8   1555.2   0.737
20260404072227      6   1640.0   1655.0   20.0     34.2   1203.9   1204.9   0.624
20260404072227      7   1205.0   1220.0   20.0     22.0   1363.7   1403.9   0.659
20260404072227      7   1460.0   1475.0   20.0    169.9   1380.5   1637.9   0.832
20260404072227      8    875.0    890.0   20.0    222.2   1190.3   1189.7   0.784
20260404072227      8   1200.0   1210.0   20.0     36.5   1181.4   1179.0   0.471
20260404072227      8   1265.0   1280.0   20.0     56.6   1185.8   1199.4   0.734
20260404072227      8   1485.0   1495.0   20.0     21.1   1197.1   1202.7   0.407
20260404072227      9     90.0    110.0   20.0    117.4   1182.5   1187.5   0.801
20260404072227     12     75.0    160.0   20.0     59.6   1177.1   1178.4   0.813
20260404072227     12   1250.0   1320.0   20.0    168.5   1163.8   1543.3   0.874
20260404072227     12   1405.0   1420.0   20.0     20.8   1447.8   1452.1   0.792
20260404072227     12   1455.0   1475.0   20.0     46.8   1496.3   1499.4   0.731
20260404072227     16      0.0     25.0   20.0    122.8      0.0   1211.9   0.920
20260404072227     16    225.0    245.0   20.0     71.0   1236.4   1224.7   0.784
20260404072227     16    535.0    550.0   20.0     47.5   1222.4   1236.1   0.811
20260404072227     16   1095.0   1110.0   20.0     29.5   1241.7   1246.0   0.429
20260404072227     16   1420.0   1485.0   20.0     75.0   1298.3   1427.5   0.879
20260404072227     16   1520.0   1535.0   20.0     34.0   1426.8   1431.0   0.796
20260404072227     21    630.0    675.0   20.0     90.5   1177.3   1294.1   0.773
20260404072227     24    560.0    575.0   20.0     44.2   1151.7   1147.5   0.733
20260404072227     25   1770.0   1785.0   20.0     32.7   1842.2   1928.0   0.890
20260404072227     26    300.0    315.0   20.0     28.5   1205.6   1233.0   0.715
20260404072227     26    675.0    690.0   20.0     32.9   1261.0   1315.1   0.797
20260404072227     26   1260.0   1275.0   20.0     31.2   1263.9   1279.9   0.745
20260404072227     26   1450.0   1470.0   20.0     47.5   1271.8   1385.3   0.843
20260404072227     28    300.0    315.0   20.0     36.7   1145.6   1144.5   0.685
20260404072227     28    625.0    640.0   20.0     24.9   1195.0   1243.5   0.917
20260404072227     28    800.0    815.0   20.0     21.6   1255.5   1265.5   0.741
20260404072227     28   1595.0   1610.0   20.0    103.6   1246.1   1358.9   0.876
20260404072227     31     75.0     90.0   20.0     61.9   1210.3   1142.8   0.796
20260404072227     31    210.0    225.0   20.0     28.4   1140.5   1193.9   0.754
20260404072227     31    350.0    365.0   20.0    104.2   1240.2   1141.0   0.824
20260404072227     31   1045.0   1060.0   20.0     29.4   1161.6   1153.4   0.786
20260404072227     36    180.0    195.0   20.0     35.1   1412.0   1428.6   0.746
20260404072227     37    845.0    875.0   20.0     76.5   1356.2   1350.7   0.860
20260404072227     40    350.0    365.0   20.0     56.6   1131.3   1122.5   0.757
20260404072227     40   1260.0   1520.0   20.0     67.2   1129.6   1147.6   0.813
20260404072227     40   1570.0   1800.0   20.0     90.6   1140.8   1258.1   0.846
20260404072227     41   1155.0   1170.0   20.0     31.4   1146.6   1168.6   0.785
20260404072227     41   1225.0   1240.0   20.0     62.2   1179.4   1186.7   0.816
20260404072227     41   1640.0   1655.0   20.0     35.0   1205.4   1228.1   0.872
20260404072227     43   1620.0   1635.0   20.0     23.7   1109.9   1158.0   0.754
20260404072227     43   1750.0   1770.0   20.0     46.8   1173.1   1327.4   0.753
20260404072227     45   1000.0   1015.0   20.0     23.6   1365.3   1339.6   0.796
20260404072227     48    140.0    150.0   20.0    121.2    566.4    535.7   0.486
20260404072227     48    190.0    205.0   20.0     59.4    559.7    586.2   0.633
20260404072227     48    990.0   1060.0   20.0     76.1    588.2    578.1   0.734
20260404072227     48   1110.0   1120.0   20.0     57.4    577.3    571.0   0.595
20260404072227     48   1165.0   1180.0   18.4     66.7    587.5    581.7   0.478
20260404072227     48   1215.0   1245.0   20.0     56.8    582.0    574.4   0.501
20260404072227     48   1525.0   1535.0   20.0     77.3    585.4    573.2   0.420
20260404072227     48   1660.0   1670.0   20.0     70.8    587.8    590.0   0.410
20260404072227     49    230.0    245.0   20.0     45.4   1219.9   1111.8   0.902
20260404072227     49   1160.0   1175.0   20.0     31.5   1112.2   1109.8   0.721
20260404072227     49   1780.0   1795.0   20.0     61.3   1151.1   1179.2   0.944
20260404072227     50    565.0    580.0   20.0     62.8   1105.1   1102.1   0.671
20260404072227     50   1630.0   1650.0   20.0    125.5   1104.7   1106.5   0.749
20260404072227     52   1750.0   1765.0   20.0     22.0   1154.3   1184.3   0.797
20260404072227     53    275.0    295.0   20.0    176.9   1107.7   1106.4   0.852
20260404072227     54   1425.0   1445.0   20.0    106.4   1705.8   1784.3   0.791
20260404072227     54   1535.0   1555.0   20.0     39.3   1783.0   1732.7   0.877
20260404072227     56   1275.0   1290.0   20.0     50.1   1112.3   1145.4   0.703
20260404072227     56   1550.0   1565.0   20.0     25.9   1176.6   1177.8   0.624
20260404072227     56   1760.0   1775.0   20.0     34.3   1154.3   1184.4   0.626
20260404072227     57    550.0    565.0   20.0     21.5   1109.1   1133.0   0.693
20260404072227     57    730.0    745.0   20.0     52.2   1260.3   1210.7   0.885
20260404072227     57    910.0    970.0   20.0     42.5   1328.1   1330.7   0.722
20260404072227     57   1015.0   1030.0   20.0     35.9   1356.1   1132.3   0.940
20260404072227     57   1375.0   1390.0   20.0     23.9   1107.0   1143.1   0.693
20260404072227     57   1705.0   1720.0   20.0     30.5   1185.9   1212.8   0.798
20260404072227     60    475.0    490.0   20.0     44.7   1206.2   1206.9   0.797
20260404072227     61   1565.0   1580.0   20.0     20.8   1105.2   1106.5   0.656
20260404072227     61   1725.0   1745.0   20.0    228.7   1111.0   1108.0   0.826
20260404072227     66    780.0    825.0   20.0     33.0   1160.5   1164.0   0.874
20260404072227     74    305.0    320.0   20.0     28.5   1127.0   1166.6   0.779
20260404072227     74    510.0    555.0   20.0     41.4   1196.5   1214.9   0.886
20260404072227     74   1215.0   1230.0   20.0     76.0   1194.3   1194.6   0.785
20260404072227     74   1545.0   1560.0   20.0     32.3   1208.8   1289.0   0.708
20260404072227     75   1040.0   1130.0   20.0     23.6   1101.2   1182.8   0.790
20260404072227     75   1210.0   1225.0   20.0    129.6   1173.9   1202.9   0.843
20260404072227     76   1035.0   1085.0   20.0     80.1   1108.6   1109.8   0.843
20260404072227     77    510.0    530.0   20.0     35.0   1628.2   1724.1   0.869
20260404072227     79   1280.0   1295.0   20.0    125.5   1085.2   1304.9   0.805
20260404072227     79   1410.0   1425.0   20.0     40.1   1315.1   1347.5   0.724
20260404072227     81    100.0    115.0   20.0     37.8   1142.2   1092.7   0.760
20260404072227     81    880.0    960.0   20.0     68.3   1097.7   1339.7   0.781
20260404072227     81   1015.0   1030.0   20.0     32.9   1368.0   1483.2   0.793
20260404072227     81   1095.0   1110.0   20.0     31.1   1517.7   1535.2   0.891
20260404072227     81   1325.0   1340.0   20.0     21.9   1453.2   1451.8   0.837
20260404072227     81   1650.0   1665.0   20.0     58.0   1553.6   1585.9   0.804
20260404072227     83   1405.0   1425.0   20.0    119.3   1076.0   1077.1   0.761
20260404072227     86   1315.0   1435.0   20.0    222.6   1126.0   1131.0   0.932
20260404072227     86   1480.0   1495.0   20.0    153.2   1125.3   1126.7   0.731
20260404072227     87      0.0     10.0   20.0     85.6      0.0   1113.7   0.761
20260404072227     89    340.0    360.0   20.0     75.7   1102.8   1106.3   0.789
20260404072227     92      5.0     20.0   20.0     25.3   1360.0   1357.8   0.769
20260404072227     92    105.0    120.0   20.0     23.0   1382.3   1391.1   0.768
20260404072227     92    365.0    380.0   20.0     40.2   1449.9   1437.5   0.631
20260404072227     92    515.0    530.0   20.0     21.1   1459.5   1487.5   0.761
20260404072227     92    830.0    845.0   20.0     25.1   1479.2   1480.0   0.718
20260404072227     96     35.0     55.0   20.0     48.6   1097.3   1098.0   0.787
20260404072227     96   1390.0   1425.0   20.0     21.5   1129.2   1217.0   0.807
20260404072227     96   1695.0   1710.0   20.0    162.9   1451.7   1653.1   0.860
20260404072227    102    910.0    925.0   20.0     23.3   1202.0   1246.7   0.764
20260404072227    102   1025.0   1040.0   20.0     55.4   1266.2   1199.5   0.844
20260404072227    102   1095.0   1110.0   20.0    105.7   1201.9   1200.1   0.535
20260404072227    103    280.0    320.0   20.0     46.3   1143.9   1188.8   0.883
20260404072227    103    360.0    375.0   20.0     21.5   1188.5   1184.4   0.527
20260404072227    103    490.0    505.0   20.0    225.9   1184.0   1161.3   0.734
20260404072227    106      0.0    135.0   20.0     75.1      0.0   1391.5   0.844
20260404072227    106    255.0    290.0   20.0     31.7   1473.3   1466.3   0.777
20260404072227    106    325.0    340.0   20.0     25.8   1469.2   1560.2   0.793
20260404072227    106    405.0    465.0   20.0     28.3   1550.5   1580.9   0.746
20260404072227    107    235.0    290.0   20.0    276.9   1107.6   1119.8   0.865
20260404072227    107   1235.0   1250.0   20.0     29.6   1103.9   1144.1   0.770
20260404072227    108   1695.0   1710.0   20.0     57.7   1177.8   1268.1   0.915
20260404072227    111    780.0    795.0   20.0     20.5   1472.3   1520.8   0.823
20260404072227    112    335.0    350.0   20.0     89.2   1087.6   1090.3   0.861
20260404072227    112    600.0    615.0   20.0     58.6   1092.4   1157.3   0.756
20260404072227    112    685.0    715.0   20.0    251.4   1166.8   1106.6   0.930
20260404072227    113   1390.0   1445.0   20.0     97.4   1069.4   1087.8   0.833
20260404072227    115   1260.0   1345.0   20.0     58.9   1096.1   1097.2   0.816
20260404072227    118    790.0    805.0   20.0     63.9   1072.8   1074.1   0.789
20260404072227    120   1130.0   1165.0   20.0     22.3   1066.2   1135.9   0.837
20260404072227    120   1375.0   1390.0   20.0     22.1   1155.8   1144.0   0.542
20260404072227    122    850.0    890.0   20.0     60.6   1145.2   1144.1   0.813
20260404072227    125    215.0    230.0   20.0     22.7   1139.5   1164.7   0.791
20260404072227    125    420.0    435.0   20.0     25.3   1198.0   1218.0   0.712
20260404072227    127    305.0    320.0   20.0     52.0   1090.9   1183.8   0.742
20260404072227    127    390.0    510.0   20.0    202.9   1235.7   1467.4   0.827
20260404072227    127    550.0    575.0   20.0    155.7   1465.9   1118.6   0.937
20260404072227    127    815.0    860.0   20.0    111.8   1108.0   1091.2   0.773
20260404072227    127   1445.0   1465.0   20.0    117.4   1087.9   1093.2   0.779
20260404072227    128   1365.0   1380.0   20.0     30.2   1086.0   1087.2   0.672
20260404072227    129   1430.0   1445.0   20.0     31.4   1072.7   1109.0   0.745
20260404072227    129   1505.0   1520.0   20.0     51.7   1158.2   1263.8   0.810
20260404072227    129   1685.0   1700.0   20.0     51.9   1245.3   1308.7   0.789
20260404072227    130    395.0    430.0   20.0     85.7   1102.8   1097.3   0.837
20260404072227    130    910.0    935.0   20.0     50.0   1109.0   1361.6   0.823
20260404072227    130   1015.0   1030.0   20.0     58.6   1352.3   1172.0   0.942
20260404072227    130   1100.0   1115.0   20.0     75.4   1174.8   1112.8   0.900
20260404072227    130   1550.0   1685.0   20.0     87.1   1103.0   1132.8   0.911
20260404072227    132    760.0    855.0   20.0    131.6   1086.4   1081.8   0.793
20260404072227    132   1675.0   1695.0   20.0    311.3   1077.7   1075.1   0.850
20260404072227    133   1045.0   1135.0   20.0    380.2   1088.3   1102.7   0.915
20260404072227    133   1430.0   1445.0   20.0     58.9   1092.9   1093.8   0.799
20260404072227    133   1790.0   1800.0   20.0     23.3   1111.3   1156.0   0.832
20260404072227    134   1475.0   1490.0   20.0     24.6   1129.7   1183.1   0.801
20260404072227    134   1655.0   1670.0   20.0     23.2   1190.6   1233.9   0.831
20260404072227    135      5.0     25.0   20.0     42.3   1598.3   1255.9   0.865
20260404072227    135    765.0    810.0   20.0     54.2   1176.4   1176.9   0.782
20260404072227    136    855.0    875.0   20.0     75.2   1088.9   1079.1   0.812
20260404072227    138    145.0    160.0   20.0     20.7   1217.3   1219.1   0.546
20260404072227    139     50.0     65.0   20.0     30.6   1086.9   1122.3   0.745
20260404072227    139    255.0    300.0   20.0     42.0   1145.4   1214.6   0.777
20260404072227    139    500.0    550.0   20.0    106.0   1229.3   1257.7   0.635
20260404072227    139    585.0    595.0   20.0     20.5   1258.5   1261.5   0.681
20260404072227    140   1480.0   1495.0   20.0     28.5   1198.9   1184.3   0.614
20260404072227    144   1145.0   1155.0   20.0     29.1   1121.2   1116.4   0.467
20260404072227    144   1415.0   1435.0   20.0    249.8   1113.4   1479.7   0.886
20260404072227    144   1670.0   1715.0   20.0     41.6   1431.7   1366.1   0.669
20260404072227    144   1770.0   1785.0   20.0     30.4   1297.9   1159.5   0.869
20260404072227    148    100.0    115.0   20.0     44.2   1106.8   1111.0   0.790
20260404072227    150     50.0    275.0   20.0     40.4    649.8    676.8   0.607
20260404072227    150    315.0    790.0   20.0     71.4    683.1    675.5   0.712
20260404072227    150    880.0    965.0   20.0     51.7    686.3    683.5   0.741
20260404072227    150   1010.0   1060.0   20.0     20.5    685.0    687.7   0.436
20260404072227    150   1105.0   1360.0   20.0     98.8    684.6    682.9   0.733
20260404072227    150   1400.0   1500.0   20.0     56.3    686.7    682.6   0.723
20260404072227    150   1545.0   1790.0   20.0    102.6    677.0    684.0   0.774
20260404072227    158   1305.0   1325.0   20.0    114.0   1122.1   1140.1   0.864
20260404072227    158   1440.0   1455.0   20.0     96.3   1137.7   1114.0   0.767
20260404072227    159    695.0    710.0   20.0     29.0   1104.9   1111.6   0.616
20260404072227    161    670.0    685.0   20.0     32.2   1165.6   1169.5   0.767
20260404072227    161    890.0    945.0   20.0     26.8   1182.5   1185.4   0.751
20260404072227    161   1485.0   1495.0   20.0     37.2   1200.7   1203.5   0.453
20260404072227    161   1535.0   1565.0   20.0     33.0   1202.6   1195.6   0.471
20260404072227    161   1600.0   1610.0   20.0     27.4   1203.3   1195.5   0.439
20260404072227    161   1770.0   1780.0   20.0     35.7   1191.7   1210.2   0.406
20260404072227    164   1460.0   1475.0   20.0     45.4   1310.8   1375.5   0.807
20260404072227    165    990.0   1030.0   20.0    104.3   1121.6   1119.0   0.870
20260404072227    165   1205.0   1220.0   20.0     71.5   1118.6   1117.9   0.502
20260404072227    166     35.0     60.0   20.0    159.8   1317.6   1167.7   0.835
20260404072227    166   1065.0   1145.0   20.0     74.2   1159.2   1397.5   0.922
20260404072227    166   1705.0   1720.0   20.0     25.4   1394.5   1433.5   0.828
20260404072227    167    350.0    365.0   20.0     39.6   1124.4   1179.7   0.729
20260404072227    167    650.0    665.0   20.0     81.9   1229.5   1240.7   0.722
20260404072227    167    780.0    795.0   20.0     47.4   1247.0   1303.3   0.684
20260404072227    167   1610.0   1625.0   20.0     26.2   1285.6   1336.9   0.916
20260404072227    167   1765.0   1780.0   20.0    133.3   1299.4   1146.2   0.697
20260404072227    168    250.0    265.0   20.0     22.9   1388.3   1448.0   0.675
20260404072227    171   1060.0   1075.0   20.0     44.4   1329.8   1277.2   0.786
20260404072227    177   1720.0   1735.0   20.0     20.6   1168.8   1162.3   0.688
20260404072227    178    385.0    400.0   20.0     36.6   1146.0   1182.6   0.751
20260404072227    178    460.0    505.0   20.0    173.9   1188.6   1144.0   0.897
20260404072227    179    615.0    630.0   20.0     34.1   1142.8   1163.0   0.609
20260404072227    179    765.0    800.0   20.0    173.8   1149.3   1358.9   0.878
20260404072227    181    200.0    225.0   20.0    141.4   1162.2   1162.6   0.823
20260404072227    183    925.0    940.0   20.0     42.4   1134.8   1211.4   0.777
20260404072227    185    540.0    585.0   20.0     63.4   1133.0   1135.1   0.838
20260404072227    188    335.0    345.0   20.0     21.7   1486.5   1496.6   0.438
20260404072227    188    560.0    575.0   20.0     22.9   1506.2   1510.5   0.895
20260404072227    188    695.0    710.0   20.0     49.8   1511.2   1509.1   0.789
20260404072227    188    850.0    865.0   20.0     44.8   1489.4   1493.5   0.669
20260404072227    188   1070.0   1085.0   20.0     30.0   1493.2   1516.6   0.868
20260404072227    188   1260.0   1275.0   20.0     72.7   1570.4   1650.2   0.903
20260404072227    190    215.0    230.0   20.0     25.3   1218.0   1245.9   0.741
20260404072227    190   1455.0   1470.0   20.0     39.6   1255.9   1397.8   0.801
20260404072227    191    570.0    590.0   20.0    155.8   1059.3   1064.0   0.821
20260404072227    193    830.0    845.0   20.0     36.1   1203.4   1184.7   0.661
20260404072227    195    840.0    865.0   20.0     60.1   1184.3   1393.3   0.868
20260404072227    195    970.0    985.0   20.0     31.3   1447.2   1426.5   0.823
20260404072227    199    300.0    315.0   20.0    133.9   1188.6   1191.6   0.749
20260404072227    202    805.0    820.0   20.0    101.8   1198.1   1198.0   0.811
20260404072227    202    970.0   1020.0   20.0     72.1   1190.9   1189.1   0.829
20260404072227    202   1405.0   1500.0   20.0     72.2   1222.1   1561.1   0.843
20260404072227    202   1560.0   1575.0   20.0    136.2   1556.3   1184.5   0.792
20260404072227    202   1710.0   1735.0   20.0    291.0   1182.4   1675.4   0.883
20260404072227    204    425.0    445.0   20.0     28.8   1258.3   1262.4   0.765
20260404072227    209    110.0    125.0   20.0     29.9   1208.0   1237.9   0.737
20260404072227    209    805.0    820.0   20.0     26.7   1295.7   1309.2   0.799
20260404072227    209   1080.0   1095.0   20.0     65.8   1310.8   1393.8   0.780
20260404072227    210   1075.0   1160.0   20.0    152.2   1215.8   1526.4   0.782
20260404072227    210   1200.0   1220.0   20.0    140.6   1513.3   1517.0   0.859
20260404072227    210   1385.0   1400.0   20.0     99.7   1536.8   1254.3   0.839
20260404072227    215    255.0    275.0   17.8     70.2   1328.9   1267.6   0.709
20260404072227    216     70.0     85.0   20.0    128.2   2395.5   2278.0   0.882
20260404072227    217    835.0    850.0   20.0     49.4   1323.0   1316.6   0.730
20260404072227    221    580.0    595.0   20.0     67.8   1223.5   1221.0   0.763
20260404072227    222   1255.0   1305.0   20.0     59.4   1240.6   1238.3   0.839
20260404072227    223    200.0    215.0   20.0     69.6   1257.9   1257.9   0.727
20260404072227    223    615.0    670.0   20.0     64.8   1256.5   1322.6   0.741
20260404072227    223    775.0    790.0   20.0     23.6   1333.6   1359.4   0.825
20260404072227    223    825.0    840.0   20.0    121.0   1375.5   1401.9   0.827
20260404072227    224      0.0     10.0   20.0     25.4      0.0   1266.5   0.673
20260404072227    224   1540.0   1560.0   20.0    206.1   1286.8   1308.7   0.868
20260404072227    224   1710.0   1730.0   20.0    114.8   1322.5   1276.4   0.941
20260404072227    225    830.0    845.0   20.0     52.4   1372.2   1420.9   0.684
20260404072227    230    520.0    535.0   20.0     37.2    406.8    389.2   0.747
20260404072227    230    770.0    785.0   20.0     30.2    366.9    352.5   0.758
20260404072227    233   1575.0   1590.0   20.0     25.3   1258.0   1282.8   0.739
20260404072227    235    250.0    265.0   20.0     24.6   1286.0   1317.6   0.781
20260404072227    235    315.0    330.0   20.0     21.7   1332.9   1401.1   0.710
20260404072227    235    410.0    430.0   20.0     35.3   1422.3   1409.2   0.807
20260404072227    237   1240.0   1265.0   20.0     40.8   1303.0   1301.2   0.744
20260404072227    237   1370.0   1385.0   20.0     68.5   1296.4   1298.9   0.754
20260404072227    238   1425.0   1440.0   20.0     30.3   1381.6   1430.1   0.760
20260404072227    238   1485.0   1500.0   20.0     27.6   1426.6   1447.8   0.858
20260404072227    240   1330.0   1345.0   20.0     23.3   1503.1   1505.2   0.551
20260404072227    243   1710.0   1730.0   20.0     29.6   1336.5   1388.6   0.730
20260404072227    245    315.0    330.0   20.0     22.5   1475.1   1492.6   0.717
20260404075543      3   1120.0   1160.0   20.0    161.3   1196.0   1550.3   0.811
20260404075543      3   1260.0   1275.0   20.0     96.4   1532.5   1192.3   0.931
20260404075543      4      0.0     10.0   20.0     20.9      0.0   1637.6   0.771
20260404075543      4     45.0     60.0   20.0     86.6   1658.8   1715.2   0.640
20260404075543      4    145.0    160.0   20.0     23.4   1667.9   1694.9   0.895
20260404075543      5     35.0    165.0   20.0     69.4   1193.2   1494.4   0.761
20260404075543      5    205.0    245.0   20.0     62.4   1536.6   1183.3   0.881
20260404075543      5    590.0    620.0   20.0    317.1   1197.1   1183.8   0.860
20260404075543      5   1160.0   1195.0   20.0     30.0   1190.6   1237.9   0.793
20260404075543      5   1315.0   1330.0   20.0     29.6   1277.5   1276.9   0.570
20260404075543      5   1385.0   1405.0   20.0     56.9   1259.4   1360.4   0.790
20260404075543      6   1170.0   1185.0   20.0     93.6   1197.8   1204.1   0.707
20260404075543      8    180.0    195.0   20.0    100.0   1195.3   1200.1   0.752
20260404075543      8    445.0    460.0   20.0     30.1   1199.6   1236.7   0.819
20260404075543      8   1460.0   1475.0   20.0     24.1   1224.3   1228.6   0.564
20260404075543      9    410.0    425.0   20.0     80.4   1177.5   1180.7   0.806
20260404075543     12     50.0     65.0   20.0     23.7   1573.3   1577.0   0.670
20260404075543     12    225.0    250.0   20.0     51.8   1564.8   1604.2   0.858
20260404075543     12    360.0    375.0   20.0     22.0   1599.5   1643.6   0.930
20260404075543     12    830.0    845.0   20.0     49.7   1619.3   1631.8   0.754
20260404075543     12   1125.0   1140.0   20.0    132.4   1640.0   1706.8   0.530
20260404075543     13   1250.0   1265.0   20.0     76.7   1177.7   1176.3   0.723
20260404075543     15    245.0    260.0   20.0     47.6   1226.7   1274.6   0.726
20260404075543     15    315.0    415.0   20.0     29.5   1276.6   1336.0   0.834
20260404075543     15    485.0    500.0   20.0     24.5   1348.5   1411.7   0.828
20260404075543     16    100.0    115.0   20.0     20.6   1239.5   1274.3   0.789
20260404075543     16   1480.0   1495.0   20.0     24.4   1233.0   1259.5   0.741
20260404075543     16   1620.0   1635.0   20.0     34.5   1298.8   1286.3   0.797
20260404075543     22    435.0    450.0   20.0     22.9   1256.2   1279.0   0.752
20260404075543     22   1200.0   1215.0   20.0     34.8   1325.4   1385.5   0.771
20260404075543     22   1730.0   1745.0   20.0     42.5   1404.4   1460.0   0.825
20260404075543     24      5.0     25.0   20.0    366.3   1598.7   1151.1   0.821
20260404075543     24    770.0    785.0   20.0     45.2   1162.1   1416.9   0.692
20260404075543     24   1660.0   1725.0   20.0    111.7   1147.9   1151.4   0.837
20260404075543     26    410.0    425.0   20.0     32.8   1196.9   1229.5   0.741
20260404075543     26    530.0    545.0   20.0     33.1   1239.5   1313.2   0.812
20260404075543     29    635.0    650.0   20.0     66.3   1170.1   1365.7   0.816
20260404075543     29    960.0    975.0   20.0     64.3   1488.8   1488.9   0.568
20260404075543     29   1080.0   1110.0   20.0     62.6   1461.0   1166.8   0.957
20260404075543     29   1620.0   1670.0   20.0     63.0   1151.3   1153.2   0.767
20260404075543     31     20.0     35.0   20.0     67.3   1157.8   1157.8   0.631
20260404075543     31    745.0    765.0   20.0    295.3   1148.2   1143.7   0.887
20260404075543     31   1170.0   1185.0   20.0     20.2   1136.8   1136.2   0.543
20260404075543     33    135.0    150.0   20.0     70.1   1155.7   1156.3   0.711
20260404075543     39    150.0    165.0   20.0     34.0   1443.8   1457.1   0.729
20260404075543     40      0.0    105.0   20.0    122.3      0.0   1208.4   0.733
20260404075543     40    245.0   1140.0   19.9    119.1   1209.5   1238.5   0.797
20260404075543     40   1230.0   1300.0   20.0     87.4   1224.3   1239.3   0.791
20260404075543     40   1365.0   1425.0   20.0     88.6   1223.3   1223.2   0.746
20260404075543     40   1470.0   1500.0   20.0     36.0   1222.0   1220.2   0.670
20260404075543     40   1560.0   1640.0   20.0     55.6   1219.1   1229.6   0.698
20260404075543     40   1675.0   1690.0   20.0     41.5   1225.1   1230.1   0.564
20260404075543     40   1745.0   1800.0   20.0     66.4   1238.8   1140.5   0.797
20260404075543     41    670.0    685.0   20.0     22.9   1441.5   1468.7   0.779
20260404075543     43    260.0    295.0   20.0     57.4   1129.1   1169.9   0.926
20260404075543     43   1700.0   1715.0   20.0     35.5   1128.0   1186.2   0.823
20260404075543     48    215.0    230.0   20.0     21.8    568.3    565.7   0.538
20260404075543     48   1040.0   1075.0   20.0    138.8    559.3    560.9   0.559
20260404075543     48   1605.0   1615.0   20.0     33.9    567.2    578.4   0.414
20260404075543     48   1670.0   1685.0   20.0     21.8    573.4    573.4   0.451
20260404075543     49    285.0    300.0   20.0     26.3   1386.2   1421.2   0.726
20260404075543     49    350.0    360.0   20.0     24.6   1458.0   1460.7   0.404
20260404075543     50    485.0    500.0   20.0     58.0   1119.1   1186.7   0.727
20260404075543     50    555.0    665.0   20.0     97.3   1205.1   1329.5   0.848
20260404075543     53    200.0    215.0   20.0     26.5   1108.8   1141.0   0.782
20260404075543     53    310.0    325.0   20.0     47.0   1208.1   1254.8   0.694
20260404075543     53   1375.0   1390.0   20.0     58.0   1191.0   1200.4   0.826
20260404075543     57   1115.0   1135.0   20.0    312.4   1102.0   1102.1   0.829
20260404075543     57   1200.0   1210.0   20.0     22.7   1101.8   1226.9   0.722
20260404075543     61    735.0    750.0   20.0    139.5   1103.9   1104.9   0.752
20260404075543     61   1335.0   1370.0   20.0    122.2   1100.4   1114.9   0.823
20260404075543     63    350.0    365.0   20.0     27.9   1154.2   1155.8   0.743
20260404075543     65   1470.0   1490.0   20.0     31.9   1154.4   1154.5   0.752
20260404075543     66   1090.0   1110.0   20.0     48.4   1159.3   1159.8   0.842
20260404075543     73   1170.0   1185.0   20.0     33.8   1206.8   1149.3   0.779
20260404075543     73   1275.0   1285.0   20.0     21.6   1170.7   1161.1   0.496
20260404075543     74   1550.0   1565.0   20.0     29.6   1130.3   1125.5   0.890
20260404075543     75     90.0    120.0   20.0     66.4   1106.3   1105.7   0.830
20260404075543     75   1250.0   1265.0   20.0     20.5   1126.4   1102.9   0.793
20260404075543     79   1250.0   1325.0   20.0     90.2   1087.6   1087.6   0.795
20260404075543     81    155.0    195.0   20.0    147.8   1095.2   1094.1   0.857
20260404075543     83    375.0    395.0   20.0     72.8   1079.1   1080.4   0.794
20260404075543     84      5.0     20.0   20.0     23.6   1191.6   1190.2   0.584
20260404075543     86    895.0    910.0   20.0     88.0   1125.9   1205.1   0.755
20260404075543     86    970.0   1000.0   20.0    165.1   1225.6   1232.3   0.882
20260404075543     86   1145.0   1160.0   20.0     56.2   1238.5   1219.6   0.889
20260404075543     87    770.0    800.0   20.0     89.0   1104.8   1144.0   0.891
20260404075543     87   1100.0   1155.0   20.0    140.5   1123.0   1116.9   0.954
20260404075543     88   1615.0   1630.0   20.0     39.5   1139.2   1140.4   0.754
20260404075543     89    315.0    335.0   20.0     38.8   1113.1   1111.4   0.826
20260404075543     96     40.0     55.0   20.0     43.4   1095.7   1138.0   0.743
20260404075543     96    695.0    795.0   20.0     57.9   1097.1   1334.4   0.811
20260404075543     96    845.0    875.0   20.0    156.3   1346.7   1099.7   0.837
20260404075543     96   1700.0   1750.0   20.0     91.8   1116.4   1091.3   0.811
20260404075543     97   1395.0   1410.0   20.0     56.8   1202.0   1191.3   0.801
20260404075543    107    315.0    345.0   20.0    372.5   1117.8   1128.2   0.904
20260404075543    108    715.0    730.0   20.0     68.0   1183.7   1186.2   0.705
20260404075543    111    180.0    195.0   20.0     48.1   1409.9   1534.8   0.889
20260404075543    111    555.0    570.0   20.0     24.3   1528.8   1506.0   0.812
20260404075543    112    190.0    225.0   20.0     65.1   1248.4   1125.9   0.939
20260404075543    113   1545.0   1560.0   20.0     98.1   1084.2   1114.0   0.709
20260404075543    113   1745.0   1760.0   20.0     91.3   1085.5   1263.8   0.907
20260404075543    114     50.0     65.0   20.0     20.4   1295.8   1318.1   0.693
20260404075543    114    170.0    185.0   20.0     24.3   1311.7   1299.0   0.763
20260404075543    118   1655.0   1675.0   20.0     95.7   1071.8   1071.2   0.885
20260404075543    119    140.0    200.0   20.0     40.6   1154.9   1245.5   0.702
20260404075543    119    250.0    265.0   20.0     58.0   1267.2   1274.5   0.803
20260404075543    119    335.0    360.0   20.0    191.1   1291.1   1083.1   0.873
20260404075543    120   1110.0   1125.0   20.0     27.6   1073.5   1124.7   0.704
20260404075543    120   1265.0   1280.0   20.0     45.8   1134.0   1262.0   0.847
20260404075543    120   1385.0   1400.0   20.0     26.4   1299.7   1305.0   0.670
20260404075543    122   1025.0   1040.0   20.0     71.0   1154.4   1140.6   0.746
20260404075543    122   1150.0   1165.0   20.0     39.2   1140.7   1139.4   0.778
20260404075543    123    910.0    925.0   20.0     44.9   1238.1   1217.3   0.695
20260404075543    125    250.0    265.0   20.0     22.2   1146.5   1153.2   0.797
20260404075543    125    500.0    530.0   20.0     59.4   1155.7   1199.2   0.897
20260404075543    127    355.0    370.0   20.0     24.7   1097.9   1107.2   0.748
20260404075543    128     30.0     45.0   20.0     56.4   1091.5   1093.5   0.806
20260404075543    128    610.0    625.0   20.0     83.8   1099.6   1305.7   0.912
20260404075543    128    720.0    735.0   20.0     30.6   1363.9   1345.6   0.604
20260404075543    128    875.0    890.0   20.0     25.0   1339.1   1356.3   0.517
20260404075543    130    505.0    520.0   20.0     39.4   1104.1   1133.1   0.750
20260404075543    130    690.0    710.0   20.0     61.6   1193.5   1172.4   0.805
20260404075543    130    905.0    920.0   20.0     21.1   1197.0   1203.3   0.784
20260404075543    130   1095.0   1110.0   20.0     53.6   1168.6   1297.9   0.871
20260404075543    132   1270.0   1290.0   20.0     69.6   1077.9   1078.3   0.814
20260404075543    133    550.0    565.0   20.0     54.2   1095.6   1094.7   0.678
20260404075543    133   1390.0   1405.0   20.0     49.3   1104.2   1102.1   0.761
20260404075543    134     65.0     80.0   20.0    129.4   1190.3   1249.4   0.905
20260404075543    134   1505.0   1520.0   20.0     49.7   1482.6   1393.0   0.809
20260404075543    136   1590.0   1620.0   20.0     58.5   1073.0   1076.6   0.807
20260404075543    138    345.0    360.0   20.0     84.3   1112.7   1114.7   0.777
20260404075543    138   1260.0   1280.0   20.0    129.8   1131.0   1336.5   0.830
20260404075543    138   1595.0   1610.0   20.0     22.1   1345.8   1389.2   0.823
20260404075543    140    255.0    270.0   20.0     45.7   1183.3   1185.6   0.471
20260404075543    140    310.0    325.0   20.0     37.5   1186.0   1182.5   0.816
20260404075543    144    530.0    545.0   20.0    278.6   1134.2   1682.6   0.856
20260404075543    148    625.0    645.0   20.0     65.6   1115.8   1115.2   0.774
20260404075543    148   1315.0   1330.0   20.0     27.5   1108.5   1109.6   0.700
20260404075543    148   1380.0   1415.0   20.0    114.4   1108.7   1107.7   0.864
20260404075543    150     40.0    115.0   20.0     52.6    647.8    671.5   0.642
20260404075543    150    255.0    345.0   20.0     47.6    660.1    671.4   0.732
20260404075543    150    415.0    570.0   20.0     69.1    672.0    679.0   0.714
20260404075543    150    605.0    635.0   20.0     49.5    679.0    676.2   0.743
20260404075543    150    680.0   1060.0   20.0     70.1    678.6    676.5   0.742
20260404075543    150   1100.0   1325.0   20.0     48.2    677.3    683.1   0.720
20260404075543    150   1390.0   1405.0   20.0     22.4    682.0    679.2   0.473
20260404075543    150   1535.0   1570.0   20.0     23.0    676.5    677.1   0.507
20260404075543    150   1605.0   1770.0   20.0    104.6    680.3    681.0   0.771
20260404075543    156    825.0    840.0   20.0     44.7   1165.3   1161.4   0.754
20260404075543    157   1450.0   1485.0   20.0     78.3   1196.2   1194.8   0.752
20260404075543    158    260.0    295.0   20.0    113.1   1115.3   1118.1   0.765
20260404075543    158    590.0    635.0   20.0    126.5   1112.5   1118.0   0.854
20260404075543    159    720.0    735.0   20.0     71.7   1094.6   1094.4   0.810
20260404075543    161     85.0    100.0   20.0     30.3   1068.4   1085.4   0.697
20260404075543    161    545.0    595.0   20.0     24.6   1122.9   1209.3   0.583
20260404075543    161    890.0    915.0   20.0     79.3   1105.1   1167.6   0.601
20260404075543    161   1535.0   1545.0   20.0     29.1   1196.1   1191.3   0.456
20260404075543    161   1720.0   1750.0   20.0    130.5   1196.8   1203.8   0.675
20260404075543    163    865.0    880.0   20.0     47.9   1127.4   1125.0   0.614
20260404075543    165    565.0    580.0   20.0     29.1   1126.4   1191.2   0.741
20260404075543    165    700.0    725.0   20.0     26.1   1196.3   1273.2   0.814
20260404075543    165    810.0    845.0   20.0    131.5   1290.2   1394.6   0.810
20260404075543    165    885.0    900.0   20.0     36.9   1398.9   1405.8   0.705
20260404075543    166    290.0    310.0   20.0     71.0   1162.7   1213.8   0.802
20260404075543    166    380.0    435.0   20.0     41.1   1207.8   1323.5   0.839
20260404075543    166   1080.0   1095.0   20.0     20.1   1378.5   1403.4   0.752
20260404075543    167   1235.0   1250.0   20.0    210.4   1191.4   1405.4   0.889
20260404075543    171   1455.0   1470.0   20.0     25.5   1160.3   1164.4   0.789
20260404075543    171   1645.0   1660.0   20.0     20.1   1161.8   1162.6   0.490
20260404075543    173    275.0    305.0   20.0     90.8   1164.2   1159.3   0.842
20260404075543    175   1235.0   1275.0   20.0    110.7   1144.1   1144.5   0.867
20260404075543    175   1590.0   1605.0   20.0    153.2   1146.1   1419.8   0.841
20260404075543    177      5.0     30.0   20.0    126.2   1156.4   1155.0   0.902
20260404075543    177   1580.0   1595.0   20.0    159.1   1172.2   1430.8   0.803
20260404075543    178     45.0     60.0   20.0     27.0   1146.8   1172.1   0.746
20260404075543    178    500.0    555.0   20.0     69.7   1215.3   1361.6   0.853
20260404075543    178   1290.0   1300.0   20.0     21.6   1282.3   1289.9   0.537
20260404075543    179    155.0    210.0   20.0     52.8   1161.7   1165.8   0.676
20260404075543    179   1585.0   1610.0   20.0    211.6   1152.9   1155.7   0.840
20260404075543    181     50.0    130.0   20.0     46.5   1163.2   1282.5   0.823
20260404075543    181    285.0    300.0   20.0     29.4   1293.1   1308.1   0.568
20260404075543    190    290.0    305.0   20.0     21.7   1221.4   1243.7   0.751
20260404075543    190    930.0    945.0   20.0    212.2   1298.0   1395.3   0.776
20260404075543    190   1385.0   1400.0   20.0     25.4   1355.3   1401.1   0.861
20260404075543    191    185.0    220.0   20.0     38.7   1062.4   1103.0   0.708
20260404075543    191    270.0    285.0   20.0     30.3   1106.6   1156.5   0.754
20260404075543    191    540.0    555.0   20.0     31.4   1118.7   1171.8   0.766
20260404075543    191    620.0    635.0   20.0     84.4   1187.9   1066.8   0.795
20260404075543    195    990.0   1010.0   20.0    232.6   1182.9   1184.9   0.823
20260404075543    198   1510.0   1570.0   20.0     24.2   1293.0   1320.3   0.719
20260404075543    198   1745.0   1785.0   20.0     95.5   1406.4   1476.2   0.790
20260404075543    202    585.0    605.0   20.0    227.2   1193.1   1195.3   0.922
20260404075543    210    730.0    900.0   20.0     52.3   1217.9   1500.5   0.785
20260404075543    210   1265.0   1280.0   20.0     20.6   1718.3   1740.4   0.780
20260404075543    211    290.0    345.0   20.0     80.9   1211.9   1611.5   0.798
20260404075543    211    450.0    465.0   20.0     20.3   1472.3   1488.7   0.820
20260404075543    211    615.0    630.0   20.0     39.2   1514.1   1532.2   0.699
20260404075543    215      5.0     20.0   20.0     87.4   1394.3   1297.1   0.895
20260404075543    216    230.0    330.0   20.0     26.6   2366.1   2390.2   0.939
20260404075543    216    475.0    490.0   20.0     28.8   2378.7   2402.4   0.937
20260404075543    222    430.0    445.0   20.0     64.3   1343.1   1251.6   0.795
20260404075543    223    495.0    510.0   20.0     22.4   1573.5   1598.0   0.764
20260404075543    223   1030.0   1045.0   20.0     23.1   1622.8   1631.2   0.751
20260404075543    224   1590.0   1665.0   20.0    299.0   1262.4   1265.8   0.895
20260404075543    225     55.0     70.0   20.0     29.4   1328.9   1314.4   0.728
20260404075543    225    445.0    460.0   20.0     58.6   1357.2   1443.8   0.796
20260404075543    225   1375.0   1390.0   20.0     41.0   1476.5   1549.4   0.815
20260404075543    230     50.0     65.0   20.0     23.7    452.8    427.6   0.771
20260404075543    230    865.0    885.0   20.0    109.7    401.1    385.1   0.808
20260404075543    233    300.0    315.0   20.0     33.2   1275.2   1274.5   0.633
20260404075543    233    825.0    840.0   20.0     78.2   1281.8   1282.0   0.536
20260404075543    235    855.0    870.0   20.0    154.8   1280.1   1556.8   0.827
20260404075543    235    920.0    935.0   20.0     27.8   1553.9   1563.1   0.627
20260404075543    235   1030.0   1045.0   20.0    125.1   1595.1   1630.2   0.778
20260404075543    238    765.0    790.0   20.0     39.1   1388.8   1414.5   0.827
20260404075543    243    400.0    415.0   20.0     25.5   1377.0   1391.8   0.736
20260404075543    243    645.0    665.0   20.0     30.6   1393.8   1381.0   0.823
20260404075543    244    120.0    150.0   20.0     36.7   1322.4   1377.3   0.732
20260404075543    245     30.0     70.0   20.0     48.7   1417.6   1468.5   0.864
20260404075543    245    225.0    240.0   20.0     41.3   1531.1   1575.2   0.865
20260404075543    248    380.0    390.0   20.0     23.4   1413.9   1423.6   0.402
20260404075543    248    550.0    565.0   20.0     44.5   1415.3   1413.8   0.754
20260404075543    253   1300.0   1315.0   20.0     28.2   1426.9   1421.6   0.522
20260404082859      3    740.0    755.0   20.0     37.8   1208.3   1200.1   0.569
20260404082859      5    380.0    400.0   20.0     39.8   1189.2   1296.2   0.828
20260404082859      5    485.0    500.0   20.0     57.2   1297.9   1324.6   0.692
20260404082859      5    890.0    905.0   20.0     35.9   1345.5   1350.3   0.670
20260404082859      6     15.0     30.0   20.0     28.2   1197.0   1232.3   0.744
20260404082859      6    270.0    285.0   20.0     64.5   1245.5   1294.2   0.600
20260404082859      6    330.0    345.0   20.0    179.4   1307.1   1463.3   0.800
20260404082859      6    440.0    490.0   20.0     98.5   1457.2   1469.3   0.910
20260404082859      6    535.0    550.0   20.0     31.6   1396.2   1204.6   0.961
20260404082859      6    880.0    895.0   20.0    107.5   1199.7   1196.5   0.765
20260404082859      8    500.0    515.0   20.0    183.8   1195.5   1257.1   0.546
20260404082859      8    750.0    775.0   20.0     98.1   1189.7   1208.3   0.840
20260404082859     12    350.0    365.0   20.0     32.1   1603.7   1657.5   0.835
20260404082859     13    325.0    340.0   20.0     29.0   1174.3   1228.4   0.734
20260404082859     13    430.0    520.0   20.0     75.4   1242.1   1291.8   0.945
20260404082859     13    705.0    720.0   20.0    231.0   1274.2   1526.4   0.743
20260404082859     14    630.0    645.0   20.0     24.0    913.0    926.4   0.737
20260404082859     14    985.0   1000.0   20.0    105.8    901.1    941.8   0.753
20260404082859     15     10.0     25.0   20.0     39.6   1347.9   1353.8   0.867
20260404082859     15    600.0    615.0   20.0     49.9   1432.6   1466.2   0.695
20260404082859     15    840.0    855.0   20.0     61.8   1451.2   1508.5   0.750
20260404082859     22    625.0    640.0   20.0     20.6   1292.4   1336.4   0.765
20260404082859     23    390.0    405.0   20.0     27.3   1274.2   1287.0   0.749
20260404082859     28    420.0    470.0   20.0     59.7   1154.0   1163.1   0.825
20260404082859     31    310.0    365.0   20.0    107.8   1143.4   1477.9   0.894
20260404082859     31    405.0    420.0   20.0     91.7   1473.8   1592.5   0.829
20260404082859     33     60.0     75.0   20.0     22.2   1158.5   1160.0   0.697
20260404082859     33    825.0    840.0   20.0     38.5   1167.3   1165.0   0.800
20260404082859     40     30.0     45.0   20.0     44.8   1161.6   1184.9   0.755
20260404082859     40    160.0    255.0   20.0    196.9   1201.2   1127.9   0.850
20260404082859     43     15.0    160.0   20.0     72.2   1273.5   1396.1   0.877
20260404082859     43    365.0    380.0   20.0     25.4   1398.7   1419.1   0.771
20260404082859     43    580.0    595.0   20.0     28.5   1500.3   1536.7   0.821
20260404082859     46     15.0     65.0   20.0     74.5   1786.0   1847.3   0.906
20260404082859     46    150.0    185.0   20.0     45.8   1863.7   1796.2   0.904
20260404082859     46    260.0    275.0   20.0     61.3   1788.4   1849.0   0.829
20260404082859     46    525.0    550.0   20.0     43.1   1875.1   1863.3   0.840
20260404082859     46    905.0    935.0   20.0     55.0   1871.0   1808.6   0.879
20260404082859     46   1020.0   1040.0   20.0     67.5   1796.6   1793.6   0.837
20260404082859     48      0.0    300.0   20.0     41.8      0.0    563.3   0.673
20260404082859     48    340.0    350.0   20.0     20.3    560.2    557.2   0.589
20260404082859     48    395.0    935.0   20.0     36.6    560.2    565.2   0.678
20260404082859     48    995.0   1045.0   20.0     29.6    567.4    566.6   0.703
20260404082859     53    540.0    560.0   20.0    239.0   1120.5   1112.4   0.865
20260404082859     53    840.0    860.0   20.0     57.1   1113.4   1111.1   0.846
20260404082859     63    550.0    565.0   20.0     24.4   1148.8   1150.9   0.648
20260404082859     66    110.0    125.0   20.0     37.5   1169.8   1203.3   0.785
20260404082859     66    250.0    265.0   20.0     20.4   1232.5   1282.0   0.780
20260404082859     66    305.0    320.0   20.0     21.3   1286.8   1324.3   0.620
20260404082859     66    470.0    485.0   20.0     39.7   1329.9   1482.7   0.822
20260404082859     66    570.0    585.0   20.0     42.3   1529.7   1532.2   0.775
20260404082859     67    125.0    140.0   20.0     22.4   1101.3   1102.1   0.619
20260404082859     67   1015.0   1030.0   20.0     38.2   1097.7   1102.5   0.670
20260404082859     76    550.0    605.0   20.0     53.9   1121.8   1121.4   0.817
20260404082859     81    865.0    880.0   20.0    191.3   1099.5   1438.8   0.846
20260404082859     87     35.0     50.0   20.0     24.2   1102.6   1142.9   0.758
20260404082859     87    500.0    515.0   20.0     52.3   1206.3   1277.5   0.807
20260404082859     96    205.0    220.0   20.0     75.8   1097.5   1098.5   0.640
20260404082859     96    710.0    725.0   20.0     69.7   1128.6   1100.3   0.759
20260404082859    100    440.0    465.0   20.0    235.1   1108.4   1076.1   0.864
20260404082859    103    285.0    300.0   20.0     67.6   1160.3   1170.5   0.804
20260404082859    103    355.0    370.0   20.0     38.8   1173.3   1169.1   0.831
20260404082859    104     20.0     50.0   20.0     92.7   1172.9   1171.9   0.828
20260404082859    106     35.0     50.0   20.0     75.9   1316.6   1300.9   0.814
20260404082859    112    645.0    665.0   20.0     64.7   1090.6   1088.4   0.782
20260404082859    118    300.0    340.0   20.0     84.4   1078.6   1321.7   0.810
20260404082859    118    440.0    455.0   20.0     22.4   1354.4   1343.7   0.603
20260404082859    118    610.0    625.0   20.0    116.9   1357.9   1079.4   0.765
20260404082859    120    325.0    345.0   20.0     79.2   1074.8   1076.9   0.757
20260404082859    124    325.0    345.0   20.0     49.5   1213.6   1212.9   0.810
20260404082859    128    285.0    300.0   20.0     23.6   1091.1   1125.6   0.739
20260404082859    128    340.0    355.0   20.0     26.1   1136.2   1153.4   0.758
20260404082859    129    210.0    230.0   20.0     40.8   1082.4   1082.8   0.808
20260404082859    130    895.0    915.0   20.0     82.7   1103.2   1105.9   0.851
20260404082859    133   1005.0   1020.0   20.0     84.5   1090.5   1091.1   0.801
20260404082859    135      0.0     15.0   20.0     38.9      0.0   1276.9   0.854
20260404082859    135     95.0    155.0   20.0     91.1   1375.2   1176.3   0.942
20260404082859    136    120.0    135.0   20.0     75.4   1083.7   1085.7   0.812
20260404082859    138    185.0    205.0   20.0     47.3   1125.6   1142.5   0.912
20260404082859    138    240.0    300.0   20.0     33.5   1136.2   1210.1   0.814
20260404082859    138    350.0    375.0   20.0     21.7   1249.3   1284.9   0.791
20260404082859    138    835.0    850.0   20.0     25.2   1317.5   1336.5   0.739
20260404082859    139    150.0    170.0   20.0    115.4   1136.0   1091.7   0.828
20260404082859    139    740.0    780.0   20.0    127.1   1087.1   1087.8   0.864
20260404082859    140    820.0    835.0   20.0     49.4   1175.1   1172.7   0.795
20260404082859    144     15.0     30.0   20.0     79.6   1207.8   1101.8   0.775
20260404082859    144    115.0    130.0   20.0     67.4   1110.2   1110.4   0.799
20260404082859    148    975.0   1020.0   20.0    160.0   1103.8   1103.7   0.788
20260404082859    150      0.0     55.0   20.0     50.2      0.0    640.7   0.743
20260404082859    150    130.0    230.0   20.0     52.7    662.9    664.5   0.687
20260404082859    150    290.0    360.0   20.0     31.7    658.0    667.0   0.619
20260404082859    150    395.0    435.0   20.0     31.5    667.6    670.9   0.533
20260404082859    150    475.0    610.0   20.0     97.4    669.9    676.1   0.787
20260404082859    150    655.0    920.0   20.0    104.6    671.5    674.9   0.783
20260404082859    150    960.0   1040.0   20.0     58.5    672.2    668.4   0.702
20260404082859    152    315.0    330.0   20.0     22.2   1102.8   1137.7   0.722
20260404082859    152    570.0    585.0   20.0     32.0   1182.1   1149.2   0.763
20260404082859    152    705.0    780.0   20.0     57.9   1144.7   1145.9   0.907
20260404082859    157    160.0    180.0   20.0     65.8   1202.4   1260.2   0.810
20260404082859    157    220.0    245.0   20.0     44.0   1261.5   1201.2   0.833
20260404082859    157    475.0    505.0   20.0     39.0   1203.3   1219.8   0.714
20260404082859    158    100.0    115.0   20.0     23.0   1304.2   1392.5   0.743
20260404082859    159    775.0    790.0   20.0     24.5   1094.4   1104.8   0.422
20260404082859    161     40.0     50.0   20.0     20.4   1161.2   1161.5   0.510
20260404082859    161    845.0    860.0   20.0     39.7   1179.1   1183.7   0.453
20260404082859    161    995.0   1030.0   20.0    130.8   1192.1   1207.9   0.662
20260404082859    166     70.0    130.0   20.0     79.7   1212.2   1445.2   0.772
20260404082859    167    230.0    285.0   20.0     58.8   1130.4   1256.2   0.767
20260404082859    168     55.0     70.0   20.0     63.4   1525.4   1564.2   0.776
20260404082859    171    635.0    650.0   20.0     27.8   1158.8   1218.3   0.859
20260404082859    171    795.0    810.0   20.0     39.7   1255.8   1216.9   0.755
20260404082859    171    890.0    935.0   20.0     77.1   1200.2   1195.2   0.779
20260404082859    175      0.0     50.0   20.0    129.2      0.0   1155.8   0.931
20260404082859    177    290.0    310.0   20.0    210.7   1166.2   1164.6   0.694
20260404082859    178    300.0    315.0   20.0     54.3   1153.8   1153.9   0.800
20260404082859    181    205.0    220.0   20.0     20.9   1167.1   1208.1   0.753
20260404082859    181    775.0    790.0   20.0     76.6   1255.2   1364.8   0.830
20260404082859    183    965.0    980.0   20.0     61.6   1129.9   1129.1   0.724
20260404082859    187    475.0    490.0   20.0     29.5   1423.6   1335.4   0.828
20260404082859    191    180.0    195.0   20.0     32.9   1215.9   1065.9   0.843
20260404082859    191    710.0    725.0   20.0     23.5   1063.2   1061.2   0.654
20260404082859    193    690.0    700.0   20.0     28.8   1190.5   1196.3   0.408
20260404082859    197    290.0    305.0   20.0     21.0   1219.3   1212.8   0.647
20260404082859    198     50.0     65.0   20.0     24.9   1346.7   1373.4   0.775
20260404082859    198    135.0    150.0   20.0     98.0   1395.4   1514.7   0.857
20260404082859    202    635.0    650.0   20.0     39.9   1202.8   1203.8   0.666
20260404082859    209    370.0    385.0   20.0    196.4   1231.2   1234.2   0.881
20260404082859    209    920.0    935.0   20.0     89.8   1212.3   1211.9   0.717
20260404082859    216      0.0     10.0   20.0     35.2      0.0   2387.2   0.929
20260404082859    217      5.0     20.0   20.0    126.0   1313.8   1629.0   0.776
20260404082859    221     40.0     55.0   20.0     23.9   1231.8   1254.1   0.755
20260404082859    221    425.0    440.0   20.0     25.0   1240.1   1281.2   0.736
20260404082859    222    580.0    620.0   20.0    162.7   1257.4   1252.2   0.787
20260404082859    224    390.0    405.0   20.0     41.0   1289.8   1269.3   0.716
20260404082859    224    650.0    695.0   20.0     89.7   1268.8   1269.3   0.783
20260404082859    225     20.0     35.0   20.0     29.2   1298.6   1332.5   0.766
20260404082859    225    525.0    540.0   20.0     44.2   1421.2   1418.8   0.589
20260404082859    225    830.0    845.0   20.0     24.2   1382.8   1402.2   0.747
20260404082859    228    380.0    395.0   20.0     39.0   1779.0   1794.1   0.453
20260404082859    230      0.0     10.0   20.0     62.4      0.0    415.1   0.762
20260404082859    234    425.0    435.0   20.0     21.8   1339.8   1361.4   0.734
20260404082859    234    555.0    570.0   20.0     40.2   1360.9   1406.7   0.811
20260404082859    234    840.0    855.0   20.0     98.4   1419.5   1353.2   0.808
20260404082859    237    770.0    785.0   20.0     63.5   1289.5   1290.6   0.624
20260404082859    239      0.0     15.0   20.0    109.0      0.0   1300.1   0.735
20260404082859    240    630.0    645.0   20.0     35.0   1448.9   1519.8   0.716
20260404082859    243    425.0    440.0   20.0     39.5   1458.1   1501.9   0.722
20260404082859    243    790.0    815.0   20.0     35.2   1515.2   1524.5   0.924
20260404082859    244      0.0     10.0   20.0     20.6      0.0   1558.0   0.713
20260404082859    244     45.0     85.0   20.0     57.6   1581.2   1603.2   0.807
20260404082859    244    180.0    225.0   20.0     74.4   1583.3   1331.3   0.924
20260404082859    245      0.0     45.0   20.0     49.5      0.0   1684.8   0.787
20260404082859    245    450.0    465.0   20.0     22.5   1591.2   1603.5   0.710
20260404082859    245    650.0    680.0   20.0     70.1   1650.8   1706.5   0.941
20260404082859    245    725.0    740.0   20.0     25.0   1650.5   1646.1   0.799
20260404082859    253    300.0    315.0   20.0     66.1   1428.0   1433.7   0.823
20260404082859    253    805.0    825.0   20.0     94.0   1423.9   1423.1   0.781
20260404082859    253    915.0    930.0   20.0     23.7   1420.6   1420.0   0.681
20260404082859    255    160.0    175.0   20.0     52.4   1434.6   1499.2   0.805
20260404082859    255    215.0    230.0   20.0     92.3   1514.4   1497.0   0.783
20260404082859    255    280.0    295.0   20.0     51.7   1477.1   1431.3   0.829
20260404082859    255    495.0    510.0   20.0     89.9   1427.8   1428.6   0.835

========================================================================
  End of report
========================================================================
