========================================================================
  STEP NOISE FINDER — SCAN REPORT
========================================================================

Date:       2026-04-22 14:01:48
Folder:     D:/Data/Complete_Runs\KSH01-010C-02L66628w01-428G16a
Files:      32
            - KSH01-010C-02L66628w01-428G16a-OHX428-428_20260406172002_Baseline.tdd
            - KSH01-010C-02L66628w01-428G16a-OHX428-428_20260406172519_Baseline.tdd
            - KSH01-010C-02L66628w01-428G16a-OHX428-428_20260406175840_Baseline.tdd
            - KSH01-010C-02L66628w01-428G16a-OHX428-428_20260406183158_Baseline.tdd
            - KSH01-010C-02L66628w01-428G16a-OHX428-428_20260406190520_Baseline.tdd
            - KSH01-010C-02L66628w01-428G16a-OHX428-428_20260406193840_Baseline.tdd
            - KSH01-010C-02L66628w01-428G16a-OHX428-428_20260406201200_Baseline.tdd
            - KSH01-010C-02L66628w01-428G16a-OHX428-428_20260406204522_Baseline.tdd
            - KSH01-010C-02L66628w01-428G16a-OHX428-428_20260406211842_Baseline.tdd
            - KSH01-010C-02L66628w01-428G16a-OHX428-428_20260406215203_Baseline.tdd
            - KSH01-010C-02L66628w01-428G16a-OHX428-428_20260406222524_Baseline.tdd
            - KSH01-010C-02L66628w01-428G16a-OHX428-428_20260406225845_Baseline.tdd
            - KSH01-010C-02L66628w01-428G16a-OHX428-428_20260406233204_Baseline.tdd
            - KSH01-010C-02L66628w01-428G16a-OHX428-428_20260407000525_Baseline.tdd
            - KSH01-010C-02L66628w01-428G16a-OHX428-428_20260407003844_Baseline.tdd
            - KSH01-010C-02L66628w01-428G16a-OHX428-428_20260407011204_Baseline.tdd
            - KSH01-010C-02L66628w01-428G16a-OHX428-428_20260407014523_Baseline.tdd
            - KSH01-010C-02L66628w01-428G16a-OHX428-428_20260407021843_Baseline.tdd
            - KSH01-010C-02L66628w01-428G16a-OHX428-428_20260407025202_Baseline.tdd
            - KSH01-010C-02L66628w01-428G16a-OHX428-428_20260407032521_Baseline.tdd
            - KSH01-010C-02L66628w01-428G16a-OHX428-428_20260407035840_Baseline.tdd
            - KSH01-010C-02L66628w01-428G16a-OHX428-428_20260407043158_Baseline.tdd
            - KSH01-010C-02L66628w01-428G16a-OHX428-428_20260407050517_Baseline.tdd
            - KSH01-010C-02L66628w01-428G16a-OHX428-428_20260407053836_Baseline.tdd
            - KSH01-010C-02L66628w01-428G16a-OHX428-428_20260407061154_Baseline.tdd
            - KSH01-010C-02L66628w01-428G16a-OHX428-428_20260407064513_Baseline.tdd
            - KSH01-010C-02L66628w01-428G16a-OHX428-428_20260407071832_Baseline.tdd
            - KSH01-010C-02L66628w01-428G16a-OHX428-428_20260407075150_Baseline.tdd
            - KSH01-010C-02L66628w01-428G16a-OHX428-428_20260407082507_Baseline.tdd
            - KSH01-010C-02L66628w01-428G16a-OHX428-428_20260407085825_Baseline.tdd
            - KSH01-010C-02L66628w01-428G16a-OHX428-428_20260407093144_Baseline.tdd
            - KSH01-010C-02L66628w01-428G16a-OHX428-428_20260407100504_Baseline.tdd

Parameters:
  Amplitude  >= 20.0 mV
  Frequency     0.1 - 20.0 Hz
  Periodicity >= 0.4
  Gap merge  <= 30.0 s

========================================================================
  SUMMARY
========================================================================

  Channels with step noise: 3854
  Total segments detected:  10104
  Files with detections:    32

========================================================================
  DETECTIONS
========================================================================

File               Ch    Start      End   Freq      Amp    PreBL   PostBL  Period
---------------------------------------------------------------------------------
20260406172002      4    110.0    120.0   20.0     85.1    936.4      N/A   0.699
20260406172002     15      0.0     10.0   20.0     48.5      0.0    922.7   0.739
20260406172002     29      0.0     20.0   20.0    126.2      0.0   1119.9   0.810
20260406172002     29     55.0     70.0   20.0     20.1   1103.8   1132.9   0.816
20260406172002    101     80.0     95.0   20.0     55.9    809.9    810.3   0.699
20260406172002    206     10.0     30.0   20.0    217.9    932.3    931.1   0.786
20260406172002    231     50.0     65.0   20.0     21.2    993.1    993.4   0.460
20260406172002    235     10.0    120.0   20.0    277.3   1009.2      N/A   0.794
20260406172002    236     10.0     25.0   20.0    109.6   1012.9   1127.8   0.741
20260406172002    236    110.0    120.0   20.0    137.5   1133.3      N/A   0.833
20260406172519      1    940.0    955.0   20.0     61.8    963.8    964.3   0.773
20260406172519      2   1780.0   1795.0   20.0     37.8    939.5   1022.4   0.804
20260406172519      4    930.0    945.0   20.0     24.6    942.7   1003.3   0.857
20260406172519      4   1145.0   1160.0   20.0     28.0   1031.1   1027.2   0.867
20260406172519      4   1350.0   1365.0   20.0     20.5   1052.8   1064.2   0.628
20260406172519      5   1040.0   1055.0   20.0     44.6    953.1   1022.7   0.782
20260406172519      5   1200.0   1215.0   20.0     22.9   1078.7   1103.7   0.841
20260406172519      5   1395.0   1410.0   20.0     20.0   1118.5   1160.0   0.762
20260406172519      5   1785.0   1800.0   20.0     26.2   1224.7   1278.4   0.850
20260406172519      6   1475.0   1490.0   20.0     79.3    927.1    926.8   0.789
20260406172519      8   1750.0   1790.0   20.0     58.3    936.0   1122.0   0.881
20260406172519      9    255.0    270.0   20.0    109.5    937.0   1101.5   0.800
20260406172519      9    405.0    465.0   20.0     51.0   1156.9   1250.3   0.917
20260406172519      9    545.0    560.0   20.0     45.7   1256.9   1278.8   0.831
20260406172519      9    625.0    640.0   20.0     35.7   1252.4   1277.5   0.740
20260406172519      9    825.0    840.0   20.0     25.8   1305.2   1312.9   0.472
20260406172519     12    805.0    820.0   20.0     34.9    924.3    923.7   0.442
20260406172519     12   1510.0   1525.0   20.0     74.8    920.8   1088.1   0.838
20260406172519     12   1605.0   1620.0   20.0     47.9   1076.4   1072.3   0.833
20260406172519     12   1750.0   1765.0   20.0     24.4   1074.4   1069.4   0.766
20260406172519     13   1205.0   1220.0   20.0     86.6    934.4    933.1   0.799
20260406172519     14    445.0    460.0   20.0     73.6    896.9    897.3   0.724
20260406172519     14    525.0    540.0   20.0     84.0    893.8    984.7   0.731
20260406172519     14    675.0    695.0   20.0     47.6   1038.5   1026.5   0.803
20260406172519     14    740.0    755.0   20.0     43.7   1025.9   1098.5   0.779
20260406172519     14    805.0    825.0   20.0     31.5   1074.0   1074.0   0.781
20260406172519     14    925.0    940.0   20.0     44.9   1061.1   1059.4   0.534
20260406172519     14   1090.0   1105.0   20.0     31.0   1073.3   1094.5   0.746
20260406172519     14   1270.0   1285.0   20.0     30.2   1078.2   1089.8   0.770
20260406172519     14   1720.0   1735.0   20.0     21.0   1110.7   1115.1   0.697
20260406172519     16    340.0    395.0   20.0     45.3    922.3   1019.6   0.806
20260406172519     16    545.0    560.0   20.0     33.6   1037.9   1049.4   0.750
20260406172519     16    760.0    805.0   20.0     47.1   1067.0   1047.8   0.759
20260406172519     16   1250.0   1265.0   20.0     27.2   1085.3   1074.0   0.725
20260406172519     16   1415.0   1430.0   20.0     36.7   1095.3   1125.8   0.828
20260406172519     16   1500.0   1520.0   20.0    118.6   1091.6    912.7   0.824
20260406172519     19   1720.0   1735.0   20.0     23.0    912.5   1085.4   0.776
20260406172519     23   1140.0   1155.0   20.0     28.5    907.4    900.5   0.706
20260406172519     25   1010.0   1060.0   20.0    132.8    907.1    905.9   0.818
20260406172519     26   1635.0   1740.0   20.0     84.8    894.1   1110.4   0.817
20260406172519     27    960.0    980.0   20.0     69.3    909.2    908.4   0.801
20260406172519     27   1340.0   1375.0   20.0    136.6    898.5    892.5   0.855
20260406172519     27   1740.0   1765.0   20.0     47.6    889.2    889.2   0.783
20260406172519     31   1180.0   1195.0   20.0     54.6    882.4    881.7   0.750
20260406172519     37   1420.0   1480.0   20.0     44.5    880.1   1071.1   0.800
20260406172519     39    540.0    585.0   20.0     29.8   1123.5   1152.3   0.742
20260406172519     40    485.0    500.0   20.0     79.6    877.7    877.7   0.638
20260406172519     42   1170.0   1185.0   20.0     56.4    872.6    872.6   0.711
20260406172519     43    200.0    215.0   20.0     31.3    879.7    931.7   0.765
20260406172519     43    260.0    305.0   20.0     51.1    978.3   1148.1   0.924
20260406172519     44    275.0    290.0   20.0     34.8    867.9    867.0   0.675
20260406172519     44    685.0    700.0   20.0     45.9    864.9    936.2   0.800
20260406172519     44   1160.0   1175.0   20.0     37.8   1009.8   1092.3   0.896
20260406172519     44   1340.0   1375.0   20.0    144.8   1125.3    860.2   0.820
20260406172519     45    890.0    905.0   20.0     44.0    860.1    986.7   0.788
20260406172519     45   1030.0   1050.0   20.0    150.2    982.4    860.4   0.820
20260406172519     46    330.0    395.0   20.0    292.8    857.8    861.6   0.870
20260406172519     47    390.0    430.0   20.0     66.5    863.5    865.8   0.836
20260406172519     48    775.0    790.0   20.0     48.3    860.9    950.7   0.804
20260406172519     48   1160.0   1175.0   20.0     25.6   1046.9   1112.1   0.883
20260406172519     52   1475.0   1490.0   20.0     64.5    844.5    845.0   0.821
20260406172519     55    915.0    935.0   20.0     47.9    842.9    842.6   0.828
20260406172519     55   1585.0   1600.0   20.0     56.8    842.3    999.3   0.821
20260406172519     55   1635.0   1650.0   20.0    142.5   1026.5    843.2   0.773
20260406172519     55   1755.0   1770.0   20.0     21.5    847.4    873.1   0.775
20260406172519     56   1250.0   1265.0   20.0     22.5    855.1    897.1   0.825
20260406172519     56   1405.0   1460.0   20.0     53.7    951.3   1040.6   0.851
20260406172519     57    925.0    940.0   20.0     31.7    857.5    917.1   0.769
20260406172519     57   1335.0   1350.0   20.0     75.4    960.5    856.7   0.863
20260406172519     60   1655.0   1675.0   20.0    106.6    846.0    844.7   0.789
20260406172519     61   1305.0   1320.0   20.0    192.9    840.3   1298.9   0.899
20260406172519     62    260.0    275.0   20.0     43.1    842.7    949.2   0.813
20260406172519     62    360.0    375.0   20.0    145.6   1022.7    840.6   0.782
20260406172519     63   1035.0   1050.0   20.0     47.2    833.7    911.2   0.744
20260406172519     63   1090.0   1110.0   20.0    128.3    919.5    832.9   0.854
20260406172519     64    235.0    250.0   20.0     67.2    855.6    856.7   0.762
20260406172519     67    960.0    975.0   20.0     45.4    824.4    823.7   0.772
20260406172519     69    225.0    240.0   20.0     49.5    824.9    882.6   0.760
20260406172519     69    350.0    365.0   20.0    112.1    929.3    825.2   0.692
20260406172519     70    870.0    885.0   20.0     27.9    837.8    926.1   0.757
20260406172519     70    935.0    950.0   20.0    129.9    964.1    837.9   0.772
20260406172519     70   1020.0   1035.0   20.0     63.2    839.7    836.5   0.773
20260406172519     70   1215.0   1235.0   20.0     87.4    842.7    838.2   0.801
20260406172519     71    985.0   1005.0   20.0     72.5    834.0    834.9   0.845
20260406172519     77    320.0    345.0   20.0    160.2    827.3    827.4   0.793
20260406172519     78    510.0    525.0   20.0     33.0    830.7    830.7   0.763
20260406172519     81   1720.0   1735.0   20.0     41.6    840.4    893.0   0.753
20260406172519     82   1115.0   1170.0   20.0    100.2    826.9    828.5   0.802
20260406172519     83    445.0    495.0   20.0     71.9    816.5    986.9   0.737
20260406172519     85    890.0    905.0   20.0     57.2    822.5    822.7   0.752
20260406172519     87   1330.0   1345.0   20.0     58.9    828.1    827.6   0.765
20260406172519     88    115.0    130.0   20.0     40.2    831.2    830.2   0.701
20260406172519     88    685.0    700.0   20.0     27.6    828.4    875.3   0.842
20260406172519     88    825.0    840.0   20.0     30.8    943.7    956.5   0.536
20260406172519     88   1040.0   1055.0   20.0     64.4    930.6    829.5   0.861
20260406172519     88   1240.0   1255.0   20.0     47.5    829.1    827.8   0.750
20260406172519     90    400.0    425.0   20.0    116.7    819.8    819.7   0.860
20260406172519     90   1625.0   1645.0   20.0     72.2    825.6   1009.8   0.844
20260406172519     91   1155.0   1175.0   20.0    136.3    835.9    834.3   0.851
20260406172519     91   1415.0   1440.0   20.0    105.9    837.1   1203.9   0.833
20260406172519     91   1595.0   1775.0   20.0    126.0   1196.4   1126.4   0.848
20260406172519     96   1490.0   1505.0   20.0    100.2    832.0   1012.4   0.834
20260406172519     97   1065.0   1100.0   20.0    118.0    814.5    813.0   0.872
20260406172519     99    795.0    825.0   20.0    196.7    822.6    822.5   0.801
20260406172519    101   1165.0   1220.0   20.0     60.2    823.0    824.5   0.780
20260406172519    102    825.0    840.0   20.0     86.5    814.2   1032.3   0.870
20260406172519    102   1400.0   1415.0   20.0    188.7   1097.6    810.8   0.766
20260406172519    103    375.0    395.0   20.0     97.5    831.2    832.5   0.862
20260406172519    103   1765.0   1785.0   20.0    105.3    837.0    836.1   0.794
20260406172519    104   1170.0   1185.0   20.0     28.9    817.2    868.8   0.764
20260406172519    104   1220.0   1235.0   20.0     46.5    874.1    818.7   0.784
20260406172519    106    985.0    995.0   20.0     20.4    825.7    825.1   0.570
20260406172519    106   1130.0   1150.0   20.0     53.0    820.7    999.0   0.808
20260406172519    106   1215.0   1230.0   20.0     83.7    992.4    834.8   0.809
20260406172519    107   1145.0   1215.0   20.0    296.0    829.0    826.7   0.867
20260406172519    107   1460.0   1495.0   20.0    152.8    832.0    828.4   0.756
20260406172519    108    155.0    170.0   20.0     25.4    825.2    864.0   0.758
20260406172519    108   1085.0   1100.0   20.0     61.1    929.3    930.3   0.847
20260406172519    108   1460.0   1475.0   20.0     27.5    978.8   1005.3   0.793
20260406172519    110    460.0    485.0   20.0     37.5    825.3    824.7   0.810
20260406172519    110    830.0    850.0   20.0     77.9    826.1    828.2   0.767
20260406172519    110   1750.0   1765.0   20.0     51.1    828.1    828.1   0.628
20260406172519    112    435.0    470.0   20.0     96.2    820.6    819.5   0.822
20260406172519    113   1275.0   1295.0   20.0     88.8    818.0   1015.7   0.852
20260406172519    115   1450.0   1480.0   20.0    111.6    818.5    820.7   0.753
20260406172519    116    620.0    640.0   20.0    138.8    817.4   1192.0   0.889
20260406172519    117   1100.0   1115.0   20.0     74.8    816.9    814.4   0.729
20260406172519    117   1305.0   1320.0   20.0     22.5    816.2    814.9   0.481
20260406172519    118   1080.0   1100.0   20.0     58.9    826.5    828.2   0.760
20260406172519    118   1140.0   1155.0   20.0     59.7    826.7    826.9   0.842
20260406172519    120   1010.0   1025.0   20.0     35.8    825.1    880.9   0.853
20260406172519    120   1315.0   1350.0   20.0    124.7    961.5    824.8   0.871
20260406172519    123    230.0    245.0   20.0     26.8    816.8    864.9   0.733
20260406172519    123   1040.0   1065.0   20.0    146.5    950.6    817.4   0.832
20260406172519    127   1565.0   1580.0   20.0     98.2    831.6    831.3   0.758
20260406172519    128    690.0    705.0   20.0     75.6    832.6    970.5   0.888
20260406172519    128    740.0    790.0   20.0     71.7    978.3   1110.2   0.876
20260406172519    128    955.0    970.0   20.0    145.9   1017.9    834.3   0.813
20260406172519    128   1350.0   1365.0   20.0     65.4    832.8   1027.9   0.843
20260406172519    130   1175.0   1190.0   20.0     51.7    833.2    940.0   0.836
20260406172519    130   1390.0   1405.0   20.0    107.6    940.8    837.4   0.818
20260406172519    132    615.0    630.0   20.0     36.4    824.2    874.9   0.755
20260406172519    132    710.0    760.0   20.0     25.2   1024.9   1134.9   0.697
20260406172519    132    805.0    845.0   20.0     82.1   1188.2   1214.3   0.788
20260406172519    132    955.0    970.0   20.0     41.0   1208.1   1222.3   0.765
20260406172519    132   1005.0   1020.0   20.0    182.0   1212.5    824.8   0.850
20260406172519    133   1410.0   1465.0   20.0    198.4    834.9    837.5   0.855
20260406172519    134   1285.0   1310.0   20.0    120.4    832.0    832.5   0.844
20260406172519    135    800.0    815.0   20.0     28.4    845.9    832.4   0.716
20260406172519    135   1010.0   1025.0   20.0     50.3    831.9    832.9   0.713
20260406172519    135   1095.0   1105.0   20.0     26.2    831.4    829.8   0.498
20260406172519    135   1195.0   1390.0   20.0     79.5    833.1   1127.6   0.908
20260406172519    138    100.0    115.0   20.0     95.6    843.9   1031.8   0.822
20260406172519    140    980.0   1000.0   20.0     33.4    841.3    843.2   0.760
20260406172519    142   1090.0   1105.0   20.0     54.0    832.3    827.2   0.738
20260406172519    143   1405.0   1425.0   20.0    136.7    845.3    844.1   0.888
20260406172519    144   1375.0   1390.0   20.0     36.6    841.1    879.9   0.752
20260406172519    145    455.0    475.0   20.0    152.5    842.1    842.6   0.865
20260406172519    145   1640.0   1655.0   20.0     42.7    856.9   1110.4   0.850
20260406172519    148    645.0    660.0   20.0     48.5    845.9    845.5   0.715
20260406172519    148    845.0    860.0   20.0    104.5    849.0   1004.1   0.887
20260406172519    148   1185.0   1200.0   20.0     30.7   1035.9   1059.9   0.621
20260406172519    148   1255.0   1270.0   20.0     20.1   1056.8   1063.0   0.710
20260406172519    151     95.0    110.0   20.0     63.5    834.0    834.0   0.742
20260406172519    151    325.0    345.0   20.0     37.8    832.9    832.4   0.790
20260406172519    152    315.0    330.0   20.0     31.1    494.9    582.6   0.829
20260406172519    154    610.0    665.0   20.0    100.0    857.8    859.9   0.741
20260406172519    155   1435.0   1450.0   20.0     55.5    860.7    861.9   0.697
20260406172519    159   1340.0   1355.0   20.0     25.2    201.1    203.2   0.822
20260406172519    160    920.0    935.0   20.0     85.8    847.6   1019.1   0.873
20260406172519    160    975.0    990.0   20.0     23.4   1034.4   1050.4   0.867
20260406172519    160   1105.0   1120.0   20.0     21.7   1091.5   1096.8   0.906
20260406172519    160   1185.0   1200.0   20.0     21.4   1114.3   1137.1   0.841
20260406172519    161   1240.0   1295.0   20.0     41.2    876.5   1148.1   0.857
20260406172519    161   1465.0   1480.0   20.0     27.4   1164.9   1201.3   0.761
20260406172519    163    605.0    625.0   20.0     47.2    850.7    849.6   0.769
20260406172519    164    620.0    635.0   20.0    110.1    857.8    858.7   0.755
20260406172519    165   1785.0   1800.0   20.0     27.5    868.2    918.6   0.813
20260406172519    166    815.0    870.0   20.0     35.4    855.5    974.6   0.803
20260406172519    166   1120.0   1135.0   20.0     24.4   1038.7   1055.3   0.813
20260406172519    166   1200.0   1215.0   20.0     25.7   1060.0   1089.0   0.770
20260406172519    166   1265.0   1280.0   20.0     23.4   1124.4   1131.9   0.754
20260406172519    166   1390.0   1405.0   20.0     21.0   1047.9   1063.2   0.741
20260406172519    166   1545.0   1560.0   20.0     39.9   1086.5   1141.3   0.823
20260406172519    167    445.0    460.0   20.0     54.2    867.6    868.9   0.789
20260406172519    168    285.0    305.0   20.0    243.3    878.4    871.3   0.795
20260406172519    169   1365.0   1380.0   20.0     30.5    877.8    918.0   0.701
20260406172519    169   1610.0   1625.0   20.0     71.5    969.6    889.0   0.790
20260406172519    170   1395.0   1410.0   20.0     43.9    898.7    885.9   0.876
20260406172519    172   1670.0   1685.0   20.0     32.3    880.6    924.6   0.782
20260406172519    175   1595.0   1610.0   20.0     30.0    872.0    986.3   0.865
20260406172519    175   1665.0   1685.0   20.0     63.7   1046.0   1094.4   0.750
20260406172519    176    485.0    500.0   20.0     97.6    878.9    878.2   0.770
20260406172519    177    655.0    675.0   20.0    141.5    883.9   1381.8   0.905
20260406172519    178    415.0    455.0   20.0     91.6    870.0    870.6   0.740
20260406172519    179    535.0    555.0   20.0     89.6    887.5   1080.4   0.871
20260406172519    179    635.0    650.0   20.0     20.9   1106.3   1135.7   0.803
20260406172519    179   1510.0   1525.0   20.0     27.7   1223.4   1253.1   0.880
20260406172519    181    390.0    425.0   20.0    119.3    883.9    885.0   0.902
20260406172519    181   1730.0   1745.0   20.0     98.9    887.1   1076.5   0.872
20260406172519    181   1780.0   1795.0   20.0     24.7   1102.7   1142.3   0.844
20260406172519    182   1785.0   1800.0   20.0     28.1     55.0     53.4   0.723
20260406172519    187     65.0     80.0   20.0     64.7    890.3    890.1   0.869
20260406172519    188   1780.0   1800.0   20.0     75.3    905.6   1159.4   0.847
20260406172519    189    375.0    390.0   20.0     89.9    908.3   1003.5   0.746
20260406172519    189    600.0    620.0   20.0     37.7   1062.0   1067.1   0.763
20260406172519    189    715.0    725.0   20.0     21.0   1048.8   1069.7   0.695
20260406172519    189    775.0    790.0   20.0     30.1   1063.1   1078.2   0.796
20260406172519    189    905.0    920.0   20.0     21.1   1074.7   1075.1   0.718
20260406172519    189   1780.0   1795.0   20.0     23.7   1145.3   1164.7   0.790
20260406172519    193    970.0    985.0   20.0    103.0    914.3    914.2   0.740
20260406172519    193   1755.0   1770.0   20.0     37.3    920.3    919.8   0.651
20260406172519    196   1415.0   1435.0   20.0    153.8    917.2   1357.0   0.883
20260406172519    198    685.0    700.0   20.0     66.1    916.3    913.6   0.719
20260406172519    199     35.0     50.0   20.0     55.5    918.4    917.7   0.790
20260406172519    199    385.0    400.0   20.0    136.3    915.7   1211.6   0.856
20260406172519    200    825.0    840.0   20.0     44.1    924.7    923.9   0.587
20260406172519    204    900.0    925.0   20.0    117.1    933.0    933.4   0.765
20260406172519    204   1025.0   1055.0   20.0     91.8    934.4    933.6   0.828
20260406172519    205    185.0    200.0   20.0    214.9    938.0    935.0   0.789
20260406172519    206     25.0     45.0   20.0     63.6    948.8    951.0   0.770
20260406172519    206    545.0    560.0   20.0     76.7    948.0    947.5   0.775
20260406172519    206    800.0    815.0   20.0    113.9    948.7   1248.0   0.879
20260406172519    207   1285.0   1300.0   20.0     55.3    943.3   1105.9   0.837
20260406172519    207   1375.0   1390.0   20.0     42.3   1110.2   1128.5   0.694
20260406172519    208    560.0    595.0   20.0     42.3    938.5   1206.3   0.841
20260406172519    208    635.0    645.0   20.0     24.8   1208.4   1213.7   0.473
20260406172519    208    690.0    705.0   20.0     41.0   1232.4   1262.7   0.687
20260406172519    208    780.0    795.0   20.0     49.8   1247.5   1282.5   0.825
20260406172519    208    895.0    910.0   20.0     29.7   1289.7   1327.5   0.782
20260406172519    208   1080.0   1095.0   20.0     22.1   1354.1   1373.4   0.709
20260406172519    208   1675.0   1690.0   20.0     20.9   1368.9   1375.2   0.867
20260406172519    209    325.0    410.0   20.0    201.6    952.0    952.5   0.760
20260406172519    209   1515.0   1530.0   20.0     20.4    955.8    954.9   0.676
20260406172519    209   1590.0   1605.0   20.0    177.6    956.8   1243.8   0.842
20260406172519    212   1435.0   1480.0   20.0    170.2    963.8    965.1   0.846
20260406172519    213    115.0    135.0   20.0    121.7    969.4   1444.4   0.862
20260406172519    213   1060.0   1080.0   20.0     27.2   1484.6   1484.2   0.805
20260406172519    213   1370.0   1410.0   20.0     22.6   1492.8   1488.1   0.858
20260406172519    213   1500.0   1725.0   20.0     62.5   1500.2   1492.3   0.897
20260406172519    214   1190.0   1205.0   20.0     22.0    944.8   1024.9   0.808
20260406172519    214   1410.0   1425.0   20.0     34.1   1082.6   1195.3   0.863
20260406172519    214   1575.0   1590.0   20.0     33.0   1243.6   1269.3   0.812
20260406172519    215    415.0    430.0   20.0     33.1    970.6    970.2   0.501
20260406172519    215    760.0    880.0   20.0     67.8    969.1   1116.6   0.802
20260406172519    215   1090.0   1105.0   20.0     25.1   1178.2   1171.6   0.794
20260406172519    215   1265.0   1300.0   20.0    157.6   1169.2    969.4   0.825
20260406172519    216    480.0    500.0   20.0    156.8    969.5    969.2   0.742
20260406172519    217     60.0    135.0   20.0    116.7    978.4   1239.2   0.800
20260406172519    217    175.0    195.0   20.0    181.8   1224.7    977.9   0.841
20260406172519    217   1250.0   1275.0   20.0     36.2    980.8    978.0   0.753
20260406172519    217   1540.0   1560.0   20.0     61.7    983.5    980.3   0.842
20260406172519    217   1670.0   1690.0   20.0    103.1    981.5    982.3   0.872
20260406172519    218   1055.0   1085.0   20.0    201.2    978.3   1146.9   0.858
20260406172519    218   1290.0   1305.0   20.0     23.9   1204.8   1233.3   0.847
20260406172519    218   1610.0   1625.0   20.0     21.6   1267.4   1302.1   0.838
20260406172519    218   1745.0   1760.0   20.0     23.2   1299.0   1295.9   0.806
20260406172519    219   1610.0   1625.0   20.0     60.9    971.2    969.7   0.777
20260406172519    220      0.0     15.0   20.0     48.1      0.0   1106.3   0.689
20260406172519    220     55.0    230.0   20.0     62.4   1135.7   1314.1   0.828
20260406172519    220    290.0    340.0   20.0     26.8   1330.8   1358.7   0.719
20260406172519    220    650.0    670.0   20.0    203.7   1401.7   1324.5   0.858
20260406172519    220    955.0    970.0   20.0     21.3   1366.6   1382.4   0.496
20260406172519    220   1635.0   1650.0   20.0     37.1   1444.8   1418.4   0.866
20260406172519    221    160.0    200.0   20.0    276.9    974.7    973.6   0.875
20260406172519    222   1345.0   1360.0   20.0    203.2    999.7   1293.9   0.850
20260406172519    222   1395.0   1425.0   20.0    341.8   1317.1    993.4   0.776
20260406172519    223    995.0   1015.0   20.0    101.0    983.1    980.7   0.811
20260406172519    223   1330.0   1360.0   20.0    270.2    980.3    980.6   0.833
20260406172519    224    915.0    935.0   20.0     96.3    985.1   1137.5   0.771
20260406172519    224    975.0   1050.0   20.0     46.9   1141.8   1272.3   0.858
20260406172519    224   1160.0   1175.0   20.0     28.0   1304.7   1312.3   0.765
20260406172519    224   1310.0   1325.0   20.0     33.3   1284.5   1295.4   0.693
20260406172519    224   1370.0   1385.0   20.0     38.1   1282.1   1329.9   0.552
20260406172519    226    985.0   1000.0   20.0     68.0    992.0    990.8   0.672
20260406172519    227    410.0    430.0   20.0    101.5    991.9    992.6   0.894
20260406172519    227    535.0    560.0   20.0    253.7    992.0   1489.8   0.918
20260406172519    229    275.0    310.0   20.0    158.0    998.2    999.6   0.861
20260406172519    231     55.0     75.0   20.0    100.0   1009.8   1011.8   0.778
20260406172519    232    170.0    205.0   20.0     42.6   1009.8   1129.3   0.741
20260406172519    232    420.0    435.0   20.0     26.5   1143.5   1136.0   0.671
20260406172519    232    555.0    585.0   20.0     24.0   1163.8   1164.3   0.633
20260406172519    232    805.0    840.0   20.0     22.9   1209.6   1190.2   0.622
20260406172519    232    950.0    970.0   20.0     53.7   1191.3   1203.5   0.700
20260406172519    232   1080.0   1095.0   20.0     78.2   1210.4   1274.9   0.683
20260406172519    232   1185.0   1240.0   20.0     69.0   1215.0   1237.6   0.581
20260406172519    232   1295.0   1310.0   20.0     20.8   1253.5   1253.8   0.647
20260406172519    232   1435.0   1450.0   20.0     39.3   1271.0   1306.0   0.555
20260406172519    232   1520.0   1530.0   20.0     21.3   1274.9   1289.7   0.739
20260406172519    233    275.0    290.0   20.0     44.4   1011.4   1014.7   0.592
20260406172519    233    860.0    875.0   20.0    110.9   1015.1   1015.1   0.749
20260406172519    233    960.0    975.0   20.0    359.0   1012.7   1581.5   0.851
20260406172519    235    265.0    280.0   20.0    193.2   1027.8   1362.6   0.831
20260406172519    236    110.0    125.0   20.0     81.6   1030.2   1030.6   0.754
20260406172519    236   1570.0   1590.0   20.0     74.7   1019.7   1020.1   0.788
20260406172519    236   1670.0   1685.0   20.0     53.2   1018.8   1234.5   0.942
20260406172519    236   1755.0   1770.0   20.0     51.5   1240.7   1292.9   0.876
20260406172519    237    920.0    935.0   20.0     97.2   1032.4   1245.9   0.839
20260406172519    237    985.0   1000.0   20.0     24.5   1256.7   1297.7   0.802
20260406172519    237   1140.0   1155.0   20.0     44.0   1308.3   1309.7   0.913
20260406172519    237   1565.0   1580.0   20.0     23.7   1345.3   1361.2   0.658
20260406172519    237   1760.0   1775.0   20.0     40.2   1367.5   1383.2   0.749
20260406172519    238     35.0     55.0   20.0    152.7   1031.0   1030.9   0.838
20260406172519    239   1115.0   1130.0   20.0     44.6   1047.9   1040.3   0.740
20260406172519    240   1605.0   1625.0   20.0    236.0   1026.3   1635.4   0.852
20260406172519    241    755.0    770.0   20.0    172.8   1034.2   1307.9   0.790
20260406172519    241    815.0    870.0   20.0     40.6   1333.6   1396.7   0.747
20260406172519    242   1060.0   1075.0   20.0     68.7   1036.2   1114.2   0.751
20260406172519    242   1205.0   1290.0   20.0    100.4   1140.3   1400.8   0.881
20260406172519    242   1340.0   1355.0   20.0     20.8   1426.3   1428.4   0.699
20260406172519    242   1600.0   1655.0   20.0    183.9   1437.2   1026.7   0.944
20260406172519    243   1210.0   1280.0   20.0    220.1   1050.0   1629.9   0.924
20260406172519    244   1500.0   1620.0   20.0    104.0   1049.5   1263.9   0.814
20260406172519    247   1525.0   1540.0   20.0     45.4   1060.0   1214.0   0.832
20260406172519    247   1620.0   1635.0   20.0     28.0   1235.9   1268.9   0.746
20260406172519    247   1695.0   1710.0   20.0     27.7   1282.1   1308.2   0.626
20260406172519    247   1755.0   1770.0   20.0     32.7   1288.5   1298.3   0.525
20260406172519    248    335.0    360.0   20.0    151.3   1062.1   1060.7   0.846
20260406172519    248   1610.0   1625.0   20.0     58.3   1099.3   1056.4   0.690
20260406172519    251   1020.0   1080.0   20.0    158.3   1075.4   1073.4   0.892
20260406172519    252      0.0     25.0   20.0     94.0      0.0   1524.7   0.657
20260406172519    252     70.0    105.0   20.0     30.9   1505.6   1556.0   0.718
20260406172519    252    230.0   1165.0   20.0    533.2   1579.2   1512.2   0.914
20260406172519    252   1350.0   1530.0   20.0    455.1   1547.6   1745.5   0.734
20260406172519    252   1675.0   1735.0   20.0    466.0   1786.1   1825.0   0.668
20260406172519    252   1775.0   1800.0   20.0    541.5   1832.7   1829.5   0.708
20260406172519    253    145.0    155.0   20.0     20.6   1102.2   1099.7   0.418
20260406172519    253    365.0    475.0   20.0    181.5   1096.7   1097.0   0.779
20260406172519    253    805.0    820.0   20.0     31.6   1105.6   1104.2   0.723
20260406172519    254   1745.0   1765.0   20.0     47.0   1080.5   1077.6   0.765
20260406172519    255   1035.0   1045.0   20.0     73.0   1114.0   1096.5   0.662
20260406175840      1   1540.0   1555.0   20.0     30.7    928.4    966.1   0.743
20260406175840      2    185.0    210.0   20.0     50.1    952.7   1072.5   0.811
20260406175840      2    540.0    560.0   20.0    156.4   1112.3    949.5   0.806
20260406175840      2   1590.0   1610.0   20.0    119.8    908.1    901.4   0.767
20260406175840      2   1655.0   1670.0   20.0     23.0    903.8    876.6   0.740
20260406175840      3    370.0    395.0   20.0     62.8    940.7   1175.1   0.837
20260406175840      3    440.0    475.0   20.0     30.8   1180.4   1243.1   0.594
20260406175840      3    515.0    560.0   20.0     55.8   1226.4   1255.5   0.562
20260406175840      3    595.0    610.0   20.0    294.4   1267.7    935.6   0.776
20260406175840      4   1345.0   1375.0   20.0     94.9    927.4   1430.2   0.881
20260406175840      5   1115.0   1130.0   20.0     34.7    943.2    941.6   0.702
20260406175840      6    785.0    805.0   20.0     82.2    931.8    930.0   0.829
20260406175840      7   1570.0   1585.0   20.0     85.9    911.4    907.5   0.760
20260406175840      9    150.0    165.0   20.0     43.9   1111.0   1186.5   0.858
20260406175840      9    225.0    240.0   20.0     22.0   1209.1   1253.9   0.762
20260406175840     11     90.0    140.0   20.0     69.9    925.8   1160.8   0.821
20260406175840     11    220.0    235.0   20.0     51.8   1188.4   1221.6   0.734
20260406175840     11    310.0    325.0   20.0     36.3   1242.2   1257.4   0.717
20260406175840     11    425.0    440.0   20.0     26.9   1277.6   1307.7   0.869
20260406175840     11    550.0    565.0   20.0     21.5   1319.4   1324.7   0.850
20260406175840     13    155.0    165.0   20.0     22.9    934.5    936.9   0.444
20260406175840     13    565.0    585.0   20.0     36.9    931.9    926.6   0.773
20260406175840     13   1160.0   1190.0   20.0     89.5    923.6   1054.9   0.825
20260406175840     13   1410.0   1425.0   20.0    137.8   1073.6    904.1   0.797
20260406175840     14   1715.0   1730.0   20.0     36.9    834.9    906.1   0.730
20260406175840     15   1610.0   1625.0   20.0     33.3    893.5   1003.7   0.729
20260406175840     16    620.0    640.0   20.0     46.6    920.6    920.2   0.829
20260406175840     16   1605.0   1615.0   20.0     21.9    880.6    878.3   0.441
20260406175840     17   1525.0   1540.0   20.0     73.8    887.8    888.1   0.699
20260406175840     18    555.0    620.0   20.0     99.4    911.8   1095.6   0.843
20260406175840     18    700.0    715.0   20.0     22.9   1132.5   1170.0   0.809
20260406175840     18    835.0    850.0   20.0     23.7   1160.7   1184.8   0.803
20260406175840     18    990.0   1005.0   20.0     22.0   1190.4   1243.2   0.804
20260406175840     19   1205.0   1220.0   20.0     65.8    895.2   1028.5   0.801
20260406175840     19   1285.0   1300.0   20.0     29.4   1076.2   1105.7   0.759
20260406175840     19   1350.0   1365.0   20.0    204.3   1091.7    886.9   0.801
20260406175840     20   1690.0   1705.0   20.0     47.0    847.5    842.6   0.810
20260406175840     21   1465.0   1480.0   20.0     29.7    903.8    948.9   0.886
20260406175840     21   1625.0   1640.0   20.0     23.1    945.4    936.7   0.633
20260406175840     22   1410.0   1450.0   20.0     58.3    873.2    867.0   0.912
20260406175840     23    170.0    185.0   20.0     58.1    908.7   1176.2   0.875
20260406175840     23    235.0    245.0   20.0     28.4   1199.5   1217.6   0.409
20260406175840     23    300.0    320.0   20.0    224.0   1207.8    907.9   0.806
20260406175840     24   1270.0   1285.0   20.0     76.0    889.2   1125.1   0.776
20260406175840     24   1430.0   1445.0   20.0     36.7   1065.3   1073.3   0.602
20260406175840     24   1495.0   1550.0   20.0     49.2   1072.4   1100.6   0.802
20260406175840     26    745.0    760.0   20.0     34.8    900.5    898.9   0.738
20260406175840     28   1325.0   1345.0   20.0     71.6    878.3    878.1   0.759
20260406175840     28   1400.0   1430.0   20.0    118.8    874.0    869.2   0.878
20260406175840     29    230.0    245.0   20.0     54.8    888.5    883.6   0.772
20260406175840     29   1375.0   1390.0   20.0     60.3    867.1   1041.2   0.874
20260406175840     30   1270.0   1300.0   20.0     28.7    879.8   1002.3   0.838
20260406175840     34    660.0    680.0   20.0     73.5    961.7    980.6   0.824
20260406175840     34    715.0    740.0   20.0     31.5    978.0   1177.9   0.772
20260406175840     34    840.0    855.0   20.0     28.6   1185.2   1209.4   0.587
20260406175840     34    900.0    960.0   20.0     46.3   1217.4   1214.4   0.822
20260406175840     34   1085.0   1100.0   20.0     26.3   1216.9   1218.6   0.710
20260406175840     34   1360.0   1380.0   20.0     64.1   1251.4   1267.0   0.679
20260406175840     34   1440.0   1450.0   20.0     20.8   1268.9   1253.5   0.577
20260406175840     34   1665.0   1680.0   20.0     21.1   1243.0   1234.7   0.625
20260406175840     35    930.0    945.0   20.0     74.5    887.9    887.0   0.733
20260406175840     35   1550.0   1585.0   20.0    127.5    862.2   1051.4   0.884
20260406175840     36    285.0    300.0   20.0     21.9    893.4   1042.7   0.801
20260406175840     40   1110.0   1145.0   20.0    108.3    871.9    870.5   0.756
20260406175840     41   1005.0   1020.0   20.0     51.1    870.4    866.9   0.790
20260406175840     42    215.0    230.0   20.0     35.6    877.1    940.2   0.757
20260406175840     42    670.0    685.0   20.0     66.9    975.1    952.8   0.455
20260406175840     42   1125.0   1140.0   20.0     31.0    970.3   1005.6   0.658
20260406175840     43   1610.0   1625.0   20.0     45.0    853.1    921.0   0.748
20260406175840     43   1760.0   1775.0   20.0     46.7    885.3   1048.2   0.859
20260406175840     45    155.0    170.0   20.0    190.5    861.1    861.9   0.788
20260406175840     45   1150.0   1165.0   20.0     72.6    852.2    852.2   0.780
20260406175840     46   1715.0   1735.0   20.0    100.7    808.8   1068.0   0.862
20260406175840     48    130.0    145.0   20.0    118.7    944.1    968.8   0.761
20260406175840     48   1265.0   1280.0   20.0     21.4   1017.7   1047.3   0.635
20260406175840     49     90.0    105.0   20.0     76.3    890.4    870.2   0.783
20260406175840     49    610.0    620.0   20.0     21.2    911.0    934.0   0.515
20260406175840     50    980.0    995.0   20.0     27.7    857.2    987.7   0.803
20260406175840     50   1510.0   1525.0   20.0     21.2   1131.5   1159.3   0.831
20260406175840     50   1755.0   1770.0   20.0     26.6   1119.3   1157.9   0.861
20260406175840     51   1345.0   1360.0   20.0     22.7    832.8    865.4   0.770
20260406175840     52   1335.0   1370.0   20.0    119.9    837.6    836.8   0.856
20260406175840     52   1705.0   1720.0   20.0     91.9    798.5    796.6   0.759
20260406175840     55   1160.0   1175.0   20.0     44.3    837.1    938.9   0.795
20260406175840     55   1260.0   1275.0   20.0     21.5    955.6   1001.5   0.763
20260406175840     56   1435.0   1455.0   20.0    104.3    835.2    832.0   0.712
20260406175840     57    885.0    900.0   20.0     45.6    856.0    858.6   0.761
20260406175840     57   1695.0   1710.0   20.0     53.5    811.1    930.5   0.855
20260406175840     58    175.0    190.0   20.0     22.6    844.7    914.9   0.803
20260406175840     58    255.0    285.0   20.0     36.8    925.8    982.5   0.776
20260406175840     58    395.0    430.0   20.0     24.8   1011.9   1003.7   0.648
20260406175840     58    465.0    480.0   20.0     21.6    995.3    980.1   0.724
20260406175840     58    675.0    690.0   20.0    142.4   1007.6    842.2   0.795
20260406175840     59    390.0    405.0   20.0     63.6    843.6    844.4   0.853
20260406175840     60    655.0    670.0   20.0     46.4    848.5    900.8   0.792
20260406175840     60    705.0    725.0   20.0     66.2    908.6    848.3   0.814
20260406175840     60    790.0    805.0   20.0    101.4    846.8    847.7   0.796
20260406175840     62    800.0    815.0   20.0     42.0    842.3    840.7   0.772
20260406175840     63   1360.0   1380.0   20.0     31.8    816.6    812.1   0.681
20260406175840     65    150.0    205.0   20.0    218.2    840.4    840.6   0.766
20260406175840     65    980.0    995.0   20.0    134.2    834.1   1088.9   0.836
20260406175840     66    210.0    225.0   20.0     41.0    847.2    930.8   0.773
20260406175840     66    330.0    350.0   20.0    117.3    994.1    846.8   0.865
20260406175840     67   1355.0   1370.0   20.0     38.5    813.6    857.4   0.767
20260406175840     67   1485.0   1500.0   20.0     73.2    859.9    804.5   0.642
20260406175840     69    790.0    805.0   20.0     98.1    828.1    826.9   0.771
20260406175840     69   1100.0   1115.0   20.0     34.6    821.9    821.3   0.773
20260406175840     70     40.0     60.0   20.0     29.7    842.7    973.2   0.878
20260406175840     70    180.0    195.0   20.0    144.3    998.2    842.5   0.755
20260406175840     72   1295.0   1310.0   20.0     41.3    824.2    945.0   0.766
20260406175840     72   1430.0   1455.0   20.0     26.0   1005.5   1065.9   0.876
20260406175840     72   1610.0   1670.0   20.0     94.1   1055.8    791.1   0.859
20260406175840     73   1235.0   1250.0   20.0     59.4    819.0    886.3   0.765
20260406175840     75    125.0    150.0   20.0    140.3    832.3    830.3   0.855
20260406175840     75    740.0    755.0   20.0     63.1    829.2    829.0   0.663
20260406175840     77    910.0    925.0   20.0     71.4    829.5    997.0   0.856
20260406175840     77   1255.0   1275.0   20.0     23.1   1037.3   1085.0   0.766
20260406175840     77   1350.0   1375.0   20.0     29.7   1071.6   1123.8   0.848
20260406175840     78   1085.0   1100.0   20.0     43.9    833.7    944.1   0.778
20260406175840     78   1145.0   1160.0   20.0    169.9   1019.9    830.2   0.790
20260406175840     79    480.0    525.0   20.0    163.6    826.2    826.9   0.857
20260406175840     80   1225.0   1240.0   20.0     22.3    429.3    399.4   0.850
20260406175840     81    960.0    975.0   20.0     73.4    831.7    830.7   0.786
20260406175840     81   1045.0   1085.0   20.0    134.8    831.1    830.5   0.906
20260406175840     82    330.0    355.0   20.0    138.8    830.6   1082.6   0.822
20260406175840     82    415.0    430.0   20.0     37.3   1060.5   1139.0   0.874
20260406175840     86    915.0    925.0   20.0     28.0    830.0    907.7   0.786
20260406175840     86    965.0    980.0   20.0     23.9    961.1    988.1   0.748
20260406175840     86   1025.0   1040.0   20.0     36.4    999.2   1016.6   0.600
20260406175840     86   1160.0   1175.0   20.0     27.2   1041.1   1086.8   0.802
20260406175840     86   1310.0   1325.0   20.0     21.0   1048.6   1068.0   0.856
20260406175840     86   1380.0   1400.0   20.0    125.6   1038.6    814.1   0.877
20260406175840     87    595.0    610.0   20.0     80.9    855.4    827.5   0.632
20260406175840     88   1570.0   1585.0   20.0     33.7    810.6    934.9   0.858
20260406175840     88   1620.0   1635.0   20.0     20.8    965.0    979.4   0.731
20260406175840     88   1755.0   1770.0   20.0     25.1    966.7    998.7   0.725
20260406175840     89    690.0    705.0   20.0     34.2    829.6    941.5   0.764
20260406175840     89    760.0    775.0   20.0    148.6   1011.6    829.2   0.778
20260406175840     90    255.0    270.0   20.0     81.5    824.1   1025.9   0.851
20260406175840     90    325.0    385.0   20.0    149.3   1038.7   1092.9   0.690
20260406175840     90    815.0    830.0   20.0     48.6   1117.8   1118.8   0.857
20260406175840     90   1290.0   1305.0   20.0     29.3   1148.7   1153.5   0.705
20260406175840     91    170.0    330.0   20.0    361.5   1225.8   1175.5   0.895
20260406175840     91    750.0    765.0   20.0     27.5   1189.3   1183.7   0.592
20260406175840     91    900.0    960.0   20.0    142.5   1185.4   1199.5   0.865
20260406175840     91   1010.0   1260.0   20.0    390.1   1297.1   1308.5   0.744
20260406175840     91   1305.0   1320.0   20.0    318.5   1305.8   1308.4   0.696
20260406175840     91   1395.0   1800.0   20.0    416.4   1290.3   1250.0   0.878
20260406175840     92   1590.0   1610.0   20.0     26.1    819.5    969.7   0.649
20260406175840     93    620.0    655.0   20.0     63.0    796.0    877.8   0.843
20260406175840     93    755.0    770.0   20.0     37.2    889.1    883.6   0.814
20260406175840     93   1475.0   1490.0   20.0     20.0    883.4    881.9   0.659
20260406175840     96     55.0    130.0   20.0    151.7    837.9    838.5   0.791
20260406175840     96    890.0    935.0   20.0     60.5    834.3    834.0   0.741
20260406175840     97    485.0    500.0   20.0     86.0    815.7    959.9   0.821
20260406175840     97    665.0    680.0   20.0     22.2    984.3   1005.0   0.779
20260406175840     97    960.0    975.0   20.0     21.9   1039.7   1058.8   0.795
20260406175840     97   1380.0   1395.0   20.0     21.4   1076.0   1117.9   0.849
20260406175840     98   1515.0   1530.0   20.0     21.3    820.7    856.0   0.789
20260406175840     98   1665.0   1680.0   20.0     90.0    902.4    796.8   0.839
20260406175840    100    695.0    715.0   20.0    123.5    840.3    833.9   0.880
20260406175840    101    115.0    140.0   20.0     44.1    826.4    827.2   0.750
20260406175840    102    770.0    795.0   20.0    112.2    815.7    817.1   0.794
20260406175840    102   1340.0   1355.0   20.0     75.0    809.7    809.1   0.699
20260406175840    104    230.0    245.0   20.0     38.0    819.9    871.0   0.771
20260406175840    104    285.0    300.0   20.0     47.2    873.6    821.8   0.775
20260406175840    105     15.0     30.0   20.0    109.0    813.7   1014.8   0.784
20260406175840    105    155.0    170.0   20.0     99.0   1029.3   1024.0   0.657
20260406175840    105    205.0    215.0   20.0     28.7   1027.9   1028.3   0.417
20260406175840    105    425.0    440.0   20.0     24.3   1040.3   1076.1   0.761
20260406175840    105    860.0    875.0   20.0     22.6   1103.1   1108.1   0.444
20260406175840    105   1505.0   1520.0   20.0     22.1   1107.5   1110.4   0.593
20260406175840    106    425.0    505.0   20.0     40.9    923.1    985.7   0.710
20260406175840    106    640.0    655.0   20.0     39.8    992.5   1057.0   0.736
20260406175840    106   1195.0   1210.0   20.0     24.7   1121.4   1152.2   0.746
20260406175840    107   1735.0   1750.0   20.0     33.6    796.9    791.6   0.753
20260406175840    108     35.0     45.0   20.0     20.1    979.6    982.5   0.439
20260406175840    108    370.0    385.0   20.0     24.6   1080.6   1082.0   0.540
20260406175840    108    955.0    970.0   20.0     20.7   1144.2   1145.0   0.681
20260406175840    108   1450.0   1465.0   20.0     31.1   1159.2   1166.7   0.728
20260406175840    108   1670.0   1680.0   20.0     26.9   1161.1   1157.1   0.572
20260406175840    112    210.0    225.0   20.0     58.1    821.3    822.3   0.733
20260406175840    112   1045.0   1080.0   20.0     46.6    818.6    818.9   0.809
20260406175840    113   1360.0   1375.0   20.0     37.9    810.9    809.2   0.611
20260406175840    113   1510.0   1525.0   20.0     89.6    805.1   1024.8   0.861
20260406175840    114    440.0    460.0   20.0    149.8    829.0    827.1   0.869
20260406175840    116   1555.0   1570.0   20.0     35.4    814.6    878.5   0.765
20260406175840    116   1745.0   1775.0   20.0    122.2    907.8    792.0   0.761
20260406175840    117    505.0    535.0   20.0     43.4    815.5   1001.2   0.871
20260406175840    117    610.0    670.0   20.0     20.9   1006.0   1021.6   0.681
20260406175840    117   1190.0   1210.0   20.0     37.1   1072.4   1064.4   0.910
20260406175840    117   1405.0   1420.0   20.0     23.2   1083.7   1096.2   0.837
20260406175840    118     65.0     85.0   20.0    146.5    832.3    832.3   0.815
20260406175840    121    795.0    810.0   20.0    106.1    828.8    939.1   0.746
20260406175840    121   1270.0   1280.0   20.0     21.7   1052.6   1061.3   0.709
20260406175840    121   1395.0   1450.0   20.0     32.5   1046.9    999.4   0.753
20260406175840    121   1735.0   1745.0   20.0     47.3   1006.8   1036.6   0.606
20260406175840    122    865.0    880.0   20.0    385.1    835.6    836.0   0.792
20260406175840    122   1340.0   1355.0   20.0     29.4    860.5    956.6   0.798
20260406175840    123   1685.0   1705.0   20.0     60.1    795.3    792.5   0.765
20260406175840    124   1035.0   1050.0   20.0     60.1    831.7    830.2   0.735
20260406175840    124   1335.0   1355.0   20.0     42.3    827.2   1015.1   0.768
20260406175840    124   1415.0   1455.0   20.0    120.6   1011.6    815.6   0.777
20260406175840    125   1240.0   1270.0   20.0    106.9    824.1    821.8   0.857
20260406175840    126   1580.0   1655.0   20.0    220.0    805.8   1060.4   0.778
20260406175840    126   1695.0   1710.0   20.0     35.6   1071.9   1089.4   0.718
20260406175840    127   1155.0   1175.0   20.0     63.8    826.1    824.7   0.748
20260406175840    128    955.0   1005.0   20.0     30.5    836.1    957.5   0.781
20260406175840    128   1080.0   1095.0   20.0    164.8   1064.4    835.8   0.773
20260406175840    129    760.0    790.0   20.0     76.7    820.6   1011.3   0.840
20260406175840    129    890.0    905.0   20.0     27.4   1024.7   1115.6   0.829
20260406175840    130    745.0    760.0   20.0     46.3    826.3    960.5   0.861
20260406175840    131    455.0    470.0   20.0     54.6    834.6    833.5   0.667
20260406175840    131   1180.0   1200.0   20.0     95.5    830.2    828.9   0.776
20260406175840    132    265.0    295.0   20.0     40.7    828.1   1059.1   0.804
20260406175840    132    360.0    375.0   20.0     21.1   1067.1   1070.2   0.512
20260406175840    132    410.0    465.0   20.0    137.9   1056.8    826.3   0.856
20260406175840    132   1590.0   1605.0   20.0     28.8    812.1    815.6   0.638
20260406175840    133     35.0     50.0   20.0     25.8   1035.0   1026.1   0.638
20260406175840    133    180.0    200.0   20.0     79.2   1014.0   1033.2   0.814
20260406175840    133    685.0    700.0   20.0     24.6   1152.7   1182.8   0.849
20260406175840    134   1200.0   1235.0   20.0     28.1    826.0    933.8   0.798
20260406175840    134   1290.0   1305.0   20.0    164.6    944.5    825.7   0.724
20260406175840    135   1380.0   1420.0   20.0    165.7    825.4    823.3   0.820
20260406175840    135   1500.0   1515.0   20.0     75.0    819.8    971.2   0.817
20260406175840    135   1555.0   1570.0   20.0     26.9    991.7   1006.0   0.777
20260406175840    136    470.0    490.0   20.0     47.5    835.2    836.8   0.771
20260406175840    136   1245.0   1260.0   20.0     37.2    826.7    865.2   0.665
20260406175840    136   1330.0   1345.0   20.0     68.2    876.2    825.3   0.792
20260406175840    137   1080.0   1110.0   20.0     80.3    898.5    852.2   0.777
20260406175840    139    505.0    540.0   20.0    146.1    828.0    826.3   0.851
20260406175840    139   1330.0   1345.0   20.0     62.8    820.4    820.3   0.583
20260406175840    141   1580.0   1635.0   20.0     74.4    827.8   1026.4   0.827
20260406175840    143    435.0    450.0   20.0     37.4    843.2    845.3   0.760
20260406175840    144    255.0    300.0   20.0     26.2    841.9    982.6   0.811
20260406175840    144    345.0    360.0   20.0    209.4   1032.1    845.2   0.775
20260406175840    144   1615.0   1630.0   20.0     91.2    831.1   1085.9   0.870
20260406175840    145    440.0    455.0   20.0     81.6    844.6    842.5   0.747
20260406175840    145    645.0    685.0   20.0    161.4    844.9    844.9   0.801
20260406175840    146      0.0     25.0   20.0     81.3      0.0   1061.7   0.754
20260406175840    146    125.0    145.0   20.0    156.6   1093.2    841.3   0.895
20260406175840    146   1615.0   1630.0   20.0     24.9    987.5    993.8   0.766
20260406175840    146   1745.0   1760.0   20.0     27.0   1075.3   1114.3   0.822
20260406175840    147   1395.0   1475.0   20.0    169.5    837.2    833.4   0.794
20260406175840    148   1595.0   1610.0   20.0     49.4    842.3    840.5   0.727
20260406175840    148   1665.0   1695.0   20.0     57.3    835.2    830.1   0.751
20260406175840    149    130.0    185.0   20.0     45.4    848.0    997.5   0.715
20260406175840    149    265.0    280.0   20.0     24.7    985.3    993.6   0.548
20260406175840    149    555.0    655.0   20.0     53.3    998.8   1155.7   0.750
20260406175840    149    690.0    705.0   20.0     26.2   1152.9   1153.1   0.556
20260406175840    149    850.0    865.0   20.0    112.3   1113.3    845.0   0.921
20260406175840    149   1075.0   1090.0   20.0     56.5    845.2    844.7   0.729
20260406175840    149   1125.0   1135.0   20.0     57.4    842.3    842.9   0.590
20260406175840    150    200.0    215.0   20.0     51.3    843.5    910.0   0.754
20260406175840    150    280.0    295.0   20.0     22.8    929.6    941.9   0.712
20260406175840    150    390.0    405.0   20.0    143.2    968.5    844.2   0.789
20260406175840    151    525.0    545.0   20.0    263.2    836.0    836.1   0.810
20260406175840    153    805.0    820.0   20.0    233.9    870.0    845.9   0.783
20260406175840    156   1015.0   1070.0   20.0    178.4    832.8    834.3   0.780
20260406175840    157   1320.0   1370.0   20.0    123.6    855.7    853.6   0.703
20260406175840    158     15.0     75.0   20.0     39.5    941.8   1026.5   0.806
20260406175840    158    135.0    185.0   20.0    176.0   1044.9    875.0   0.852
20260406175840    159    960.0    975.0   20.0     28.7    185.1    188.0   0.753
20260406175840    160     80.0    100.0   20.0     59.2    851.6   1105.7   0.842
20260406175840    160    205.0    250.0   20.0    167.7   1106.7    849.4   0.793
20260406175840    160   1420.0   1435.0   20.0     62.8    843.0    842.1   0.722
20260406175840    162     20.0     35.0   20.0     30.0   1058.5   1129.5   0.647
20260406175840    162     70.0     85.0   20.0     21.8   1124.7   1099.5   0.755
20260406175840    162    140.0    200.0   20.0     40.1   1085.8   1089.1   0.741
20260406175840    162    370.0    385.0   20.0    114.3   1051.6    855.3   0.835
20260406175840    162   1445.0   1460.0   20.0     52.8    847.6    845.8   0.660
20260406175840    162   1640.0   1675.0   20.0     91.0    844.9    838.0   0.832
20260406175840    164    185.0    200.0   20.0    104.1    864.9   1081.5   0.852
20260406175840    165   1120.0   1235.0   20.0    255.0    861.9    862.8   0.879
20260406175840    166      0.0     10.0   20.0     21.2      0.0   1129.8   0.420
20260406175840    166    425.0    485.0   20.0     31.2   1124.1   1148.3   0.856
20260406175840    166    575.0    590.0   20.0     30.5   1168.3   1174.2   0.836
20260406175840    166    640.0    655.0   20.0     22.6   1179.1   1196.5   0.616
20260406175840    166    940.0    955.0   20.0    110.2   1071.2    850.7   0.780
20260406175840    167   1500.0   1520.0   20.0    128.9    858.4    860.5   0.828
20260406175840    168   1460.0   1540.0   20.0     47.2    860.2   1033.8   0.829
20260406175840    168   1680.0   1695.0   20.0     25.3   1040.4   1061.8   0.731
20260406175840    169   1385.0   1400.0   20.0     33.7    871.4    961.7   0.762
20260406175840    169   1455.0   1465.0   20.0     24.2    970.0    972.9   0.428
20260406175840    169   1665.0   1680.0   20.0     60.5   1041.4   1113.6   0.674
20260406175840    170   1550.0   1610.0   20.0    101.8    869.5    870.5   0.771
20260406175840    171     10.0     40.0   20.0    112.6   1066.5   1107.7   0.735
20260406175840    171    135.0    155.0   20.0     37.5   1118.4   1136.7   0.860
20260406175840    171    260.0    280.0   20.0    128.0   1143.5    873.7   0.878
20260406175840    171   1725.0   1740.0   20.0     63.8    853.7   1041.8   0.835
20260406175840    173     10.0     35.0   20.0    219.9   1083.1    869.5   0.816
20260406175840    173    665.0    685.0   20.0     82.2    867.3   1008.0   0.832
20260406175840    173    800.0    810.0   20.0     29.1   1015.1   1046.5   0.826
20260406175840    173    965.0    995.0   20.0     25.3   1059.9   1101.5   0.894
20260406175840    173   1320.0   1335.0   20.0     24.6   1104.2   1135.8   0.853
20260406175840    175   1220.0   1250.0   20.0    113.0    868.1    865.6   0.868
20260406175840    176   1330.0   1345.0   20.0    105.3    876.7    876.3   0.764
20260406175840    176   1385.0   1420.0   20.0     52.3    878.4    874.9   0.750
20260406175840    177    590.0    660.0   20.0     26.1    934.6   1132.4   0.724
20260406175840    177    700.0    715.0   20.0     25.8   1141.0   1183.9   0.828
20260406175840    177    955.0    970.0   20.0     22.1   1205.0   1216.2   0.817
20260406175840    177   1470.0   1485.0   20.0     29.5   1230.9   1237.0   0.864
20260406175840    178    110.0    185.0   20.0     84.7   1111.0    873.1   0.839
20260406175840    178   1215.0   1325.0   20.0    165.1    869.4    871.3   0.754
20260406175840    179    655.0    700.0   20.0    105.9    891.6    891.6   0.768
20260406175840    179    995.0   1010.0   20.0     40.9    888.1    890.1   0.608
20260406175840    180   1235.0   1270.0   20.0    199.0    874.0    878.9   0.814
20260406175840    182    110.0    125.0   20.0     37.5    114.3     54.9   0.785
20260406175840    182   1215.0   1230.0   20.0     59.1    113.4     48.8   0.813
20260406175840    182   1265.0   1280.0   20.0     24.3     48.8    113.3   0.857
20260406175840    183     80.0     95.0   20.0     84.1    895.9    897.4   0.826
20260406175840    183    245.0    260.0   20.0     38.3    897.1    954.9   0.797
20260406175840    183    750.0    765.0   20.0     36.3   1136.7   1207.8   0.890
20260406175840    183   1565.0   1580.0   20.0     20.4   1222.4   1212.0   0.775
20260406175840    184    680.0    700.0   20.0    279.4    895.0   1332.5   0.877
20260406175840    184    735.0    750.0   20.0    274.5   1352.9    898.3   0.858
20260406175840    184   1695.0   1730.0   20.0     77.3    877.4    877.2   0.865
20260406175840    185    420.0    580.0   20.0    101.6    895.2   1284.3   0.832
20260406175840    185    620.0    635.0   20.0     57.5   1221.4   1306.1   0.623
20260406175840    185    735.0    785.0   20.0     25.0   1330.0   1340.8   0.494
20260406175840    185    890.0    910.0   20.0     26.0   1372.2   1360.0   0.496
20260406175840    185   1335.0   1350.0   20.0     43.1   1396.0   1396.5   0.626
20260406175840    186   1045.0   1060.0   20.0     60.4    888.8    889.0   0.585
20260406175840    186   1425.0   1440.0   20.0     46.0    882.4    927.2   0.794
20260406175840    186   1780.0   1795.0   20.0     28.6    874.7    923.2   0.758
20260406175840    187    555.0    570.0   20.0     36.6    891.0   1006.3   0.762
20260406175840    187    620.0    640.0   20.0    173.7   1011.8    892.7   0.833
20260406175840    189    570.0    590.0   20.0     69.4    917.5    917.4   0.756
20260406175840    189    855.0    875.0   20.0     50.9    914.0    914.2   0.700
20260406175840    189   1270.0   1295.0   20.0     42.7    910.9    973.0   0.667
20260406175840    189   1350.0   1360.0   20.0     20.1    975.9    984.8   0.448
20260406175840    190    175.0    245.0   20.0     97.3    897.5   1072.4   0.795
20260406175840    190    280.0    335.0   20.0    197.5   1078.0    901.7   0.834
20260406175840    190   1755.0   1770.0   20.0    147.4    895.6   1142.3   0.856
20260406175840    191   1760.0   1775.0   20.0     43.0    889.4    890.2   0.674
20260406175840    192   1490.0   1505.0   20.0    160.2    889.8   1212.3   0.823
20260406175840    194    925.0    945.0   20.0    334.4    924.5    921.2   0.840
20260406175840    195   1575.0   1595.0   20.0     64.2    903.5    978.4   0.747
20260406175840    198     15.0     45.0   20.0    247.0    918.0    917.7   0.733
20260406175840    198    695.0    745.0   20.0    161.9    913.0    913.1   0.890
20260406175840    198   1285.0   1300.0   20.0     63.5    907.9   1079.7   0.742
20260406175840    198   1615.0   1665.0   20.0     23.0   1048.4   1053.0   0.629
20260406175840    198   1725.0   1785.0   20.0     30.3   1052.7   1090.9   0.747
20260406175840    199     20.0     40.0   20.0     41.8    918.6   1204.8   0.892
20260406175840    199    210.0    225.0   20.0    125.9   1164.9   1394.8   0.950
20260406175840    199    325.0    340.0   20.0     60.4   1300.9    915.1   0.941
20260406175840    199   1300.0   1315.0   20.0     47.1    911.8   1023.4   0.860
20260406175840    199   1380.0   1395.0   20.0    142.0   1102.4    911.2   0.794
20260406175840    200   1065.0   1090.0   20.0     30.4    923.1   1025.6   0.737
20260406175840    200   1165.0   1260.0   20.0    265.6   1062.9    922.8   0.767
20260406175840    200   1555.0   1610.0   20.0     40.9    917.0   1029.3   0.703
20260406175840    200   1645.0   1660.0   20.0     23.7   1041.8   1046.8   0.528
20260406175840    202   1360.0   1375.0   20.0     40.7    919.1    975.9   0.520
20260406175840    202   1480.0   1495.0   20.0     21.9   1049.8    982.1   0.838
20260406175840    202   1735.0   1785.0   20.0    153.4   1069.7   1009.2   0.813
20260406175840    204   1370.0   1385.0   20.0     62.2    932.4    932.6   0.769
20260406175840    206    795.0    810.0   20.0     43.9    948.7    947.7   0.807
20260406175840    207     35.0     55.0   20.0    146.7    942.7    942.4   0.803
20260406175840    207    255.0    270.0   20.0     80.2    941.4   1052.2   0.780
20260406175840    207    315.0    415.0   20.0     31.5   1070.7   1254.4   0.691
20260406175840    207    455.0    710.0   20.0    224.5   1280.9    937.0   0.835
20260406175840    207   1205.0   1235.0   20.0    159.2    935.2    934.4   0.856
20260406175840    208    545.0    560.0   20.0     27.7   1329.5   1331.7   0.722
20260406175840    209    585.0    615.0   20.0    247.7    978.4    954.4   0.864
20260406175840    209    890.0    905.0   20.0     71.7    951.1   1132.9   0.879
20260406175840    209   1040.0   1055.0   20.0     41.9   1171.0   1204.8   0.709
20260406175840    209   1630.0   1645.0   20.0     41.8   1103.2    940.3   0.920
20260406175840    210    475.0    490.0   20.0     33.1    955.2    956.0   0.476
20260406175840    210   1440.0   1455.0   20.0     26.5    946.5   1002.4   0.664
20260406175840    210   1630.0   1655.0   20.0     35.7   1052.5   1072.7   0.793
20260406175840    210   1750.0   1765.0   20.0     99.0   1058.3    940.3   0.758
20260406175840    211    110.0    125.0   20.0     36.7    955.7    957.5   0.762
20260406175840    211   1285.0   1300.0   20.0     38.5    949.5   1112.7   0.674
20260406175840    211   1385.0   1405.0   20.0     33.0   1150.1   1193.5   0.733
20260406175840    211   1450.0   1465.0   20.0    162.0   1161.3    949.7   0.779
20260406175840    211   1785.0   1800.0   20.0     28.2    944.8    943.0   0.449
20260406175840    212   1180.0   1195.0   20.0    104.0    960.4    960.5   0.841
20260406175840    214    580.0    595.0   20.0     29.4    946.5    946.5   0.649
20260406175840    214   1260.0   1280.0   20.0     92.0    940.9    939.8   0.870
20260406175840    216   1455.0   1490.0   20.0     53.1    964.3   1256.1   0.846
20260406175840    216   1685.0   1700.0   20.0     24.2   1258.3   1266.6   0.816
20260406175840    217    315.0    330.0   20.0     56.4    980.5   1121.6   0.839
20260406175840    217    380.0    435.0   20.0     21.7   1202.5   1207.1   0.674
20260406175840    217    515.0    565.0   20.0     54.5   1181.1   1216.3   0.644
20260406175840    217    625.0    640.0   20.0    158.8   1199.8    978.4   0.796
20260406175840    217   1025.0   1045.0   20.0     93.4    975.9    977.0   0.760
20260406175840    218    275.0    290.0   20.0     42.8    981.1   1041.2   0.712
20260406175840    218    330.0    345.0   20.0     33.3   1077.3   1101.0   0.774
20260406175840    218    400.0    435.0   20.0     24.4   1080.6   1125.2   0.809
20260406175840    219    295.0    315.0   20.0    101.1    977.7    978.1   0.815
20260406175840    219    350.0    365.0   20.0     53.8    976.1    975.9   0.606
20260406175840    219   1245.0   1265.0   20.0     79.6    975.3    979.4   0.872
20260406175840    220     10.0     40.0   20.0     43.2   1253.5   1270.1   0.614
20260406175840    220    110.0    125.0   20.0     20.9   1281.4   1345.2   0.687
20260406175840    220    210.0    225.0   20.0     41.8   1357.5   1315.4   0.753
20260406175840    220    270.0    375.0   20.0     86.0   1325.8   1457.1   0.828
20260406175840    220    505.0    515.0    0.5    169.6   1481.3   1477.2   0.439
20260406175840    220    655.0    675.0   20.0    304.4   1487.5   1262.5   0.816
20260406175840    220    715.0    730.0   20.0    143.1   1297.2   1489.5   0.439
20260406175840    220   1105.0   1125.0   20.0    383.9   1519.4   1131.4   0.864
20260406175840    220   1170.0   1185.0   20.0     33.1   1111.3   1148.8   0.759
20260406175840    220   1320.0   1335.0   20.0     22.0   1147.7   1146.7   0.678
20260406175840    221   1335.0   1380.0   18.1     66.2    972.5   1095.6   0.731
20260406175840    221   1585.0   1600.0   20.0     38.8   1101.5   1121.3   0.620
20260406175840    221   1665.0   1710.0   20.0     49.4   1122.6   1172.3   0.806
20260406175840    222   1030.0   1045.0   20.0    239.5    987.8   1434.8   0.843
20260406175840    223    195.0    210.0   20.0     47.9    987.4    986.5   0.793
20260406175840    223   1540.0   1555.0   20.0    131.6    971.5   1243.8   0.862
20260406175840    223   1665.0   1675.0   20.0     27.9   1330.1   1336.8   0.482
20260406175840    223   1730.0   1740.0   20.0     26.2   1332.4   1310.8   0.489
20260406175840    223   1780.0   1795.0   20.0     35.3   1301.3   1318.7   0.748
20260406175840    224   1740.0   1755.0   20.0     33.4    973.6   1022.9   0.834
20260406175840    225    585.0    600.0   20.0     27.0    998.4    999.8   0.641
20260406175840    225    835.0    860.0   20.0    106.1    998.3   1029.8   0.898
20260406175840    226   1550.0   1565.0   20.0     65.1    985.2   1098.2   0.787
20260406175840    227   1585.0   1600.0   20.0     97.3    987.2    988.5   0.750
20260406175840    228    730.0    760.0   20.0     61.0    998.5    993.0   0.849
20260406175840    228    825.0    840.0   20.0     37.6    993.5   1112.9   0.791
20260406175840    228    895.0    930.0   20.0    139.7   1166.4    996.1   0.788
20260406175840    230     80.0    100.0   20.0     74.2   1014.0   1271.6   0.790
20260406175840    230    450.0    465.0   20.0     37.9   1368.2   1370.5   0.802
20260406175840    232     80.0    175.0   20.0     76.9   1192.2   1278.1   0.836
20260406175840    232    225.0    295.0   20.0     42.6   1240.9   1283.4   0.790
20260406175840    232    485.0    500.0   20.0     38.3   1312.0   1334.3   0.557
20260406175840    232    770.0    785.0   20.0     23.3   1380.0   1380.3   0.638
20260406175840    232   1050.0   1065.0   20.0     28.2   1407.2   1429.0   0.804
20260406175840    234     10.0     25.0   20.0    303.7   1400.2   1008.7   0.762
20260406175840    234    940.0    965.0   20.0    333.2   1001.5   1000.5   0.834
20260406175840    234   1410.0   1430.0   20.0    123.8    998.0    998.5   0.761
20260406175840    235     15.0     50.0   20.0    135.9   1027.2   1027.9   0.815
20260406175840    235   1495.0   1520.0   20.0    157.6   1023.9   1021.5   0.774
20260406175840    236     40.0     55.0   20.0     92.5   1139.6   1030.4   0.745
20260406175840    236   1725.0   1740.0   20.0     64.0   1018.2   1017.8   0.736
20260406175840    237    340.0    430.0   20.0     62.7   1092.3   1471.3   0.808
20260406175840    237    815.0    835.0   12.5    220.8   1586.2   1605.6   0.438
20260406175840    237    875.0    885.0   14.3    228.0   1606.9   1611.9   0.492
20260406175840    237    935.0    955.0   14.3    254.8   1613.0   1608.3   0.571
20260406175840    237    995.0   1005.0   20.0     24.6   1476.0   1578.7   0.810
20260406175840    237   1075.0   1085.0   16.7    275.7   1620.1   1616.0   0.499
20260406175840    237   1135.0   1740.0    4.8    354.8   1628.1   1637.6   0.658
20260406175840    237   1775.0   1800.0    4.0    370.2   1626.5   1611.1   0.499
20260406175840    238    385.0    490.0   20.0    140.6   1026.7   1392.7   0.905
20260406175840    238    570.0    590.0   20.0     45.6   1415.5   1441.3   0.787
20260406175840    238    760.0    775.0   20.0     36.1   1403.7   1423.8   0.726
20260406175840    238    920.0    935.0   20.0     47.0   1416.5   1442.0   0.777
20260406175840    238   1290.0   1305.0   20.0     33.8   1421.4   1435.9   0.660
20260406175840    240   1360.0   1380.0   20.0    123.3   1024.7   1026.4   0.814
20260406175840    241     95.0    115.0   20.0     47.0   1038.8   1258.7   0.833
20260406175840    241    255.0    310.0   20.0     41.3   1331.9   1375.8   0.736
20260406175840    241   1610.0   1625.0   20.0     26.4   1481.2   1494.6   0.851
20260406175840    242    480.0    510.0   20.0    264.3   1033.3   1036.4   0.803
20260406175840    242    550.0    580.0   20.0    160.7   1034.5   1032.8   0.780
20260406175840    242    990.0   1065.0   20.0    187.1   1029.7   1028.7   0.856
20260406175840    243   1240.0   1255.0   20.0     20.3   1096.2   1093.5   0.555
20260406175840    243   1550.0   1565.0   20.0    154.1   1132.4   1041.8   0.737
20260406175840    244     45.0     60.0   20.0     29.4   1053.4   1117.2   0.795
20260406175840    244    265.0    320.0   20.0    105.5   1173.9   1301.7   0.867
20260406175840    244    355.0    370.0   20.0     27.8   1316.5   1326.5   0.845
20260406175840    244    600.0    615.0   20.0     44.9   1343.1   1379.7   0.742
20260406175840    244    665.0    680.0   20.0     26.4   1366.5   1381.0   0.764
20260406175840    244    805.0    820.0   20.0     26.4   1368.6   1403.4   0.818
20260406175840    245   1240.0   1265.0   20.0    104.7   1046.2   1047.4   0.848
20260406175840    246    425.0    510.0   20.0    187.5   1064.9   1266.0   0.782
20260406175840    246    545.0    605.0   20.0    294.2   1278.0   1063.3   0.718
20260406175840    249    895.0    910.0   20.0     48.8   1065.6   1138.7   0.701
20260406175840    249    960.0    980.0   20.0     37.9   1148.1   1193.9   0.801
20260406175840    249   1060.0   1075.0   20.0     48.2   1279.1   1244.4   0.909
20260406175840    249   1110.0   1125.0   20.0     55.0   1255.6   1313.1   0.750
20260406175840    249   1200.0   1215.0   20.0    151.9   1332.5   1060.3   0.838
20260406175840    250    230.0    275.0   20.0     58.4   1072.0   1184.6   0.808
20260406175840    250    385.0    400.0   20.0    115.1   1183.7   1075.4   0.760
20260406175840    250    920.0    940.0   20.0    140.2   1065.9   1065.0   0.834
20260406175840    252    135.0    150.0   20.0     20.8   1215.5   1214.0   0.615
20260406175840    252    275.0    290.0   20.0     85.0   1226.7   1250.6   0.797
20260406175840    252    560.0    655.0   20.0    128.2   1278.7   1342.3   0.697
20260406175840    252    855.0    870.0   20.0     33.9   1369.9   1420.9   0.797
20260406175840    252    925.0    940.0   20.0     56.0   1423.5   1450.0   0.845
20260406175840    252   1100.0   1115.0   20.0     46.9   1440.3   1450.9   0.662
20260406175840    252   1310.0   1325.0   20.0     70.3   1481.5   1558.5   0.869
20260406175840    253   1165.0   1215.0   20.0    179.0   1096.1   1095.4   0.743
20260406175840    254    660.0    680.0   20.0    187.2   1086.2   1086.8   0.784
20260406175840    254   1645.0   1655.0   20.0     67.8   1081.4   1079.4   0.411
20260406175840    255    130.0    145.0   20.0     57.1   1102.8   1207.6   0.814
20260406175840    255    325.0    340.0   20.0     23.9   1307.2   1346.4   0.828
20260406175840    255    380.0    425.0   20.0     34.5   1364.2   1377.9   0.761
20260406175840    255    460.0    475.0   20.0     20.0   1378.8   1380.8   0.657
20260406175840    255   1275.0   1290.0   20.0     48.2   1356.6   1399.9   0.719
20260406175840    255   1380.0   1395.0   20.0     24.6   1398.7   1412.2   0.774
20260406175840    255   1495.0   1510.0   20.0     49.8   1413.0   1439.9   0.701
20260406175840    256    120.0    145.0   20.0    179.9   1113.1   1111.8   0.807
20260406175840    256   1505.0   1540.0   20.0    222.3   1100.6   1101.1   0.762
20260406183158      1   1130.0   1145.0   20.0     28.9    959.6   1003.7   0.751
20260406183158      1   1270.0   1285.0   20.0    119.9   1066.9    958.4   0.731
20260406183158      2   1730.0   1745.0   20.0     49.7    888.4    882.0   0.784
20260406183158      3   1060.0   1075.0   20.0     24.8   1019.9   1182.2   0.791
20260406183158      3   1495.0   1510.0   20.0     27.8   1241.5   1237.2   0.822
20260406183158      5    700.0    735.0   20.0     52.3    952.7   1181.0   0.820
20260406183158      5    825.0    840.0   20.0    282.7   1215.9    948.0   0.852
20260406183158      7   1125.0   1140.0   20.0     42.1    948.6    991.0   0.724
20260406183158      7   1185.0   1200.0   20.0     46.8    994.8    948.2   0.747
20260406183158      8    560.0    575.0   20.0     31.6    947.8    947.3   0.753
20260406183158      9    940.0    955.0   20.0     31.4   1143.9   1159.2   0.586
20260406183158      9   1090.0   1105.0   20.0     26.8   1162.9   1185.3   0.759
20260406183158     10   1415.0   1530.0   20.0    157.8    927.5    917.8   0.849
20260406183158     11     70.0     85.0   20.0     37.7   1167.3   1187.6   0.674
20260406183158     11    145.0    160.0   20.0     23.2   1212.5   1231.5   0.662
20260406183158     11    600.0    680.0   20.0     84.4   1289.4   1302.8   0.899
20260406183158     11    750.0    805.0   20.0     63.2   1289.9   1279.9   0.847
20260406183158     11    870.0    885.0   20.0     29.8   1298.3   1321.8   0.880
20260406183158     11   1050.0   1080.0   20.0    129.0   1273.4   1296.1   0.851
20260406183158     11   1205.0   1220.0   20.0    125.3   1289.9   1111.3   0.796
20260406183158     11   1330.0   1345.0   20.0    150.2   1105.4   1271.5   0.803
20260406183158     11   1530.0   1550.0   20.0    104.4   1275.8   1107.4   0.838
20260406183158     11   1675.0   1690.0   20.0    119.1   1086.4   1240.5   0.771
20260406183158     12   1640.0   1655.0   20.0     33.1    918.5    985.7   0.775
20260406183158     13    250.0    260.0   20.0     22.7    931.4    937.0   0.511
20260406183158     15   1270.0   1285.0   20.0     54.7    929.6    931.1   0.715
20260406183158     16   1185.0   1200.0   20.0     48.7    920.4    989.9   0.760
20260406183158     16   1265.0   1285.0   20.0    236.0   1036.2    916.7   0.835
20260406183158     18    250.0    265.0   20.0     42.2    918.7   1037.1   0.790
20260406183158     18    320.0    340.0   20.0    172.9   1097.9    917.7   0.791
20260406183158     19    575.0    590.0   20.0     35.6    915.9    916.3   0.741
20260406183158     20    735.0    755.0   20.0    110.7    917.1    916.0   0.823
20260406183158     25     95.0    155.0   20.0    163.6    916.6    916.1   0.816
20260406183158     25   1640.0   1655.0   20.0     56.0    890.0    989.3   0.814
20260406183158     26    570.0    585.0   20.0     75.1    915.3   1144.5   0.861
20260406183158     26    715.0    730.0   20.0     34.6   1168.3   1205.5   0.846
20260406183158     26    875.0    890.0   20.0     45.8   1216.4   1251.0   0.740
20260406183158     27    440.0    455.0   20.0     51.3    899.0   1011.7   0.866
20260406183158     27    785.0    800.0   20.0     20.9   1077.8   1085.2   0.496
20260406183158     27    945.0    960.0   20.0     24.7   1111.3   1122.6   0.753
20260406183158     27   1105.0   1120.0   20.0     26.0   1145.1   1159.0   0.646
20260406183158     27   1190.0   1205.0   20.0     24.2   1149.5   1125.8   0.788
20260406183158     28    495.0    520.0   20.0    118.2    902.1    905.4   0.793
20260406183158     29    680.0    700.0   20.0     61.5    886.5   1072.6   0.766
20260406183158     29   1255.0   1270.0   20.0     28.6   1158.2   1168.5   0.770
20260406183158     29   1540.0   1560.0   20.0     89.7   1075.4    868.8   0.907
20260406183158     31   1095.0   1110.0   20.0     78.1    886.7   1046.5   0.787
20260406183158     32    205.0    220.0   20.0     56.3    888.6    888.4   0.754
20260406183158     33    925.0    955.0   20.0    127.1    875.6    876.3   0.788
20260406183158     33   1435.0   1450.0   20.0     69.9    870.0    868.8   0.804
20260406183158     33   1675.0   1695.0   20.0     52.2    848.9    838.9   0.767
20260406183158     34    965.0    990.0   20.0     45.4    930.2    904.5   0.773
20260406183158     34   1210.0   1225.0   20.0     27.1    909.0    935.9   0.788
20260406183158     35     75.0     90.0   20.0     28.9    895.6    959.9   0.724
20260406183158     35    380.0    400.0   20.0     90.8    997.9    895.5   0.841
20260406183158     35   1160.0   1175.0   20.0     95.7    897.0   1071.1   0.801
20260406183158     35   1265.0   1280.0   20.0     29.4   1086.0   1122.9   0.786
20260406183158     36    450.0    505.0   20.0     30.7   1127.0   1177.1   0.801
20260406183158     36    815.0    830.0   20.0     59.9   1209.8   1252.6   0.785
20260406183158     36    965.0    980.0   20.0     22.6   1243.1   1248.6   0.836
20260406183158     37    195.0    210.0   20.0     35.1   1196.8   1241.5   0.712
20260406183158     37   1490.0   1595.0   20.0     24.4   1323.4   1309.4   0.922
20260406183158     42    995.0   1010.0   20.0     38.3    881.8    935.9   0.769
20260406183158     44    590.0    610.0   20.0     59.2    875.2    874.4   0.780
20260406183158     44    990.0   1065.0   20.0    284.0    872.5    870.9   0.853
20260406183158     44   1625.0   1640.0   20.0     32.3    859.6    931.8   0.825
20260406183158     45    740.0    755.0   20.0     45.3   1014.2   1042.8   0.888
20260406183158     45   1605.0   1620.0   20.0     21.8   1016.1   1028.8   0.816
20260406183158     46   1380.0   1395.0   20.0     44.9    862.3    861.3   0.762
20260406183158     47     60.0     75.0   20.0     31.3    875.4   1007.1   0.784
20260406183158     47    325.0    340.0   20.0    180.3   1140.7    871.6   0.829
20260406183158     47   1090.0   1105.0   20.0     74.5    868.9    868.3   0.735
20260406183158     49   1175.0   1195.0   20.0     99.7    869.8    869.4   0.759
20260406183158     50    620.0    635.0   20.0     46.3    868.8    868.4   0.616
20260406183158     50   1075.0   1090.0   20.0     49.5    865.0    970.5   0.789
20260406183158     52    465.0    500.0   20.0    110.1    856.3    855.8   0.813
20260406183158     52    820.0    840.0   20.0     62.8    856.3    856.6   0.797
20260406183158     53   1510.0   1550.0   20.0     98.1    855.7    853.6   0.802
20260406183158     54    970.0    985.0   20.0     48.2    859.3    859.3   0.811
20260406183158     54   1265.0   1280.0   20.0     28.8    856.4    945.7   0.762
20260406183158     54   1715.0   1730.0   20.0    130.3    960.9    815.9   0.812
20260406183158     56   1125.0   1155.0   20.0     71.7    858.9    859.6   0.737
20260406183158     57    235.0    250.0   20.0     92.4    874.9    867.6   0.808
20260406183158     58   1010.0   1025.0   20.0     55.1    851.2    989.4   0.872
20260406183158     58   1160.0   1175.0   20.0     42.0   1029.7   1033.2   0.817
20260406183158     58   1310.0   1325.0   20.0     21.3   1044.7   1071.9   0.804
20260406183158     58   1370.0   1385.0   20.0     21.8   1096.5   1123.5   0.862
20260406183158     59    575.0    690.0   20.0     81.8    851.4    993.1   0.843
20260406183158     59    795.0    810.0   20.0     46.7   1062.3   1005.3   0.685
20260406183158     59    860.0    875.0   20.0    100.5   1005.4    849.1   0.886
20260406183158     64   1620.0   1635.0   20.0     61.8    848.7    909.3   0.759
20260406183158     65    680.0    700.0   20.0    133.8    844.3    845.2   0.828
20260406183158     65    990.0   1005.0   20.0    143.2    844.1    995.7   0.693
20260406183158     70   1695.0   1715.0   20.0     99.9    818.3    812.3   0.843
20260406183158     73    355.0    370.0   20.0     49.3    837.5    885.9   0.740
20260406183158     73    495.0    510.0   20.0     26.3    908.2    949.8   0.756
20260406183158     73    590.0    640.0   20.0    123.8    961.3    834.8   0.792
20260406183158     74    350.0    375.0   20.0    100.6    847.7    845.9   0.758
20260406183158     76    520.0    645.0   20.0     82.3    837.9   1165.1   0.847
20260406183158     76   1105.0   1120.0   20.0     22.6   1195.4   1228.6   0.798
20260406183158     77    275.0    290.0   20.0     50.6    837.8    940.9   0.815
20260406183158     77    355.0    370.0   20.0     22.2    963.4    998.5   0.588
20260406183158     77    835.0    855.0   20.0     43.9   1035.6   1047.8   0.877
20260406183158     77    920.0    970.0   20.0     24.6   1043.8   1097.2   0.805
20260406183158     77   1420.0   1435.0   20.0     29.0   1102.9   1134.5   0.824
20260406183158     79   1635.0   1650.0   20.0     80.4    824.7    823.7   0.709
20260406183158     82    610.0    625.0   20.0     20.5   1115.2   1118.9   0.713
20260406183158     82   1155.0   1420.0   20.0     46.0   1193.4   1191.7   0.830
20260406183158     82   1700.0   1715.0   20.0     23.1   1170.8   1160.5   0.857
20260406183158     84    310.0    325.0   20.0     32.5    827.2    826.9   0.735
20260406183158     84   1155.0   1170.0   20.0     38.4    826.7    884.2   0.760
20260406183158     84   1460.0   1475.0   20.0     20.6    921.1    933.0   0.658
20260406183158     84   1715.0   1730.0   20.0     24.9    928.7    938.7   0.773
20260406183158     86    990.0   1015.0   20.0    143.9    837.0    838.7   0.843
20260406183158     86   1170.0   1185.0   20.0     48.2    837.2    836.2   0.752
20260406183158     88    570.0    585.0   20.0     21.8   1209.7   1213.7   0.761
20260406183158     89   1160.0   1175.0   20.0     48.5    835.9    965.5   0.802
20260406183158     89   1325.0   1380.0   20.0     79.6    957.1    835.9   0.849
20260406183158     90    275.0    325.0   20.0     41.9   1114.8   1128.9   0.852
20260406183158     90    670.0    685.0   20.0     70.0   1170.9   1164.2   0.847
20260406183158     90   1585.0   1600.0   20.0     55.8   1205.7   1241.2   0.780
20260406183158     91    115.0    130.0   20.0     20.3   1165.4   1144.5   0.761
20260406183158     91    340.0    360.0   20.0     21.2   1262.7   1265.6   0.874
20260406183158     91    405.0    535.0   20.0    244.7   1265.3   1268.3   0.910
20260406183158     91    580.0    610.0   20.0    168.3   1278.6   1414.3   0.880
20260406183158     93    430.0    470.0   20.0     65.3    798.3    943.5   0.893
20260406183158     93    510.0    525.0   20.0     26.9    958.1    986.5   0.846
20260406183158     95    150.0    165.0   20.0     31.9    831.4    874.2   0.742
20260406183158     95    370.0    385.0   20.0    118.6    951.0    831.5   0.766
20260406183158     96    745.0    760.0   20.0     25.9    845.4    845.9   0.464
20260406183158     96   1605.0   1620.0   20.0     74.5    835.4    833.4   0.774
20260406183158     97    240.0    260.0   20.0    110.0    821.4   1089.1   0.876
20260406183158     97    380.0    400.0   20.0    221.7   1110.7    819.3   0.825
20260406183158    100    260.0    275.0   20.0     26.1    839.8    840.4   0.452
20260406183158    101    905.0    925.0   20.0     34.9    833.7    962.2   0.831
20260406183158    101   1180.0   1195.0   20.0     39.3   1072.6   1107.6   0.801
20260406183158    101   1515.0   1530.0   20.0     32.7   1119.6   1158.8   0.793
20260406183158    102   1160.0   1175.0   20.0     51.8    824.7    933.8   0.849
20260406183158    102   1275.0   1305.0   20.0     31.2    990.3    969.4   0.519
20260406183158    102   1600.0   1615.0   20.0     30.7    976.3    980.1   0.611
20260406183158    103   1135.0   1170.0   20.0     45.4    848.4    850.3   0.766
20260406183158    104    180.0    255.0   20.0     58.0    822.9    825.4   0.784
20260406183158    105    210.0    235.0   20.0     37.8   1159.4   1164.0   0.688
20260406183158    105    300.0    315.0   20.0     59.5   1147.2   1152.0   0.825
20260406183158    105    370.0    385.0   20.0     25.1   1146.5   1173.6   0.664
20260406183158    105    440.0    455.0   20.0     23.2   1175.5   1210.5   0.758
20260406183158    105    505.0    525.0   20.0     58.8   1219.4   1212.6   0.838
20260406183158    105    605.0    620.0   20.0     46.9   1214.0   1147.8   0.896
20260406183158    105    835.0    850.0   20.0     23.3   1144.7   1158.2   0.580
20260406183158    106    330.0    355.0   20.0    189.6    835.1    834.9   0.834
20260406183158    107    750.0    765.0   20.0     43.2    834.9    833.7   0.775
20260406183158    108     15.0     35.0   20.0     86.2    829.3   1116.3   0.802
20260406183158    108    120.0    135.0   20.0     38.4   1106.0   1132.0   0.667
20260406183158    108    175.0    190.0   20.0     27.2   1124.2   1147.3   0.849
20260406183158    109   1020.0   1060.0   20.0     45.5    844.7    843.7   0.776
20260406183158    111     35.0     50.0   20.0     49.6    823.1    997.0   0.872
20260406183158    111    545.0    560.0   20.0     32.1   1101.2   1135.3   0.842
20260406183158    112   1090.0   1115.0   20.0     61.9    832.0    832.4   0.806
20260406183158    113     20.0     55.0   20.0    106.9    821.0   1076.5   0.822
20260406183158    113    275.0    340.0   20.0     35.4   1065.9   1084.5   0.664
20260406183158    113    385.0    410.0   20.0    111.0   1078.5    821.3   0.837
20260406183158    113   1145.0   1170.0   20.0     57.9    826.3    875.3   0.757
20260406183158    115      0.0     75.0   20.0     96.2      0.0    875.8   0.851
20260406183158    116   1225.0   1240.0   20.0     22.7    833.8    834.3   0.493
20260406183158    116   1515.0   1525.0   20.0     40.7    831.2    830.9   0.672
20260406183158    117     75.0    115.0   20.0    145.0    954.6    819.6   0.775
20260406183158    118   1475.0   1490.0   20.0    111.3    839.2    837.9   0.834
20260406183158    119     95.0    110.0   20.0     79.7    829.0   1008.6   0.809
20260406183158    121    110.0    125.0   20.0     33.7    833.4    834.1   0.696
20260406183158    121   1585.0   1600.0   20.0     74.3    834.3    832.8   0.571
20260406183158    122    275.0    375.0   20.0     34.9    840.1   1047.9   0.804
20260406183158    122   1605.0   1620.0   20.0     20.4   1115.9   1135.6   0.838
20260406183158    124   1215.0   1230.0   20.0     34.0    840.0    883.5   0.761
20260406183158    124   1515.0   1530.0   20.0     35.2   1080.6   1105.0   0.898
20260406183158    124   1640.0   1695.0   20.0     27.8   1126.7   1150.2   0.845
20260406183158    124   1730.0   1745.0   20.0     20.6   1153.8   1165.6   0.778
20260406183158    125     95.0    115.0   20.0     79.0    831.2    831.1   0.853
20260406183158    125    330.0    345.0   20.0    247.1    831.4    831.6   0.798
20260406183158    125   1005.0   1030.0   20.0     83.2    836.0   1131.5   0.871
20260406183158    125   1340.0   1355.0   20.0     27.5   1115.8   1147.5   0.785
20260406183158    125   1570.0   1585.0   20.0     21.3   1214.1   1212.4   0.839
20260406183158    126    320.0    335.0   20.0     28.0    825.3    825.6   0.774
20260406183158    126    700.0    715.0   20.0     74.2    828.2    827.5   0.742
20260406183158    126   1410.0   1425.0   20.0     49.2    830.0    942.0   0.866
20260406183158    126   1505.0   1520.0   20.0     24.2   1012.8   1035.4   0.446
20260406183158    126   1640.0   1700.0   20.0     29.8   1093.6   1127.4   0.840
20260406183158    127    835.0    855.0   20.0     77.5    836.1   1024.9   0.819
20260406183158    128    385.0    405.0   20.0     31.3    842.0    841.8   0.743
20260406183158    128   1455.0   1470.0   20.0     89.9    852.7    846.6   0.790
20260406183158    129    235.0    250.0   20.0     82.2    826.9    927.5   0.783
20260406183158    129    330.0    355.0   20.0    190.8    936.7    827.5   0.758
20260406183158    130    425.0    440.0   20.0     69.9    838.4   1000.8   0.835
20260406183158    130    820.0    830.0   20.0     20.4   1088.3   1107.1   0.596
20260406183158    130    870.0    885.0   20.0     20.9   1110.5   1088.7   0.618
20260406183158    130   1080.0   1095.0   20.0     30.3   1092.6   1105.8   0.513
20260406183158    130   1130.0   1145.0   20.0     31.0   1107.3   1137.7   0.560
20260406183158    130   1270.0   1285.0   20.0     20.4   1122.2   1134.8   0.500
20260406183158    132    465.0    500.0   20.0    136.2    833.3    834.3   0.744
20260406183158    133    310.0    320.0   20.0     26.7   1173.6   1184.5   0.433
20260406183158    133    440.0    455.0   20.0     38.2   1178.0   1209.2   0.776
20260406183158    133    605.0    620.0   20.0     34.1   1203.1   1218.2   0.797
20260406183158    134    885.0    900.0   20.0     49.4    839.1    900.2   0.759
20260406183158    134    955.0    965.0   20.0     22.9    901.5    912.4   0.810
20260406183158    135    675.0    690.0   20.0     68.7    840.8    840.7   0.802
20260406183158    135   1160.0   1200.0   20.0     38.4    842.2   1043.2   0.813
20260406183158    135   1250.0   1265.0   20.0     27.1   1029.4   1046.8   0.666
20260406183158    135   1780.0   1800.0   20.0     36.1    915.7    985.4   0.780
20260406183158    138    625.0    640.0   20.0     50.8    857.0    856.4   0.776
20260406183158    138    910.0   1005.0   20.0    165.0    856.9    857.3   0.916
20260406183158    141    470.0    485.0   20.0     21.6   1061.0   1073.4   0.694
20260406183158    142    275.0    290.0   20.0     25.6    834.0    872.7   0.827
20260406183158    142    575.0    635.0   20.0     38.4    986.8   1038.6   0.846
20260406183158    144    675.0    690.0   20.0     31.3    853.2    898.2   0.786
20260406183158    144    795.0    815.0   20.0    119.4    964.2    851.9   0.783
20260406183158    145    895.0    910.0   20.0     50.6    851.8    855.1   0.764
20260406183158    147      0.0     55.0   20.0     61.5      0.0    993.0   0.881
20260406183158    150   1360.0   1375.0   20.0    114.9    853.2    854.1   0.762
20260406183158    150   1520.0   1540.0   20.0     73.6    852.0    852.4   0.836
20260406183158    151    470.0    485.0   20.0     81.6    841.5   1012.8   0.812
20260406183158    154   1315.0   1335.0   20.0    140.3    870.6    870.2   0.797
20260406183158    154   1635.0   1650.0   20.0     35.8    867.8   1061.0   0.805
20260406183158    156   1655.0   1675.0   20.0     40.4    839.4    923.7   0.811
20260406183158    157     20.0     35.0   20.0     36.8    861.1    922.5   0.745
20260406183158    157    155.0    170.0   20.0     29.6    957.8    978.3   0.640
20260406183158    157    375.0    400.0   20.0    144.2   1010.1    863.4   0.797
20260406183158    157   1160.0   1175.0   20.0     27.4    870.7    904.2   0.730
20260406183158    157   1565.0   1580.0   20.0    126.6   1021.6    867.0   0.830
20260406183158    158    300.0    315.0   20.0     41.6    894.2    946.6   0.785
20260406183158    158    400.0    415.0   20.0     30.6   1018.2   1102.1   0.752
20260406183158    158    475.0    490.0   20.0     20.8   1135.6   1159.7   0.825
20260406183158    158    950.0    965.0   20.0     26.5   1220.8   1242.9   0.839
20260406183158    160    140.0    155.0   20.0     52.4    854.9    854.8   0.712
20260406183158    160   1010.0   1025.0   20.0     25.3    859.9    888.4   0.752
20260406183158    160   1125.0   1140.0   20.0     45.8    902.0    859.0   0.737
20260406183158    161   1295.0   1310.0   20.0     28.7    877.2    966.4   0.835
20260406183158    161   1355.0   1400.0   20.0     46.2   1022.9   1019.5   0.798
20260406183158    161   1465.0   1480.0   20.0    182.8   1014.4   1275.2   0.805
20260406183158    162    200.0    215.0   20.0     80.2    863.1    863.3   0.566
20260406183158    162    935.0    950.0   20.0     38.1    868.5    951.0   0.766
20260406183158    162   1085.0   1100.0   20.0     38.3   1008.0   1037.1   0.634
20260406183158    162   1175.0   1190.0   20.0     36.4   1048.5   1062.0   0.688
20260406183158    162   1270.0   1300.0   20.0     31.3   1078.2   1097.9   0.728
20260406183158    162   1355.0   1365.0   20.0     30.5   1131.4   1147.4   0.490
20260406183158    163    605.0    620.0   20.0     81.1    860.9   1041.7   0.805
20260406183158    163    685.0    700.0   20.0     31.5   1075.8   1069.9   0.740
20260406183158    163    805.0    820.0   20.0     38.5   1111.6   1142.5   0.845
20260406183158    164   1585.0   1605.0   20.0    110.3    869.9    874.4   0.758
20260406183158    166    245.0    260.0   20.0     70.5    862.1    863.1   0.730
20260406183158    166    920.0    965.0   20.0    170.9    863.9    868.5   0.834
20260406183158    168     40.0     60.0   20.0    135.1   1067.1   1111.7   0.648
20260406183158    168    340.0    355.0   20.0     39.3   1138.0   1154.3   0.765
20260406183158    168    455.0    470.0   20.0     37.6   1165.9   1180.8   0.768
20260406183158    169    755.0    775.0   20.0     69.9    888.0    886.6   0.872
20260406183158    169   1070.0   1080.0   20.0     48.0    886.0    886.4   0.588
20260406183158    170    180.0    225.0   20.0    129.9    879.8    881.5   0.771
20260406183158    170    520.0    545.0   20.0     37.1    881.5   1047.8   0.772
20260406183158    170    605.0    620.0   20.0     24.9   1071.1   1114.1   0.707
20260406183158    170   1100.0   1115.0   20.0     30.1   1139.3   1159.4   0.897
20260406183158    171   1225.0   1240.0   20.0    121.7    884.5   1166.7   0.859
20260406183158    171   1555.0   1570.0   20.0     29.3   1203.0   1205.3   0.820
20260406183158    172   1685.0   1700.0   20.0     64.1    879.3    874.1   0.775
20260406183158    173    515.0    530.0   20.0     37.0    873.7    979.0   0.823
20260406183158    173    910.0    925.0   20.0    126.8   1049.1    875.5   0.840
20260406183158    173   1045.0   1060.0   20.0    112.7    877.7   1116.9   0.832
20260406183158    173   1185.0   1200.0   20.0     27.8   1145.4   1167.7   0.697
20260406183158    176     25.0     40.0   20.0     97.1    885.3    885.6   0.691
20260406183158    176    235.0    250.0   20.0     38.0    887.8    887.8   0.798
20260406183158    176   1780.0   1795.0   20.0    108.5    886.2    879.1   0.846
20260406183158    177     95.0    110.0   20.0     20.8   1120.2   1143.7   0.684
20260406183158    178    350.0    370.0   20.0    139.8    878.4    878.6   0.815
20260406183158    180    905.0    920.0   20.0     55.8    891.3    977.7   0.766
20260406183158    180    980.0   1000.0   20.0    164.2    969.0    887.3   0.859
20260406183158    180   1725.0   1740.0   20.0     57.3    874.9    871.8   0.603
20260406183158    181   1005.0   1025.0   20.0    112.3    893.9    894.4   0.815
20260406183158    182    420.0    435.0   20.0     29.5    140.9    152.4   0.525
20260406183158    182    710.0    725.0   20.0     24.0    174.6    150.8   0.770
20260406183158    182    920.0    935.0   20.0     25.9    169.7    194.1   0.739
20260406183158    183     15.0     30.0   20.0     26.1   1175.1   1175.8   0.462
20260406183158    183    145.0    160.0   20.0     24.5   1190.7   1191.4   0.644
20260406183158    183    275.0    320.0   20.0     42.2   1250.8   1298.5   0.859
20260406183158    183    480.0    495.0   20.0     21.1   1289.1   1295.1   0.768
20260406183158    183   1765.0   1780.0   20.0     83.1   1295.2   1366.3   0.888
20260406183158    185    305.0    325.0   20.0     42.8   1176.0   1195.8   0.669
20260406183158    185    455.0    505.0   20.0     27.6   1218.6   1279.7   0.714
20260406183158    185    710.0    725.0   20.0     26.5   1330.7   1343.3   0.772
20260406183158    186    755.0    775.0   20.0    186.1    901.2    901.4   0.824
20260406183158    186   1195.0   1210.0   20.0     54.4    901.8    966.7   0.809
20260406183158    186   1335.0   1355.0   20.0     28.5    985.4    991.3   0.775
20260406183158    188    275.0    305.0   20.0    133.4    908.0    908.5   0.872
20260406183158    190   1055.0   1070.0   20.0     90.2    909.1   1077.8   0.830
20260406183158    192    610.0    700.0   20.0     44.7    905.9    984.8   0.757
20260406183158    192    835.0    850.0   20.0     23.5   1005.0   1002.7   0.740
20260406183158    192   1040.0   1055.0   20.0     57.5   1023.0   1103.9   0.864
20260406183158    192   1330.0   1345.0   20.0     49.8   1120.4   1125.2   0.554
20260406183158    192   1530.0   1545.0   20.0     23.3   1134.0   1153.6   0.895
20260406183158    192   1705.0   1720.0   20.0     37.3   1135.8   1158.0   0.718
20260406183158    193   1035.0   1050.0   20.0     38.8    924.0    971.4   0.733
20260406183158    193   1095.0   1115.0   20.0     81.3    989.4    922.5   0.864
20260406183158    194   1105.0   1120.0   20.0     92.5    935.8    933.7   0.786
20260406183158    198    330.0    345.0   20.0     20.4   1016.0   1055.4   0.788
20260406183158    198    405.0    420.0   20.0     32.1   1066.5   1112.8   0.787
20260406183158    198    515.0    530.0   20.0     26.4   1106.7   1110.3   0.765
20260406183158    198    615.0    630.0   20.0     37.3   1121.7   1138.2   0.733
20260406183158    198    720.0    735.0   20.0     26.0   1146.9   1190.0   0.761
20260406183158    198   1570.0   1580.0   20.0     20.4   1173.0    921.9   0.885
20260406183158    198   1785.0   1800.0   20.0     38.6    912.0    913.5   0.768
20260406183158    201    205.0    235.0   20.0     62.6    938.0   1000.0   0.763
20260406183158    202    395.0    410.0   20.0     53.0    928.1   1002.1   0.806
20260406183158    202    465.0    480.0   20.0     62.5   1074.7   1133.1   0.787
20260406183158    202    585.0    600.0   20.0     49.2   1114.6   1173.4   0.769
20260406183158    202    640.0    675.0   20.0     56.9   1213.2   1296.1   0.883
20260406183158    205    880.0    905.0   20.0     78.0    948.0   1240.8   0.831
20260406183158    205   1065.0   1085.0   20.0     44.0   1264.4   1320.3   0.890
20260406183158    206    460.0    475.0   20.0     72.4    955.0   1036.1   0.762
20260406183158    206    705.0    715.0   20.0     20.9   1073.5   1107.4   0.673
20260406183158    206   1480.0   1495.0   20.0     20.5   1147.8   1138.5   0.710
20260406183158    206   1555.0   1570.0   20.0     34.2   1148.7   1128.6   0.776
20260406183158    207    510.0    525.0   20.0     61.9    942.4   1021.9   0.785
20260406183158    207    570.0    590.0   20.0     83.8   1106.1   1227.4   0.788
20260406183158    207    645.0    660.0   20.0     57.6   1242.8   1292.1   0.604
20260406183158    207   1220.0   1235.0   20.0     35.9   1304.2   1351.2   0.837
20260406183158    207   1365.0   1380.0   20.0     28.1   1375.2   1388.7   0.773
20260406183158    207   1690.0   1705.0   20.0     52.0   1363.0   1350.9   0.837
20260406183158    208     80.0     95.0   20.0     36.5   1215.4   1244.2   0.783
20260406183158    208    160.0    205.0   20.0     49.9   1235.4   1214.9   0.813
20260406183158    208    260.0    275.0   20.0     22.9   1216.2   1226.8   0.760
20260406183158    208    600.0    615.0   20.0     22.4   1254.4   1273.1   0.898
20260406183158    208   1435.0   1455.0   20.0     44.0   1352.1   1394.1   0.931
20260406183158    209   1515.0   1545.0   20.0    283.7    960.3   1524.8   0.791
20260406183158    210     55.0     70.0   20.0    101.3    957.8    955.8   0.671
20260406183158    210   1740.0   1755.0   20.0     40.4    956.7   1035.1   0.771
20260406183158    211   1650.0   1660.0   20.0     27.3    957.6    957.1   0.451
20260406183158    212    435.0    455.0   20.0    210.9    969.6   1365.9   0.915
20260406183158    214    620.0    635.0   20.0     43.3    954.2   1004.4   0.757
20260406183158    214    735.0    790.0   20.0     21.7   1058.2   1072.3   0.670
20260406183158    214   1290.0   1305.0   20.0     50.7   1273.4   1312.0   0.796
20260406183158    216    220.0    275.0   20.0     26.5   1373.2   1406.2   0.784
20260406183158    217    110.0    125.0   20.0     69.2    984.1   1241.3   0.890
20260406183158    217    220.0    245.0   20.0     31.1   1260.4   1255.8   0.598
20260406183158    217    295.0    310.0   20.0     21.0   1248.5   1279.0   0.721
20260406183158    217    450.0    525.0   20.0     66.3   1345.8    985.9   0.875
20260406183158    217    940.0   1005.0   20.0    221.6    985.5    989.1   0.876
20260406183158    217   1530.0   1595.0   20.0    130.7    988.5    983.9   0.868
20260406183158    217   1630.0   1690.0   20.0    170.3    987.6    980.7   0.821
20260406183158    218    195.0    250.0   20.0     47.9    987.3   1087.0   0.751
20260406183158    218    335.0    350.0   20.0     31.4   1064.1   1096.1   0.616
20260406183158    218    395.0    410.0   20.0     30.5   1117.2   1151.8   0.500
20260406183158    218    625.0    655.0   20.0     27.6   1180.9   1190.2   0.783
20260406183158    218   1380.0   1395.0   20.0     61.2   1277.1   1351.6   0.916
20260406183158    218   1475.0   1490.0   20.0     25.2   1351.6   1371.2   0.793
20260406183158    219    700.0    715.0   20.0     91.4    985.1    985.4   0.706
20260406183158    219    810.0    825.0   20.0     43.8    996.3    988.3   0.751
20260406183158    219    905.0    920.0   20.0    124.2    984.8   1182.7   0.812
20260406183158    219   1615.0   1630.0   20.0     21.5   1252.8   1261.5   0.678
20260406183158    220    100.0    115.0   20.0     45.6   1146.9   1193.8   0.826
20260406183158    220    285.0    300.0   20.0     20.8   1295.7   1317.3   0.828
20260406183158    220    720.0    735.0   20.0     24.6   1381.7   1401.3   0.675
20260406183158    221    695.0    715.0   20.0     41.9   1094.2   1210.9   0.903
20260406183158    221    870.0    885.0   20.0     24.6   1250.2   1264.4   0.710
20260406183158    222     15.0     30.0   20.0     68.2    996.3    996.6   0.670
20260406183158    222   1665.0   1685.0   20.0    178.7    994.1    992.3   0.826
20260406183158    223   1735.0   1770.0   20.0    140.5    980.1    984.1   0.848
20260406183158    224    725.0    775.0   20.0    118.6    995.5   1032.7   0.909
20260406183158    224    895.0    930.0   20.0     76.7   1030.4    996.1   0.775
20260406183158    224   1120.0   1135.0   20.0     51.7    994.5    995.1   0.619
20260406183158    225    290.0    305.0   20.0     61.3   1002.7   1003.8   0.756
20260406183158    226   1365.0   1380.0   20.0    104.7   1001.0   1251.5   0.849
20260406183158    229   1310.0   1325.0   20.0    174.3   1001.5   1000.6   0.779
20260406183158    229   1610.0   1625.0   20.0    134.0   1121.1    999.4   0.720
20260406183158    230    755.0    835.0   20.0     39.9   1026.1   1163.1   0.771
20260406183158    230    875.0    935.0   20.0     63.3   1165.0   1252.6   0.801
20260406183158    230    985.0   1000.0   20.0     21.3   1245.2   1264.3   0.573
20260406183158    230   1770.0   1785.0   20.0     21.6   1304.5   1343.1   0.807
20260406183158    232     35.0     70.0   20.0     74.1   1010.6   1512.1   0.761
20260406183158    232    155.0    170.0   20.0     32.7   1361.1   1358.0   0.835
20260406183158    232    680.0    695.0   20.0     48.1   1386.8   1455.4   0.786
20260406183158    233    935.0    950.0   20.0     28.3   1015.7   1199.8   0.772
20260406183158    233   1060.0   1080.0   20.0    260.7   1251.1   1015.4   0.815
20260406183158    234      0.0     90.0   20.0     58.4      0.0   1404.6   0.832
20260406183158    234    125.0    140.0   20.0     27.4   1413.7   1388.9   0.738
20260406183158    234    220.0    235.0   20.0     42.8   1414.4   1422.3   0.590
20260406183158    234    405.0    420.0   20.0     21.5   1418.5   1420.0   0.735
20260406183158    234    775.0    805.0   20.0     37.1   1477.6   1473.4   0.882
20260406183158    234   1125.0   1140.0   20.0     37.5   1489.1   1489.2   0.824
20260406183158    234   1325.0   1340.0   20.0     22.7   1505.5   1499.6   0.852
20260406183158    235    390.0    405.0   20.0    140.7   1028.7   1250.5   0.825
20260406183158    235    930.0    945.0   20.0     20.3   1306.1   1332.3   0.840
20260406183158    235   1070.0   1085.0   20.0     27.0   1340.6   1363.5   0.801
20260406183158    237    540.0    560.0   20.0    141.0   1039.8   1471.7   0.856
20260406183158    237    715.0    735.0   20.0    344.5   1507.1   1035.6   0.879
20260406183158    238    510.0    530.0   20.0    111.8   1029.9   1249.3   0.829
20260406183158    238    610.0    625.0   20.0     25.6   1294.6   1310.2   0.781
20260406183158    238    880.0    895.0   20.0     26.2   1358.6   1363.6   0.638
20260406183158    238   1060.0   1075.0   20.0     24.3   1371.9   1382.8   0.770
20260406183158    239    615.0    700.0   20.0     38.5   1046.8   1127.0   0.781
20260406183158    239    890.0    905.0   20.0     23.3   1165.9   1164.4   0.794
20260406183158    240    830.0    845.0   20.0     41.6   1054.3   1242.8   0.821
20260406183158    240    945.0    960.0   20.0     20.4   1289.4   1293.6   0.852
20260406183158    240   1080.0   1095.0   20.0    170.7   1263.6   1033.7   0.887
20260406183158    240   1570.0   1610.0   20.0     76.3   1033.3   1257.4   0.766
20260406183158    240   1645.0   1660.0   20.0     30.6   1259.7   1240.1   0.433
20260406183158    240   1710.0   1760.0   20.0     43.1   1213.7   1200.6   0.793
20260406183158    241    155.0    170.0   20.0    126.1   1040.3   1283.5   0.804
20260406183158    241    205.0    220.0   20.0     36.1   1295.7   1305.2   0.678
20260406183158    242    550.0    565.0   20.0     32.7   1037.4   1082.8   0.831
20260406183158    242    610.0    625.0   20.0     47.1   1080.4   1040.8   0.662
20260406183158    242   1005.0   1020.0   20.0     64.5   1038.0   1037.9   0.702
20260406183158    243    475.0    520.0   20.0    136.3   1055.4   1054.0   0.768
20260406183158    244    270.0    290.0   20.0     30.6   1223.5   1205.4   0.784
20260406183158    244    880.0    895.0   20.0     24.6   1458.7   1477.6   0.835
20260406183158    244    950.0    965.0   20.0     20.2   1484.3   1507.5   0.741
20260406183158    246    100.0    115.0   20.0    176.1   1065.9   1065.1   0.699
20260406183158    246   1230.0   1260.0   20.0    147.8   1062.1   1397.8   0.855
20260406183158    246   1400.0   1415.0   20.0     27.4   1389.5   1404.1   0.896
20260406183158    246   1645.0   1660.0   20.0     30.8   1411.7   1443.8   0.734
20260406183158    249    205.0    250.0   20.0    135.7   1073.7   1070.3   0.841
20260406183158    249    335.0    355.0   20.0    241.5   1072.3   1071.5   0.825
20260406183158    250   1315.0   1330.0   20.0     82.1   1072.5   1072.9   0.768
20260406183158    250   1635.0   1660.0   20.0    176.2   1070.9   1067.7   0.790
20260406183158    251    405.0    420.0   20.0     90.3   1075.5   1236.3   0.845
20260406183158    251    470.0    490.0   20.0    121.0   1274.7   1075.5   0.886
20260406183158    251    530.0    585.0   20.0    222.7   1075.3   1080.9   0.753
20260406183158    251   1165.0   1180.0   20.0    203.5   1074.0   1079.5   0.802
20260406183158    252    265.0    280.0   20.0     32.7   1332.5   1348.6   0.526
20260406183158    252   1530.0   1540.0   20.0     22.3   1477.5   1483.6   0.520
20260406183158    254   1225.0   1240.0   20.0     77.9   1087.3   1086.2   0.695
20260406183158    255    180.0    200.0   20.0    105.7   1098.6   1429.2   0.802
20260406183158    255    255.0    330.0   20.0    105.3   1452.6   1529.9   0.622
20260406183158    255    365.0    380.0   20.0     45.3   1431.2   1375.1   0.720
20260406183158    255    495.0    510.0   20.0     26.7   1296.0   1311.5   0.692
20260406183158    256    545.0    580.0   20.0    287.3   1118.0   1568.6   0.921
20260406190520      1   1185.0   1200.0   20.0     80.2    963.1    963.6   0.753
20260406190520      1   1385.0   1400.0   20.0     39.6    960.8   1142.8   0.738
20260406190520      1   1535.0   1550.0   20.0    214.9   1180.5    961.7   0.772
20260406190520      2   1430.0   1455.0   20.0     77.7    946.2    946.2   0.784
20260406190520      3   1640.0   1660.0   20.0     77.9    933.8    930.2   0.836
20260406190520      4   1405.0   1420.0   20.0     95.1    946.2    942.3   0.686
20260406190520      6   1490.0   1505.0   20.0     94.1    933.9   1212.1   0.827
20260406190520      7   1115.0   1135.0   20.0     87.9    947.1    947.1   0.752
20260406190520      8   1590.0   1605.0   20.0     95.4    940.8   1177.3   0.856
20260406190520      9   1130.0   1145.0   20.0     62.2    948.6   1188.3   0.741
20260406190520     10    380.0    405.0   20.0     48.1    938.5    939.1   0.770
20260406190520     11    845.0    860.0   20.0     32.8   1246.7   1263.6   0.719
20260406190520     11    930.0    945.0   20.0     34.2   1256.9   1127.9   0.931
20260406190520     11    990.0   1010.0   20.0     54.7   1091.6   1257.9   0.813
20260406190520     12    480.0    495.0   20.0     58.3    934.7   1101.5   0.794
20260406190520     12    675.0    690.0   20.0     23.0   1115.6   1158.2   0.701
20260406190520     12    905.0    925.0   20.0    178.5   1213.8    927.8   0.868
20260406190520     12   1470.0   1485.0   20.0     22.3    932.2    932.1   0.567
20260406190520     13    615.0    630.0   20.0    111.3    934.5   1068.1   0.745
20260406190520     13    765.0    780.0   20.0     29.2   1114.0   1156.5   0.764
20260406190520     13    885.0    910.0   20.0     27.3   1178.9   1233.8   0.873
20260406190520     13   1010.0   1045.0   20.0     47.5   1236.1   1293.0   0.825
20260406190520     14    105.0    120.0   20.0     36.7    869.1    930.2   0.737
20260406190520     14    330.0    345.0   20.0    141.5   1100.3    908.2   0.813
20260406190520     15     80.0     95.0   20.0     36.1    899.5    947.6   0.740
20260406190520     15    535.0    550.0   20.0     30.5    998.1   1027.0   0.714
20260406190520     15   1130.0   1145.0   20.0     34.3   1115.8   1159.2   0.839
20260406190520     15   1230.0   1245.0   20.0     27.7   1162.6   1201.1   0.801
20260406190520     16    665.0    725.0   20.0     51.2    934.1    928.1   0.818
20260406190520     18    245.0    260.0   20.0     73.9    891.8    916.1   0.741
20260406190520     18    960.0    975.0   20.0     33.0    912.9    966.4   0.757
20260406190520     18   1035.0   1110.0   20.0     45.4    976.7   1077.8   0.655
20260406190520     18   1180.0   1200.0   20.0     35.0   1063.1   1069.7   0.679
20260406190520     18   1410.0   1420.0   20.0     24.2   1108.1   1110.4   0.441
20260406190520     18   1485.0   1515.0   20.0     38.9   1121.3   1171.7   0.604
20260406190520     20   1170.0   1200.0   20.0     82.9    915.1    916.0   0.806
20260406190520     21    505.0    535.0   20.0    237.6    907.9    907.7   0.867
20260406190520     21   1230.0   1245.0   20.0     69.0    896.8    897.0   0.604
20260406190520     21   1450.0   1480.0   20.0     74.7    897.0    897.8   0.777
20260406190520     24   1550.0   1565.0   20.0     62.4    912.6    986.6   0.750
20260406190520     27     95.0    110.0   20.0    115.5    862.3   1160.7   0.904
20260406190520     27   1455.0   1465.0   20.0    269.6   1332.4   1317.1   0.515
20260406190520     27   1515.0   1800.0   20.0    273.3   1293.7   1302.7   0.845
20260406190520     29   1415.0   1435.0   20.0     42.4    882.9    882.1   0.775
20260406190520     30    165.0    190.0   20.0     58.3    866.5    941.1   0.816
20260406190520     30    240.0    290.0   20.0     21.3    974.8   1042.5   0.756
20260406190520     30    365.0    380.0   20.0     20.6   1031.2   1060.0   0.673
20260406190520     30   1105.0   1120.0   20.0     21.9   1209.9   1221.4   0.699
20260406190520     30   1375.0   1390.0   20.0     21.4   1214.4   1210.2   0.801
20260406190520     30   1540.0   1555.0   20.0     31.1   1201.7   1215.2   0.750
20260406190520     31   1290.0   1305.0   20.0     23.7    943.7    971.2   0.760
20260406190520     32     25.0     40.0   20.0     60.3    851.2    858.9   0.748
20260406190520     32   1400.0   1415.0   20.0     84.6    894.1   1022.2   0.816
20260406190520     33   1550.0   1565.0   20.0     71.0    892.8   1047.7   0.870
20260406190520     33   1790.0   1800.0   20.0     22.6   1049.2   1073.1   0.775
20260406190520     35    510.0    525.0   20.0     20.8    900.2    898.7   0.666
20260406190520     35    690.0    740.0   20.0    103.5    899.0    898.7   0.801
20260406190520     35   1690.0   1720.0   20.0     87.1    890.1    890.1   0.772
20260406190520     36    110.0    125.0   20.0     60.4    867.2   1093.9   0.772
20260406190520     36   1460.0   1475.0   20.0     37.0   1219.9   1262.0   0.917
20260406190520     37    725.0    740.0   20.0     27.9   1241.6   1259.6   0.810
20260406190520     37    880.0    900.0   20.0     43.6   1239.2   1265.4   0.873
20260406190520     37   1280.0   1295.0   20.0     33.9   1265.7   1262.1   0.902
20260406190520     39   1505.0   1520.0   20.0     64.8    873.5    951.0   0.744
20260406190520     40    775.0    805.0   20.0     84.4    889.2    889.2   0.899
20260406190520     40    855.0    870.0   20.0     21.3    894.9    887.9   0.537
20260406190520     41   1105.0   1120.0   20.0     59.6    882.2    962.3   0.757
20260406190520     41   1230.0   1245.0   20.0     31.4   1024.9   1012.4   0.623
20260406190520     41   1345.0   1360.0   20.0     27.0   1026.8   1057.6   0.731
20260406190520     41   1425.0   1440.0   20.0     22.2   1047.6   1084.9   0.716
20260406190520     44   1215.0   1235.0   20.0     82.6    874.1    873.9   0.803
20260406190520     45     95.0    115.0   20.0     68.6    843.8    847.7   0.914
20260406190520     45    825.0    840.0   20.0     31.8   1000.3   1073.1   0.928
20260406190520     46    495.0    555.0   20.0     73.5    877.0   1133.0   0.871
20260406190520     46    710.0    725.0   20.0     20.3   1134.9   1143.7   0.689
20260406190520     47   1710.0   1750.0   20.0     29.0    864.6   1122.6   0.792
20260406190520     49    785.0    800.0   20.0     46.7    873.8    875.6   0.664
20260406190520     50    585.0    600.0   20.0    142.0    870.7    901.1   0.851
20260406190520     50    705.0    720.0   20.0     87.1    918.7    871.5   0.855
20260406190520     52   1125.0   1140.0   20.0     23.7    992.3   1013.5   0.739
20260406190520     52   1255.0   1270.0   20.0     24.1   1002.1   1016.6   0.778
20260406190520     52   1375.0   1390.0   20.0     24.8   1045.4   1059.1   0.618
20260406190520     52   1545.0   1560.0   20.0     25.3   1055.0   1120.1   0.898
20260406190520     53   1290.0   1350.0   20.0    124.2    864.9    865.2   0.754
20260406190520     53   1595.0   1610.0   20.0     51.5    863.5    936.8   0.747
20260406190520     54    355.0    370.0   20.0     87.2    864.7   1045.2   0.820
20260406190520     55    230.0    285.0   20.0    115.5    826.6    852.6   0.820
20260406190520     55   1515.0   1530.0   20.0     45.9    850.6    923.9   0.792
20260406190520     56    605.0    645.0   20.0     57.3    863.4    956.3   0.790
20260406190520     56   1685.0   1700.0   20.0     20.7   1012.9   1008.6   0.476
20260406190520     57    595.0    610.0   20.0     27.7   1042.0   1042.2   0.505
20260406190520     57    710.0    740.0   20.0     29.7   1129.2   1128.1   0.738
20260406190520     57   1640.0   1655.0   20.0    107.6   1042.6   1209.0   0.805
20260406190520     58    745.0    760.0   20.0     94.9    855.8   1062.0   0.869
20260406190520     58    995.0   1010.0   20.0     25.5   1103.6   1113.8   0.631
20260406190520     58   1545.0   1560.0   20.0     20.5   1154.1   1135.3   0.670
20260406190520     59    200.0    215.0   20.0    119.3    821.9    824.6   0.809
20260406190520     61     45.0    115.0   20.0    232.1   1023.9    820.3   0.806
20260406190520     63   1030.0   1085.0   20.0     89.4    834.6    835.4   0.748
20260406190520     63   1440.0   1465.0   20.0     79.5    835.0    834.9   0.764
20260406190520     64   1400.0   1415.0   20.0    115.0    870.0    867.6   0.666
20260406190520     65    840.0    875.0   20.0     56.5    845.4    848.5   0.762
20260406190520     65   1455.0   1470.0   20.0     35.2    844.1    845.3   0.650
20260406190520     67    130.0    145.0   20.0    105.0    803.8    804.3   0.843
20260406190520     67    900.0    970.0   20.0     50.3    835.6   1037.8   0.884
20260406190520     67   1085.0   1100.0   20.0     35.1   1114.2   1145.1   0.564
20260406190520     67   1215.0   1235.0   20.0    159.6   1173.6    830.5   0.933
20260406190520     68   1390.0   1405.0   20.0     55.9    852.7    854.3   0.650
20260406190520     70    405.0    420.0   20.0     70.4    849.0    998.8   0.764
20260406190520     70   1030.0   1045.0   20.0     25.7   1019.9   1017.0   0.661
20260406190520     70   1435.0   1450.0   20.0     36.5   1039.2   1120.3   0.820
20260406190520     71   1485.0   1500.0   20.0     65.0    941.6    995.8   0.849
20260406190520     72    470.0    485.0   20.0     31.8    926.1    927.6   0.792
20260406190520     72    995.0   1030.0   20.0     32.1    975.4   1025.5   0.696
20260406190520     72   1425.0   1440.0   20.0     48.0   1043.0   1052.3   0.749
20260406190520     74    310.0    355.0   20.0    126.4    927.8    850.1   0.757
20260406190520     74   1030.0   1045.0   20.0     46.0    847.8    935.6   0.769
20260406190520     74   1140.0   1155.0   20.0     29.2    961.3    964.3   0.765
20260406190520     74   1405.0   1420.0   20.0     28.9   1019.9   1029.6   0.727
20260406190520     74   1490.0   1500.0   20.0     22.0   1024.4   1059.1   0.726
20260406190520     75    900.0    950.0   20.0    135.8    837.0    838.2   0.829
20260406190520     75   1030.0   1045.0   20.0     87.2    836.5   1031.1   0.846
20260406190520     76     15.0     30.0   20.0     23.6    936.6    951.7   0.708
20260406190520     76     85.0    105.0   20.0     25.3    951.5    964.9   0.674
20260406190520     76    450.0    465.0   20.0     22.6   1031.1   1026.1   0.651
20260406190520     76    520.0    535.0   20.0     33.3   1029.7   1056.1   0.521
20260406190520     76    880.0    895.0   20.0     68.7   1037.1   1075.4   0.824
20260406190520     76   1220.0   1270.0   20.0     30.0   1098.2   1123.9   0.799
20260406190520     77     35.0     50.0   20.0     29.8    926.6    948.9   0.723
20260406190520     77    580.0    595.0   20.0     23.5   1072.2   1088.1   0.784
20260406190520     77   1610.0   1625.0   20.0     26.1   1135.7   1164.9   0.785
20260406190520     80     75.0     90.0   20.0     22.2    396.5    419.3   0.752
20260406190520     81   1575.0   1590.0   20.0     38.3    842.0    842.5   0.609
20260406190520     83    370.0    385.0   20.0     21.9    829.2    827.6   0.603
20260406190520     84    555.0    570.0   20.0     30.2    831.4    875.6   0.762
20260406190520     84    605.0    620.0   20.0     91.5    891.1    831.4   0.793
20260406190520     86   1215.0   1230.0   20.0     21.8    966.7    935.4   0.753
20260406190520     86   1280.0   1295.0   20.0     33.8    943.0    941.8   0.672
20260406190520     86   1520.0   1535.0   20.0     20.2    960.2    962.0   0.828
20260406190520     86   1780.0   1795.0   20.0     30.4    992.0   1001.9   0.753
20260406190520     87    715.0    735.0   20.0     36.0    834.5    835.1   0.876
20260406190520     87   1765.0   1780.0   20.0     92.4    829.6    828.8   0.635
20260406190520     89    270.0    285.0   20.0     51.3    833.1    836.7   0.686
20260406190520     90     65.0    140.0   20.0     50.1    804.3   1161.8   0.757
20260406190520     90    240.0    250.0   20.0     21.7   1173.7   1183.5   0.490
20260406190520     90    320.0    340.0   20.0    212.5   1226.8    985.4   0.803
20260406190520     90    675.0    690.0   20.0     56.5    985.0    972.4   0.917
20260406190520     90   1455.0   1470.0   20.0     55.9   1019.0   1009.3   0.834
20260406190520     90   1600.0   1615.0   20.0     26.9   1025.6   1030.9   0.636
20260406190520     90   1700.0   1715.0   20.0     24.9   1027.9   1052.4   0.829
20260406190520     90   1760.0   1775.0   20.0    119.3   1062.0   1190.8   0.727
20260406190520     92   1080.0   1095.0   20.0     40.0    845.5    899.3   0.747
20260406190520     93   1325.0   1340.0   20.0     23.0    807.8    808.4   0.676
20260406190520     95      5.0     20.0   20.0     70.6    806.5    908.0   0.872
20260406190520     95    660.0    670.0   20.0     21.2   1005.3   1031.1   0.606
20260406190520     95    810.0    825.0   20.0     47.8   1071.9   1094.2   0.843
20260406190520     95   1240.0   1255.0   20.0     53.6   1125.6   1173.8   0.845
20260406190520     96   1115.0   1130.0   20.0     30.5    850.9    906.7   0.752
20260406190520     96   1335.0   1350.0   20.0     26.8    989.9    958.5   0.727
20260406190520     97   1650.0   1665.0   20.0     54.0    823.7    825.4   0.719
20260406190520     98   1195.0   1210.0   20.0     61.1    837.9   1065.9   0.914
20260406190520     99      0.0     15.0   20.0     27.1      0.0    839.2   0.756
20260406190520     99    370.0    385.0   20.0     90.8    956.6    830.8   0.799
20260406190520     99    520.0    580.0   20.0    190.7    835.8    832.8   0.863
20260406190520     99    955.0    970.0   20.0     38.3    832.8    989.5   0.803
20260406190520     99   1035.0   1055.0   20.0    118.8   1021.2    834.3   0.760
20260406190520     99   1160.0   1175.0   20.0     26.1    832.6    866.0   0.740
20260406190520     99   1240.0   1255.0   20.0     74.4    883.6    833.4   0.776
20260406190520    100    620.0    680.0   20.0     43.0    845.8    920.2   0.750
20260406190520    100    955.0    975.0   20.0     52.6    939.3    847.6   0.902
20260406190520    101    295.0    335.0   20.0    102.8    834.7    836.1   0.801
20260406190520    102      0.0     10.0   20.0     22.7      0.0   1169.2   0.533
20260406190520    102    200.0    215.0   20.0     44.3   1183.1   1202.1   0.684
20260406190520    102    445.0    460.0   20.0     59.6   1256.8   1255.2   0.831
20260406190520    102    680.0    730.0   20.0     58.7   1271.9   1242.5   0.812
20260406190520    104    105.0    120.0   20.0     34.9    803.4    846.8   0.719
20260406190520    105    390.0    405.0   20.0     31.1   1084.4   1097.2   0.847
20260406190520    105    875.0    890.0   20.0     36.4   1119.9   1128.9   0.864
20260406190520    105   1490.0   1505.0   20.0     31.0   1164.7   1180.5   0.826
20260406190520    105   1585.0   1605.0   20.0     42.7   1154.3   1182.9   0.835
20260406190520    105   1755.0   1770.0   20.0     47.7   1141.3   1130.0   0.848
20260406190520    110    755.0    770.0   20.0     46.8    840.6    897.3   0.753
20260406190520    110   1180.0   1195.0   20.0     45.0    939.3    905.9   0.658
20260406190520    111    660.0    675.0   20.0     22.9   1114.2   1141.7   0.808
20260406190520    112   1280.0   1330.0   20.0    132.7    854.2    840.5   0.821
20260406190520    112   1780.0   1800.0   20.0    117.7    835.9    830.0   0.823
20260406190520    113    650.0    665.0   20.0     31.8    827.9    867.8   0.771
20260406190520    113    990.0   1005.0   20.0    109.0    935.0    827.4   0.811
20260406190520    115     55.0    100.0   20.0    160.9    805.2    804.0   0.884
20260406190520    115    880.0    900.0   20.0    129.7    827.8    830.4   0.748
20260406190520    116   1345.0   1360.0   20.0     53.7    835.4    835.7   0.511
20260406190520    117   1225.0   1275.0   20.0     44.0    826.5   1041.5   0.837
20260406190520    118     25.0     40.0   20.0     45.2    815.5    975.8   0.747
20260406190520    118    240.0    255.0   20.0     32.9   1037.5   1076.8   0.735
20260406190520    118    460.0    480.0   20.0    135.5   1104.2    841.0   0.878
20260406190520    118    870.0    885.0   20.0     37.5    843.4    887.2   0.782
20260406190520    118   1010.0   1025.0   20.0     20.7    934.8    960.8   0.801
20260406190520    118   1620.0   1635.0   20.0     21.0    990.3   1011.8   0.671
20260406190520    119    560.0    575.0   20.0     73.3    835.8    834.7   0.742
20260406190520    120   1685.0   1730.0   20.0    171.0    841.1    840.0   0.801
20260406190520    122    160.0    175.0   20.0     55.7    832.3    950.6   0.877
20260406190520    122    220.0    235.0   20.0     29.0    960.3    972.5   0.707
20260406190520    125     25.0     40.0   20.0     26.8   1010.6   1003.8   0.694
20260406190520    125    165.0    180.0   20.0     38.4   1084.9   1130.3   0.771
20260406190520    126   1200.0   1220.0   20.0     31.6   1136.6   1191.4   0.850
20260406190520    126   1290.0   1305.0   20.0     70.9   1165.4   1147.3   0.784
20260406190520    127   1160.0   1190.0   20.0     39.3    844.2    847.2   0.747
20260406190520    127   1495.0   1545.0   20.0     78.7    847.7   1105.5   0.856
20260406190520    127   1590.0   1605.0   20.0     97.4   1045.4    842.1   0.861
20260406190520    128   1260.0   1275.0   20.0     73.6    852.3    981.2   0.831
20260406190520    129   1135.0   1160.0   20.0    172.0    833.5    832.4   0.827
20260406190520    130    710.0    730.0   20.0     24.5   1129.7   1115.5   0.745
20260406190520    130    815.0    830.0   20.0     37.4   1111.3   1112.7   0.725
20260406190520    130   1030.0   1085.0   20.0     33.1   1123.2   1170.7   0.808
20260406190520    130   1400.0   1415.0   20.0     61.6   1136.6   1175.1   0.604
20260406190520    132    130.0    150.0   20.0     39.4    817.9    818.8   0.767
20260406190520    133    280.0    295.0   20.0    137.9    842.9   1169.3   0.861
20260406190520    133    365.0    380.0   20.0     24.7   1182.8   1183.9   0.471
20260406190520    134   1090.0   1110.0   20.0     61.0    846.7    846.0   0.755
20260406190520    134   1295.0   1315.0   20.0     88.4    847.9    850.5   0.813
20260406190520    135   1590.0   1605.0   20.0     87.2    851.8    969.2   0.772
20260406190520    137    305.0    365.0   20.0     69.8    854.7   1058.5   0.880
20260406190520    138    825.0    840.0   20.0     89.5    857.1   1064.7   0.809
20260406190520    139    225.0    285.0   20.0     80.5    820.8    835.6   0.810
20260406190520    142      5.0     15.0   20.0     20.8    938.6    920.6   0.752
20260406190520    142    865.0    880.0   20.0     33.7   1032.6   1052.5   0.744
20260406190520    144    695.0    745.0   20.0     90.6    855.0   1211.3   0.871
20260406190520    144   1625.0   1690.0   20.0    216.0   1297.4    856.5   0.916
20260406190520    146   1520.0   1535.0   20.0     29.8    858.3    859.3   0.738
20260406190520    146   1675.0   1690.0   20.0     91.6    858.1    856.5   0.795
20260406190520    146   1765.0   1780.0   20.0     40.9    853.9    938.8   0.804
20260406190520    147    130.0    190.0   20.0     28.8   1155.9   1187.8   0.745
20260406190520    148     45.0     60.0   20.0     50.3    841.3    843.2   0.781
20260406190520    149    435.0    455.0   20.0    100.3    856.2    857.0   0.810
20260406190520    149   1755.0   1770.0   20.0     47.7    860.9    859.0   0.790
20260406190520    150   1525.0   1540.0   20.0     62.6    863.2    862.4   0.723
20260406190520    151    460.0    475.0   20.0    139.8    845.8   1122.7   0.853
20260406190520    155    110.0    130.0   20.0     86.3    850.4   1066.8   0.880
20260406190520    155    970.0    995.0   20.0     56.8   1175.7   1141.5   0.747
20260406190520    155   1210.0   1250.0   20.0     55.3   1168.6   1153.9   0.783
20260406190520    156     90.0    105.0   20.0     45.5    829.6   1048.9   0.857
20260406190520    156    915.0    930.0   20.0     26.0   1086.1   1092.6   0.778
20260406190520    157    135.0    155.0   20.0    102.7    852.1    856.1   0.760
20260406190520    157    565.0    600.0   20.0    149.7    870.8    870.6   0.760
20260406190520    160   1205.0   1220.0   20.0     93.3    867.9   1077.1   0.831
20260406190520    161   1325.0   1340.0   20.0    128.0    884.9   1282.6   0.920
20260406190520    161   1690.0   1800.0   20.0    123.5   1324.4   1353.6   0.812
20260406190520    162     15.0     65.0   20.0     68.9    982.5   1099.3   0.757
20260406190520    163    945.0    960.0   20.0     73.9    863.0    862.5   0.856
20260406190520    163   1010.0   1025.0   20.0     39.3    862.2    863.1   0.776
20260406190520    164      5.0     40.0   20.0     44.3    858.3    928.7   0.773
20260406190520    164    225.0    295.0   20.0    101.7    907.2    935.9   0.736
20260406190520    164    335.0    435.0   20.0    197.3    940.4    907.7   0.853
20260406190520    164    725.0    745.0   20.0     67.7    944.5    953.1   0.796
20260406190520    164    900.0    915.0   20.0     71.2    966.2    918.2   0.802
20260406190520    164    970.0    990.0   20.0     76.5    932.2   1012.5   0.739
20260406190520    164   1050.0   1130.0   20.0     54.0    984.2   1037.8   0.651
20260406190520    164   1440.0   1450.0   20.0     30.7   1040.6   1053.4   0.539
20260406190520    164   1755.0   1770.0   20.0     35.7   1004.1   1054.3   0.676
20260406190520    166    110.0    220.0   20.0     56.1    852.1   1131.2   0.836
20260406190520    166    560.0    575.0   20.0    117.1   1152.0    868.1   0.924
20260406190520    167     20.0     45.0   20.0    167.5    859.6    860.2   0.837
20260406190520    167    670.0    685.0   20.0    123.2    874.7   1113.5   0.899
20260406190520    168    260.0    275.0   20.0     38.3   1236.7   1273.1   0.630
20260406190520    169    730.0    785.0   20.0    146.3    887.1    886.5   0.808
20260406190520    170    490.0    505.0   20.0     53.8    887.0    954.3   0.737
20260406190520    170    545.0    560.0   20.0     29.4    960.7   1009.7   0.578
20260406190520    170    605.0    620.0   20.0     31.0   1008.0   1016.6   0.418
20260406190520    170    890.0    905.0   20.0     33.5   1073.9   1097.1   0.744
20260406190520    171   1125.0   1145.0   20.0     82.1    888.6    895.5   0.766
20260406190520    172    700.0    745.0   20.0    138.6    885.8    887.8   0.829
20260406190520    173    275.0    290.0   20.0     95.8    876.3   1040.6   0.819
20260406190520    173    555.0    570.0   20.0     20.8   1147.6   1134.7   0.901
20260406190520    173    920.0    935.0   20.0     62.2   1048.2    878.0   0.910
20260406190520    173   1275.0   1300.0   20.0     82.2    879.8   1097.8   0.900
20260406190520    174   1730.0   1745.0   20.0     48.3    888.9    976.1   0.773
20260406190520    174   1790.0   1800.0   20.0     26.0    983.1   1008.6   0.646
20260406190520    175     50.0     65.0   20.0     44.0    866.1    867.0   0.818
20260406190520    175   1150.0   1165.0   20.0     44.5    881.5    880.4   0.800
20260406190520    175   1210.0   1245.0   20.0     31.4    880.9   1009.0   0.827
20260406190520    175   1335.0   1350.0   20.0    212.9   1075.4    883.9   0.776
20260406190520    176   1355.0   1370.0   20.0     57.1    897.0    897.8   0.688
20260406190520    178   1190.0   1205.0   20.0     88.3    894.0    892.3   0.797
20260406190520    180    485.0    500.0   20.0     93.1    890.7   1075.2   0.873
20260406190520    180    610.0    625.0   20.0     30.5   1086.0   1117.2   0.812
20260406190520    180   1180.0   1195.0   20.0     23.1   1139.3   1171.1   0.847
20260406190520    182     55.0     70.0   20.0     29.0    159.5    180.3   0.774
20260406190520    182    105.0    120.0   20.0     22.8    182.1    213.7   0.797
20260406190520    182    205.0    215.0   20.0     20.7    202.2    215.8   0.825
20260406190520    183    525.0    540.0   20.0     24.5   1276.7   1278.0   0.683
20260406190520    185     35.0     50.0   20.0     28.8   1227.2   1230.2   0.655
20260406190520    186    105.0    120.0   20.0     52.3    896.6    949.1   0.748
20260406190520    186    215.0    235.0   20.0     54.0    972.7   1031.3   0.704
20260406190520    186    280.0    425.0   20.0     51.0   1053.3   1102.1   0.799
20260406190520    186   1060.0   1075.0   20.0     31.6   1247.2   1265.8   0.825
20260406190520    188   1195.0   1245.0   20.0     45.9    932.7   1055.9   0.698
20260406190520    188   1420.0   1435.0   20.0     21.4   1114.4   1139.5   0.597
20260406190520    188   1700.0   1715.0   20.0     41.3   1216.4   1229.0   0.782
20260406190520    189    330.0   1595.0   20.0     72.7   1344.8   1431.5   0.926
20260406190520    189   1670.0   1690.0   20.0     29.9   1433.4   1424.9   0.752
20260406190520    189   1740.0   1755.0   20.0     23.8   1431.5   1422.9   0.824
20260406190520    189   1790.0   1800.0   20.0     21.3   1427.6   1387.8   0.745
20260406190520    191    315.0    330.0   20.0    115.2    916.4    915.9   0.807
20260406190520    191    770.0    785.0   20.0     36.3    924.4    991.3   0.746
20260406190520    191    900.0    915.0   20.0    128.2   1006.9   1247.6   0.864
20260406190520    192    525.0    600.0   20.0     41.1    913.2   1042.5   0.849
20260406190520    192   1545.0   1560.0   20.0     23.1   1165.0   1172.0   0.848
20260406190520    192   1690.0   1705.0   20.0     29.9   1172.2   1207.5   0.812
20260406190520    193   1360.0   1380.0   20.0    130.0    924.3    921.4   0.795
20260406190520    193   1440.0   1455.0   20.0    159.2    932.6   1220.2   0.832
20260406190520    194   1770.0   1800.0   20.0    186.8    935.1    934.0   0.794
20260406190520    195    625.0    640.0   20.0     53.0    920.8    922.8   0.800
20260406190520    195    840.0    855.0   20.0     55.8    923.7    987.1   0.759
20260406190520    195   1390.0   1405.0   20.0     34.8   1055.6   1087.0   0.767
20260406190520    196    910.0    925.0   20.0     38.2    931.5    973.6   0.683
20260406190520    199   1470.0   1490.0   20.0     48.0    930.0    929.7   0.756
20260406190520    200     75.0     90.0   20.0     77.1    927.5   1102.4   0.806
20260406190520    200    140.0    155.0   20.0    130.0   1100.3    927.5   0.735
20260406190520    200    325.0    390.0   20.0     62.1    937.3    985.1   0.850
20260406190520    200    430.0    450.0   20.0     92.9   1054.6    980.5   0.777
20260406190520    200    500.0    515.0   20.0     70.8   1020.0    937.6   0.761
20260406190520    200    705.0    775.0   20.0    145.2    938.6    939.2   0.864
20260406190520    201   1700.0   1715.0   20.0    117.9    937.2    940.3   0.769
20260406190520    202     30.0     55.0   20.0     21.7    978.0   1105.7   0.724
20260406190520    202    255.0    270.0   20.0     40.7   1114.8   1149.9   0.697
20260406190520    202    335.0    350.0   20.0     41.8   1157.1   1195.9   0.833
20260406190520    202    460.0    475.0   20.0     44.2   1208.3   1258.5   0.905
20260406190520    203     45.0     75.0   20.0    308.6   1234.4    947.2   0.851
20260406190520    203    365.0    385.0   20.0     73.2    956.4    960.0   0.792
20260406190520    203    430.0    440.0   20.0    144.4    955.5    955.6   0.605
20260406190520    204   1045.0   1100.0   20.0     65.4    952.5    954.3   0.749
20260406190520    205    250.0    265.0   20.0    179.3    939.7    945.4   0.747
20260406190520    206    925.0    940.0   20.0     34.1   1150.6   1183.4   0.575
20260406190520    206   1080.0   1095.0   20.0     27.0   1180.8   1185.9   0.542
20260406190520    206   1140.0   1155.0   20.0     20.1   1185.4   1211.5   0.814
20260406190520    206   1290.0   1310.0   20.0     26.2   1242.0   1223.8   0.910
20260406190520    206   1670.0   1685.0   20.0     28.2   1212.0   1222.0   0.854
20260406190520    207   1130.0   1150.0   20.0     95.4    946.9   1191.7   0.845
20260406190520    207   1300.0   1315.0   20.0     22.7   1214.8   1255.4   0.507
20260406190520    207   1425.0   1440.0   20.0     21.7   1285.0   1286.1   0.580
20260406190520    208    255.0    270.0   20.0     30.2   1219.6   1233.5   0.655
20260406190520    208    450.0    465.0   20.0     28.4   1240.2   1257.4   0.877
20260406190520    209   1030.0   1045.0   20.0     79.5    970.8   1089.6   0.707
20260406190520    209   1085.0   1095.0   20.0     23.1   1072.1   1107.4   0.549
20260406190520    209   1260.0   1310.0   20.0     36.5   1108.0   1178.6   0.768
20260406190520    209   1390.0   1405.0   20.0     48.9   1197.4   1215.8   0.793
20260406190520    209   1465.0   1480.0   11.1     43.5   1207.5   1217.3   0.530
20260406190520    209   1635.0   1650.0   20.0     62.7   1234.3   1266.0   0.805
20260406190520    210    750.0    765.0   20.0     46.6    965.8   1068.3   0.779
20260406190520    210    825.0    870.0   20.0     23.4   1100.0   1119.9   0.450
20260406190520    210   1035.0   1105.0   20.0    127.6   1154.6    964.4   0.730
20260406190520    210   1220.0   1235.0   20.0     49.4    963.8   1030.6   0.728
20260406190520    210   1350.0   1365.0   20.0    128.3   1092.7    966.0   0.745
20260406190520    211    635.0    650.0   20.0     41.8    962.3    965.6   0.682
20260406190520    212    435.0    450.0   20.0    167.0    975.9   1285.1   0.790
20260406190520    213   1630.0   1650.0   20.0    110.6    981.9    975.0   0.759
20260406190520    214    305.0    375.0   20.0    140.4    955.9   1302.5   0.860
20260406190520    214    820.0    835.0   20.0     25.4   1402.1   1435.2   0.827
20260406190520    215    335.0    385.0   20.0    294.9    981.3    980.1   0.904
20260406190520    216   1470.0   1485.0   20.0     67.9    981.8    982.4   0.666
20260406190520    218    400.0    415.0   20.0     72.7    999.3    999.7   0.780
20260406190520    219   1475.0   1490.0   20.0     38.0    984.8   1049.8   0.761
20260406190520    219   1525.0   1560.0   20.0    126.4   1074.0    992.3   0.852
20260406190520    219   1710.0   1790.0   20.0     55.6    985.9   1199.8   0.924
20260406190520    220    220.0    235.0   20.0     52.4    975.2   1105.8   0.791
20260406190520    220    290.0    305.0   20.0     50.8   1128.5   1145.4   0.604
20260406190520    220    435.0    450.0   20.0     26.6   1116.0   1123.1   0.580
20260406190520    220    815.0    855.0   20.0     46.7   1186.1   1213.7   0.813
20260406190520    220   1045.0   1060.0   20.0     20.3   1260.1   1239.5   0.781
20260406190520    220   1150.0   1170.0   20.0     27.8   1245.5   1279.9   0.837
20260406190520    220   1215.0   1230.0   20.0     25.6   1271.9   1295.4   0.747
20260406190520    220   1390.0   1405.0   20.0     51.7   1356.4   1398.1   0.834
20260406190520    221      5.0     20.0   20.0     34.3   1087.6   1134.8   0.764
20260406190520    221    520.0    535.0   20.0    134.3   1118.0    979.8   0.735
20260406190520    221    865.0    895.0   20.0     80.2    980.5    980.0   0.804
20260406190520    222   1250.0   1265.0   20.0     51.3   1028.2   1025.8   0.705
20260406190520    222   1605.0   1620.0   20.0     40.1   1027.9   1004.3   0.699
20260406190520    223    920.0   1060.0   20.0    103.7    989.8   1176.4   0.826
20260406190520    223   1145.0   1160.0   20.0     34.2   1151.9   1156.7   0.798
20260406190520    223   1265.0   1280.0   20.0     32.8   1189.3   1187.7   0.680
20260406190520    223   1430.0   1445.0   20.0     71.1   1159.0   1226.0   0.777
20260406190520    223   1635.0   1670.0   20.0     23.7   1268.9   1254.2   0.759
20260406190520    223   1790.0   1800.0   20.0     32.8   1245.4   1270.4   0.773
20260406190520    224   1125.0   1140.0   20.0    123.4    996.3   1230.2   0.842
20260406190520    224   1195.0   1210.0   20.0     31.5   1233.3   1281.0   0.814
20260406190520    224   1465.0   1480.0   20.0     34.6   1364.8   1395.7   0.834
20260406190520    225   1025.0   1040.0   20.0     84.2   1004.4   1181.7   0.806
20260406190520    225   1175.0   1230.0   20.0     24.9   1240.0   1287.9   0.807
20260406190520    226   1605.0   1620.0   20.0     54.1   1012.6   1099.4   0.756
20260406190520    226   1740.0   1800.0   20.0    177.6   1166.4   1009.8   0.818
20260406190520    227    540.0    560.0   20.0    114.8   1011.3   1001.2   0.777
20260406190520    230     55.0    100.0   20.0     22.8   1195.7   1203.3   0.760
20260406190520    230    240.0    255.0   20.0     49.3   1219.7   1234.6   0.745
20260406190520    230    430.0    445.0   20.0     25.9   1235.9   1225.1   0.844
20260406190520    230   1050.0   1095.0   20.0     41.8   1267.6   1270.1   0.717
20260406190520    230   1140.0   1155.0   20.0     20.2   1266.9   1288.5   0.781
20260406190520    230   1655.0   1670.0   20.0     31.3   1357.1   1362.7   0.726
20260406190520    231   1220.0   1235.0   20.0     58.3   1009.9   1094.0   0.762
20260406190520    231   1270.0   1285.0   20.0     45.1   1093.5   1013.6   0.782
20260406190520    231   1495.0   1510.0   20.0     55.2   1013.8   1086.1   0.758
20260406190520    231   1580.0   1595.0   20.0     24.0   1096.0   1119.6   0.809
20260406190520    232     40.0     55.0   20.0     66.5   1248.7   1301.6   0.867
20260406190520    232    165.0    180.0   20.0     61.8   1364.8   1407.5   0.849
20260406190520    236   1465.0   1480.0   20.0     36.1   1028.1   1093.4   0.776
20260406190520    236   1610.0   1640.0   20.0     81.9   1109.6   1370.6   0.920
20260406190520    237    885.0    900.0   20.0    231.5   1038.3   1442.7   0.879
20260406190520    238    275.0    475.0   20.0     76.8   1036.5   1372.2   0.749
20260406190520    238    580.0    605.0   20.0     59.2   1392.1   1438.7   0.896
20260406190520    238    660.0    675.0   20.0     36.3   1474.4   1476.1   0.648
20260406190520    238    855.0    870.0   20.0     46.7   1466.3   1469.4   0.808
20260406190520    238   1030.0   1050.0   20.0     34.5   1472.6   1477.8   0.732
20260406190520    238   1190.0   1205.0   20.0     47.0   1476.4   1524.1   0.781
20260406190520    238   1380.0   1395.0   20.0     35.8   1520.4   1518.9   0.594
20260406190520    238   1560.0   1575.0   20.0     29.3   1528.3   1556.1   0.628
20260406190520    239    900.0   1000.0   20.0     89.6   1049.5   1276.4   0.851
20260406190520    239   1065.0   1330.0   20.0    273.5   1267.2   1046.2   0.832
20260406190520    240   1000.0   1015.0   20.0     20.5   1389.0   1389.1   0.562
20260406190520    240   1105.0   1130.0   20.0     21.8   1404.4   1412.6   0.615
20260406190520    241    390.0    425.0   20.0    140.9   1044.0   1374.3   0.863
20260406190520    241    795.0    810.0   20.0     27.1   1421.5   1454.8   0.844
20260406190520    243   1470.0   1490.0   20.0    101.6   1051.6   1307.7   0.851
20260406190520    244    335.0    350.0   20.0     20.4   1346.4   1358.7   0.859
20260406190520    244   1605.0   1620.0   20.0     23.3   1427.8   1446.0   0.782
20260406190520    245   1695.0   1710.0   20.0    138.1   1054.7   1434.2   0.872
20260406190520    246   1620.0   1640.0   20.0     60.7   1067.9   1261.5   0.863
20260406190520    246   1735.0   1755.0   20.0    151.3   1297.1   1065.0   0.802
20260406190520    248     30.0     40.0   20.0     31.9   1550.2   1432.5   0.464
20260406190520    248    335.0    655.0   20.0    360.6   1561.5   1486.8   0.806
20260406190520    248    765.0    810.0   20.0     72.7   1488.9   1572.7   0.722
20260406190520    248   1380.0   1740.0   20.0    102.3   1645.6   1629.7   0.901
20260406190520    249      0.0     15.0   20.0    213.5      0.0   1073.6   0.796
20260406190520    250     30.0    125.0   20.0    336.7   1084.4   1075.9   0.793
20260406190520    250   1745.0   1760.0   20.0     23.4   1070.4   1082.8   0.559
20260406190520    251    120.0    135.0   20.0    284.0   1081.6   1081.6   0.742
20260406190520    251   1120.0   1135.0   20.0     23.6   1085.0   1080.2   0.528
20260406190520    251   1470.0   1515.0   20.0    181.7   1083.1   1102.1   0.811
20260406190520    251   1695.0   1710.0   20.0     25.7   1079.9   1079.6   0.572
20260406190520    252    100.0    240.0   20.0    119.0   1079.2   1272.3   0.752
20260406190520    252    315.0    330.0   20.0     31.7   1275.2   1288.9   0.682
20260406190520    252    465.0    525.0   20.0     71.5   1354.1   1491.3   0.883
20260406190520    252    625.0    640.0   20.0     62.8   1494.6   1551.9   0.769
20260406190520    252    750.0    765.0   20.0     33.4   1549.5   1575.6   0.837
20260406190520    252    820.0    835.0   20.0     41.3   1555.3   1623.5   0.890
20260406190520    253   1780.0   1795.0   20.0     21.9   1097.1   1100.6   0.519
20260406190520    254   1025.0   1050.0   20.0    197.2   1088.7   1088.2   0.835
20260406190520    254   1475.0   1490.0   20.0    167.4   1089.5   1086.1   0.724
20260406190520    255    410.0    425.0   20.0     24.0   1475.7   1483.6   0.838
20260406190520    256    155.0    175.0   20.0     98.6   1121.4   1121.7   0.842
20260406190520    256    675.0    725.0   20.0    214.6   1129.6   1132.4   0.836
20260406193840      3    470.0    485.0   20.0    133.5    953.5    952.8   0.874
20260406193840      3   1035.0   1055.0   20.0    179.3    950.2   1407.6   0.866
20260406193840      4    455.0    470.0   20.0     23.5   1255.2   1262.7   0.663
20260406193840      4    565.0    580.0   20.0     26.5   1267.1   1309.2   0.472
20260406193840      7    395.0    410.0   20.0    164.5    961.4    962.5   0.831
20260406193840      7    780.0    800.0   20.0    195.3    959.1    960.3   0.782
20260406193840      7   1145.0   1160.0   20.0    330.1    955.4    957.0   0.784
20260406193840      8     45.0     65.0   20.0    250.1    953.7    955.4   0.871
20260406193840      8   1675.0   1690.0   20.0     25.9    960.8    932.0   0.746
20260406193840      9    185.0    200.0   20.0     24.1   1125.6   1140.8   0.714
20260406193840      9    320.0    355.0   20.0     29.1   1173.8   1182.1   0.680
20260406193840      9    525.0    540.0   20.0     41.4   1180.9   1207.3   0.834
20260406193840      9    605.0    645.0   20.0     37.3   1201.8   1237.1   0.894
20260406193840      9    775.0    790.0   20.0     26.0   1233.3   1245.0   0.828
20260406193840      9   1195.0   1210.0   20.0     20.4   1252.5   1256.6   0.685
20260406193840     10   1440.0   1455.0   20.0     30.1    929.9    931.6   0.720
20260406193840     11     80.0     95.0   20.0     33.6   1264.8   1260.0   0.789
20260406193840     11    260.0    275.0   20.0     50.1   1300.3   1319.5   0.535
20260406193840     12     15.0     30.0   20.0     54.9    994.0    937.3   0.739
20260406193840     13    275.0    290.0   20.0     23.3    940.0    939.1   0.476
20260406193840     15     35.0     90.0   20.0    185.3    936.6   1361.5   0.869
20260406193840     16    890.0    905.0   20.0     80.8    936.8    935.3   0.765
20260406193840     16   1110.0   1125.0   20.0     72.3    932.5   1081.5   0.860
20260406193840     17      5.0     60.0   20.0    214.1    929.4    930.1   0.895
20260406193840     18    335.0    385.0   20.0    109.7    925.2    988.4   0.767
20260406193840     18    805.0    820.0   20.0     31.1   1043.6   1083.6   0.753
20260406193840     18   1100.0   1115.0   20.0     22.3   1114.5   1143.5   0.776
20260406193840     19      0.0     10.0   20.0    178.3      0.0    919.1   0.754
20260406193840     19    190.0    205.0   20.0     41.5    921.9    922.2   0.743
20260406193840     20    400.0    455.0   20.0    160.3    930.4    931.2   0.759
20260406193840     21    555.0    570.0   20.0     37.1    916.2   1025.3   0.816
20260406193840     21    665.0    685.0   20.0    205.4   1133.5    913.9   0.815
20260406193840     22    370.0    415.0   20.0     77.4    912.2    916.8   0.793
20260406193840     22    735.0    750.0   20.0     47.5    920.8   1095.5   0.926
20260406193840     22   1660.0   1675.0   20.0     55.3   1150.5   1230.0   0.821
20260406193840     23    730.0    755.0   20.0    132.6    922.0    926.5   0.799
20260406193840     25   1765.0   1800.0   20.0    166.0    899.9    898.2   0.806
20260406193840     26    280.0    300.0   20.0     46.4    918.0    918.9   0.854
20260406193840     26    730.0    745.0   20.0     50.3    927.2   1019.9   0.839
20260406193840     26    790.0    805.0   20.0     79.8   1045.9   1245.3   0.912
20260406193840     26   1180.0   1195.0   20.0     41.0   1287.9   1353.1   0.907
20260406193840     27    930.0    985.0   20.0    186.3    912.3   1133.5   0.798
20260406193840     27   1310.0   1355.0   20.0     30.5   1149.9   1174.8   0.647
20260406193840     27   1495.0   1510.0   20.0     21.8   1166.7   1203.3   0.711
20260406193840     28     15.0     35.0   20.0     69.7    907.1   1077.7   0.864
20260406193840     28    125.0    140.0   20.0     26.3   1121.4   1144.6   0.799
20260406193840     28   1355.0   1370.0   20.0     28.4   1157.4    903.7   0.958
20260406193840     28   1780.0   1795.0   20.0     78.1    888.8    884.2   0.809
20260406193840     30     60.0     75.0   20.0     29.6   1027.2   1082.9   0.837
20260406193840     31    590.0    605.0   20.0     50.8    909.4    913.0   0.686
20260406193840     31   1340.0   1355.0   20.0    137.2    901.5    898.2   0.780
20260406193840     31   1435.0   1450.0   20.0     25.8    896.6    971.5   0.726
20260406193840     31   1485.0   1500.0   20.0     76.4    983.9   1051.8   0.752
20260406193840     33    300.0    315.0   20.0     39.5   1202.7   1211.4   0.444
20260406193840     33    390.0    445.0   20.0     38.6   1222.5   1230.2   0.801
20260406193840     33    655.0    665.0   20.0     22.9   1250.4   1249.0   0.513
20260406193840     33    710.0    790.0   20.0     55.7   1247.3   1255.3   0.882
20260406193840     33    975.0    990.0   20.0     44.4   1246.1   1259.8   0.733
20260406193840     34    245.0    260.0   20.0     74.9    920.4    921.2   0.770
20260406193840     34    870.0    885.0   20.0     20.5    992.3    972.4   0.740
20260406193840     34   1450.0   1465.0   20.0     22.7   1004.9   1171.2   0.770
20260406193840     35     30.0     50.0   20.0    101.4    901.8    904.5   0.779
20260406193840     35    945.0    960.0   20.0     29.8    929.6    906.7   0.744
20260406193840     36     60.0     75.0   20.0     31.7   1189.7   1211.9   0.586
20260406193840     37    715.0    730.0   20.0    118.4   1207.8   1261.5   0.752
20260406193840     37    965.0    985.0   20.0     51.8   1231.9   1259.7   0.847
20260406193840     38    825.0    840.0   20.0     73.5    904.0    905.5   0.793
20260406193840     39    795.0    810.0   20.0    105.1    892.9   1006.9   0.926
20260406193840     39   1545.0   1560.0   20.0     20.0   1081.3   1097.1   0.701
20260406193840     40    805.0    820.0   20.0     66.4    901.1    901.2   0.784
20260406193840     42   1260.0   1285.0   20.0     87.3    896.2    896.7   0.767
20260406193840     43    420.0    435.0   20.0     78.9    892.9    892.8   0.711
20260406193840     43   1170.0   1230.0   20.0    187.7    889.7    890.1   0.770
20260406193840     43   1535.0   1600.0   20.0    171.0    880.5    878.7   0.802
20260406193840     44   1590.0   1605.0   20.0     69.5    881.2   1046.0   0.842
20260406193840     44   1740.0   1755.0   20.0     38.8   1096.5   1144.6   0.838
20260406193840     45    700.0    715.0   20.0     31.8   1026.6   1030.0   0.770
20260406193840     46    180.0    195.0   20.0     46.8    877.9    964.9   0.764
20260406193840     46   1155.0   1170.0   20.0     20.3   1217.4   1240.7   0.755
20260406193840     47    240.0    255.0   20.0     47.9   1185.9   1251.4   0.810
20260406193840     47    720.0    755.0   20.0     36.7   1286.8   1287.3   0.911
20260406193840     47    845.0    865.0   20.0     38.3   1301.6   1415.3   0.846
20260406193840     47    925.0   1190.0   20.0    320.1   1399.7   1317.6   0.903
20260406193840     47   1225.0   1375.0   20.0    273.6   1324.3   1394.8   0.878
20260406193840     49    120.0    170.0   20.0    243.8    881.4    880.3   0.796
20260406193840     49    305.0    320.0   20.0     20.3    881.8    919.7   0.790
20260406193840     49    355.0    370.0   20.0    116.4    923.0    878.4   0.734
20260406193840     50    835.0    850.0   20.0     20.5    882.2    882.4   0.570
20260406193840     50    955.0    970.0   20.0     25.2    883.0    910.7   0.760
20260406193840     50   1330.0   1345.0   20.0     35.0    972.8   1018.6   0.833
20260406193840     50   1500.0   1515.0   20.0     32.0   1074.8   1085.2   0.579
20260406193840     51   1430.0   1480.0   20.0     61.0    858.4    856.3   0.750
20260406193840     52    935.0    955.0   20.0     50.3    873.8    873.2   0.746
20260406193840     54    490.0    505.0   20.0     48.2    874.0    875.8   0.821
20260406193840     55    440.0    455.0   20.0    153.8    862.8    862.1   0.754
20260406193840     55    790.0    805.0   20.0    156.9    866.1   1173.9   0.858
20260406193840     56    100.0    115.0   20.0     54.9    873.2    931.3   0.744
20260406193840     56    195.0    210.0   20.0     32.4    957.9    973.6   0.712
20260406193840     56    265.0    280.0   20.0     29.2   1015.4   1019.6   0.604
20260406193840     56    790.0    810.0   20.0     37.0   1071.1   1070.5   0.868
20260406193840     56    990.0   1005.0   20.0     30.4   1043.6   1033.8   0.741
20260406193840     57     10.0     25.0   20.0     42.1    878.0    982.6   0.744
20260406193840     57    220.0    260.0   20.0     32.9   1020.2   1138.1   0.793
20260406193840     58    745.0    790.0   20.0     40.0    874.6   1002.6   0.862
20260406193840     58    825.0    835.0   20.0     47.8   1011.0   1030.9   0.601
20260406193840     58    920.0    935.0   20.0     29.2   1040.7   1081.2   0.607
20260406193840     58   1125.0   1140.0   20.0     28.7   1076.3   1091.3   0.578
20260406193840     59   1165.0   1185.0   20.0     53.8    862.9   1118.1   0.820
20260406193840     59   1220.0   1270.0   20.0     61.4   1129.9   1188.2   0.818
20260406193840     59   1620.0   1630.0   20.0    214.0   1230.0   1236.5   0.648
20260406193840     59   1670.0   1695.0   20.0    199.8   1243.4   1220.7   0.823
20260406193840     60    730.0    765.0   20.0     65.1    875.4    874.6   0.750
20260406193840     61    550.0    565.0   20.0     56.1    862.4    863.9   0.750
20260406193840     61    640.0    655.0   20.0     41.7    862.7   1003.7   0.812
20260406193840     61    825.0    850.0   20.0    206.7   1053.4    864.9   0.796
20260406193840     62    970.0    985.0   20.0     53.8    864.0    862.6   0.723
20260406193840     62   1505.0   1520.0   20.0     27.5    855.7    855.0   0.695
20260406193840     63    375.0    390.0   20.0     67.8    842.9    844.1   0.666
20260406193840     63    695.0    710.0   20.0    122.9    848.9    846.1   0.815
20260406193840     64    520.0    535.0   20.0     28.4    875.9    874.4   0.610
20260406193840     64   1365.0   1380.0   20.0     28.1    896.2    871.7   0.761
20260406193840     67    785.0    800.0   20.0     28.0    846.2    961.2   0.755
20260406193840     67    915.0    930.0   20.0     26.4   1049.8   1054.8   0.728
20260406193840     67   1350.0   1370.0   20.0     66.8   1069.1    841.7   0.873
20260406193840     68     35.0     60.0   20.0     55.9    965.2   1015.9   0.780
20260406193840     68    225.0    280.0   20.0     36.6   1008.4   1054.4   0.747
20260406193840     68   1365.0   1380.0   20.0     22.5   1154.9   1185.5   0.767
20260406193840     70      0.0     15.0   20.0     20.5      0.0    957.5   0.871
20260406193840     70    360.0    375.0   20.0     23.0   1041.0   1081.0   0.764
20260406193840     70    990.0   1005.0   20.0     44.7   1165.2   1159.4   0.680
20260406193840     71     25.0     40.0   20.0     33.3    841.2    840.5   0.776
20260406193840     71   1075.0   1090.0   20.0     37.4    854.8    912.7   0.795
20260406193840     71   1140.0   1155.0   20.0     22.9    929.7    955.7   0.744
20260406193840     71   1215.0   1280.0   20.0    118.9    998.5   1000.4   0.872
20260406193840     71   1635.0   1650.0   20.0     24.6   1074.3   1117.3   0.879
20260406193840     71   1705.0   1720.0   20.0     20.3   1113.4   1128.3   0.816
20260406193840     72    255.0    270.0   20.0     65.7    846.2   1104.3   0.866
20260406193840     73    115.0    130.0   20.0     36.0    837.9    890.6   0.745
20260406193840     73    645.0    660.0   20.0     21.0    946.2    932.3   0.615
20260406193840     73   1020.0   1035.0   20.0     42.3    953.6    978.1   0.735
20260406193840     74     45.0    180.0   20.0     62.5    850.4   1000.6   0.864
20260406193840     74    330.0    345.0   20.0     32.2   1050.6   1049.3   0.511
20260406193840     74    490.0    505.0   20.0     49.5   1097.9   1123.9   0.860
20260406193840     74    825.0    840.0   20.0     36.0   1171.1   1181.4   0.794
20260406193840     74   1075.0   1090.0   20.0     24.3   1182.0   1186.7   0.849
20260406193840     74   1230.0   1285.0   20.0     34.9   1118.7   1124.1   0.808
20260406193840     74   1425.0   1440.0   20.0     29.7   1131.6   1161.5   0.745
20260406193840     74   1500.0   1515.0   20.0     26.3   1191.2   1235.5   0.783
20260406193840     75    760.0    775.0   20.0     78.0    849.8    847.2   0.787
20260406193840     76    405.0    420.0   20.0     33.1   1069.4   1070.9   0.771
20260406193840     76    620.0    645.0   20.0     24.2   1103.9   1136.2   0.699
20260406193840     76    730.0    745.0   20.0     23.9   1103.1   1162.0   0.745
20260406193840     77     30.0     45.0   20.0     29.8   1067.7   1061.5   0.579
20260406193840     77    245.0    260.0   20.0     22.9   1072.2   1081.7   0.544
20260406193840     78    765.0    800.0   20.0     98.1    859.0    859.9   0.822
20260406193840     79   1165.0   1180.0   20.0    170.6    848.7   1327.8   0.919
20260406193840     83    990.0   1005.0   20.0     46.4    839.9    916.0   0.815
20260406193840     83   1185.0   1200.0   20.0     22.9    980.4   1021.3   0.892
20260406193840     84    855.0    870.0   20.0     26.2    841.4    879.4   0.771
20260406193840     84    995.0   1010.0   20.0     29.3    898.4    943.1   0.819
20260406193840     84   1315.0   1330.0   20.0     22.9    934.4    947.4   0.691
20260406193840     84   1780.0   1800.0   20.0     40.6   1088.7   1095.1   0.879
20260406193840     85    570.0    585.0   20.0     88.2    843.8    839.7   0.743
20260406193840     85    670.0    685.0   20.0     64.7    840.9    840.8   0.675
20260406193840     86      0.0     10.0   20.0     37.3      0.0    929.3   0.831
20260406193840     86    290.0    305.0   20.0     27.0    987.5    992.9   0.755
20260406193840     86   1560.0   1575.0   20.0     22.1   1119.7   1161.6   0.865
20260406193840     87    595.0    620.0   20.0     69.4    842.2   1262.1   0.823
20260406193840     88      0.0     60.0   20.0     24.0      0.0   1023.9   0.809
20260406193840     88    435.0    450.0   20.0     36.5   1029.7   1076.6   0.795
20260406193840     88    535.0    550.0   20.0     42.1   1074.2   1108.6   0.743
20260406193840     88    660.0    675.0   20.0     20.8   1109.6   1112.2   0.641
20260406193840     89     50.0     75.0   20.0     62.7    838.5    838.1   0.769
20260406193840     90   1240.0   1255.0   20.0     25.3   1078.1   1094.2   0.704
20260406193840     90   1670.0   1685.0   20.0     50.0   1080.2   1117.1   0.812
20260406193840     91    390.0    405.0   20.0     89.1    850.9   1083.1   0.832
20260406193840     92   1095.0   1110.0   20.0     33.9    870.3    948.6   0.759
20260406193840     92   1180.0   1245.0   20.0    135.9   1036.3    859.4   0.887
20260406193840     92   1625.0   1640.0   20.0     64.5    850.5    850.4   0.721
20260406193840     93    860.0    875.0   20.0     46.7    816.3    903.9   0.840
20260406193840     93   1005.0   1020.0   20.0    103.1    921.1    814.7   0.749
20260406193840     94     80.0     95.0   20.0    117.8   1001.7    832.5   0.757
20260406193840     96   1200.0   1215.0   20.0     39.6    859.6    924.1   0.730
20260406193840     96   1720.0   1735.0   20.0     23.8    951.9    962.7   0.766
20260406193840     96   1780.0   1795.0   20.0     26.9    983.4   1008.3   0.695
20260406193840     98     25.0     40.0   20.0     27.2    833.7    997.7   0.780
20260406193840     98     80.0     95.0   20.0     20.7   1065.3   1060.0   0.584
20260406193840     99   1205.0   1220.0   20.0    100.4    846.1    845.0   0.766
20260406193840     99   1320.0   1355.0   20.0    212.9    842.9    842.5   0.868
20260406193840    100     45.0     85.0   20.0     54.1    843.1   1011.6   0.782
20260406193840    100    220.0    235.0   20.0     32.2   1055.1   1070.4   0.758
20260406193840    100    905.0    920.0   20.0     35.9   1153.5   1157.0   0.696
20260406193840    100   1195.0   1210.0   20.0    129.9   1124.5    852.8   0.912
20260406193840    101     90.0    105.0   20.0     40.8    834.0    949.2   0.855
20260406193840    101    945.0    960.0   20.0     24.8   1002.8   1029.4   0.772
20260406193840    102    125.0    150.0   20.0     53.0    934.5   1069.7   0.896
20260406193840    102   1245.0   1330.0   20.0    244.6   1290.8   1303.1   0.903
20260406193840    103    860.0    875.0   20.0     46.3    860.6    860.5   0.687
20260406193840    103   1515.0   1535.0   20.0     86.1    859.9    852.1   0.807
20260406193840    104    180.0    195.0   20.0     41.7    973.2    997.1   0.607
20260406193840    104    290.0    305.0   20.0     20.2   1050.4   1075.7   0.735
20260406193840    104   1475.0   1490.0   20.0     44.4    905.3    833.7   0.778
20260406193840    105     65.0    105.0   20.0     54.5   1025.5   1059.7   0.583
20260406193840    106   1110.0   1125.0   20.0     43.4    845.3    850.1   0.704
20260406193840    107    450.0    465.0   20.0     51.0    844.6    842.9   0.758
20260406193840    107   1675.0   1695.0   20.0     85.1    844.3    845.5   0.785
20260406193840    108      0.0     20.0   20.0     78.1      0.0   1118.3   0.631
20260406193840    108    280.0    315.0   20.0     37.8   1076.5   1085.9   0.831
20260406193840    108    725.0    740.0   20.0     22.1   1154.4   1157.0   0.674
20260406193840    108    785.0    800.0   20.0     21.6   1158.2   1192.7   0.835
20260406193840    109    620.0    635.0   20.0     32.7    851.9    945.6   0.764
20260406193840    109    690.0    710.0   20.0    183.0    998.7    848.2   0.787
20260406193840    110    100.0    130.0   20.0    105.6    899.1    902.9   0.844
20260406193840    110    560.0    615.0   20.0    109.9    908.3    917.4   0.843
20260406193840    110    890.0    930.0   20.0     51.7    922.0    926.6   0.924
20260406193840    110   1600.0   1615.0   20.0     27.6    942.7    986.3   0.510
20260406193840    110   1695.0   1715.0   20.0     24.6    956.3    980.6   0.725
20260406193840    111      0.0     15.0   20.0     69.1      0.0   1143.6   0.789
20260406193840    112   1060.0   1080.0   20.0     35.9    844.4    842.2   0.792
20260406193840    112   1410.0   1425.0   20.0     55.6    840.2    841.2   0.818
20260406193840    113    835.0    855.0   20.0     85.1    838.2    837.0   0.740
20260406193840    114    450.0    465.0   20.0     50.9    852.4    844.4   0.740
20260406193840    115    790.0    805.0   20.0     43.1    836.7    838.5   0.668
20260406193840    115   1355.0   1385.0   20.0     28.4    894.7    941.6   0.773
20260406193840    116   1020.0   1040.0   20.0    112.7    842.3    842.4   0.847
20260406193840    116   1120.0   1140.0   20.0     48.7    842.0    844.4   0.811
20260406193840    116   1230.0   1245.0   20.0     54.1    842.7    906.7   0.756
20260406193840    117   1330.0   1345.0   20.0     25.5   1167.1   1145.1   0.761
20260406193840    118   1185.0   1235.0   20.0     63.9    860.4   1074.7   0.771
20260406193840    118   1495.0   1510.0   20.0     22.3   1134.8   1131.2   0.822
20260406193840    119   1060.0   1075.0   20.0     30.0    845.0    891.1   0.745
20260406193840    119   1165.0   1185.0   20.0    136.1    926.9    848.7   0.809
20260406193840    119   1645.0   1660.0   20.0     52.9   1002.7   1018.6   0.806
20260406193840    120    155.0    170.0   20.0     82.6    839.0    943.5   0.762
20260406193840    121   1585.0   1615.0   20.0    166.2    849.8    850.4   0.908
20260406193840    122    120.0    135.0   20.0     51.0    845.4    931.9   0.733
20260406193840    122    775.0    790.0   20.0     24.7   1053.9   1096.9   0.849
20260406193840    123   1120.0   1165.0   20.0    204.1    843.0    844.1   0.796
20260406193840    123   1765.0   1780.0   20.0     41.0    836.7    961.9   0.775
20260406193840    124    835.0    855.0   20.0     96.9    854.5    854.5   0.849
20260406193840    125    170.0    185.0   20.0     20.3   1015.7   1029.6   0.777
20260406193840    126      5.0     20.0   20.0     62.8    826.0   1061.1   0.859
20260406193840    127     80.0     95.0   20.0     57.8   1057.3   1049.0   0.842
20260406193840    127    255.0    270.0   20.0     25.0   1076.1   1135.2   0.832
20260406193840    129    135.0    150.0   20.0     58.3    831.2    916.9   0.786
20260406193840    130     50.0     70.0   20.0     38.2   1003.8   1009.2   0.753
20260406193840    130    110.0    125.0   20.0     28.1   1005.6   1022.8   0.669
20260406193840    130    320.0    335.0   20.0     33.0   1027.0   1034.9   0.509
20260406193840    130    650.0    665.0   20.0     26.2   1049.4   1053.0   0.684
20260406193840    130    855.0    870.0   20.0     40.3   1079.9   1075.5   0.698
20260406193840    130   1345.0   1360.0   20.0     33.2   1126.4   1138.6   0.738
20260406193840    131    665.0    685.0   20.0     31.9    851.2    850.4   0.735
20260406193840    131    805.0    845.0   20.0    206.7    854.5    853.8   0.829
20260406193840    131   1355.0   1370.0   20.0     80.7    857.5    855.1   0.788
20260406193840    131   1460.0   1475.0   20.0     50.3    854.5    934.3   0.757
20260406193840    132    150.0    165.0   20.0     45.0    838.7    838.5   0.740
20260406193840    133      0.0     15.0   20.0     27.5      0.0   1151.1   0.771
20260406193840    133     85.0    100.0   20.0     26.5   1158.5   1169.0   0.747
20260406193840    134    475.0    490.0   20.0     46.2    852.3    904.0   0.772
20260406193840    134    635.0    650.0   20.0     24.0    984.9    970.4   0.737
20260406193840    134    720.0    735.0   20.0     36.9    992.0   1014.6   0.612
20260406193840    134    855.0    870.0   20.0    115.3   1023.7    860.3   0.799
20260406193840    136    605.0    645.0   20.0     32.2    851.9    852.2   0.758
20260406193840    138   1495.0   1515.0   20.0     60.2    866.7    868.7   0.768
20260406193840    140    365.0    385.0   20.0     70.2    857.8    856.8   0.818
20260406193840    140    435.0    450.0   20.0     56.3    857.6    922.6   0.738
20260406193840    140   1375.0   1390.0   20.0     20.5   1031.6   1027.3   0.752
20260406193840    141      0.0     50.0   20.0     93.3      0.0   1182.2   0.866
20260406193840    143     90.0    130.0   20.0    130.1    851.5    853.8   0.801
20260406193840    143   1145.0   1190.0   20.0    178.5    864.0    868.0   0.778
20260406193840    144    965.0    980.0   20.0     31.4    884.2    876.4   0.797
20260406193840    145    285.0    310.0   20.0     33.2    858.9    858.4   0.772
20260406193840    145   1155.0   1230.0   20.0    125.2    871.9    870.5   0.761
20260406193840    147    520.0    535.0   20.0    127.3    865.0   1157.3   0.880
20260406193840    148    485.0    515.0   20.0     78.1    868.8    869.4   0.770
20260406193840    148   1270.0   1330.0   20.0     64.5    873.7   1117.3   0.909
20260406193840    149    785.0    840.0   20.0     83.5    865.1    868.2   0.812
20260406193840    150    430.0    470.0   20.0    117.2    863.1    865.5   0.780
20260406193840    150    595.0    610.0   20.0     92.4    870.5    973.1   0.743
20260406193840    150    965.0    980.0   20.0     22.7   1073.4   1082.1   0.576
20260406193840    150   1100.0   1115.0   20.0     38.3   1097.6   1135.4   0.806
20260406193840    151    560.0    580.0   20.0     83.6    853.3    853.4   0.703
20260406193840    151   1160.0   1210.0   20.0     86.0    858.7    930.0   0.895
20260406193840    151   1275.0   1365.0   20.0     33.3    948.2    984.8   0.786
20260406193840    151   1445.0   1460.0   20.0    139.6    997.6    858.5   0.810
20260406193840    153   1615.0   1640.0   20.0    131.7    867.3    868.3   0.856
20260406193840    154    765.0    780.0   20.0     46.7    881.5    883.0   0.775
20260406193840    154    830.0    845.0   20.0     47.6    882.8    943.6   0.758
20260406193840    154   1035.0   1050.0   20.0     23.7    979.8   1026.1   0.691
20260406193840    155     20.0     40.0   20.0     87.9    871.7    866.7   0.751
20260406193840    155    125.0    140.0   20.0    126.8    867.4   1104.0   0.806
20260406193840    157    265.0    285.0   20.0     67.5    872.0    872.3   0.768
20260406193840    157    815.0    870.0   20.0     31.7    881.6   1042.1   0.612
20260406193840    157    905.0    920.0   20.0     24.3   1047.3   1046.9   0.542
20260406193840    157   1170.0   1190.0   20.0     48.5   1069.8   1084.9   0.800
20260406193840    157   1250.0   1285.0   20.0     52.2   1058.4   1094.1   0.799
20260406193840    157   1500.0   1520.0   20.0     30.3   1085.5   1136.5   0.719
20260406193840    158     60.0     70.0   20.0     26.7   1182.9   1191.6   0.516
20260406193840    159     20.0     35.0   20.0     25.3    194.5    212.1   0.747
20260406193840    159    135.0    150.0   20.0     64.2    208.5    166.7   0.734
20260406193840    159   1535.0   1550.0   20.0     57.1    130.5    290.7   0.864
20260406193840    160    225.0    240.0   20.0    126.2   1074.5    865.0   0.816
20260406193840    162      0.0     10.0   20.0     23.5      0.0   1007.4   0.455
20260406193840    162     60.0     75.0   20.0     78.8   1018.0   1033.2   0.643
20260406193840    162    165.0    245.0   20.0     40.3   1055.8   1180.7   0.784
20260406193840    163   1625.0   1640.0   20.0     25.1    873.0    902.7   0.745
20260406193840    165    200.0    215.0   20.0    119.9    876.0   1149.1   0.833
20260406193840    167    375.0    390.0   20.0     99.9    879.7   1047.1   0.769
20260406193840    167    440.0    515.0   20.0     29.9   1039.9   1137.1   0.717
20260406193840    167    695.0    710.0   20.0     41.0   1178.2   1208.5   0.796
20260406193840    167    820.0    835.0   20.0     36.3   1226.4   1272.7   0.739
20260406193840    168    105.0    150.0   20.0     96.4    880.9   1076.3   0.843
20260406193840    168    320.0    335.0   20.0     20.8   1114.0   1136.5   0.766
20260406193840    169     20.0     35.0   20.0     41.3    886.2    886.2   0.806
20260406193840    169   1030.0   1045.0   20.0    154.2    897.9   1241.6   0.888
20260406193840    169   1695.0   1710.0   20.0     81.4   1201.0    895.1   0.920
20260406193840    170   1150.0   1165.0   20.0     24.8   1223.2   1247.5   0.757
20260406193840    171    300.0    315.0   20.0     62.4    887.6    889.4   0.751
20260406193840    172    615.0    630.0   20.0     45.6    892.2    959.5   0.829
20260406193840    172    685.0    845.0   20.0     95.2    976.5   1066.7   0.711
20260406193840    172   1150.0   1185.0   20.0     65.8   1020.2   1093.6   0.795
20260406193840    172   1255.0   1270.0   20.0     22.4   1134.5   1108.9   0.740
20260406193840    172   1350.0   1365.0   20.0     20.3   1130.5   1164.9   0.640
20260406193840    173    280.0    305.0   20.0     86.3    882.2   1026.9   0.786
20260406193840    173    660.0    675.0   20.0     21.4   1055.4   1064.2   0.457
20260406193840    173    875.0    900.0   20.0    163.3   1083.6    888.4   0.797
20260406193840    174    390.0    425.0   20.0    136.9    891.1    888.9   0.833
20260406193840    175    945.0    960.0   20.0     71.1    891.7    892.6   0.732
20260406193840    176    110.0    145.0   20.0     77.0    892.2    898.4   0.793
20260406193840    176   1450.0   1465.0   20.0     26.6    903.9   1000.9   0.819
20260406193840    176   1555.0   1570.0   20.0    103.4   1047.2    900.8   0.826
20260406193840    176   1665.0   1680.0   20.0     36.0    907.8    951.8   0.719
20260406193840    177    430.0    445.0   20.0     38.1   1312.9   1349.1   0.684
20260406193840    178     85.0    100.0   20.0    176.1   1056.7    883.1   0.755
20260406193840    178    150.0    190.0   20.0     58.0    887.5    887.4   0.747
20260406193840    179     60.0     75.0   20.0     55.4    902.9    901.2   0.671
20260406193840    180    185.0    205.0   20.0     38.8    888.1    891.4   0.754
20260406193840    180   1390.0   1410.0   20.0     93.4    902.7   1105.7   0.855
20260406193840    182     10.0     25.0   20.0     28.0    137.1    130.8   0.796
20260406193840    184    260.0    280.0   20.0     55.8    914.4   1027.0   0.797
20260406193840    184    445.0    465.0   20.0     71.6    997.1   1077.5   0.588
20260406193840    184   1005.0   1015.0   20.0     20.1   1048.6   1049.0   0.772
20260406193840    184   1130.0   1145.0   20.0     20.6   1060.7   1071.2   0.533
20260406193840    186     30.0     45.0   20.0    120.2    902.6    902.9   0.792
20260406193840    186    230.0    245.0   20.0     30.3    904.9    954.0   0.767
20260406193840    186   1325.0   1340.0   20.0     25.6   1056.5   1109.5   0.827
20260406193840    187    750.0    785.0   20.0     74.9    905.3   1130.7   0.863
20260406193840    188   1580.0   1595.0   20.0     76.4    924.6   1140.4   0.864
20260406193840    190   1200.0   1215.0   20.0     48.1    920.2    916.3   0.557
20260406193840    191    705.0    720.0   20.0     66.3    926.8   1003.2   0.762
20260406193840    191    795.0    810.0   20.0     20.8   1008.3   1051.1   0.786
20260406193840    191    925.0    940.0   20.0     23.8   1045.1   1050.1   0.672
20260406193840    191   1060.0   1075.0   20.0     31.5   1052.3   1040.5   0.781
20260406193840    191   1150.0   1165.0   20.0     27.0   1068.4   1119.8   0.905
20260406193840    191   1375.0   1390.0   20.0     22.3   1141.9   1162.7   0.799
20260406193840    191   1650.0   1665.0   20.0     41.2   1153.8   1180.6   0.844
20260406193840    193    735.0    750.0   20.0     83.5    928.6   1030.1   0.739
20260406193840    193    790.0    805.0   20.0     29.5   1057.5   1104.4   0.802
20260406193840    193    845.0    860.0   20.0     44.7   1114.6   1086.6   0.804
20260406193840    193    975.0    990.0   20.0     34.8   1079.3   1160.0   0.859
20260406193840    193   1355.0   1370.0   20.0     56.1   1259.0   1302.2   0.802
20260406193840    194    385.0    465.0   20.0     54.2    936.7   1207.7   0.790
20260406193840    194    550.0    565.0   20.0    192.4   1257.7    944.9   0.827
20260406193840    194    950.0   1005.0   20.0     91.0    940.9    942.8   0.786
20260406193840    194   1130.0   1145.0   20.0     82.2    943.6    940.7   0.757
20260406193840    194   1600.0   1660.0   20.0    104.4    939.0   1071.0   0.805
20260406193840    195    130.0    145.0   20.0    124.1    924.6   1184.0   0.859
20260406193840    196    345.0    360.0   20.0     37.3    934.5    977.7   0.737
20260406193840    196    515.0    530.0   20.0     22.5   1007.5    997.0   0.760
20260406193840    196    665.0    680.0   20.0     33.8   1027.1   1003.4   0.750
20260406193840    196   1110.0   1125.0   20.0     26.0   1035.7   1111.5   0.784
20260406193840    198    430.0    485.0   20.0     65.4    930.8   1131.2   0.781
20260406193840    198    525.0    560.0   20.0    145.5   1146.5   1003.3   0.784
20260406193840    198    600.0    795.0   20.0     63.6   1020.1   1111.9   0.790
20260406193840    198    935.0    950.0   20.0     28.4   1091.1   1098.2   0.736
20260406193840    198   1030.0   1045.0   20.0     21.4   1107.8   1110.7   0.691
20260406193840    199    560.0    575.0   20.0     94.0    930.4    929.6   0.820
20260406193840    200    540.0    555.0   20.0     20.4    945.1    946.0   0.493
20260406193840    200   1320.0   1335.0   20.0     78.6    945.8    948.4   0.744
20260406193840    201   1090.0   1110.0   20.0     53.9    950.4    951.6   0.833
20260406193840    202    195.0    245.0   20.0     45.0   1138.3   1234.3   0.817
20260406193840    202    485.0    500.0   20.0     33.5   1265.4   1309.3   0.816
20260406193840    203   1410.0   1425.0   20.0    143.4    967.5   1467.8   0.885
20260406193840    205    195.0    225.0   20.0    255.9    948.7    948.9   0.785
20260406193840    205   1525.0   1545.0   20.0    166.5    957.8    963.9   0.856
20260406193840    208     25.0    145.0   20.0     72.3    948.7   1188.1   0.777
20260406193840    208    270.0    285.0   20.0     26.1   1180.5   1209.8   0.760
20260406193840    208    345.0    360.0   20.0     21.1   1203.7   1239.5   0.850
20260406193840    208    890.0    905.0   20.0     30.1   1266.3   1286.2   0.653
20260406193840    209   1360.0   1380.0   20.0     85.9    969.3    969.9   0.862
20260406193840    209   1455.0   1540.0   20.0    143.7    968.6    973.0   0.852
20260406193840    211    515.0    530.0   20.0     43.5    967.6   1117.5   0.751
20260406193840    211    590.0    640.0   20.0    250.1   1160.8    967.8   0.823
20260406193840    211    810.0    825.0   20.0     44.8    971.2   1170.5   0.769
20260406193840    211    880.0    925.0   20.0    227.3   1227.7    969.7   0.852
20260406193840    212    495.0    515.0   20.0     50.2    985.5    985.6   0.751
20260406193840    212   1120.0   1140.0   20.0    168.0    984.5    983.4   0.794
20260406193840    212   1200.0   1230.0   20.0     43.7    985.4   1110.7   0.880
20260406193840    212   1290.0   1305.0   20.0     26.5   1160.4   1207.1   0.753
20260406193840    212   1360.0   1375.0   20.0     48.3   1206.9   1212.4   0.796
20260406193840    212   1420.0   1435.0   20.0     40.5   1182.6   1206.9   0.796
20260406193840    213    900.0    920.0   20.0    129.7    977.6   1297.6   0.858
20260406193840    214      0.0     10.0   20.0     21.9      0.0   1133.9   0.648
20260406193840    214     50.0     65.0   20.0     40.7   1116.9   1142.4   0.830
20260406193840    214    135.0    150.0   20.0     41.5   1140.1   1239.6   0.724
20260406193840    214    225.0    240.0   20.0     25.6   1225.9   1221.5   0.624
20260406193840    214    385.0    395.0   20.0     21.0   1219.4   1240.7   0.717
20260406193840    214    755.0    770.0   20.0     21.1   1279.2   1302.9   0.801
20260406193840    214   1000.0   1015.0   20.0     30.0   1308.0   1331.0   0.841
20260406193840    215    525.0    545.0   20.0     41.3    983.4   1174.7   0.875
20260406193840    215    635.0    645.0   20.0     21.9   1200.1   1193.7   0.472
20260406193840    215    765.0    780.0   20.0     38.4   1268.2   1350.6   0.507
20260406193840    215   1225.0   1240.0   20.0     27.4   1408.6   1436.2   0.842
20260406193840    216    370.0    390.0   20.0     34.0    984.6    986.6   0.717
20260406193840    216    865.0    915.0   20.0     75.2    990.2   1136.8   0.830
20260406193840    216    955.0   1100.0   20.0     85.9   1132.6   1266.7   0.754
20260406193840    216   1230.0   1245.0   20.0     36.4   1224.2   1266.2   0.830
20260406193840    216   1555.0   1570.0   20.0     86.2   1248.2    985.0   0.914
20260406193840    217    180.0    270.0   20.0     73.5    989.6    988.9   0.848
20260406193840    217    765.0    780.0   20.0     78.0    989.3   1176.0   0.839
20260406193840    218   1785.0   1800.0   20.0     57.7    999.1   1001.4   0.711
20260406193840    219    960.0    975.0   20.0     59.4    990.7    991.1   0.753
20260406193840    220    915.0    930.0   20.0     28.5   1292.0   1305.0   0.743
20260406193840    222    230.0    285.0   20.0     95.7   1005.0   1271.1   0.777
20260406193840    222    425.0    455.0   20.0     21.6   1218.7   1231.7   0.696
20260406193840    222   1645.0   1660.0   20.0     74.8   1353.6   1409.2   0.847
20260406193840    223   1100.0   1145.0   20.0     26.3   1000.4   1166.5   0.861
20260406193840    223   1265.0   1280.0   20.0    123.3   1151.2    996.7   0.882
20260406193840    224   1530.0   1565.0   20.0     55.6   1001.8   1000.0   0.794
20260406193840    224   1605.0   1615.0   20.0     22.8   1000.0   1001.9   0.421
20260406193840    224   1710.0   1780.0   20.0    290.6   1000.0   1002.4   0.852
20260406193840    225     85.0    160.0   20.0     43.8   1006.5   1131.2   0.743
20260406193840    225    225.0    295.0   20.0     23.4   1139.6   1137.4   0.636
20260406193840    225    330.0    345.0   20.0     38.6   1152.6   1153.0   0.736
20260406193840    225    390.0    405.0   20.0     26.5   1152.9   1199.8   0.589
20260406193840    225    545.0    560.0   20.0    140.7   1204.9   1202.1   0.557
20260406193840    225    690.0    705.0   20.0     27.2   1205.5   1235.4   0.612
20260406193840    225    750.0    760.0   20.0     23.0   1250.5   1273.4   0.404
20260406193840    225   1390.0   1405.0   20.0     21.3   1260.3   1269.4   0.779
20260406193840    225   1460.0   1475.0   20.0     78.0   1267.4   1266.0   0.859
20260406193840    225   1730.0   1745.0   20.0    140.4   1309.8   1002.7   0.898
20260406193840    226      0.0     15.0   20.0     51.9      0.0   1257.4   0.767
20260406193840    226     95.0    110.0   20.0     27.0   1292.4   1293.4   0.561
20260406193840    226    145.0    165.0   20.0    112.1   1284.8   1004.4   0.830
20260406193840    226    375.0    390.0   20.0    150.1   1004.0   1331.4   0.859
20260406193840    226    460.0    480.0   20.0    234.8   1355.4   1004.5   0.811
20260406193840    226    795.0    810.0   20.0     49.4   1008.1   1006.1   0.774
20260406193840    227   1675.0   1690.0   20.0     27.9   1005.0   1054.1   0.737
20260406193840    228   1540.0   1600.0   20.0     44.0   1016.6   1065.7   0.782
20260406193840    230    645.0    660.0   20.0     54.3   1024.1   1022.1   0.791
20260406193840    230   1215.0   1240.0   20.0    353.8   1027.9   1023.6   0.883
20260406193840    232   1405.0   1420.0   20.0     26.3   1326.6   1373.7   0.729
20260406193840    233    815.0    830.0   20.0    176.4   1023.4   1569.9   0.888
20260406193840    233    865.0    880.0   20.0     21.6   1595.8   1592.2   0.598
20260406193840    233   1050.0   1090.0   20.0     28.2   1599.6   1606.8   0.725
20260406193840    233   1140.0   1195.0   20.0     43.8   1604.4   1622.5   0.724
20260406193840    233   1310.0   1415.0   20.0     42.8   1609.0   1592.8   0.858
20260406193840    234    130.0    145.0   20.0     22.9   1483.3   1475.1   0.885
20260406193840    235    355.0    425.0   20.0    219.1   1035.6   1033.8   0.878
20260406193840    236     30.0    105.0   20.0    193.4   1037.6   1037.6   0.844
20260406193840    236    490.0    505.0   20.0     94.2   1037.5   1037.6   0.671
20260406193840    236    900.0    930.0   20.0     50.6   1039.8   1211.3   0.899
20260406193840    236   1050.0   1105.0   20.0    106.1   1273.9   1036.3   0.867
20260406193840    237    785.0    840.0   20.0     65.6   1047.2   1224.1   0.773
20260406193840    237    875.0    900.0   20.0     79.6   1231.2   1237.5   0.745
20260406193840    237   1115.0   1130.0   20.0     35.0   1289.2   1324.3   0.554
20260406193840    237   1255.0   1275.0   20.0     59.6   1354.4   1322.0   0.800
20260406193840    238    290.0    355.0   20.0     83.5   1280.5   1337.2   0.790
20260406193840    238   1285.0   1300.0   20.0     22.5   1394.8   1409.3   0.729
20260406193840    238   1370.0   1385.0   20.0     21.9   1412.3   1427.9   0.839
20260406193840    238   1760.0   1775.0   20.0     20.8   1439.6   1427.9   0.870
20260406193840    239   1145.0   1215.0   20.0    251.2   1054.9   1055.5   0.831
20260406193840    239   1525.0   1540.0   20.0     30.1   1054.0   1053.8   0.480
20260406193840    240    555.0    570.0   20.0     51.3   1213.4   1239.7   0.789
20260406193840    240    795.0    810.0   20.0     24.9   1328.6   1373.9   0.737
20260406193840    240    890.0    905.0   20.0     30.0   1368.3   1403.8   0.802
20260406193840    240    990.0   1005.0   20.0     36.0   1347.6   1375.2   0.873
20260406193840    240   1280.0   1295.0   20.0     32.2   1359.6   1365.5   0.636
20260406193840    241     25.0     50.0   20.0     60.5   1045.3   1365.4   0.858
20260406193840    241    200.0    215.0   20.0     20.6   1387.6   1423.5   0.729
20260406193840    242   1740.0   1755.0   20.0     36.0   1046.4   1111.6   0.755
20260406193840    243   1065.0   1080.0   20.0     27.2   1059.6   1062.2   0.635
20260406193840    244     35.0     50.0   20.0     25.1   1236.9   1233.3   0.641
20260406193840    244    250.0    265.0   20.0     21.5   1281.7   1296.7   0.783
20260406193840    244   1055.0   1070.0   20.0     20.6   1362.5   1368.7   0.420
20260406193840    244   1330.0   1345.0   20.0     29.7   1404.8   1434.6   0.811
20260406193840    245    265.0    285.0   20.0    316.9   1062.5   1074.4   0.838
20260406193840    245    375.0    405.0   20.0    198.7   1062.1   1061.6   0.822
20260406193840    246    110.0    215.0   20.0     60.4   1070.0   1363.9   0.747
20260406193840    246    260.0    345.0   20.0     50.2   1352.6   1352.6   0.551
20260406193840    246    380.0    400.0   20.0     29.3   1340.5   1377.3   0.611
20260406193840    246    445.0    500.0   20.0    174.1   1382.2   1424.4   0.751
20260406193840    246    550.0    565.0   20.0     38.5   1475.3   1484.0   0.622
20260406193840    246    775.0    790.0   20.0     23.1   1510.6   1526.4   0.713
20260406193840    246    890.0    905.0   20.0     38.2   1552.3   1557.2   0.640
20260406193840    246    985.0   1005.0   20.0     21.5   1562.8   1614.2   0.840
20260406193840    246   1435.0   1445.0   20.0    392.1   1650.5   1637.9   0.555
20260406193840    248    150.0    165.0   20.0     26.2   1435.8   1487.4   0.459
20260406193840    249    300.0    395.0   20.0     79.6   1075.4   1342.4   0.815
20260406193840    249    460.0    475.0   20.0     32.3   1376.1   1423.1   0.745
20260406193840    249    625.0    640.0   20.0     22.7   1518.8   1536.3   0.874
20260406193840    250    565.0    580.0   20.0     49.4   1078.6   1142.5   0.759
20260406193840    250    640.0    760.0   20.0     73.2   1186.1   1356.9   0.839
20260406193840    250    820.0    845.0   20.0    274.4   1354.5   1076.9   0.861
20260406193840    250   1650.0   1665.0   20.0     69.1   1074.0   1150.0   0.778
20260406193840    251   1565.0   1580.0   20.0     71.6   1076.3   1076.7   0.587
20260406193840    252    250.0    265.0   20.0     22.8   1375.9   1379.3   0.669
20260406193840    252    310.0    325.0   20.0     35.1   1381.2   1387.1   0.804
20260406193840    252    465.0    480.0   20.0     63.0   1453.4   1577.0   0.927
20260406193840    252    665.0    680.0   20.0     30.6   1585.0   1619.2   0.799
20260406193840    253    285.0    300.0   20.0    111.7   1108.3   1104.1   0.462
20260406193840    253   1040.0   1075.0   20.0    152.6   1104.9   1104.4   0.836
20260406193840    254   1580.0   1595.0   20.0     52.3   1090.0   1143.9   0.752
20260406193840    254   1755.0   1770.0   20.0     31.1   1170.1   1169.3   0.775
20260406193840    255    750.0    770.0   20.0    112.7   1105.4   1102.8   0.849
20260406193840    255   1045.0   1060.0   20.0     20.3   1105.5   1104.6   0.414
20260406193840    255   1585.0   1600.0   20.0     46.6   1100.6   1102.3   0.769
20260406193840    256    940.0    955.0   20.0     32.9   1168.9   1209.0   0.733
20260406193840    256   1110.0   1200.0   20.0     33.6   1238.2   1289.7   0.808
20260406193840    256   1250.0   1265.0   20.0     56.3   1288.5   1173.2   0.796
20260406193840    256   1685.0   1710.0   20.0     42.1   1175.8   1282.5   0.772
20260406193840    256   1745.0   1760.0   20.0     41.1   1275.9   1186.8   0.780
20260406201200      1    705.0    720.0   20.0    112.3    977.7   1267.4   0.809
20260406201200      1    790.0    805.0   20.0     30.3   1261.7   1298.9   0.778
20260406201200      1    915.0    930.0   20.0     48.2   1295.8   1338.3   0.772
20260406201200      1   1050.0   1065.0   20.0    133.0   1315.8    967.0   0.932
20260406201200      1   1520.0   1540.0   20.0     85.0    939.1   1044.2   0.807
20260406201200      2    535.0    560.0   20.0     82.8    975.6   1191.1   0.870
20260406201200      2    600.0    615.0   20.0     25.2   1209.5   1169.5   0.631
20260406201200      2    765.0    775.0   20.0     34.9   1227.0   1274.1   0.589
20260406201200      2   1100.0   1115.0   20.0     41.0   1316.0   1329.5   0.843
20260406201200      2   1245.0   1295.0   20.0     22.0   1354.1   1373.7   0.895
20260406201200      3    470.0    485.0   20.0     56.7    954.3    954.5   0.701
20260406201200      4    580.0    595.0   20.0     31.2   1283.4   1281.8   0.705
20260406201200      4   1445.0   1460.0   20.0     22.1   1274.9   1281.7   0.825
20260406201200      6    390.0    405.0   20.0     64.7    972.2   1023.9   0.751
20260406201200      6    575.0    630.0   20.0     89.8   1060.2    953.7   0.791
20260406201200      7    155.0    175.0   20.0    219.4   1254.0   1427.0   0.902
20260406201200      7    280.0    290.0   20.0    204.9   1349.7   1389.2   0.510
20260406201200      7    485.0    525.0   20.0     38.7   1348.7   1398.9   0.501
20260406201200      7   1080.0   1760.0   18.3    506.3   1437.8   1219.1   0.899
20260406201200     10    660.0    675.0   20.0     55.2    946.1    941.8   0.787
20260406201200     10   1665.0   1680.0   20.0     52.8    933.3    985.8   0.708
20260406201200     10   1770.0   1785.0   20.0     25.6    985.9    984.2   0.814
20260406201200     11    560.0    575.0   20.0     22.8   1380.6   1371.6   0.800
20260406201200     11    680.0    695.0   20.0     59.6   1374.9   1425.0   0.792
20260406201200     12    910.0    925.0   20.0     72.2    938.8    940.7   0.754
20260406201200     13     80.0    100.0   20.0    114.8    944.0    945.4   0.818
20260406201200     14    985.0   1030.0   20.0    123.2    915.7    911.2   0.775
20260406201200     15    290.0    300.0   20.0     23.1    987.2    952.2   0.463
20260406201200     15    550.0    570.0   20.0    186.3    961.6   1205.4   0.877
20260406201200     15    950.0    965.0   20.0     33.0   1277.1   1313.8   0.898
20260406201200     15   1015.0   1030.0   20.0     20.7   1295.5   1302.5   0.834
20260406201200     16     70.0    135.0   20.0     41.7    939.1   1129.9   0.772
20260406201200     16    250.0    265.0   20.0     26.9   1093.3   1127.9   0.767
20260406201200     16    650.0    665.0   20.0     24.0   1226.7   1217.8   0.671
20260406201200     16    720.0    745.0   20.0     83.6   1210.6    938.2   0.865
20260406201200     17    460.0    475.0   20.0     39.9    938.7    937.0   0.783
20260406201200     17   1395.0   1420.0   20.0     59.9    915.2    912.4   0.765
20260406201200     19    685.0    700.0   20.0     61.7    926.2    926.4   0.818
20260406201200     21   1070.0   1090.0   20.0     69.7    916.0   1144.5   0.907
20260406201200     21   1310.0   1325.0   20.0    130.2   1240.7    896.7   0.884
20260406201200     22   1630.0   1650.0   20.0     86.5    870.1   1035.3   0.854
20260406201200     24   1400.0   1415.0   20.0     50.4    919.1    965.0   0.752
20260406201200     24   1530.0   1545.0   20.0     20.2    975.5    986.0   0.819
20260406201200     25   1785.0   1800.0   20.0     51.1    856.6    906.8   0.797
20260406201200     26    400.0    415.0   20.0     22.7   1217.6   1236.8   0.780
20260406201200     26    480.0    495.0   20.0     21.9   1232.3   1240.1   0.674
20260406201200     27     30.0     45.0   20.0    155.3    907.4   1268.0   0.881
20260406201200     29    995.0   1010.0   20.0     62.3    903.2    977.4   0.838
20260406201200     29   1100.0   1115.0   20.0    138.6   1001.6    901.3   0.774
20260406201200     30     80.0     95.0   20.0    109.4   1051.6    907.5   0.792
20260406201200     31     70.0     85.0   20.0    260.9   1186.1    900.2   0.795
20260406201200     31    805.0    820.0   20.0     40.3    905.7    907.0   0.790
20260406201200     31   1515.0   1525.0   20.0     23.2    915.7    876.9   0.484
20260406201200     31   1680.0   1730.0   20.0     94.3    864.7   1184.3   0.882
20260406201200     32    605.0    620.0   20.0     96.6    903.5   1063.0   0.825
20260406201200     33     20.0     75.0   20.0     37.9   1007.3   1034.4   0.758
20260406201200     33    735.0    750.0   20.0     82.3   1020.8    941.4   0.845
20260406201200     33   1210.0   1225.0   20.0    124.7    884.1   1120.4   0.851
20260406201200     34     35.0     50.0   20.0     59.1    908.7   1126.3   0.729
20260406201200     34    545.0    560.0   20.0     21.4   1228.2   1263.2   0.858
20260406201200     38    200.0    215.0   20.0     93.8    906.5    907.9   0.718
20260406201200     39    135.0    150.0   20.0     45.9   1001.5    968.2   0.802
20260406201200     39   1010.0   1025.0   20.0     25.9   1074.2   1091.3   0.648
20260406201200     39   1100.0   1115.0   20.0     29.2   1067.2   1085.2   0.780
20260406201200     39   1205.0   1220.0   20.0     32.4   1091.1   1112.3   0.766
20260406201200     39   1385.0   1400.0   20.0     69.1   1122.0   1187.6   0.821
20260406201200     39   1580.0   1595.0   20.0     21.2   1129.0   1126.4   0.651
20260406201200     40    740.0    760.0   20.0     80.4    899.5   1080.6   0.850
20260406201200     43    260.0    280.0   20.0     86.2    894.7    896.2   0.780
20260406201200     44    710.0    730.0   20.0     84.6    891.2    890.1   0.775
20260406201200     44    765.0    780.0   20.0    125.7    887.8    889.7   0.855
20260406201200     44    845.0    870.0   20.0     46.5    888.2    890.1   0.752
20260406201200     45   1240.0   1255.0   20.0     24.7   1118.7   1128.5   0.617
20260406201200     46     30.0     70.0   20.0     84.5    872.8    878.7   0.638
20260406201200     46    990.0   1070.0   20.0     37.7    902.0   1018.8   0.893
20260406201200     49    340.0    385.0   20.0    210.7    887.4    880.4   0.825
20260406201200     49    630.0    645.0   20.0     47.2    884.5   1038.3   0.826
20260406201200     49    775.0    850.0   20.0    138.8   1018.0   1036.1   0.784
20260406201200     49    945.0    955.0   20.0     22.0   1029.4   1019.2   0.538
20260406201200     49   1380.0   1395.0   20.0     29.5   1050.8   1049.6   0.618
20260406201200     49   1535.0   1550.0   20.0     25.4   1018.1   1062.4   0.843
20260406201200     49   1630.0   1645.0   20.0     38.9   1067.3   1106.5   0.703
20260406201200     50    565.0    580.0   20.0     35.7    882.8    934.4   0.776
20260406201200     50    635.0    695.0   20.0     24.5    965.3   1037.4   0.834
20260406201200     52    105.0    120.0   20.0     39.2    870.0    923.5   0.743
20260406201200     52    595.0    610.0   20.0     51.3   1115.8   1118.1   0.751
20260406201200     52    730.0    750.0   20.0    112.0   1154.3    871.4   0.838
20260406201200     52   1105.0   1120.0   20.0     36.0    875.7    953.4   0.754
20260406201200     52   1175.0   1190.0   20.0     28.2   1020.4   1039.2   0.646
20260406201200     52   1290.0   1305.0   20.0     23.8   1076.1   1083.7   0.829
20260406201200     54    725.0    740.0   20.0     51.1    884.2   1066.2   0.757
20260406201200     54    870.0    885.0   20.0     30.5   1052.8   1081.6   0.767
20260406201200     54    950.0    965.0   20.0     20.1   1071.2   1090.3   0.792
20260406201200     55    430.0    445.0   20.0     56.6    864.7    867.3   0.741
20260406201200     55    945.0    960.0   20.0     23.4    868.8    909.4   0.749
20260406201200     56   1120.0   1135.0   20.0     70.2    930.5    880.8   0.755
20260406201200     57    285.0    300.0   20.0     38.5   1193.5   1195.1   0.619
20260406201200     57    890.0    905.0   20.0     27.6   1252.6   1245.9   0.728
20260406201200     58      5.0     20.0   20.0     21.2   1072.6   1060.2   0.531
20260406201200     58    655.0    670.0   20.0     23.8   1081.0   1098.6   0.901
20260406201200     58    895.0    910.0   20.0     22.1   1086.1   1087.1   0.752
20260406201200     59    535.0   1800.0   20.0    173.4   1301.4   1178.0   0.869
20260406201200     61     45.0     65.0   20.0    108.8    858.4    859.3   0.863
20260406201200     61    160.0    175.0   20.0     98.1    861.4    861.6   0.733
20260406201200     63    695.0    725.0   20.0    219.3    855.7    861.0   0.800
20260406201200     63    795.0    815.0   20.0     40.1    856.3    857.3   0.822
20260406201200     64    515.0    630.0   20.0     74.8    876.1   1257.9   0.856
20260406201200     64    730.0    745.0   20.0    104.7   1155.6    877.4   0.919
20260406201200     65    530.0    545.0   20.0     45.2    856.9    858.1   0.791
20260406201200     66     85.0    100.0   20.0     37.8    979.8   1067.9   0.857
20260406201200     66    205.0    220.0   20.0    141.7   1090.5    863.1   0.752
20260406201200     66    550.0    565.0   20.0     43.7    867.9    868.4   0.704
20260406201200     66   1295.0   1310.0   20.0     48.8    873.0   1036.9   0.913
20260406201200     66   1345.0   1365.0   20.0     32.3   1056.8   1098.6   0.870
20260406201200     67   1065.0   1085.0   20.0     87.9    848.6   1036.0   0.846
20260406201200     68    865.0    880.0   20.0     37.0    880.3    924.0   0.732
20260406201200     69    690.0    705.0   20.0    102.1    846.8   1015.7   0.851
20260406201200     70    360.0    375.0   20.0     22.8   1148.1   1177.5   0.825
20260406201200     70    765.0    780.0   20.0     32.3   1174.9   1184.2   0.782
20260406201200     70    985.0   1000.0   20.0     27.9   1140.7   1163.3   0.711
20260406201200     71    695.0    710.0   20.0    113.2    855.6   1103.8   0.877
20260406201200     71   1245.0   1260.0   20.0     39.0   1006.2    848.0   0.946
20260406201200     72     10.0     25.0   20.0     47.7    842.6    905.1   0.757
20260406201200     72    225.0    240.0   20.0     22.6    982.8    986.9   0.594
20260406201200     73   1080.0   1095.0   20.0     86.9    847.1    991.7   0.801
20260406201200     73   1545.0   1560.0   20.0     29.3   1041.7   1058.4   0.808
20260406201200     75   1295.0   1310.0   20.0     97.2    847.1    948.4   0.809
20260406201200     76    250.0    265.0   20.0     63.7    855.3   1031.6   0.787
20260406201200     76    800.0    865.0   20.0     44.1   1064.1   1080.7   0.886
20260406201200     79   1200.0   1215.0   20.0    114.8    848.0    973.1   0.716
20260406201200     79   1310.0   1325.0   20.0     22.7   1002.1   1025.7   0.762
20260406201200     79   1440.0   1455.0   20.0     34.1   1046.3   1030.2   0.865
20260406201200     79   1630.0   1685.0   20.0    117.5   1074.2    810.3   0.911
20260406201200     80    415.0    430.0   20.0     22.4    459.4    468.3   0.847
20260406201200     84   1165.0   1180.0   20.0     95.9    847.0   1005.1   0.810
20260406201200     84   1220.0   1235.0   20.0     21.0   1018.9   1038.8   0.794
20260406201200     85   1395.0   1440.0   20.0    131.1    839.2    837.9   0.858
20260406201200     86      5.0     20.0   20.0     30.2    843.5    950.3   0.802
20260406201200     86    225.0    240.0   20.0     25.8   1006.0   1032.3   0.850
20260406201200     86    335.0    355.0   20.0     30.2   1042.8   1054.3   0.815
20260406201200     87    855.0    870.0   20.0     91.5    849.2   1008.5   0.814
20260406201200     87   1750.0   1765.0   20.0     23.2   1061.1   1088.1   0.897
20260406201200     89   1500.0   1515.0   20.0     38.7    839.2   1050.3   0.917
20260406201200     90    560.0    575.0   20.0     20.8   1039.2   1062.7   0.787
20260406201200     91    825.0    890.0   20.0     64.6    858.3    857.7   0.851
20260406201200     91   1305.0   1320.0   20.0     25.7    853.6    853.1   0.779
20260406201200     92     65.0     80.0   20.0     23.4    958.9    981.6   0.644
20260406201200     92    985.0   1000.0   20.0     20.9   1221.8   1230.9   0.883
20260406201200     93     45.0     60.0   20.0     61.4    810.2    811.1   0.683
20260406201200     94    580.0    595.0   20.0     46.3    855.3    848.3   0.788
20260406201200     94    750.0    800.0   20.0     46.5    845.9    908.7   0.763
20260406201200     94   1195.0   1205.0   20.0     24.4    963.5    991.9   0.858
20260406201200     94   1245.0   1260.0   20.0    101.8    973.2    845.5   0.771
20260406201200     95    270.0    315.0   20.0    145.8    847.8    845.1   0.852
20260406201200     95    425.0    480.0   20.0     70.1    846.5    995.3   0.791
20260406201200     95    975.0    990.0   20.0     63.8   1033.2   1071.8   0.879
20260406201200     96    585.0    605.0   20.0     95.0    867.0    871.1   0.754
20260406201200     96    775.0    790.0   20.0     63.6    868.5    870.2   0.794
20260406201200     97    940.0    960.0   20.0     69.8    839.5    840.5   0.823
20260406201200     99    160.0    175.0   20.0     31.0   1009.8   1050.4   0.770
20260406201200     99    500.0    515.0   20.0    116.4   1190.7    843.8   0.888
20260406201200     99    895.0    910.0   20.0     97.9    849.0   1039.7   0.778
20260406201200    100    225.0    240.0   20.0     51.2    850.7    908.8   0.753
20260406201200    100    300.0    355.0   20.0    133.2    923.9    853.5   0.851
20260406201200    100    540.0    580.0   20.0     54.1    860.5    862.5   0.755
20260406201200    101    835.0    850.0   20.0     92.8    850.8   1069.5   0.793
20260406201200    102      0.0     25.0   20.0     31.4      0.0   1166.9   0.777
20260406201200    102    165.0    180.0   20.0     20.4   1217.9   1232.1   0.849
20260406201200    104    265.0    280.0   20.0     53.6    838.2    838.9   0.714
20260406201200    104    475.0    490.0   20.0     21.2    841.0    895.8   0.761
20260406201200    104    755.0    770.0   20.0     22.6    933.0    934.0   0.529
20260406201200    104   1230.0   1250.0   20.0     27.4   1023.1   1028.7   0.861
20260406201200    104   1385.0   1400.0   20.0     27.9   1034.4   1027.7   0.768
20260406201200    104   1440.0   1455.0   20.0     35.2   1000.6   1060.2   0.804
20260406201200    104   1500.0   1515.0   20.0     34.8   1090.9   1095.1   0.779
20260406201200    105    145.0    160.0   20.0     24.3    902.6    961.1   0.729
20260406201200    106    555.0    595.0   20.0     26.8    852.7    939.3   0.779
20260406201200    106    685.0    700.0   20.0     93.0    969.7    850.8   0.777
20260406201200    106    760.0    775.0   20.0     31.4    850.7    918.6   0.743
20260406201200    106    925.0    940.0   20.0    122.6    939.3   1205.8   0.834
20260406201200    108     20.0     30.0   20.0     32.3   1116.2   1135.3   0.499
20260406201200    108    150.0    160.0   20.0     20.1   1193.9   1203.3   0.470
20260406201200    108    225.0    240.0   20.0     35.5   1204.6   1224.4   0.712
20260406201200    108    550.0    620.0   20.0     36.5   1276.4   1287.2   0.822
20260406201200    108    675.0    800.0   20.0     35.6   1281.1   1290.6   0.889
20260406201200    108    960.0    990.0   20.0     25.0   1289.1   1286.3   0.891
20260406201200    108   1060.0   1265.0   20.0     69.0   1283.8   1312.6   0.909
20260406201200    108   1300.0   1370.0   20.0     59.1   1312.8   1308.3   0.910
20260406201200    109   1440.0   1475.0   20.0     39.5    851.4    846.0   0.850
20260406201200    110    130.0    145.0   20.0     42.7    846.8    896.1   0.753
20260406201200    110    210.0    225.0   20.0     23.2    908.9    916.6   0.859
20260406201200    110    640.0    655.0   20.0     21.1    977.1    967.8   0.782
20260406201200    110   1070.0   1085.0   20.0     82.3    985.7    983.9   0.755
20260406201200    110   1340.0   1360.0   20.0     28.5   1002.9   1000.7   0.749
20260406201200    110   1605.0   1620.0   20.0     91.2   1030.6    836.4   0.772
20260406201200    111    150.0    165.0   20.0     22.0   1101.3   1101.1   0.503
20260406201200    111   1620.0   1635.0   20.0     38.6   1137.4   1004.1   0.880
20260406201200    113     75.0     90.0   20.0     80.2    831.7    832.8   0.790
20260406201200    114   1185.0   1200.0   20.0     39.5    856.3    909.3   0.731
20260406201200    114   1385.0   1405.0   20.0     39.0    924.3    922.8   0.863
20260406201200    114   1585.0   1600.0   20.0     78.3    924.8    841.5   0.772
20260406201200    115     70.0    110.0   20.0    135.7    833.9    834.8   0.866
20260406201200    115   1485.0   1500.0   20.0     57.5    839.1    939.8   0.738
20260406201200    115   1710.0   1770.0   20.0     53.9    918.3    811.7   0.803
20260406201200    116    760.0    775.0   20.0     50.6   1092.3   1138.9   0.817
20260406201200    118   1415.0   1460.0   20.0     37.9    851.5    959.3   0.807
20260406201200    118   1610.0   1630.0   20.0     31.7   1018.7   1038.0   0.809
20260406201200    118   1680.0   1695.0   20.0     28.1   1042.4   1047.1   0.581
20260406201200    119    700.0    715.0   20.0     43.7    891.6    853.0   0.609
20260406201200    119   1435.0   1445.0   20.0     21.2    848.3    848.0   0.472
20260406201200    119   1520.0   1535.0   20.0     20.5    845.9    844.2   0.625
20260406201200    120    780.0    795.0   20.0     81.9    866.7    979.7   0.794
20260406201200    120    980.0    995.0   20.0     28.3   1030.0   1063.8   0.809
20260406201200    120   1280.0   1290.0   20.0     26.7   1071.1   1099.7   0.921
20260406201200    120   1350.0   1365.0   20.0     22.5   1078.9   1107.6   0.801
20260406201200    121   1565.0   1585.0   20.0     40.7    857.5    988.7   0.890
20260406201200    121   1710.0   1725.0   20.0     30.4    984.3   1003.8   0.755
20260406201200    122     70.0    135.0   20.0     80.8    853.0   1032.3   0.799
20260406201200    123    255.0    270.0   20.0     54.7    839.4    977.1   0.857
20260406201200    123    410.0    425.0   20.0     24.5   1015.5   1021.4   0.578
20260406201200    123    690.0    705.0   20.0     20.8   1048.4   1074.3   0.889
20260406201200    123   1235.0   1250.0   20.0     25.5   1127.8   1123.6   0.698
20260406201200    123   1780.0   1795.0   20.0     27.7   1100.7   1096.9   0.830
20260406201200    124   1700.0   1750.0   20.0     36.2    837.8    880.1   0.758
20260406201200    125      5.0     20.0   20.0     86.2    835.6   1000.7   0.780
20260406201200    125    100.0    115.0   20.0     39.6   1088.4   1203.4   0.749
20260406201200    126    265.0    280.0   20.0     38.7   1036.5   1126.0   0.687
20260406201200    126   1130.0   1145.0   20.0     25.6   1166.7   1184.0   0.877
20260406201200    127    675.0    690.0   20.0     39.7   1092.9   1090.2   0.781
20260406201200    128    410.0    425.0   20.0     33.4    869.9    916.3   0.777
20260406201200    128    555.0    570.0   20.0    125.9    959.4    865.2   0.769
20260406201200    128    720.0    735.0   20.0     43.1    866.0    915.4   0.748
20260406201200    128   1025.0   1040.0   20.0     27.7   1057.3   1078.9   0.565
20260406201200    128   1210.0   1225.0   20.0     42.0   1104.0   1127.8   0.757
20260406201200    128   1285.0   1320.0   20.0     31.6   1113.2   1162.4   0.823
20260406201200    128   1660.0   1675.0   20.0     35.5   1165.6   1173.1   0.825
20260406201200    129      0.0     10.0   20.0     63.8      0.0    993.3   0.811
20260406201200    130     70.0     85.0   20.0     23.0    971.5    979.2   0.598
20260406201200    130    705.0    720.0   20.0     22.0   1102.0   1132.1   0.858
20260406201200    131    110.0    160.0   20.0    208.7    849.2    850.9   0.822
20260406201200    131   1400.0   1415.0   20.0     52.0    855.1    972.1   0.776
20260406201200    132     70.0    205.0   20.0    139.9    843.1    847.4   0.793
20260406201200    132    535.0    550.0   20.0     27.6    851.8    895.0   0.752
20260406201200    132    640.0    660.0   20.0    135.0    976.5    853.3   0.772
20260406201200    136     90.0    100.0   20.0     20.8    850.3    850.8   0.736
20260406201200    136   1310.0   1325.0   20.0     34.8    861.9    860.5   0.775
20260406201200    136   1365.0   1390.0   20.0     50.9    863.0    858.1   0.730
20260406201200    136   1570.0   1585.0   20.0     71.2    859.5   1028.0   0.806
20260406201200    136   1650.0   1705.0   20.0     47.6   1054.9   1126.7   0.831
20260406201200    137    345.0    360.0   20.0     80.5    864.4   1168.4   0.860
20260406201200    137    485.0    500.0   20.0     38.3   1262.4   1267.7   0.757
20260406201200    137    635.0    905.0   20.0    186.2   1278.1   1292.5   0.836
20260406201200    137    940.0   1315.0   20.0    265.9   1304.1   1288.5   0.803
20260406201200    137   1350.0   1800.0   20.0    256.3   1296.5   1272.4   0.871
20260406201200    140    190.0    205.0   20.0     77.5    860.9   1004.7   0.837
20260406201200    141    305.0    320.0   20.0     23.9   1237.2   1271.6   0.891
20260406201200    142   1005.0   1020.0   20.0     24.7   1054.4   1056.4   0.760
20260406201200    142   1170.0   1185.0   20.0     21.1   1062.2   1094.3   0.822
20260406201200    142   1350.0   1365.0   20.0     29.1   1059.9   1082.0   0.868
20260406201200    143    185.0    200.0   20.0     31.1    861.0   1027.6   0.779
20260406201200    144    185.0    225.0   20.0     83.6    966.4   1126.6   0.798
20260406201200    146   1290.0   1310.0   20.0     37.6    882.1    929.3   0.838
20260406201200    148      5.0     20.0   20.0     27.5    861.3    898.2   0.756
20260406201200    148     90.0    105.0   20.0    144.9    971.7    867.3   0.747
20260406201200    148    540.0    560.0   20.0     61.4    879.7    988.7   0.809
20260406201200    148    695.0    715.0   20.0     26.2   1015.3   1030.1   0.681
20260406201200    148    750.0    825.0   20.0     30.0   1030.9   1046.0   0.670
20260406201200    148   1025.0   1040.0   20.0     23.7   1046.4   1062.3   0.758
20260406201200    148   1235.0   1250.0   20.0     55.1   1073.2   1132.7   0.745
20260406201200    150    300.0    315.0   20.0     26.8    886.8    885.7   0.740
20260406201200    150    790.0    805.0   20.0     30.8    870.9    910.9   0.749
20260406201200    150   1280.0   1290.0   20.0     23.2    939.9    948.7   0.492
20260406201200    150   1720.0   1735.0   20.0     27.9    973.2    993.8   0.861
20260406201200    153   1280.0   1320.0   20.0    124.4    872.6    871.3   0.817
20260406201200    153   1675.0   1695.0   20.0     56.3    856.5   1065.9   0.848
20260406201200    154     70.0     85.0   20.0     53.2    990.2   1026.3   0.431
20260406201200    154    895.0    910.0   20.0     28.2   1152.6   1177.6   0.866
20260406201200    155    880.0    895.0   20.0     91.2    890.9   1101.0   0.853
20260406201200    157     85.0    100.0   20.0     49.9   1008.3   1056.4   0.791
20260406201200    158   1400.0   1415.0   20.0     23.2   1115.5   1133.1   0.876
20260406201200    162      0.0     10.0   20.0     29.4      0.0   1086.4   0.655
20260406201200    162    300.0    345.0   20.0     75.4   1100.6   1163.6   0.863
20260406201200    162    480.0    495.0   20.0     23.6   1182.4   1178.3   0.637
20260406201200    162    700.0    715.0   20.0     22.1   1194.3   1205.4   0.833
20260406201200    162    870.0    885.0   20.0     21.4   1211.9   1222.1   0.806
20260406201200    163   1315.0   1330.0   20.0     38.9    876.8    876.5   0.778
20260406201200    165    240.0    255.0   20.0     98.2    884.8    884.7   0.857
20260406201200    167    525.0    555.0   20.0    110.6    887.2   1065.3   0.774
20260406201200    167    590.0    605.0   20.0     33.6   1085.5   1091.1   0.760
20260406201200    168    185.0    200.0   20.0     48.5    890.9    947.4   0.759
20260406201200    168    340.0    400.0   20.0     27.2    983.8   1039.3   0.786
20260406201200    168    525.0    540.0   20.0     30.3   1138.9   1088.6   0.604
20260406201200    168    745.0    765.0   20.0     45.6   1108.8   1263.8   0.694
20260406201200    168   1625.0   1640.0   20.0     33.6   1364.3   1357.2   0.814
20260406201200    169   1685.0   1700.0   20.0     51.7    890.2    986.7   0.801
20260406201200    169   1745.0   1760.0   20.0     26.9    979.5    998.6   0.775
20260406201200    170    195.0    210.0   20.0     26.4   1091.7   1121.2   0.853
20260406201200    171   1150.0   1170.0   20.0    206.9    900.6    905.6   0.813
20260406201200    173   1670.0   1685.0   20.0     21.1    887.0    924.4   0.844
20260406201200    174     70.0     85.0   20.0     33.9    887.3    949.1   0.770
20260406201200    174    120.0    135.0   20.0     86.2    969.4    889.0   0.745
20260406201200    174   1040.0   1065.0   20.0     56.6    901.7    900.5   0.765
20260406201200    175    795.0    810.0   20.0    116.6    897.1    898.1   0.843
20260406201200    176    370.0    385.0   20.0     25.8    906.1    977.1   0.750
20260406201200    176    520.0    535.0   20.0     20.1   1052.5   1009.8   0.661
20260406201200    176    605.0    650.0   20.0     28.4   1009.9   1030.9   0.785
20260406201200    176    725.0    740.0   20.0     28.2   1051.2   1068.7   0.836
20260406201200    176    840.0    860.0   20.0     91.2   1090.5   1152.5   0.862
20260406201200    176   1255.0   1270.0   20.0     29.0   1141.0   1154.0   0.643
20260406201200    176   1340.0   1355.0   20.0     23.4   1156.4   1176.9   0.835
20260406201200    179    875.0    890.0   20.0     38.0    918.0    919.5   0.735
20260406201200    179   1035.0   1050.0   20.0     22.3    921.3    919.2   0.634
20260406201200    180    245.0    260.0   20.0     47.9    899.3    954.4   0.740
20260406201200    180    475.0    490.0   20.0     22.9    978.6    987.8   0.750
20260406201200    180    945.0   1010.0   20.0     43.7   1046.5   1060.8   0.861
20260406201200    180   1345.0   1360.0   20.0     20.3   1075.4   1121.6   0.820
20260406201200    181    370.0    390.0   20.0     40.5    910.4    912.5   0.744
20260406201200    184    980.0    995.0   20.0     61.7   1032.3    921.1   0.817
20260406201200    184   1200.0   1215.0   20.0     40.7    921.6    980.8   0.740
20260406201200    184   1515.0   1530.0   20.0     48.9   1118.6   1198.3   0.788
20260406201200    184   1580.0   1595.0   20.0     27.2   1166.0   1176.8   0.732
20260406201200    186     55.0     70.0   20.0     26.7    905.0    980.9   0.779
20260406201200    186    285.0    300.0   20.0     26.8   1017.9   1035.5   0.674
20260406201200    186    595.0    610.0   20.0     38.3   1034.3   1085.2   0.814
20260406201200    187    235.0    255.0   20.0     41.1    907.0    909.3   0.757
20260406201200    187   1065.0   1085.0   20.0     70.2    915.7   1168.3   0.895
20260406201200    187   1560.0   1575.0   20.0     24.0   1180.5   1183.0   0.716
20260406201200    187   1610.0   1625.0   20.0     30.6   1181.4   1205.1   0.817
20260406201200    188    490.0    515.0   20.0    132.2    933.6    929.6   0.790
20260406201200    188   1355.0   1375.0   20.0    366.8    944.4    938.9   0.837
20260406201200    188   1660.0   1675.0   20.0     60.4    933.2   1008.0   0.775
20260406201200    189   1555.0   1580.0   20.0     24.6   1459.0   1433.4   0.796
20260406201200    189   1645.0   1660.0   20.0     21.3   1457.1   1443.7   0.640
20260406201200    190   1305.0   1320.0   20.0     89.7    924.5    924.2   0.840
20260406201200    191     35.0     50.0   20.0     38.7    917.6   1020.2   0.781
20260406201200    193    145.0    235.0   20.0     69.2   1195.8   1276.2   0.856
20260406201200    193    560.0    575.0   20.0     65.7   1328.3   1377.8   0.840
20260406201200    194    485.0    500.0   20.0     39.5    944.5    992.4   0.748
20260406201200    194    685.0    700.0   20.0     32.8   1030.3   1096.6   0.748
20260406201200    194    820.0    835.0   20.0     37.7   1096.9   1104.4   0.800
20260406201200    194    970.0    985.0   20.0     45.1   1166.4   1189.2   0.757
20260406201200    194   1435.0   1515.0   20.0     48.2   1199.1   1212.0   0.921
20260406201200    194   1665.0   1680.0   20.0     29.3   1210.1   1243.3   0.799
20260406201200    195   1150.0   1165.0   20.0     32.2    936.4    944.7   0.693
20260406201200    196     35.0     70.0   20.0     50.5    932.6   1111.9   0.807
20260406201200    196    200.0    230.0   20.0     53.6   1211.1   1277.3   0.812
20260406201200    196    275.0    290.0   20.0     20.7   1253.7   1138.9   0.844
20260406201200    196    530.0    545.0   20.0     46.8   1220.5   1312.6   0.798
20260406201200    196    665.0    680.0   20.0     21.1   1327.5   1337.4   0.805
20260406201200    196    785.0    830.0   20.0     34.2   1314.9   1344.1   0.746
20260406201200    196   1215.0   1230.0   20.0     25.6   1365.4    945.0   0.897
20260406201200    196   1585.0   1600.0   20.0     37.0    948.4    940.6   0.790
20260406201200    198    215.0    230.0   20.0     31.8   1216.5   1245.0   0.477
20260406201200    200   1440.0   1475.0   20.0     48.9    958.2   1078.9   0.780
20260406201200    200   1555.0   1570.0   20.0    104.5   1111.6    950.9   0.757
20260406201200    201   1595.0   1615.0   20.0     94.8    945.1    943.3   0.814
20260406201200    202   1660.0   1675.0   20.0     36.8   1410.6   1431.3   0.867
20260406201200    203    680.0    695.0   20.0     47.0    968.8   1017.4   0.751
20260406201200    204     20.0     35.0   20.0    126.0    947.4   1220.8   0.864
20260406201200    204    850.0    865.0   20.0     75.3   1431.1    955.7   0.883
20260406201200    204    970.0    985.0   20.0     66.7    957.7    958.4   0.805
20260406201200    205    890.0    925.0   20.0    107.7    963.9   1236.0   0.853
20260406201200    206     20.0     35.0   20.0     59.5    956.9   1065.8   0.830
20260406201200    206     90.0    105.0   20.0     22.6   1110.6   1097.6   0.622
20260406201200    206    165.0    265.0   20.0     43.9   1107.6   1142.0   0.802
20260406201200    206    310.0    325.0   20.0     28.0   1145.1   1166.8   0.716
20260406201200    206    420.0    435.0   20.0     23.5   1155.6   1184.1   0.771
20260406201200    208      0.0     20.0   20.0     37.9      0.0   1172.8   0.485
20260406201200    209    110.0    125.0   20.0    115.9    968.7   1138.9   0.809
20260406201200    210    860.0    875.0   20.0     38.3    976.4   1079.2   0.823
20260406201200    210    930.0    945.0   20.0     92.3   1138.6    978.0   0.688
20260406201200    211   1610.0   1625.0   20.0     39.5    970.2    968.5   0.638
20260406201200    212     30.0     85.0   20.0     98.9    975.6   1369.4   0.911
20260406201200    214    425.0    440.0   20.0     20.6   1220.0   1223.5   0.717
20260406201200    215    100.0    115.0   20.0     34.8   1246.9   1253.8   0.781
20260406201200    215   1650.0   1680.0   20.0     53.8   1397.5   1392.2   0.914
20260406201200    216    125.0    140.0   20.0     68.6    985.8    987.1   0.661
20260406201200    216    975.0   1055.0   20.0    116.8    991.8   1173.0   0.807
20260406201200    216   1120.0   1135.0   20.0     21.5   1154.4   1161.4   0.627
20260406201200    216   1765.0   1780.0   20.0     50.3   1157.9   1215.3   0.761
20260406201200    217    340.0    350.0   20.0     25.5   1375.8   1309.6   0.402
20260406201200    217    400.0    415.0   20.0     25.9   1290.7   1265.2   0.779
20260406201200    217    475.0    490.0   20.0     21.3   1229.3   1246.4   0.779
20260406201200    217    705.0    745.0   20.0     25.9   1234.5   1297.1   0.691
20260406201200    217   1515.0   1535.0   20.0     32.5    996.9    996.9   0.697
20260406201200    217   1600.0   1625.0   20.0     58.4    994.2    992.4   0.810
20260406201200    218   1780.0   1795.0   20.0     22.2    996.0   1122.7   0.812
20260406201200    219   1500.0   1515.0   20.0     61.8    993.4    993.7   0.587
20260406201200    220     50.0     65.0   20.0     23.0   1080.1   1094.2   0.758
20260406201200    220    160.0    175.0   20.0     41.5   1154.3   1157.5   0.877
20260406201200    220    230.0    245.0   20.0     22.7   1191.7   1213.3   0.720
20260406201200    220    370.0    385.0   20.0     27.7   1240.7   1259.3   0.864
20260406201200    220    820.0    835.0   20.0     40.2   1345.2   1367.9   0.796
20260406201200    221     30.0     45.0   20.0     47.2    984.5   1038.9   0.752
20260406201200    221    105.0    120.0   20.0     66.9   1107.7    988.4   0.743
20260406201200    221    390.0    415.0   20.0    121.8    988.6    991.1   0.780
20260406201200    222      5.0     20.0   20.0     40.3   1006.4   1081.2   0.845
20260406201200    222    240.0    255.0   20.0     50.8   1153.9   1146.4   0.456
20260406201200    222    375.0    480.0   20.0     57.6   1212.7   1263.4   0.901
20260406201200    222   1015.0   1045.0   20.0     29.9   1322.9   1340.2   0.807
20260406201200    222   1125.0   1140.0   20.0     27.6   1337.3   1348.5   0.778
20260406201200    222   1480.0   1495.0   20.0     25.6   1375.4   1400.5   0.835
20260406201200    222   1725.0   1740.0   20.0     26.4   1389.6   1427.2   0.887
20260406201200    223    295.0    310.0   20.0    132.0   1001.1   1000.1   0.804
20260406201200    224    415.0    430.0   20.0     48.6   1005.6   1006.2   0.808
20260406201200    224    830.0    845.0   20.0    112.1   1010.1   1170.4   0.759
20260406201200    224   1010.0   1095.0   20.0     35.9   1181.4   1279.1   0.851
20260406201200    224   1190.0   1205.0   20.0    210.4   1265.3   1007.2   0.792
20260406201200    225   1100.0   1125.0   20.0    137.2   1019.5   1017.6   0.834
20260406201200    226    450.0    465.0   20.0     67.5   1011.2   1013.6   0.668
20260406201200    226   1430.0   1465.0   20.0     85.3   1016.0   1167.1   0.833
20260406201200    226   1660.0   1675.0   20.0     26.1   1216.7   1245.3   0.508
20260406201200    226   1755.0   1770.0   20.0     39.5   1271.4   1316.8   0.872
20260406201200    227     35.0     55.0   20.0    108.7   1004.5   1336.4   0.852
20260406201200    227    125.0    180.0   20.0    130.0   1366.0   1339.7   0.900
20260406201200    227    245.0    260.0   20.0     26.8   1377.3   1393.3   0.621
20260406201200    227    965.0    980.0   20.0     34.2   1482.1   1521.4   0.906
20260406201200    227   1040.0   1055.0   20.0     40.6   1517.8   1526.3   0.824
20260406201200    227   1450.0   1465.0   20.0     72.0   1561.0   1563.8   0.832
20260406201200    229    865.0    895.0   20.0    141.5   1015.7   1016.5   0.800
20260406201200    230    795.0    810.0   20.0    245.7   1029.1   1029.1   0.734
20260406201200    230   1415.0   1470.0   20.0    195.2   1031.6   1381.4   0.824
20260406201200    230   1580.0   1595.0   20.0     37.3   1378.0   1416.2   0.819
20260406201200    231    400.0    415.0   20.0    102.6   1022.4   1357.9   0.832
20260406201200    232    425.0    440.0   20.0     26.0   1355.7   1356.8   0.483
20260406201200    232    535.0    550.0   20.0     24.2   1362.4   1370.7   0.674
20260406201200    232    590.0    605.0   20.0     24.8   1378.8   1379.5   0.635
20260406201200    232    755.0    770.0   20.0     22.0   1395.4   1404.2   0.509
20260406201200    232   1065.0   1080.0   20.0     27.2   1424.9   1449.4   0.754
20260406201200    232   1560.0   1575.0   20.0     35.2   1447.3   1440.5   0.516
20260406201200    234    620.0    635.0   20.0    105.9   1019.0   1018.0   0.812
20260406201200    235     15.0     30.0   20.0     56.2   1278.9   1319.0   0.824
20260406201200    236    220.0    275.0   20.0     98.2   1041.5   1043.8   0.870
20260406201200    237    355.0    500.0   20.0     40.8   1532.7   1568.6   0.576
20260406201200    238    100.0    215.0   20.0     45.5   1252.6   1346.8   0.836
20260406201200    238    980.0    995.0   20.0     25.5   1454.6   1455.2   0.731
20260406201200    238   1630.0   1645.0   20.0     71.4   1431.2   1554.2   0.745
20260406201200    239    700.0    720.0   20.0    168.2   1056.4   1630.2   0.839
20260406201200    240    425.0    505.0   20.0     57.5   1043.7   1367.5   0.739
20260406201200    240    595.0    610.0   20.0     26.4   1391.5   1449.5   0.836
20260406201200    240    650.0    710.0   20.0     25.6   1452.2   1532.1   0.846
20260406201200    241     20.0     40.0   20.0    149.5   1050.0   1409.6   0.935
20260406201200    241     80.0     95.0   20.0     25.9   1417.1   1445.9   0.630
20260406201200    241    390.0    400.0   20.0     20.3   1502.6   1500.9   0.761
20260406201200    241    475.0    535.0   20.0     30.7   1532.8   1517.3   0.739
20260406201200    241    855.0    870.0   20.0     22.4   1543.4   1526.0   0.714
20260406201200    241    955.0   1250.0   20.0     44.0   1531.1   1534.3   0.890
20260406201200    241   1300.0   1330.0   20.0     28.4   1528.3   1527.0   0.842
20260406201200    241   1380.0   1495.0   20.0     34.6   1524.2   1511.9   0.869
20260406201200    242    620.0    675.0   20.0     27.3   1173.5   1185.5   0.479
20260406201200    242    760.0    795.0   20.0     23.0   1179.0   1254.7   0.748
20260406201200    242    860.0    875.0   20.0     21.5   1295.6   1325.1   0.787
20260406201200    242    985.0   1040.0   20.0     24.6   1380.8   1421.9   0.904
20260406201200    242   1160.0   1175.0   20.0     33.1   1330.2   1339.2   0.600
20260406201200    242   1460.0   1475.0   20.0     43.3   1356.7   1353.4   0.879
20260406201200    242   1660.0   1675.0   20.0     24.1   1385.6   1394.0   0.807
20260406201200    242   1725.0   1740.0   20.0     35.3   1399.5   1415.4   0.693
20260406201200    244      0.0     15.0   20.0     26.3      0.0   1323.7   0.579
20260406201200    244     50.0    130.0   20.0     31.8   1344.2   1334.8   0.684
20260406201200    244    290.0    365.0   20.0     32.5   1371.4   1391.2   0.833
20260406201200    244    420.0    435.0   20.0     22.8   1370.8   1380.7   0.814
20260406201200    244    705.0    715.0   20.0     23.3   1412.0   1428.1   0.697
20260406201200    246      5.0    385.0   20.0     74.1   1275.4   1344.8   0.927
20260406201200    246    475.0    580.0   20.0     49.8   1324.2   1394.1   0.831
20260406201200    246    685.0    700.0   20.0     56.6   1397.0   1416.1   0.696
20260406201200    246    890.0    905.0   20.0     33.4   1422.9   1457.0   0.783
20260406201200    247    455.0    475.0   20.0    232.7   1069.0   1565.2   0.844
20260406201200    248    130.0    185.0   20.0     52.8   1447.9   1536.9   0.834
20260406201200    248    240.0    255.0   20.0     22.8   1521.6   1545.4   0.741
20260406201200    249    325.0    340.0   20.0    284.8   1078.8   1634.7   0.823
20260406201200    250     20.0    120.0   20.0     96.7   1079.8   1296.6   0.872
20260406201200    250    155.0    200.0   20.0     40.2   1283.9   1318.3   0.754
20260406201200    250    265.0    305.0   20.0     81.6   1351.5   1414.0   0.871
20260406201200    250    365.0    380.0   20.0     37.9   1407.4   1434.8   0.708
20260406201200    250    425.0    440.0   20.0     28.1   1416.5   1444.0   0.771
20260406201200    250    605.0    625.0   20.0     31.0   1366.3   1371.9   0.598
20260406201200    250    660.0    675.0   20.0     26.2   1356.7   1371.9   0.686
20260406201200    250    760.0    780.0   20.0    162.5   1365.4   1081.6   0.819
20260406201200    250   1375.0   1490.0   20.0    163.1   1082.9   1436.7   0.902
20260406201200    250   1625.0   1640.0   20.0     20.2   1437.3   1461.8   0.790
20260406201200    250   1680.0   1695.0   20.0     27.2   1458.6   1512.1   0.890
20260406201200    250   1730.0   1745.0   20.0     20.8   1506.5   1527.1   0.777
20260406201200    252      0.0     20.0   20.0     25.4      0.0   1532.5   0.529
20260406201200    252    535.0    550.0   20.0     28.5   1615.5   1617.9   0.538
20260406201200    252    590.0    605.0   20.0     28.5   1620.1   1606.3   0.660
20260406201200    252    705.0    725.0   20.0     36.2   1612.1   1610.7   0.790
20260406201200    252    795.0    945.0   20.0     40.6   1625.6   1618.9   0.803
20260406201200    252   1435.0   1510.0   20.0     37.9   1633.1   1633.4   0.858
20260406201200    252   1580.0   1595.0   20.0     31.9   1627.8   1627.2   0.762
20260406201200    253    860.0    875.0   20.0     23.2   1110.8   1111.6   0.670
20260406201200    253   1105.0   1120.0   20.0     89.4   1110.2   1109.6   0.714
20260406201200    253   1160.0   1235.0   20.0    221.4   1109.5   1109.8   0.837
20260406201200    253   1585.0   1600.0   20.0     21.1   1107.4   1105.5   0.644
20260406201200    254    130.0    175.0   20.0     57.1   1096.1   1238.1   0.844
20260406201200    254    410.0    460.0   20.0    243.6   1314.1   1094.9   0.835
20260406201200    254    860.0    875.0   20.0    249.9   1096.8   1661.1   0.839
20260406201200    255    115.0    135.0   20.0     93.8   1110.0   1108.8   0.789
20260406201200    255    570.0    585.0   20.0     23.7   1113.6   1109.5   0.599
20260406201200    255   1105.0   1120.0   20.0     22.7   1109.7   1109.6   0.637
20260406201200    255   1205.0   1375.0   20.0     75.1   1112.6   1280.7   0.800
20260406201200    255   1745.0   1755.0   20.0     23.5   1419.7   1426.9   0.428
20260406201200    256    100.0    115.0   20.0     26.5   1178.3   1180.5   0.869
20260406201200    256    840.0    855.0   20.0     20.1   1236.6   1246.7   0.539
20260406201200    256   1640.0   1655.0   20.0     26.5   1325.0   1348.5   0.721
20260406204522      1     95.0    120.0   20.0     94.3    981.3    982.3   0.776
20260406204522      1    980.0   1005.0   20.0     73.4    982.3    982.8   0.762
20260406204522      1   1515.0   1530.0   20.0     72.6    978.0    976.2   0.754
20260406204522      2   1390.0   1445.0   20.0     78.6    973.6    962.0   0.821
20260406204522      3    285.0    300.0   20.0    162.5    963.5    958.2   0.658
20260406204522      3   1640.0   1655.0   20.0     31.8    954.6    949.7   0.670
20260406204522      3   1785.0   1800.0   20.0     36.9    942.8   1078.4   0.812
20260406204522      5   1720.0   1735.0   20.0     50.5    955.8   1022.4   0.794
20260406204522      6   1305.0   1320.0   20.0     22.0    959.2    991.4   0.748
20260406204522      6   1640.0   1655.0   20.0     28.9   1006.1   1085.2   0.805
20260406204522      6   1690.0   1705.0   20.0    172.3   1159.5    942.5   0.795
20260406204522      7    285.0    320.0   20.0     68.2    960.7    964.7   0.720
20260406204522      7    410.0    425.0   20.0     30.0    968.4    971.0   0.612
20260406204522      7    790.0    810.0   20.0     94.7    964.7    964.1   0.716
20260406204522      7   1710.0   1755.0   20.0    152.7    962.3   1270.4   0.880
20260406204522      8   1730.0   1745.0   20.0     33.3   1126.6   1131.3   0.718
20260406204522     10   1120.0   1135.0   20.0     49.3    946.8    948.4   0.764
20260406204522     10   1665.0   1680.0   20.0     83.1    940.3    940.8   0.729
20260406204522     10   1745.0   1770.0   20.0    133.0    939.5    939.6   0.787
20260406204522     11    260.0    275.0   20.0     30.0   1360.9   1388.4   0.534
20260406204522     11    320.0    330.0   20.0     24.3   1397.3   1398.7   0.492
20260406204522     12    275.0    340.0   20.0     88.1    945.9   1162.5   0.776
20260406204522     12    790.0    805.0   20.0     22.3   1328.0   1327.2   0.792
20260406204522     12    985.0   1000.0   20.0     25.1   1330.4   1349.1   0.748
20260406204522     13    625.0    670.0   20.0     88.5    954.0   1109.8   0.767
20260406204522     14   1735.0   1750.0   20.0     25.1    935.5    943.1   0.450
20260406204522     15    310.0    330.0   20.0     55.7    952.0    955.2   0.733
20260406204522     16     70.0     85.0   20.0     63.6    937.4    939.0   0.677
20260406204522     16    760.0    775.0   20.0     95.6    949.8   1115.2   0.846
20260406204522     16   1260.0   1275.0   20.0     23.4   1160.0   1195.5   0.754
20260406204522     16   1315.0   1330.0   20.0     22.8   1201.5   1212.8   0.765
20260406204522     17     85.0    145.0   20.0     59.6    938.7    940.9   0.781
20260406204522     17   1240.0   1275.0   20.0    160.5    961.7   1258.1   0.877
20260406204522     18    180.0    195.0   20.0     38.9    931.3    993.7   0.747
20260406204522     18    955.0    970.0   20.0     27.1   1159.1   1182.8   0.791
20260406204522     18   1035.0   1050.0   20.0     24.1   1166.4   1172.5   0.749
20260406204522     18   1565.0   1580.0   20.0     26.0   1187.2   1205.1   0.759
20260406204522     19    975.0   1015.0   20.0    131.2    986.0    934.1   0.794
20260406204522     19   1120.0   1135.0   20.0     89.7    933.5   1241.3   0.923
20260406204522     20    590.0    605.0   20.0    216.2    942.3    945.3   0.860
20260406204522     20   1295.0   1310.0   20.0     48.2    937.6    997.6   0.754
20260406204522     20   1345.0   1365.0   20.0    241.3   1032.4    936.4   0.795
20260406204522     20   1535.0   1600.0   20.0     66.2    934.4   1147.1   0.798
20260406204522     21    340.0    355.0   20.0    167.2    924.4   1234.7   0.892
20260406204522     21    450.0    465.0   20.0     30.6   1241.8   1285.0   0.849
20260406204522     21    755.0    770.0   20.0     20.1   1294.2   1326.7   0.773
20260406204522     22   1290.0   1310.0   20.0     64.4    924.9    923.6   0.748
20260406204522     24    735.0    755.0   20.0     24.5    948.8   1052.1   0.839
20260406204522     24   1510.0   1520.0   20.0     24.0   1138.9   1166.4   0.733
20260406204522     26    160.0    185.0   20.0     23.3   1020.7   1080.1   0.776
20260406204522     26    265.0    280.0   20.0     21.2   1095.0   1121.6   0.689
20260406204522     26    325.0    340.0   20.0     34.8   1133.7   1215.5   0.797
20260406204522     26    575.0    590.0   20.0     21.8   1282.2   1317.4   0.818
20260406204522     27      0.0     15.0   20.0     52.9      0.0   1065.5   0.811
20260406204522     28    435.0    480.0   20.0     36.7    970.0    923.3   0.766
20260406204522     29    695.0    710.0   20.0     43.6    917.7    919.8   0.721
20260406204522     29   1785.0   1800.0   20.0     50.3    904.7    902.5   0.775
20260406204522     30    400.0    415.0   20.0    172.1    922.7   1224.4   0.848
20260406204522     31     10.0     25.0   20.0     89.7    899.7   1176.0   0.887
20260406204522     31    240.0    255.0   20.0     20.2   1213.2   1229.3   0.706
20260406204522     31   1680.0   1745.0   20.0     26.8   1312.2   1242.4   0.853
20260406204522     32   1465.0   1480.0   20.0     77.2    911.5   1071.8   0.848
20260406204522     32   1595.0   1610.0   20.0    137.0   1082.6    904.3   0.813
20260406204522     33     15.0     40.0   20.0     54.5    888.9   1109.1   0.770
20260406204522     36    355.0    370.0   20.0     39.4   1027.0   1055.8   0.789
20260406204522     36    480.0    495.0   20.0     26.2   1065.9   1084.9   0.481
20260406204522     36    670.0    700.0   20.0     23.7   1116.9   1122.0   0.792
20260406204522     36   1245.0   1260.0   20.0     36.0   1212.5   1244.6   0.702
20260406204522     36   1425.0   1435.0   20.0     35.9   1258.3   1281.4   0.775
20260406204522     38   1735.0   1750.0   20.0     37.5    905.9    964.9   0.786
20260406204522     38   1785.0   1800.0   20.0     72.0    976.0   1098.7   0.720
20260406204522     39    640.0    655.0   20.0    131.4    906.2    904.7   0.738
20260406204522     39    955.0    970.0   20.0    103.0    913.6   1094.0   0.754
20260406204522     39   1015.0   1030.0   20.0     26.7   1128.6   1149.1   0.739
20260406204522     39   1135.0   1150.0   20.0     21.1   1170.9   1183.4   0.413
20260406204522     42   1385.0   1400.0   20.0     30.1    915.6    911.0   0.692
20260406204522     43    295.0    340.0   20.0     85.0    898.5    899.4   0.772
20260406204522     43    695.0    720.0   20.0     86.0    905.4    904.8   0.875
20260406204522     43   1355.0   1370.0   20.0     40.9    904.4    964.1   0.780
20260406204522     43   1460.0   1500.0   20.0     27.1    998.3   1053.6   0.805
20260406204522     43   1590.0   1610.0   20.0    149.0   1045.1    898.1   0.849
20260406204522     44     80.0     95.0   20.0     29.1    884.2    885.2   0.734
20260406204522     44   1615.0   1635.0   20.0    106.1    896.1    900.8   0.765
20260406204522     45     40.0     55.0   20.0    189.7    875.6   1150.9   0.854
20260406204522     45   1335.0   1350.0   20.0     23.4   1206.6   1238.6   0.846
20260406204522     46    565.0    580.0   20.0     42.6    893.7    939.7   0.746
20260406204522     46    620.0    710.0   20.0     29.0    960.7   1042.7   0.755
20260406204522     46    925.0    940.0   20.0     30.5   1066.3   1064.7   0.489
20260406204522     46    980.0   1035.0   20.0     41.9   1068.8   1097.8   0.828
20260406204522     46   1180.0   1195.0   20.0     33.6   1111.4   1126.3   0.714
20260406204522     46   1270.0   1285.0   20.0    151.1   1092.9   1319.7   0.780
20260406204522     49    670.0    685.0   20.0     60.9    903.4   1021.9   0.794
20260406204522     49    780.0    795.0   20.0     20.0   1029.7   1038.4   0.695
20260406204522     50    170.0    310.0   20.0     45.0    878.8   1097.3   0.830
20260406204522     50    365.0    380.0   20.0     30.5   1093.8   1134.8   0.799
20260406204522     50    505.0    520.0   20.0     43.3   1152.6   1182.8   0.839
20260406204522     50    610.0    625.0   20.0     61.5   1174.2   1231.3   0.818
20260406204522     50    800.0    815.0   20.0     64.3   1138.3    889.0   0.967
20260406204522     51   1240.0   1260.0   20.0     63.0    884.4    884.2   0.771
20260406204522     51   1505.0   1535.0   20.0     88.1    879.5    876.5   0.765
20260406204522     52    795.0    815.0   20.0     40.9    890.6    943.9   0.821
20260406204522     52    855.0    870.0   20.0     51.1    941.3    890.4   0.758
20260406204522     52   1420.0   1435.0   20.0     75.2    890.0    950.4   0.760
20260406204522     52   1495.0   1515.0   20.0     67.7    955.6    889.1   0.743
20260406204522     52   1710.0   1725.0   20.0     70.9    894.7   1037.2   0.873
20260406204522     53    305.0    320.0   20.0    113.9    882.1    884.4   0.812
20260406204522     53    450.0    465.0   20.0     26.5    882.4    982.7   0.723
20260406204522     53    615.0    635.0   20.0     74.5    994.5    883.9   0.831
20260406204522     54    615.0    630.0   20.0     60.3    885.1    885.7   0.737
20260406204522     55      0.0     50.0   20.0     47.0      0.0    981.7   0.840
20260406204522     56    470.0    485.0   20.0     65.5    891.5    890.2   0.777
20260406204522     56   1655.0   1670.0   20.0     31.2    908.3    927.2   0.648
20260406204522     58      0.0     10.0   20.0     48.8      0.0   1065.3   0.776
20260406204522     58    350.0    410.0   20.0     26.3   1130.6   1172.2   0.905
20260406204522     60      5.0     20.0   20.0     49.4    964.4   1000.6   0.702
20260406204522     60    615.0    650.0   20.0    196.2   1159.4    875.4   0.830
20260406204522     60    720.0    735.0   20.0     48.3    877.2    878.9   0.713
20260406204522     60   1035.0   1055.0   20.0     56.4    896.9    918.9   0.754
20260406204522     60   1225.0   1275.0   20.0     37.9   1034.4   1169.2   0.897
20260406204522     60   1435.0   1450.0   20.0    126.5   1176.3    874.4   0.869
20260406204522     60   1605.0   1620.0   20.0     52.9    873.4    957.2   0.772
20260406204522     60   1695.0   1710.0   20.0     22.4    971.5   1010.1   0.722
20260406204522     61    545.0    560.0   20.0     58.0    870.5    870.8   0.732
20260406204522     61    890.0    910.0   20.0     75.6    873.5    874.1   0.736
20260406204522     62   1020.0   1070.0   20.0     75.8    877.7   1103.4   0.829
20260406204522     62   1160.0   1175.0   20.0     22.9   1106.0   1155.2   0.783
20260406204522     63   1225.0   1270.0   20.0    118.1    859.1   1092.1   0.860
20260406204522     64   1625.0   1640.0   20.0     43.6    890.9    946.5   0.720
20260406204522     65    685.0    700.0   20.0     67.6    867.3    865.0   0.744
20260406204522     66      5.0     20.0   20.0     72.9    859.9   1007.1   0.881
20260406204522     66    285.0    300.0   20.0     28.8   1044.5   1040.9   0.847
20260406204522     66    515.0    545.0   20.0     35.9   1062.0   1157.9   0.729
20260406204522     66    625.0    640.0   20.0    105.2   1184.6    873.3   0.872
20260406204522     66   1145.0   1160.0   20.0     36.5    925.6    898.0   0.798
20260406204522     66   1285.0   1300.0   20.0     25.1    894.9    933.6   0.749
20260406204522     67    895.0    925.0   18.9    231.0    852.1    854.2   0.849
20260406204522     68   1585.0   1635.0   20.0     59.1    882.3   1041.5   0.836
20260406204522     68   1750.0   1785.0   20.0     51.1   1066.3   1104.8   0.771
20260406204522     69    425.0    445.0   20.0     65.8    852.7    854.1   0.819
20260406204522     69    855.0    870.0   20.0     21.6    856.0    855.2   0.527
20260406204522     70    555.0    570.0   20.0     21.1   1198.3   1178.8   0.924
20260406204522     70    650.0    665.0   20.0     39.4   1186.7   1189.0   0.731
20260406204522     70   1160.0   1175.0   20.0     21.7   1208.4   1215.1   0.542
20260406204522     71     15.0     30.0   20.0    137.0    969.7    845.9   0.757
20260406204522     71    620.0    640.0   20.0     66.4    860.3    860.1   0.800
20260406204522     72      5.0     20.0   20.0     40.9    847.4    949.8   0.766
20260406204522     72    210.0    225.0   20.0     36.4   1016.1    994.5   0.811
20260406204522     72    380.0    400.0   20.0     54.8   1027.5   1039.8   0.743
20260406204522     72    535.0    570.0   20.0     30.1   1055.8   1090.2   0.802
20260406204522     72   1130.0   1145.0   20.0     32.2   1220.4   1267.9   0.905
20260406204522     73    805.0    830.0   20.0     64.0    855.7    855.7   0.804
20260406204522     74     45.0     75.0   20.0     27.3    916.4   1045.0   0.796
20260406204522     74    270.0    285.0   20.0     29.7   1082.5   1119.8   0.713
20260406204522     74    570.0    585.0   20.0     22.1   1157.6   1161.9   0.768
20260406204522     74   1020.0   1035.0   20.0     23.7   1180.8   1206.8   0.803
20260406204522     74   1160.0   1175.0   20.0     23.1   1198.0   1215.6   0.824
20260406204522     76     65.0    140.0   20.0     49.7    844.4    973.0   0.831
20260406204522     76    465.0    480.0   20.0     30.2   1049.3   1065.9   0.568
20260406204522     76    520.0    570.0   20.0     36.8   1073.0   1084.2   0.665
20260406204522     76    725.0    785.0   20.0     44.5   1108.0   1159.5   0.783
20260406204522     76    840.0    855.0   20.0     21.0   1166.2   1161.2   0.810
20260406204522     76    890.0    910.0   20.0     51.2   1157.0   1146.5   0.840
20260406204522     76   1095.0   1125.0   20.0     31.7   1161.2   1159.6   0.784
20260406204522     76   1180.0   1195.0   20.0     23.6   1159.5   1168.0   0.848
20260406204522     76   1615.0   1630.0   20.0     25.1   1183.1   1187.3   0.758
20260406204522     78    860.0    875.0   20.0     27.5    868.4    899.6   0.766
20260406204522     78   1140.0   1155.0   20.0     31.0    988.3    974.5   0.632
20260406204522     78   1245.0   1305.0   20.0     78.2    969.8    970.9   0.838
20260406204522     79    290.0    305.0   20.0     20.6    849.8    851.1   0.666
20260406204522     81   1305.0   1320.0   20.0     81.6    877.4   1046.1   0.835
20260406204522     82    155.0    170.0   20.0     20.8   1020.4   1022.1   0.731
20260406204522     83     90.0    155.0   20.0    140.9    838.0    838.8   0.787
20260406204522     83    625.0    640.0   20.0     43.5    850.4    911.8   0.779
20260406204522     84     10.0     25.0   20.0     39.3    837.6   1017.7   0.785
20260406204522     84    570.0    580.0   20.0     21.4   1105.9   1135.9   0.756
20260406204522     84    720.0    735.0   20.0     21.7   1163.3   1185.6   0.821
20260406204522     85   1065.0   1080.0   20.0     32.0    858.4    934.4   0.777
20260406204522     85   1275.0   1320.0   20.0    122.7    994.0    860.1   0.818
20260406204522     86    205.0    220.0   20.0     72.7    855.1   1037.4   0.793
20260406204522     86    405.0    470.0   20.0     44.8   1080.7   1088.6   0.808
20260406204522     86    530.0    545.0   20.0     51.2   1108.4   1085.8   0.691
20260406204522     86    805.0    820.0   20.0     27.4   1109.8   1108.6   0.797
20260406204522     86   1430.0   1450.0   20.0     32.8   1111.0   1100.3   0.900
20260406204522     87    820.0    835.0   20.0     34.7    863.3    914.0   0.782
20260406204522     87    875.0    890.0   20.0     82.3    918.3    868.5   0.779
20260406204522     87   1305.0   1320.0   20.0     93.5    870.9    873.5   0.800
20260406204522     88    910.0    925.0   20.0     25.4    959.3    990.2   0.473
20260406204522     88   1185.0   1200.0   20.0     20.1   1116.9   1112.4   0.717
20260406204522     88   1360.0   1375.0   20.0     20.9   1102.8   1101.2   0.740
20260406204522     88   1495.0   1510.0   20.0     36.0   1087.3   1129.0   0.804
20260406204522     89   1070.0   1090.0   20.0     54.4    859.6   1084.7   0.773
20260406204522     89   1195.0   1210.0   20.0     34.2   1090.9   1097.1   0.788
20260406204522     89   1610.0   1665.0   20.0     30.4   1127.0   1119.6   0.901
20260406204522     91    755.0    790.0   20.0     68.2    869.0    949.0   0.756
20260406204522     91    935.0    950.0   20.0     50.8    948.2    947.3   0.872
20260406204522     91   1150.0   1165.0   20.0     24.6   1000.1   1001.2   0.545
20260406204522     91   1210.0   1225.0   20.0     36.8   1004.9   1017.7   0.527
20260406204522     91   1265.0   1275.0   20.0     21.7   1015.9   1007.5   0.610
20260406204522     91   1310.0   1325.0   20.0     34.5   1028.5    953.1   0.772
20260406204522     92    525.0    540.0   20.0     21.6   1154.0   1188.5   0.815
20260406204522     92   1125.0   1140.0   20.0     23.1   1228.9   1293.3   0.800
20260406204522     92   1285.0   1300.0   20.0     42.2   1251.8   1317.3   0.877
20260406204522     94    305.0    320.0   20.0     30.3    847.1    888.3   0.725
20260406204522     94   1165.0   1180.0   20.0     40.4    995.5   1026.6   0.792
20260406204522     96   1745.0   1760.0   20.0     29.6    880.0    951.8   0.767
20260406204522     99    430.0    445.0   20.0    241.9    850.1    850.4   0.806
20260406204522    100   1570.0   1585.0   20.0     41.3    864.3    911.0   0.755
20260406204522    101    165.0    190.0   20.0     26.4    847.9   1035.6   0.847
20260406204522    103    350.0    365.0   20.0     35.5    863.4    957.8   0.703
20260406204522    103    530.0    545.0   20.0     21.2    969.4   1030.9   0.609
20260406204522    103    745.0    760.0   20.0     38.9   1162.8   1193.7   0.832
20260406204522    103    805.0    820.0   20.0    128.2   1180.7    864.3   0.867
20260406204522    104    315.0    330.0   20.0     48.6    843.3    844.0   0.722
20260406204522    105    420.0    435.0   20.0     25.9   1123.1   1077.3   0.683
20260406204522    105    480.0    495.0   20.0     29.4   1081.0   1115.8   0.708
20260406204522    105    955.0    970.0   20.0     52.8   1108.5   1119.4   0.744
20260406204522    105   1085.0   1100.0   20.0     29.8   1132.0   1161.5   0.672
20260406204522    107    805.0    820.0   20.0     42.0    858.6    913.0   0.751
20260406204522    108    695.0    710.0   20.0     30.9   1209.0   1217.0   0.673
20260406204522    108    825.0    840.0   20.0     22.8   1216.3   1222.3   0.787
20260406204522    109    380.0    430.0   20.0     76.5    855.2    859.7   0.791
20260406204522    109   1315.0   1345.0   20.0    102.3    869.7    869.5   0.791
20260406204522    110    115.0    135.0   20.0     77.5    845.6   1036.2   0.869
20260406204522    110    345.0    360.0   20.0     21.6   1099.9   1137.0   0.876
20260406204522    112    235.0    250.0   20.0     48.9    847.0    923.4   0.762
20260406204522    112    365.0    375.0   20.0     21.0    951.8    980.2   0.668
20260406204522    112    530.0    545.0   20.0     20.1   1031.0   1029.8   0.644
20260406204522    113    830.0    845.0   20.0    147.4    851.0   1243.2   0.829
20260406204522    114   1145.0   1160.0   20.0     34.2    864.6    914.9   0.737
20260406204522    114   1670.0   1685.0   20.0     47.5    921.6    862.5   0.741
20260406204522    115    200.0    215.0   20.0    132.6    844.3    839.9   0.867
20260406204522    115    385.0    415.0   20.0     45.2    843.2    845.5   0.678
20260406204522    115   1300.0   1320.0   20.0     45.5    851.5    853.7   0.756
20260406204522    116     25.0     40.0   20.0     37.7    834.3    893.5   0.792
20260406204522    116   1175.0   1190.0   20.0     27.4   1025.6   1027.3   0.676
20260406204522    116   1365.0   1385.0   20.0    106.2   1017.9    856.6   0.903
20260406204522    116   1655.0   1670.0   20.0     34.9    853.2    894.2   0.748
20260406204522    117   1510.0   1525.0   20.0     58.0    850.1    915.3   0.776
20260406204522    118      0.0     55.0   20.0     98.2      0.0    976.1   0.771
20260406204522    118     90.0    105.0   20.0     42.0   1023.2   1081.0   0.624
20260406204522    118   1010.0   1025.0   20.0     22.3   1168.4   1169.7   0.686
20260406204522    119    965.0    980.0   20.0     36.2    857.8    860.4   0.768
20260406204522    120    400.0    425.0   20.0     53.2    853.9   1045.0   0.765
20260406204522    121    815.0    845.0   20.0    151.1    859.9    863.8   0.851
20260406204522    121    920.0    950.0   20.0     69.4    865.5   1112.5   0.749
20260406204522    121   1000.0   1015.0   20.0     31.6   1112.8   1131.1   0.802
20260406204522    121   1535.0   1550.0   20.0     21.4   1176.9   1202.4   0.814
20260406204522    122    310.0    325.0   20.0     27.2   1043.9   1066.3   0.735
20260406204522    122    605.0    670.0   20.0     54.5   1075.2   1138.0   0.784
20260406204522    122    850.0    865.0   20.0     22.9   1128.4   1166.1   0.811
20260406204522    122    920.0    935.0   20.0     21.5   1175.1   1198.9   0.723
20260406204522    124   1680.0   1695.0   20.0     38.9    866.8    906.7   0.701
20260406204522    128     90.0    105.0   20.0     37.7    858.4    854.5   0.617
20260406204522    131     20.0     35.0   20.0     88.1   1081.3   1100.7   0.747
20260406204522    131    560.0    575.0   20.0     22.9   1191.3   1171.3   0.679
20260406204522    131   1100.0   1120.0   20.0     39.5   1090.0   1093.4   0.831
20260406204522    132    200.0    215.0   20.0     25.4    848.8    914.8   0.757
20260406204522    132    455.0    470.0   20.0    102.4    972.0    856.4   0.749
20260406204522    132   1165.0   1180.0   20.0     69.2    859.9    860.8   0.813
20260406204522    134    460.0    475.0   20.0     45.2    861.5    952.6   0.762
20260406204522    134    580.0    610.0   20.0     56.5   1138.3   1076.6   0.868
20260406204522    136    355.0    370.0   20.0     34.8    861.0    861.9   0.744
20260406204522    136   1215.0   1230.0   20.0     83.9    875.3    875.0   0.698
20260406204522    137    245.0    630.0   20.0     56.5   1297.7   1321.1   0.897
20260406204522    138   1615.0   1685.0   20.0     37.5    884.4   1117.1   0.824
20260406204522    139    100.0    115.0   20.0     75.5    844.7    847.4   0.802
20260406204522    140    765.0    795.0   20.0     50.5    875.3    876.8   0.749
20260406204522    140    955.0   1015.0   20.0     41.2    878.9   1010.5   0.798
20260406204522    140   1170.0   1215.0   20.0     39.4   1048.8   1153.1   0.888
20260406204522    142      0.0     10.0   20.0     31.7      0.0    969.2   0.778
20260406204522    142    370.0    385.0   20.0     21.1   1003.8   1032.0   0.753
20260406204522    142    810.0    825.0   20.0     21.7   1024.1   1033.4   0.752
20260406204522    142    875.0    890.0   20.0    115.2   1029.5   1151.4   0.786
20260406204522    142   1530.0   1545.0   20.0     21.8   1138.6   1134.2   0.815
20260406204522    143     50.0     75.0   20.0     74.2    860.1   1040.5   0.877
20260406204522    143    170.0    185.0   20.0     28.0   1092.3   1119.8   0.527
20260406204522    143    220.0    235.0   20.0     34.7   1125.4   1177.2   0.755
20260406204522    143   1225.0   1235.0   20.0     24.5   1244.7   1243.2   0.693
20260406204522    144    240.0    255.0   20.0     38.4    870.8    872.0   0.701
20260406204522    144    290.0    315.0   20.0     91.2    870.0   1133.0   0.884
20260406204522    144    410.0    425.0   20.0     33.5   1166.1   1184.9   0.733
20260406204522    144    595.0    610.0   20.0     21.2   1199.2   1211.4   0.834
20260406204522    144   1060.0   1140.0   20.0    155.2   1259.1   1229.5   0.842
20260406204522    144   1395.0   1510.0   20.0    128.8   1265.4   1291.5   0.826
20260406204522    144   1735.0   1795.0   20.0    185.9   1324.8   1315.2   0.837
20260406204522    145   1055.0   1070.0   20.0     43.7    877.7    877.4   0.761
20260406204522    146    135.0    150.0   20.0    150.3   1007.0    970.1   0.793
20260406204522    146    300.0    315.0   20.0     24.5   1013.9   1024.8   0.561
20260406204522    146    365.0    380.0   20.0     53.6   1070.5   1111.6   0.719
20260406204522    146    415.0    430.0   20.0     40.4   1113.3   1096.3   0.785
20260406204522    146   1070.0   1085.0   20.0     70.9   1130.0    874.4   0.947
20260406204522    148    255.0    270.0   20.0     39.7    876.2    948.6   0.819
20260406204522    148   1095.0   1110.0   20.0     29.6   1118.3   1110.6   0.745
20260406204522    148   1165.0   1180.0   20.0     22.8   1098.3   1126.0   0.740
20260406204522    149    835.0    850.0   20.0     24.3    877.1    939.7   0.725
20260406204522    149    935.0    950.0   20.0     68.1    944.5    879.1   0.816
20260406204522    150     90.0    105.0   20.0     24.8    859.4    862.2   0.630
20260406204522    150    330.0    345.0   20.0     59.6    870.6   1022.5   0.789
20260406204522    150    385.0    405.0   20.0    114.7   1036.2   1094.5   0.898
20260406204522    150    590.0    610.0   20.0     96.4   1128.5    874.7   0.848
20260406204522    150   1115.0   1130.0   20.0     66.4    875.2    875.9   0.755
20260406204522    150   1365.0   1380.0   20.0     54.3    878.4    878.9   0.638
20260406204522    153   1000.0   1015.0   20.0     28.8    880.0    879.2   0.716
20260406204522    154     10.0     30.0   20.0     25.5    877.9   1060.8   0.803
20260406204522    154    745.0    755.0   20.0     29.2   1164.9   1191.4   0.892
20260406204522    154   1295.0   1310.0   20.0     45.0   1194.9   1246.1   0.868
20260406204522    155    315.0    330.0   20.0    124.8    884.8   1129.7   0.847
20260406204522    155   1165.0   1195.0   20.0     36.4   1213.6    987.8   0.834
20260406204522    155   1555.0   1570.0   20.0     24.9   1058.8   1099.1   0.726
20260406204522    156    735.0    750.0   20.0     23.9   1195.3   1190.6   0.686
20260406204522    157     30.0    100.0   20.0     86.4    876.4   1247.7   0.875
20260406204522    157    200.0    215.0   20.0     34.8   1249.3   1262.7   0.861
20260406204522    157    405.0    465.0   20.0    125.0   1310.3   1380.3   0.820
20260406204522    159   1055.0   1070.0   20.0     23.9    134.1    138.6   0.627
20260406204522    160   1565.0   1580.0   20.0     34.8    883.9    934.3   0.859
20260406204522    160   1785.0   1800.0   20.0     32.1    995.9   1023.6   0.823
20260406204522    161    480.0    495.0   20.0     37.8   1208.4   1256.1   0.839
20260406204522    162     25.0     40.0   20.0     24.6    983.9   1016.3   0.587
20260406204522    162     85.0    100.0   20.0     21.6   1027.3    998.4   0.766
20260406204522    163   1435.0   1450.0   20.0     26.2    884.3    924.3   0.746
20260406204522    164    150.0    240.0   20.0    149.9    879.9    885.3   0.859
20260406204522    164    745.0    775.0   20.0    110.6    893.9    893.5   0.824
20260406204522    164    920.0    935.0   20.0     67.3    893.1    978.5   0.777
20260406204522    164   1040.0   1055.0   20.0     28.2    992.8   1000.0   0.797
20260406204522    164   1195.0   1210.0   20.0     35.3   1019.0   1009.4   0.711
20260406204522    164   1265.0   1280.0   20.0     26.4   1004.4   1027.5   0.615
20260406204522    164   1680.0   1695.0   20.0     28.6   1083.1   1080.4   0.742
20260406204522    165   1545.0   1570.0   20.0    145.7    905.3    900.8   0.841
20260406204522    166    645.0    660.0   20.0     45.0    889.9    890.2   0.747
20260406204522    166    730.0    770.0   20.0     77.4    892.5    890.1   0.746
20260406204522    166   1450.0   1465.0   20.0     35.8    893.4    942.1   0.781
20260406204522    166   1655.0   1670.0   20.0     77.4    974.7    896.6   0.746
20260406204522    167    140.0    200.0   20.0    148.1    884.5   1198.0   0.867
20260406204522    169    615.0    665.0   20.0     83.8    908.5    908.7   0.750
20260406204522    170    220.0    235.0   20.0     33.1   1082.9   1112.9   0.735
20260406204522    171    600.0    620.0   20.0    103.4    902.1   1211.2   0.859
20260406204522    171   1710.0   1735.0   20.0     32.8   1249.3   1288.6   0.794
20260406204522    172   1065.0   1125.0   20.0     35.8    904.9   1117.5   0.817
20260406204522    172   1170.0   1185.0   20.0     32.9   1108.1   1123.9   0.661
20260406204522    172   1245.0   1260.0   20.0     20.5   1132.0   1134.6   0.757
20260406204522    172   1295.0   1310.0   20.0     52.4   1128.8   1198.0   0.804
20260406204522    172   1480.0   1505.0   20.0     31.1   1223.8   1296.8   0.870
20260406204522    175    720.0    740.0   20.0    128.9    898.0    898.2   0.876
20260406204522    175    790.0    805.0   20.0     65.6    899.3    900.5   0.751
20260406204522    175   1035.0   1050.0   20.0     49.8    900.2    970.9   0.783
20260406204522    175   1095.0   1110.0   20.0    108.6    991.7   1091.3   0.751
20260406204522    175   1230.0   1280.0   20.0     33.6   1142.2   1213.4   0.851
20260406204522    175   1590.0   1605.0   20.0     20.9   1150.3   1152.9   0.760
20260406204522    176    990.0   1005.0   20.0     41.4    925.5    994.2   0.769
20260406204522    176   1290.0   1305.0   20.0     54.3   1119.3   1167.1   0.829
20260406204522    176   1515.0   1530.0   20.0     24.9   1163.1   1183.4   0.715
20260406204522    176   1710.0   1765.0   20.0     27.6   1173.6   1200.7   0.755
20260406204522    178    185.0    200.0   20.0     67.2    894.2    999.4   0.776
20260406204522    178    265.0    300.0   20.0     50.5   1025.5   1031.4   0.858
20260406204522    178    385.0    420.0   20.0     76.1   1062.2   1205.1   0.792
20260406204522    178    735.0    770.0   20.0    194.6   1307.2    901.5   0.901
20260406204522    178   1450.0   1465.0   20.0    114.4    953.7    904.9   0.645
20260406204522    178   1530.0   1570.0   20.0     88.4    906.9    906.4   0.780
20260406204522    178   1720.0   1735.0   20.0     38.9    904.4    977.7   0.744
20260406204522    180    145.0    155.0   20.0     20.3    897.6    964.4   0.771
20260406204522    180    565.0    605.0   20.0     36.7   1076.4   1139.9   0.864
20260406204522    180    865.0    900.0   20.0     37.0   1158.6   1211.6   0.756
20260406204522    180   1535.0   1550.0   20.0     36.1   1232.1   1281.3   0.800
20260406204522    183    975.0    990.0   20.0     40.2    928.6   1003.4   0.777
20260406204522    183   1090.0   1110.0   20.0     27.0   1139.8   1161.8   0.747
20260406204522    186     55.0     70.0   20.0     22.8   1086.7   1088.3   0.716
20260406204522    186    960.0    975.0   20.0     21.2   1156.1   1176.7   0.663
20260406204522    186   1380.0   1395.0   20.0     56.0   1210.2   1257.9   0.801
20260406204522    187    175.0    190.0   20.0     92.3    912.4    912.4   0.666
20260406204522    187    540.0    565.0   20.0    129.0    917.8   1111.8   0.804
20260406204522    187   1455.0   1470.0   20.0     26.5   1092.3   1091.1   0.622
20260406204522    187   1615.0   1630.0   20.0     29.1   1092.6   1146.6   0.727
20260406204522    187   1785.0   1800.0   20.0     29.4   1312.9   1303.1   0.682
20260406204522    188    335.0    360.0   20.0     33.6    927.2    928.1   0.756
20260406204522    188   1505.0   1525.0   20.0     47.8    933.5    933.2   0.807
20260406204522    188   1690.0   1705.0   20.0     44.3    931.7    980.1   0.755
20260406204522    189    830.0    845.0   20.0     26.7   1469.0   1462.2   0.765
20260406204522    189   1000.0   1015.0   20.0     25.4   1500.5   1465.5   0.795
20260406204522    189   1075.0   1090.0   20.0     21.6   1509.2   1503.8   0.758
20260406204522    189   1155.0   1170.0   20.0     21.1   1509.2   1507.0   0.759
20260406204522    189   1225.0   1280.0   20.0     24.7   1504.6   1505.2   0.842
20260406204522    189   1435.0   1450.0   20.0     22.5   1487.1   1503.8   0.573
20260406204522    189   1700.0   1770.0   20.0     23.4   1499.5   1467.1   0.785
20260406204522    190    130.0    150.0   20.0     30.5    915.7    918.3   0.794
20260406204522    190    900.0    915.0   20.0     20.6    937.8    989.3   0.848
20260406204522    190   1135.0   1215.0   20.0     55.4   1019.2   1182.8   0.913
20260406204522    190   1330.0   1385.0   20.0     45.8   1135.8   1188.8   0.875
20260406204522    190   1505.0   1520.0   20.0    100.8   1187.4    935.2   0.785
20260406204522    190   1600.0   1630.0   20.0    185.0    939.8    933.8   0.823
20260406204522    190   1760.0   1775.0   20.0     28.1    934.3   1007.6   0.721
20260406204522    191    190.0    210.0   20.0     60.6    925.6    927.6   0.790
20260406204522    193    510.0    615.0   20.0     29.5   1427.2   1430.7   0.845
20260406204522    193    715.0   1480.0   20.0    113.3   1434.9   1372.7   0.924
20260406204522    194    770.0    785.0   20.0     57.2    962.3   1033.2   0.759
20260406204522    194    845.0    860.0   20.0     24.2   1066.1   1067.1   0.560
20260406204522    194   1000.0   1015.0   20.0     24.0   1059.3   1076.9   0.762
20260406204522    194   1350.0   1365.0   20.0     78.1   1095.3    955.4   0.773
20260406204522    194   1420.0   1435.0   20.0     92.1    958.2   1122.9   0.890
20260406204522    194   1690.0   1705.0   20.0     25.2   1172.2   1181.2   0.516
20260406204522    196    115.0    130.0   20.0     37.6    935.9    985.1   0.755
20260406204522    196    655.0    670.0   20.0     22.6   1110.4   1124.5   0.685
20260406204522    196    705.0    720.0   20.0     20.4   1126.2   1141.0   0.765
20260406204522    196    940.0    955.0   20.0     21.2   1136.0   1173.4   0.705
20260406204522    196   1095.0   1110.0   20.0    157.9   1181.2    947.8   0.877
20260406204522    198    755.0    815.0   20.0     26.9   1358.2   1343.4   0.769
20260406204522    199    420.0    435.0   20.0    160.5    937.6   1233.6   0.889
20260406204522    199   1605.0   1620.0   20.0     73.3   1309.3    940.3   0.970
20260406204522    200    410.0    565.0   20.0     47.1    953.4   1222.0   0.868
20260406204522    200    635.0    650.0   20.0     28.7   1218.5   1232.7   0.709
20260406204522    200    690.0    705.0   20.0     36.6   1244.0   1286.5   0.765
20260406204522    200    765.0    780.0   20.0     50.7   1262.2   1298.9   0.825
20260406204522    200    980.0    995.0   20.0     80.8   1210.0    951.3   0.920
20260406204522    200   1385.0   1400.0   20.0     42.8    955.4    955.4   0.702
20260406204522    200   1555.0   1595.0   20.0     50.2    957.5   1114.5   0.790
20260406204522    200   1650.0   1665.0   20.0     42.5   1140.9   1176.7   0.664
20260406204522    200   1785.0   1800.0   20.0     22.3   1238.4   1150.9   0.593
20260406204522    202    195.0    240.0   20.0     67.7   1054.8    993.7   0.870
20260406204522    202    485.0    500.0   20.0     31.7   1015.2   1022.9   0.759
20260406204522    203    580.0    625.0   20.0    148.9    973.0    977.7   0.797
20260406204522    203    840.0    855.0   20.0     51.8    977.8   1131.5   0.806
20260406204522    203   1065.0   1095.0   20.0    163.2   1147.2    974.8   0.800
20260406204522    203   1530.0   1550.0   20.0     91.2    974.2    970.0   0.798
20260406204522    203   1700.0   1715.0   20.0     51.1    978.3    966.4   0.745
20260406204522    204    320.0    335.0   20.0     81.6    956.3    959.5   0.807
20260406204522    204    790.0    810.0   20.0     67.3    976.2   1031.1   0.747
20260406204522    204    845.0    860.0   20.0     24.7   1034.1   1078.2   0.757
20260406204522    204    965.0   1015.0   20.0     41.1   1122.2   1163.3   0.812
20260406204522    204   1180.0   1205.0   20.0    101.6   1113.1   1013.3   0.859
20260406204522    204   1405.0   1420.0   20.0     22.8   1150.6   1228.6   0.854
20260406204522    204   1490.0   1505.0   20.0     45.8   1245.5   1308.7   0.855
20260406204522    204   1640.0   1655.0   20.0     31.8   1272.5   1303.4   0.796
20260406204522    206    145.0    165.0   20.0     70.7   1059.9   1061.0   0.797
20260406204522    206    280.0    295.0   20.0     27.1   1116.6   1131.2   0.801
20260406204522    206    365.0    395.0   20.0     31.8   1181.8   1230.3   0.837
20260406204522    206    500.0    515.0   20.0     23.5   1260.9   1271.4   0.660
20260406204522    206    640.0    660.0   20.0     31.7   1271.0   1290.3   0.805
20260406204522    206    700.0    740.0   20.0     41.0   1303.1   1333.2   0.889
20260406204522    206   1170.0   1185.0   20.0     24.8   1338.7   1356.5   0.894
20260406204522    207     85.0     95.0   20.0     20.7   1218.4   1223.4   0.516
20260406204522    207    835.0    850.0   20.0     23.5   1387.6   1393.1   0.593
20260406204522    208    175.0    240.0   20.0     27.9   1125.4   1185.2   0.832
20260406204522    208    510.0    560.0   20.0     30.4   1230.3   1286.3   0.856
20260406204522    208    625.0    645.0   20.0     44.5   1268.9   1271.5   0.920
20260406204522    208    685.0    700.0   20.0     57.3   1274.2   1277.7   0.798
20260406204522    208    790.0    805.0   20.0     25.8   1276.0   1285.6   0.881
20260406204522    208    900.0    915.0   20.0     29.8   1281.4   1321.8   0.897
20260406204522    210    140.0    250.0   20.0    115.8    970.7   1314.0   0.846
20260406204522    210    290.0    320.0   20.0     36.3   1317.1   1341.0   0.821
20260406204522    210    430.0    445.0   20.0     26.5   1353.5   1372.9   0.768
20260406204522    210    855.0    870.0   20.0     21.7   1319.6   1311.3   0.804
20260406204522    210    990.0   1005.0   20.0     42.5   1306.5    976.6   0.872
20260406204522    210   1470.0   1490.0   20.0     30.7    978.0    978.4   0.726
20260406204522    210   1585.0   1620.0   20.0    146.0    977.7    978.0   0.743
20260406204522    211    495.0    515.0   20.0     75.9    980.4    977.3   0.714
20260406204522    211   1055.0   1070.0   20.0     37.6    983.6    979.5   0.722
20260406204522    211   1465.0   1510.0   20.0     57.7    978.6   1186.4   0.788
20260406204522    211   1555.0   1585.0   20.0    171.7   1217.0   1039.6   0.864
20260406204522    211   1650.0   1665.0   20.0     28.7   1036.2   1086.6   0.698
20260406204522    211   1705.0   1720.0   20.0    194.5   1106.9    975.6   0.625
20260406204522    212   1200.0   1215.0   20.0     63.7   1014.7   1096.0   0.830
20260406204522    212   1435.0   1450.0   20.0     94.2   1165.4   1330.7   0.825
20260406204522    214      5.0     35.0   20.0     81.6    964.1   1172.2   0.817
20260406204522    214    145.0    160.0   20.0     20.5   1222.3   1268.3   0.757
20260406204522    214    195.0    210.0   20.0     21.6   1265.2   1269.8   0.815
20260406204522    214    355.0    375.0   20.0     32.5   1288.2   1301.3   0.784
20260406204522    214    485.0    500.0   20.0     28.9   1305.2   1337.0   0.799
20260406204522    214    800.0    815.0   20.0     25.8   1385.1   1389.8   0.801
20260406204522    215    630.0    645.0   20.0     67.5   1006.8   1280.2   0.837
20260406204522    216    240.0    365.0   20.0    144.0    997.0    994.1   0.816
20260406204522    216   1060.0   1080.0   20.0    134.6    995.9    994.2   0.815
20260406204522    216   1305.0   1330.0   20.0    159.5    994.8    994.6   0.766
20260406204522    217   1780.0   1795.0   20.0     21.1   1010.7   1008.9   0.499
20260406204522    218      0.0     30.0   20.0     52.0      0.0   1112.2   0.909
20260406204522    218    150.0    170.0   20.0     77.4   1216.8   1381.2   0.822
20260406204522    218    210.0    225.0   20.0    271.1   1365.1   1051.8   0.837
20260406204522    218    290.0    305.0   20.0     29.1   1075.2   1129.9   0.753
20260406204522    218    350.0    385.0   20.0     68.1   1147.9   1122.0   0.809
20260406204522    218    445.0    460.0   20.0     20.6   1151.4   1169.5   0.667
20260406204522    218    545.0    595.0   20.0     35.8   1186.5   1176.8   0.700
20260406204522    218    640.0    665.0   20.0     45.4   1180.9   1229.5   0.868
20260406204522    218    710.0    725.0   20.0     37.7   1235.8   1230.4   0.759
20260406204522    218    790.0    870.0   20.0    233.4   1256.7   1001.8   0.888
20260406204522    218   1100.0   1185.0   20.0    140.4   1002.4   1198.0   0.825
20260406204522    218   1250.0   1330.0   20.0    161.5   1214.6   1349.4   0.753
20260406204522    218   1425.0   1435.0   20.0     25.9   1301.5   1299.5   0.494
20260406204522    218   1600.0   1615.0   20.0     96.3   1323.1   1174.2   0.746
20260406204522    219    415.0    430.0   20.0     46.6    997.4   1105.0   0.859
20260406204522    219    590.0    605.0   20.0     37.4   1211.7   1250.1   0.704
20260406204522    219   1195.0   1210.0   20.0     24.7   1392.1   1419.7   0.793
20260406204522    220     95.0    120.0   20.0     43.7   1071.1   1089.1   0.865
20260406204522    220    660.0    675.0   20.0     26.3   1167.6   1189.8   0.763
20260406204522    220    815.0    830.0   20.0     34.3   1231.2   1298.4   0.864
20260406204522    220   1445.0   1455.0   20.0     20.9   1376.3   1357.4   0.410
20260406204522    221     65.0     85.0   20.0     93.8    991.4    988.7   0.763
20260406204522    221   1520.0   1575.0   20.0    190.3    995.0    994.3   0.837
20260406204522    222     15.0     45.0   20.0     46.7   1167.3   1207.8   0.548
20260406204522    222    245.0    260.0   20.0     25.4   1225.0   1251.2   0.761
20260406204522    223   1665.0   1710.0   20.0     30.3    998.5   1143.6   0.796
20260406204522    223   1750.0   1760.0   20.0     20.1   1199.2   1244.5   0.665
20260406204522    224    450.0    465.0   20.0     20.3   1226.0   1252.2   0.804
20260406204522    224    910.0    925.0   20.0     26.0   1338.3   1367.1   0.752
20260406204522    225    665.0    700.0   20.0    241.7   1014.7   1013.0   0.867
20260406204522    225    875.0    925.0   20.0    174.6   1016.7   1011.6   0.828
20260406204522    225   1265.0   1280.0   20.0     22.3   1016.0   1015.7   0.460
20260406204522    226    600.0    615.0   20.0     39.8   1014.8   1072.2   0.740
20260406204522    226    720.0    735.0   20.0     22.6   1147.0   1193.0   0.804
20260406204522    226    790.0    805.0   20.0     20.5   1172.8   1176.8   0.709
20260406204522    226    875.0    885.0   20.0     20.4   1204.2   1233.5   0.710
20260406204522    226   1000.0   1015.0   20.0    153.2   1240.5   1014.4   0.807
20260406204522    226   1770.0   1785.0   20.0     82.9   1013.1   1236.6   0.806
20260406204522    228   1045.0   1120.0   20.0    289.8   1015.3   1012.8   0.803
20260406204522    228   1370.0   1390.0   20.0    200.5   1013.9   1014.5   0.854
20260406204522    228   1430.0   1445.0   20.0     54.5   1014.8   1016.6   0.699
20260406204522    228   1495.0   1550.0   20.0     35.8   1020.2   1282.0   0.745
20260406204522    228   1590.0   1610.0   20.0    135.2   1279.7   1019.9   0.777
20260406204522    230     25.0     40.0   20.0     45.5   1023.3   1088.1   0.744
20260406204522    230    110.0    125.0   20.0     24.4   1169.4   1182.2   0.578
20260406204522    230    185.0    220.0   20.0     55.2   1192.2   1192.3   0.853
20260406204522    230    300.0    315.0   20.0     49.9   1233.4   1236.1   0.793
20260406204522    230    555.0    615.0   20.0     70.5   1298.6   1315.2   0.826
20260406204522    230    755.0    770.0   20.0     22.6   1312.1   1322.8   0.462
20260406204522    231   1375.0   1390.0   20.0     48.2   1026.1   1025.1   0.638
20260406204522    234    665.0    700.0   20.0     78.5   1023.8   1024.0   0.814
20260406204522    235    165.0    230.0   20.0     30.5   1337.5   1352.1   0.618
20260406204522    235    295.0    330.0   20.0     29.6   1357.0   1387.1   0.706
20260406204522    235    395.0    415.0   20.0     28.4   1381.1   1382.6   0.689
20260406204522    235    615.0    650.0   20.0     24.9   1410.8   1411.4   0.836
20260406204522    235    785.0    800.0   20.0     22.3   1427.1   1423.4   0.783
20260406204522    236    635.0    645.0   20.0     23.3   1288.3   1289.8   0.504
20260406204522    236    760.0    775.0   20.0     47.7   1348.4   1372.2   0.667
20260406204522    236   1050.0   1065.0   20.0     50.6   1432.8   1452.2   0.836
20260406204522    236   1110.0   1125.0   20.0     33.6   1457.8   1462.0   0.704
20260406204522    236   1255.0   1410.0   20.0    290.9   1502.5   1054.4   0.818
20260406204522    236   1695.0   1715.0   20.0     92.0   1043.7   1046.3   0.779
20260406204522    237    450.0    585.0   20.0     31.0   1609.5   1614.2   0.745
20260406204522    237    705.0    915.0   20.0     42.3   1622.5   1650.9   0.759
20260406204522    237   1010.0   1035.0   20.0    122.3   1656.7   1652.2   0.860
20260406204522    237   1085.0   1100.0   20.0     23.4   1652.2   1648.4   0.724
20260406204522    238    585.0    595.0   20.0     24.5   1224.5   1227.4   0.659
20260406204522    238    805.0    820.0   20.0     30.4   1237.5   1244.7   0.760
20260406204522    238   1220.0   1260.0   20.0     23.1   1238.2   1283.5   0.802
20260406204522    238   1400.0   1415.0   20.0     22.2   1296.1   1320.5   0.754
20260406204522    238   1520.0   1535.0   20.0     20.3   1311.5   1303.7   0.486
20260406204522    238   1735.0   1745.0   20.0     22.2   1326.7   1337.8   0.670
20260406204522    239     40.0     70.0   20.0    123.7   1056.2   1057.9   0.853
20260406204522    240    425.0    440.0   20.0     25.1   1214.9   1262.4   0.771
20260406204522    240    485.0    500.0   20.0     40.3   1261.8   1343.5   0.881
20260406204522    240   1030.0   1045.0   20.0     20.5   1338.4   1354.0   0.656
20260406204522    241    660.0    675.0   20.0     26.9   1428.7   1445.8   0.707
20260406204522    241    890.0    905.0   20.0     34.1   1461.0   1459.5   0.662
20260406204522    242     80.0     95.0   20.0     24.3   1223.8   1186.7   0.758
20260406204522    242    240.0    255.0   20.0     90.4   1228.3   1051.7   0.817
20260406204522    242    375.0    390.0   20.0     65.9   1054.6   1134.9   0.734
20260406204522    242    440.0    480.0   20.0     99.2   1144.4   1220.5   0.816
20260406204522    242    535.0    550.0   20.0     26.0   1221.4   1222.6   0.766
20260406204522    242    635.0    675.0   20.0    116.8   1225.1   1053.4   0.785
20260406204522    242    730.0    745.0   20.0     53.5   1053.0   1121.4   0.738
20260406204522    242    785.0    800.0   20.0     60.0   1124.5   1052.4   0.747
20260406204522    242   1125.0   1200.0   20.0     55.6   1055.6   1287.0   0.845
20260406204522    242   1240.0   1335.0   20.0     47.6   1327.0   1396.9   0.659
20260406204522    242   1405.0   1420.0   20.0     22.1   1423.2   1421.5   0.573
20260406204522    242   1480.0   1495.0   20.0     66.7   1425.4   1439.9   0.859
20260406204522    243    455.0    485.0   20.0     54.5   1074.1   1150.8   0.816
20260406204522    243    585.0    600.0   20.0     75.1   1158.7   1071.8   0.763
20260406204522    244     80.0    130.0   20.0     57.8   1062.9   1355.0   0.826
20260406204522    244    275.0    335.0   20.0     31.9   1370.7   1452.5   0.833
20260406204522    245    655.0    705.0   20.0    236.3   1073.6   1069.1   0.897
20260406204522    245   1335.0   1435.0   19.9    225.2   1068.5   1066.6   0.842
20260406204522    246    335.0    350.0   20.0     22.3   1341.3   1345.2   0.594
20260406204522    246    435.0    450.0   20.0     29.9   1352.7   1402.7   0.857
20260406204522    246    850.0    865.0   20.0     20.1   1412.0   1411.5   0.586
20260406204522    246   1070.0   1085.0   20.0     23.8   1409.9   1424.9   0.785
20260406204522    246   1120.0   1135.0   20.0     29.0   1438.9   1440.1   0.746
20260406204522    246   1635.0   1650.0   20.0     20.8   1460.3   1468.1   0.760
20260406204522    246   1785.0   1800.0   20.0     46.0   1477.9   1507.1   0.836
20260406204522    247    230.0    325.0   20.0    227.5   1569.7   1526.1   0.509
20260406204522    247    555.0    685.0   20.0    425.1   1623.2   1409.6   0.798
20260406204522    247    770.0    785.0   20.0     21.3   1459.5   1503.4   0.489
20260406204522    247    855.0    875.0   20.0     51.6   1523.3   1540.8   0.642
20260406204522    247    975.0    990.0   20.0     30.3   1561.2   1557.1   0.428
20260406204522    247   1095.0   1110.0   20.0     46.3   1561.4   1570.0   0.707
20260406204522    247   1170.0   1185.0   20.0     37.6   1567.2   1556.6   0.478
20260406204522    249   1540.0   1555.0   20.0     49.9   1076.3   1197.6   0.731
20260406204522    249   1605.0   1620.0   20.0    131.0   1205.7   1079.8   0.749
20260406204522    250    240.0    275.0   20.0    211.4   1085.8   1084.9   0.821
20260406204522    250    335.0    350.0   20.0     66.3   1083.6   1174.7   0.739
20260406204522    250    445.0    470.0   20.0     27.9   1231.4   1308.8   0.823
20260406204522    250    705.0    720.0   20.0     26.4   1349.7   1370.5   0.776
20260406204522    250    815.0    830.0   20.0    107.1   1394.3   1085.1   0.940
20260406204522    250   1525.0   1540.0   20.0     67.9   1078.0   1079.2   0.833
20260406204522    250   1695.0   1720.0   20.0     57.6   1078.8   1079.6   0.754
20260406204522    250   1790.0   1800.0   20.0     69.0   1079.5   1166.6   0.773
20260406204522    252    150.0    180.0   20.0     84.8   1086.6   1515.3   0.780
20260406204522    253   1705.0   1720.0   20.0     94.1   1106.0   1286.6   0.841
20260406204522    253   1765.0   1785.0   20.0     31.3   1299.7   1309.8   0.716
20260406204522    254   1045.0   1060.0   20.0    229.5   1103.9   1096.6   0.832
20260406204522    254   1155.0   1170.0   20.0    126.8   1095.9   1095.6   0.663
20260406204522    254   1280.0   1295.0   20.0     84.3   1100.8   1095.3   0.586
20260406204522    254   1550.0   1565.0   20.0     59.9   1099.3   1096.8   0.773
20260406204522    254   1720.0   1735.0   20.0     27.7   1094.1   1138.3   0.879
20260406204522    254   1780.0   1800.0   20.0    101.5   1173.6   1217.4   0.793
20260406204522    255      5.0     25.0   20.0    356.2   1569.8   1110.7   0.922
20260406204522    255    360.0    460.0   20.0    122.9   1135.0   1110.9   0.779
20260406204522    256    150.0    165.0   20.0    131.3   1239.3   1395.6   0.805
20260406204522    256    270.0    285.0   20.0     26.5   1381.7   1385.1   0.780
20260406204522    256    725.0    740.0   20.0     42.7   1490.7   1472.1   0.655
20260406204522    256   1190.0   1205.0   20.0     40.0   1517.3   1540.8   0.700
20260406211842      1    675.0    690.0   20.0     24.7    989.9    985.1   0.651
20260406211842      1    805.0    820.0   20.0     79.4    984.8   1239.6   0.782
20260406211842      1   1230.0   1265.0   20.0     28.7   1292.2   1326.2   0.849
20260406211842      2    290.0    305.0   20.0     51.2    975.9    976.2   0.776
20260406211842      2    385.0    405.0   20.0    213.7    981.3    978.1   0.876
20260406211842      2   1140.0   1155.0   20.0     45.3    967.6   1032.2   0.743
20260406211842      2   1370.0   1385.0   20.0     25.1   1050.3   1053.7   0.755
20260406211842      6     75.0     90.0   20.0     43.9   1107.2   1179.3   0.880
20260406211842      6   1140.0   1155.0   20.0     31.3   1248.2   1274.6   0.737
20260406211842      6   1325.0   1340.0   20.0     20.9   1269.6   1274.5   0.614
20260406211842      7    140.0    155.0   20.0    195.8    972.4   1316.8   0.828
20260406211842      7    600.0    615.0   20.0     24.4   1372.3   1391.9   0.550
20260406211842      7    770.0    785.0   20.0     24.1   1402.6   1417.2   0.556
20260406211842      8     30.0     50.0   20.0     79.1   1040.4    960.6   0.811
20260406211842      8   1490.0   1505.0   20.0     31.3    971.9   1003.5   0.746
20260406211842      8   1670.0   1685.0   20.0     84.2   1042.4    950.9   0.760
20260406211842      9    280.0    300.0   20.0     63.3    969.1   1061.8   0.922
20260406211842      9    425.0    440.0   20.0     40.0   1101.8   1172.2   0.865
20260406211842     10    285.0    300.0   20.0     38.9    954.0    954.2   0.825
20260406211842     12      0.0     10.0   20.0     32.3      0.0    994.8   0.735
20260406211842     12   1130.0   1145.0   20.0     28.5   1173.7   1199.8   0.774
20260406211842     15    530.0    545.0   20.0     65.4    955.4   1065.3   0.750
20260406211842     15    900.0    915.0   20.0     42.4   1162.7   1182.9   0.704
20260406211842     15   1180.0   1200.0   20.0     23.5   1218.9   1248.4   0.619
20260406211842     15   1240.0   1260.0   20.0    165.0   1258.8    951.6   0.877
20260406211842     16    100.0    115.0   20.0     42.8    941.6   1110.1   0.763
20260406211842     16    700.0    710.0   20.0     24.8   1163.5   1227.2   0.656
20260406211842     17    485.0    500.0   20.0     76.7    946.6    945.9   0.764
20260406211842     17    915.0    935.0   20.0    119.6    942.8   1142.8   0.826
20260406211842     17   1450.0   1465.0   20.0     92.8   1143.1    938.0   0.897
20260406211842     17   1730.0   1745.0   20.0     66.1    920.9    917.7   0.732
20260406211842     18    460.0    475.0   20.0     34.1    941.3    938.1   0.719
20260406211842     18   1395.0   1410.0   20.0     52.2    992.3    946.2   0.748
20260406211842     18   1455.0   1470.0   20.0     40.4    943.3   1079.1   0.760
20260406211842     19    530.0    545.0   20.0     25.3   1305.6   1325.9   0.632
20260406211842     19    625.0    640.0   20.0     47.3   1342.5   1342.0   0.655
20260406211842     20    435.0    475.0   20.0     98.0    941.7    942.7   0.827
20260406211842     20    545.0    560.0   20.0     33.6    939.8    939.2   0.736
20260406211842     20   1135.0   1150.0   20.0     57.7    941.1    943.6   0.684
20260406211842     20   1400.0   1415.0   20.0     39.7    939.7    932.9   0.768
20260406211842     22    130.0    145.0   20.0     36.0    927.1    969.4   0.781
20260406211842     22   1010.0   1025.0   20.0     43.2    923.9    976.6   0.745
20260406211842     22   1115.0   1130.0   20.0     23.7   1009.4    990.8   0.600
20260406211842     23   1370.0   1385.0   20.0     63.3    926.2   1041.3   0.736
20260406211842     23   1490.0   1505.0   20.0     22.3   1110.4   1128.5   0.575
20260406211842     23   1560.0   1575.0   20.0    203.5   1147.2    920.2   0.822
20260406211842     24   1085.0   1100.0   20.0    116.3   1115.2    929.0   0.825
20260406211842     24   1195.0   1210.0   20.0     60.0    928.9   1000.4   0.735
20260406211842     24   1315.0   1330.0   20.0     47.0   1025.8   1086.3   0.817
20260406211842     25   1415.0   1430.0   20.0     23.7   1304.9   1329.5   0.730
20260406211842     26    260.0    295.0   20.0     41.9    998.4   1096.1   0.851
20260406211842     26    445.0    460.0   20.0     22.0   1105.2   1105.2   0.616
20260406211842     26    540.0    555.0   20.0     22.2   1103.0   1106.2   0.648
20260406211842     26   1250.0   1265.0   20.0     45.4   1133.9   1137.4   0.675
20260406211842     26   1405.0   1420.0   20.0     48.4   1145.2   1164.4   0.716
20260406211842     28    825.0    840.0   20.0     71.1    928.6   1133.6   0.853
20260406211842     29     45.0     85.0   20.0     29.3    911.1    919.6   0.655
20260406211842     30    505.0    520.0   20.0     47.8    927.2    926.6   0.783
20260406211842     30    735.0    750.0   20.0     43.5    927.4   1014.1   0.782
20260406211842     30    930.0    945.0   20.0     27.4   1043.4   1058.1   0.840
20260406211842     30   1005.0   1020.0   20.0    115.3   1055.7    925.6   0.799
20260406211842     30   1180.0   1265.0   20.0     88.9    924.9   1139.5   0.812
20260406211842     31    595.0    610.0   20.0     32.0   1164.9   1181.3   0.610
20260406211842     32     45.0     65.0   20.0     70.3    906.4    907.9   0.752
20260406211842     32    435.0    455.0   20.0     24.6    910.7    913.2   0.731
20260406211842     32    650.0    680.0   20.0    145.4    915.4   1271.6   0.877
20260406211842     33    105.0    120.0   20.0     23.6   1197.9   1199.0   0.480
20260406211842     33    635.0    655.0   20.0     35.0   1211.6   1212.4   0.888
20260406211842     36    750.0    775.0   20.0     77.5   1190.3   1210.7   0.847
20260406211842     38    120.0    135.0   20.0     43.7    912.2   1027.4   0.821
20260406211842     38    545.0    560.0   20.0     30.3   1070.0   1074.2   0.747
20260406211842     38    950.0    965.0   20.0     55.4   1128.0   1149.6   0.868
20260406211842     38   1120.0   1135.0   20.0     42.3   1170.0   1201.1   0.789
20260406211842     38   1400.0   1415.0   20.0     40.1   1183.7   1219.1   0.800
20260406211842     38   1540.0   1555.0   20.0     20.5   1225.8   1260.9   0.857
20260406211842     39    230.0    250.0   20.0     30.1   1033.2    989.3   0.768
20260406211842     39    620.0    635.0   20.0     29.4   1011.3   1035.6   0.684
20260406211842     39    835.0    855.0   20.0     45.4   1099.8   1043.5   0.768
20260406211842     39   1245.0   1255.0   20.0     25.1   1037.1   1057.9   0.471
20260406211842     39   1480.0   1495.0   20.0     32.2   1053.7   1071.8   0.726
20260406211842     40      0.0     15.0   20.0     40.8      0.0    952.8   0.771
20260406211842     40     55.0     70.0   20.0     56.4    961.6    901.6   0.741
20260406211842     40    225.0    240.0   20.0     22.4    904.3   1007.3   0.765
20260406211842     40    320.0    350.0   20.0     23.2   1016.6   1021.2   0.625
20260406211842     40    455.0    515.0   20.0     95.9   1031.0   1163.5   0.797
20260406211842     40   1505.0   1520.0   20.0     20.7   1166.8   1167.0   0.644
20260406211842     41   1270.0   1285.0   20.0     45.6    913.6    983.0   0.769
20260406211842     41   1390.0   1435.0   20.0    103.8   1030.6   1128.5   0.927
20260406211842     41   1485.0   1500.0   20.0     20.3   1144.8   1191.5   0.847
20260406211842     42    825.0    840.0   20.0     41.5    906.8    960.5   0.746
20260406211842     42   1400.0   1415.0   20.0     22.4   1023.9   1020.6   0.745
20260406211842     42   1590.0   1605.0   20.0     25.9   1006.5   1040.8   0.755
20260406211842     43   1140.0   1150.0   20.0     23.1    917.4    999.9   0.692
20260406211842     43   1555.0   1570.0   20.0     25.0   1035.3   1033.6   0.862
20260406211842     44    155.0    170.0   20.0     36.9    897.0    974.7   0.758
20260406211842     44    380.0    395.0   20.0     20.4   1043.0   1040.6   0.708
20260406211842     44    875.0    890.0   20.0     33.8   1065.3   1075.6   0.799
20260406211842     44   1055.0   1065.0   20.0     22.1   1071.5   1094.4   0.534
20260406211842     44   1440.0   1470.0   20.0     66.8    999.7    969.0   0.820
20260406211842     44   1595.0   1655.0   20.0     62.1    969.1    886.3   0.846
20260406211842     46   1405.0   1420.0   20.0     38.2   1195.3   1206.0   0.754
20260406211842     47    595.0    610.0   20.0    103.0    895.2    895.8   0.821
20260406211842     47   1025.0   1040.0   20.0     26.4    895.8    897.0   0.542
20260406211842     47   1395.0   1410.0   20.0     46.1    901.2    891.8   0.447
20260406211842     48    295.0    310.0   20.0     49.8    932.3    933.2   0.817
20260406211842     48   1610.0   1625.0   20.0     46.8    922.8    922.3   0.792
20260406211842     49     25.0     40.0   20.0     68.8    887.1   1003.5   0.844
20260406211842     49    115.0    155.0   20.0     24.1   1006.6   1059.6   0.763
20260406211842     49    315.0    330.0   20.0     50.3   1043.1   1050.1   0.763
20260406211842     49    470.0    485.0   20.0     31.9   1060.0   1097.9   0.718
20260406211842     49    790.0    835.0   20.0     75.8   1101.8   1102.1   0.727
20260406211842     50   1105.0   1180.0   20.0     60.0    973.6   1131.8   0.878
20260406211842     50   1345.0   1360.0   20.0     82.6   1157.4   1270.2   0.820
20260406211842     51    560.0    575.0   20.0     39.8    891.9    967.9   0.846
20260406211842     51    705.0    750.0   20.0     49.7    996.6   1183.4   0.820
20260406211842     51   1215.0   1230.0   20.0     56.7   1022.2    874.9   0.928
20260406211842     51   1630.0   1660.0   20.0     98.0    874.3    869.4   0.880
20260406211842     52    815.0    855.0   20.0     80.2    897.0   1061.5   0.882
20260406211842     52   1100.0   1115.0   20.0     20.1   1096.9   1107.6   0.632
20260406211842     53    540.0    555.0   20.0     52.0    889.2    889.0   0.755
20260406211842     54    545.0    560.0   20.0     33.1   1022.8   1069.9   0.731
20260406211842     55      0.0     15.0   20.0     26.5      0.0    980.1   0.875
20260406211842     56    225.0    240.0   20.0     37.0    880.8    937.0   0.786
20260406211842     58     30.0    145.0   20.0     49.4    868.2   1036.2   0.786
20260406211842     61   1005.0   1020.0   20.0    154.5    876.2    875.7   0.666
20260406211842     62   1235.0   1250.0   20.0     25.3    876.2    982.3   0.777
20260406211842     63     65.0     85.0   20.0     92.3    849.7    854.7   0.825
20260406211842     63   1480.0   1500.0   20.0     42.4    854.2    857.4   0.719
20260406211842     64   1565.0   1580.0   20.0     73.9    887.8    885.1   0.581
20260406211842     64   1665.0   1680.0   20.0     21.2    883.1    921.3   0.748
20260406211842     66     20.0     35.0   20.0     42.4    867.1    922.4   0.731
20260406211842     67   1100.0   1115.0   20.0     70.1    872.6   1026.1   0.777
20260406211842     67   1475.0   1490.0   20.0    131.3   1008.1    851.9   0.781
20260406211842     68     55.0     75.0   20.0     25.7    864.3    952.8   0.698
20260406211842     68    725.0    740.0   20.0     27.7   1019.4   1050.4   0.749
20260406211842     68    880.0    900.0   20.0     60.5   1060.8   1098.5   0.761
20260406211842     68   1240.0   1250.0   20.0     21.7   1122.0   1130.3   0.445
20260406211842     69     50.0     65.0   20.0    113.4    851.4    850.5   0.628
20260406211842     69    215.0    235.0   20.0     53.9    854.3    856.3   0.787
20260406211842     69    295.0    310.0   20.0     86.3    860.8    858.0   0.721
20260406211842     70      0.0     15.0   20.0     23.8      0.0   1188.4   0.485
20260406211842     71   1095.0   1110.0   20.0     64.4    865.8    864.7   0.821
20260406211842     71   1505.0   1520.0   20.0     50.0    861.9    862.3   0.693
20260406211842     72   1075.0   1090.0   20.0     22.6   1121.0   1130.3   0.740
20260406211842     74    725.0    750.0   20.0     68.1   1113.6   1115.2   0.785
20260406211842     74    910.0    925.0   20.0     42.8   1111.3   1118.1   0.726
20260406211842     75   1405.0   1420.0   20.0     21.8    860.7    860.8   0.539
20260406211842     75   1675.0   1690.0   20.0     36.0    867.6    853.2   0.447
20260406211842     76     30.0     50.0   20.0    147.6    851.5    854.8   0.819
20260406211842     76    140.0    155.0   20.0     39.0    863.9    922.2   0.755
20260406211842     76    515.0    530.0   20.0     32.5    931.5    970.9   0.891
20260406211842     78    470.0    485.0   20.0     69.4    867.9    870.6   0.797
20260406211842     78    520.0    535.0   20.0     21.7    868.6    928.4   0.727
20260406211842     78   1190.0   1205.0   20.0     24.9   1037.7   1086.4   0.788
20260406211842     78   1355.0   1405.0   20.0     35.7   1108.3   1082.7   0.787
20260406211842     78   1480.0   1530.0   20.0    135.2   1051.0    866.8   0.775
20260406211842     81    990.0   1010.0   20.0     69.4    869.1    869.4   0.868
20260406211842     81   1495.0   1700.0   20.0    194.5    864.0    853.5   0.866
20260406211842     81   1740.0   1760.0   20.0     49.0    852.4    993.3   0.900
20260406211842     83    170.0    185.0   20.0     53.2    848.7    917.4   0.740
20260406211842     83   1570.0   1615.0   20.0     24.3   1040.3   1030.9   0.842
20260406211842     84      5.0     50.0   20.0     35.1    840.9    954.6   0.833
20260406211842     84    235.0    250.0   20.0     41.8    992.9    903.3   0.797
20260406211842     84    745.0    760.0   20.0     39.4    978.6   1026.1   0.893
20260406211842     84    880.0    895.0   20.0     83.2   1006.7    936.6   0.794
20260406211842     84   1325.0   1340.0   20.0     44.5   1022.5   1034.6   0.676
20260406211842     84   1425.0   1440.0   20.0     27.0   1029.9   1023.4   0.785
20260406211842     84   1590.0   1640.0   20.0    105.2   1012.7    885.4   0.825
20260406211842     85    610.0    630.0   20.0     94.6    854.2    856.6   0.863
20260406211842     85   1250.0   1265.0   20.0     20.5    859.9    944.5   0.779
20260406211842     85   1310.0   1335.0   20.0    198.5   1003.2    856.6   0.796
20260406211842     86     60.0     75.0   20.0     59.0    858.5    977.2   0.789
20260406211842     86    275.0    290.0   20.0     29.2   1018.4   1078.3   0.603
20260406211842     87    415.0    430.0   20.0     41.5    855.1    905.6   0.706
20260406211842     87    485.0    555.0   20.0    217.1    922.1    857.5   0.844
20260406211842     87    975.0    990.0   20.0     59.8    861.2    860.9   0.766
20260406211842     87   1380.0   1410.0   20.0     58.5    884.8    862.1   0.804
20260406211842     88    745.0    760.0   20.0     35.9    880.6    929.0   0.748
20260406211842     88    800.0    815.0   20.0     53.7    937.6    893.4   0.751
20260406211842     88   1770.0   1785.0   20.0     64.9    868.2    978.7   0.892
20260406211842     89   1565.0   1580.0   20.0    110.9   1091.3   1057.9   0.902
20260406211842     90    215.0    240.0   20.0     32.7    857.1   1005.4   0.853
20260406211842     90    300.0    315.0   20.0    130.1   1000.6    856.9   0.801
20260406211842     90    365.0    380.0   20.0     61.5    860.1   1029.4   0.805
20260406211842     90    465.0    520.0   20.0     28.6   1034.3   1049.9   0.785
20260406211842     90   1500.0   1515.0   20.0     20.5   1127.8   1142.5   0.800
20260406211842     91     20.0     35.0   20.0     59.8    860.4    942.2   0.750
20260406211842     91    105.0    170.0   20.0     73.0    945.7   1042.4   0.868
20260406211842     91    215.0    230.0   20.0     31.6   1066.0   1104.2   0.488
20260406211842     91    525.0    540.0   20.0     41.4   1090.5   1091.8   0.722
20260406211842     91    885.0    900.0   20.0     22.0   1094.7   1102.9   0.616
20260406211842     91   1495.0   1510.0   20.0     28.2   1128.3   1127.9   0.800
20260406211842     91   1565.0   1580.0   20.0    105.7   1118.4    864.6   0.877
20260406211842     93   1470.0   1485.0   20.0     87.4    833.0   1059.3   0.887
20260406211842     94    230.0    245.0   20.0     38.9    851.6    850.3   0.743
20260406211842     94   1655.0   1670.0   20.0     31.8    867.2    901.2   0.779
20260406211842     95   1405.0   1425.0   20.0     67.7    882.3    935.9   0.846
20260406211842     95   1590.0   1605.0   20.0     24.0    966.7    995.0   0.833
20260406211842     95   1750.0   1765.0   20.0     20.1   1040.9   1041.5   0.810
20260406211842     96    305.0    320.0   20.0     52.9    871.4    987.8   0.768
20260406211842     96    530.0    545.0   20.0     30.7   1041.2   1053.9   0.689
20260406211842     96    610.0    625.0   20.0     32.7   1071.9   1064.7   0.787
20260406211842     96   1505.0   1520.0   20.0     21.0   1129.2   1130.6   0.837
20260406211842     97   1240.0   1260.0   20.0     72.4    849.2    849.2   0.852
20260406211842     97   1515.0   1530.0   20.0     51.5    854.2    845.8   0.796
20260406211842     97   1595.0   1610.0   20.0     49.6    843.2    842.9   0.742
20260406211842     99    375.0    390.0   20.0     53.0    856.6    862.2   0.624
20260406211842     99   1595.0   1610.0   20.0     77.0    856.0    982.5   0.819
20260406211842    100     45.0     60.0   20.0     32.3    856.4    903.3   0.750
20260406211842    100    130.0    145.0   20.0     28.7    935.6   1010.7   0.739
20260406211842    100    265.0    280.0   20.0     34.6    971.9    982.5   0.755
20260406211842    100   1545.0   1560.0   20.0     39.9   1080.6   1077.2   0.585
20260406211842    100   1750.0   1785.0   20.0     21.9   1076.0   1098.0   0.781
20260406211842    103    440.0    470.0   20.0     70.8    870.1    869.9   0.822
20260406211842    103   1625.0   1640.0   20.0     21.0    871.7    867.3   0.700
20260406211842    104   1105.0   1120.0   20.0     45.3    855.1    915.5   0.717
20260406211842    104   1525.0   1540.0   20.0     56.8    948.0    855.8   0.752
20260406211842    104   1705.0   1720.0   20.0     40.8    848.6    909.3   0.815
20260406211842    104   1765.0   1780.0   20.0     20.7    919.2    941.1   0.773
20260406211842    105    195.0    210.0   20.0     21.8   1096.3   1113.9   0.436
20260406211842    105    405.0    420.0   20.0     41.1   1143.1   1144.8   0.525
20260406211842    108    630.0   1190.0   20.0    391.5   1237.9   1330.7   0.864
20260406211842    108   1225.0   1305.0   20.0    423.8   1314.6   1351.5   0.743
20260406211842    108   1345.0   1395.0   20.0    102.8   1351.2   1348.0   0.885
20260406211842    108   1430.0   1475.0   20.0    219.4   1347.5   1346.7   0.841
20260406211842    108   1555.0   1800.0   20.0    452.5   1346.3   1301.6   0.893
20260406211842    109    245.0    260.0   20.0     51.2    859.8    983.2   0.794
20260406211842    109    305.0    320.0   20.0     23.6   1030.6   1070.9   0.651
20260406211842    112    850.0    870.0   20.0     53.7    864.3   1083.1   0.874
20260406211842    114     65.0     80.0   20.0     20.0   1026.8   1048.7   0.780
20260406211842    115    990.0   1020.0   20.0     91.0    854.8    855.0   0.797
20260406211842    116     75.0     90.0   20.0    110.1    979.7    846.8   0.752
20260406211842    116    250.0    265.0   20.0     49.8    850.5    928.4   0.741
20260406211842    116    630.0    645.0   20.0     98.0    961.0    853.9   0.769
20260406211842    116    815.0    835.0   20.0    113.1    853.5    946.5   0.828
20260406211842    116   1040.0   1055.0   20.0     23.8   1031.8   1042.9   0.781
20260406211842    116   1395.0   1410.0   20.0     33.6   1057.6   1114.3   0.740
20260406211842    117    735.0    750.0   20.0     61.4    847.5    852.7   0.753
20260406211842    117   1595.0   1610.0   20.0     28.7    849.5    920.5   0.531
20260406211842    118     80.0     95.0   20.0     25.0   1077.7   1090.4   0.726
20260406211842    118    390.0    405.0   20.0     20.0   1107.3   1125.5   0.618
20260406211842    119    555.0    570.0   20.0     29.3    903.0    870.1   0.674
20260406211842    121    140.0    155.0   20.0     36.3   1106.8   1169.1   0.861
20260406211842    122    130.0    145.0   20.0     35.7    867.3    913.4   0.750
20260406211842    122    210.0    290.0   20.0     42.5    956.3   1041.1   0.769
20260406211842    123    135.0    150.0   20.0     57.1    848.0    950.9   0.762
20260406211842    123    725.0    740.0   20.0     68.8   1017.6    993.0   0.873
20260406211842    124    540.0    565.0   20.0     79.0   1004.1    914.7   0.815
20260406211842    124    645.0    660.0   20.0     51.1    923.9    864.7   0.742
20260406211842    124    775.0    790.0   20.0     21.8    866.1    898.7   0.707
20260406211842    124    955.0    970.0   20.0     20.6    939.7    965.2   0.601
20260406211842    126    115.0    130.0   20.0     51.5   1042.1   1064.9   0.811
20260406211842    126    970.0    985.0   20.0     22.6   1135.4   1136.6   0.500
20260406211842    127      0.0     20.0   20.0     25.4      0.0   1065.3   0.754
20260406211842    128    845.0    865.0   20.0     53.1    874.5    875.7   0.845
20260406211842    128   1540.0   1555.0   20.0     43.1    880.9    931.7   0.777
20260406211842    128   1630.0   1645.0   20.0     47.5    955.0   1031.6   0.865
20260406211842    130      5.0     50.0   20.0     64.2    849.3    997.0   0.778
20260406211842    130    895.0    910.0   20.0     32.4   1007.6   1041.9   0.664
20260406211842    132      0.0     15.0   20.0     28.1      0.0    959.3   0.710
20260406211842    132   1180.0   1240.0   20.0     84.5   1044.5    866.5   0.944
20260406211842    134    105.0    155.0   20.0     36.4    861.3    925.5   0.762
20260406211842    134    255.0    270.0   20.0     25.4    933.7    972.8   0.711
20260406211842    134    450.0    485.0   20.0     21.7   1005.3   1020.5   0.702
20260406211842    134   1765.0   1780.0   20.0     59.2   1062.6   1089.9   0.684
20260406211842    136    215.0    275.0   20.0     54.0    863.7    866.0   0.738
20260406211842    136    360.0    375.0   20.0     34.4    863.8    915.6   0.746
20260406211842    136    790.0    805.0   20.0    152.3    989.3    990.2   0.766
20260406211842    136    875.0    890.0   20.0     46.2    993.6   1025.1   0.552
20260406211842    136   1635.0   1650.0   20.0     20.9   1108.1   1126.4   0.822
20260406211842    137     75.0     90.0   20.0     25.0   1240.9   1241.0   0.561
20260406211842    137    565.0    580.0   20.0    139.1   1289.4   1288.8   0.667
20260406211842    137    855.0   1800.0   20.0    203.0   1303.5   1290.0   0.913
20260406211842    139    900.0    915.0   20.0     41.5    862.8    927.7   0.782
20260406211842    139   1250.0   1265.0   20.0     24.4   1062.0   1087.6   0.775
20260406211842    140    565.0    580.0   20.0     41.3    877.7    938.1   0.754
20260406211842    140    905.0    920.0   20.0     79.8    977.7    878.2   0.773
20260406211842    140   1135.0   1155.0   20.0     83.6    885.5   1067.3   0.924
20260406211842    142     15.0     30.0   20.0     36.2    885.4    921.6   0.771
20260406211842    142    155.0    180.0   20.0     28.0    949.9    954.9   0.715
20260406211842    142    410.0    450.0   20.0     60.2   1040.7   1071.7   0.698
20260406211842    143      0.0     10.0   20.0     37.8      0.0   1154.6   0.857
20260406211842    143   1035.0   1050.0   20.0     21.9   1267.9   1280.8   0.755
20260406211842    144      0.0     20.0   20.0     52.6      0.0   1109.5   0.742
20260406211842    144    120.0    150.0   20.0     26.0   1144.4   1152.3   0.638
20260406211842    144    220.0    235.0   20.0     49.3   1147.2   1142.1   0.850
20260406211842    144    350.0    365.0   20.0     22.9   1141.9   1161.5   0.800
20260406211842    145    885.0    900.0   20.0    111.2    883.6    881.6   0.770
20260406211842    146    335.0    350.0   20.0     34.2    872.7    941.8   0.713
20260406211842    146    850.0    870.0   20.0     97.0    992.3    910.7   0.810
20260406211842    146    930.0    945.0   20.0     39.8    883.0    941.4   0.758
20260406211842    146   1625.0   1640.0   20.0     23.6   1028.1   1080.2   0.830
20260406211842    150     80.0     95.0   20.0     68.0    877.9    877.8   0.771
20260406211842    150    265.0    280.0   20.0     32.4    884.5    917.6   0.761
20260406211842    153    785.0    800.0   20.0     55.0    879.7    880.2   0.722
20260406211842    153   1485.0   1500.0   20.0     27.5    881.5    984.8   0.787
20260406211842    153   1535.0   1550.0   20.0    102.0    994.2    880.9   0.826
20260406211842    153   1645.0   1680.0   20.0    148.4    879.5    879.2   0.828
20260406211842    154     45.0     60.0   20.0     31.5    889.6   1004.7   0.738
20260406211842    154     95.0    110.0   20.0     24.9   1039.7   1004.6   0.657
20260406211842    154    360.0    390.0   20.0     68.3   1026.2   1028.3   0.778
20260406211842    154    870.0    885.0   20.0     48.7   1056.0   1132.4   0.831
20260406211842    154   1055.0   1070.0   20.0     30.4   1174.7   1189.1   0.825
20260406211842    156    345.0    360.0   20.0     25.9   1177.1   1168.5   0.811
20260406211842    159   1240.0   1255.0   20.0     40.3    124.5    129.9   0.744
20260406211842    160    340.0    355.0   20.0     30.7    882.9   1004.2   0.822
20260406211842    160    420.0    460.0   20.0    103.3   1010.1    884.9   0.825
20260406211842    160    510.0    535.0   20.0     56.8    883.0    970.1   0.760
20260406211842    160    575.0    590.0   20.0     22.3   1005.0    998.6   0.581
20260406211842    160   1245.0   1255.0   20.0     23.1   1078.6   1084.6   0.593
20260406211842    160   1300.0   1315.0   20.0     31.7   1070.9   1040.1   0.719
20260406211842    163    565.0    630.0   20.0    188.3    887.1    882.4   0.876
20260406211842    163   1335.0   1350.0   20.0     96.0    884.5    947.1   0.717
20260406211842    164    215.0    230.0   20.0     24.0   1130.7   1149.2   0.762
20260406211842    165    450.0    465.0   20.0    161.8    897.3    893.7   0.805
20260406211842    166   1605.0   1645.0   20.0     38.9    889.1    990.9   0.845
20260406211842    166   1755.0   1770.0   20.0     56.5    995.0   1065.0   0.829
20260406211842    167      0.0     10.0   20.0    196.4      0.0   1229.6   0.844
20260406211842    169     35.0     50.0   20.0    230.9   1261.8    903.0   0.809
20260406211842    169    255.0    350.0   20.0     85.5    908.0    913.3   0.770
20260406211842    171    600.0    620.0   20.0     90.2    902.7   1086.9   0.809
20260406211842    171    765.0    775.0   20.0     24.9   1117.8   1120.8   0.479
20260406211842    171    915.0    930.0   20.0     35.9   1125.8   1151.1   0.734
20260406211842    171    990.0   1005.0   20.0     53.1   1138.2   1203.2   0.601
20260406211842    171   1110.0   1125.0   20.0     40.6   1202.4   1235.6   0.659
20260406211842    171   1160.0   1170.0   20.0     43.6   1238.1   1231.4   0.598
20260406211842    171   1305.0   1320.0   20.0     27.2   1246.0   1254.5   0.466
20260406211842    171   1705.0   1720.0   20.0     23.7   1282.0   1272.2   0.665
20260406211842    172    160.0    175.0   20.0     52.2   1011.8   1049.3   0.831
20260406211842    172    825.0    840.0   20.0     26.5   1257.4   1297.8   0.884
20260406211842    173     65.0    125.0   20.0    153.8   1200.3    949.7   0.944
20260406211842    173    255.0    270.0   20.0     55.5    943.2    901.1   0.833
20260406211842    173    980.0    995.0   20.0     65.1    901.1    899.4   0.698
20260406211842    174    280.0    295.0   20.0     30.4    904.6    955.9   0.730
20260406211842    174    520.0    535.0   20.0     91.3   1018.7    908.1   0.787
20260406211842    174    610.0    630.0   20.0     39.4    906.4    997.3   0.836
20260406211842    174    750.0    765.0   20.0     22.4   1009.1   1004.4   0.777
20260406211842    174    905.0    955.0   20.0     73.6   1024.1    907.3   0.778
20260406211842    175    175.0    190.0   20.0     28.0   1161.2   1184.6   0.617
20260406211842    175    360.0    375.0   20.0     23.0   1260.6   1275.4   0.751
20260406211842    176      0.0     30.0   20.0     44.7      0.0    907.9   0.719
20260406211842    176     95.0    110.0   20.0     38.2    907.4    992.6   0.794
20260406211842    176    400.0    445.0   20.0     31.7   1052.9   1099.4   0.764
20260406211842    176    500.0    515.0   20.0    131.9   1101.4    916.2   0.813
20260406211842    176    650.0    665.0   20.0     35.2    915.3    916.6   0.780
20260406211842    176    950.0    965.0   20.0     21.8    917.2    951.3   0.701
20260406211842    176   1015.0   1030.0   20.0     41.2    959.9    917.8   0.740
20260406211842    176   1180.0   1195.0   20.0     35.2    918.2    955.5   0.699
20260406211842    176   1320.0   1345.0   20.0     37.2    956.1    977.5   0.771
20260406211842    176   1515.0   1530.0   20.0     20.3    976.2   1030.3   0.675
20260406211842    176   1600.0   1665.0   20.0     73.6   1013.1   1077.8   0.879
20260406211842    178    750.0    765.0   20.0     95.1   1056.1    905.1   0.816
20260406211842    179    820.0    835.0   20.0     37.1    929.3    975.1   0.746
20260406211842    179    935.0    955.0   20.0     56.4    993.7    925.4   0.718
20260406211842    180    975.0    995.0   20.0     29.7   1116.2   1115.5   0.896
20260406211842    181    750.0    795.0   20.0     44.7    916.0    918.2   0.757
20260406211842    181   1735.0   1750.0   20.0     47.9    916.9    984.2   0.726
20260406211842    182   1005.0   1020.0   20.0     24.8    302.7    301.7   0.778
20260406211842    182   1070.0   1105.0   20.0     23.0    302.1    300.3   0.656
20260406211842    182   1160.0   1205.0   20.0     29.3    300.2    302.4   0.721
20260406211842    182   1250.0   1265.0   20.0     31.6    308.4    308.3   0.706
20260406211842    182   1350.0   1795.0   20.0     42.7    318.9    304.7   0.854
20260406211842    183     40.0     85.0   20.0     78.5   1116.0   1131.5   0.778
20260406211842    183    395.0    410.0   20.0     78.2   1210.3    925.3   0.922
20260406211842    184    890.0    905.0   20.0     26.7   1322.1   1321.6   0.681
20260406211842    184    960.0   1795.0   20.0     40.0   1333.4   1341.3   0.824
20260406211842    185   1070.0   1085.0   20.0     34.6    919.8    969.9   0.767
20260406211842    185   1150.0   1200.0   20.0     94.7    992.0    985.1   0.709
20260406211842    185   1260.0   1305.0   20.0    108.9   1013.7    922.5   0.839
20260406211842    186     15.0    135.0   20.0     35.6   1160.0   1119.5   0.787
20260406211842    186    620.0    635.0   20.0     24.0   1231.0   1255.2   0.517
20260406211842    186    675.0    690.0   20.0     27.6   1258.5   1265.4   0.667
20260406211842    186    815.0    830.0   20.0     23.4   1336.3   1388.2   0.721
20260406211842    187    475.0    495.0   20.0    102.3    920.6   1133.7   0.789
20260406211842    187    605.0    635.0   20.0     23.0   1184.6   1227.1   0.788
20260406211842    188    270.0    285.0   20.0     39.8    934.0   1005.6   0.723
20260406211842    188    390.0    440.0   20.0     33.1   1041.2   1022.6   0.741
20260406211842    188    625.0    640.0   20.0    107.5   1084.2    939.7   0.785
20260406211842    188    850.0    865.0   20.0     51.8    944.1    944.2   0.783
20260406211842    188    940.0    955.0   20.0     55.7    936.7   1005.0   0.733
20260406211842    188   1215.0   1230.0   20.0     35.0   1095.8   1130.6   0.570
20260406211842    188   1620.0   1635.0   20.0     42.2   1159.2   1162.6   0.650
20260406211842    188   1725.0   1740.0   20.0     37.6   1147.9   1217.8   0.793
20260406211842    190    340.0    355.0   20.0    136.9   1187.6    931.4   0.912
20260406211842    190    880.0    895.0   20.0     43.3    930.2    986.0   0.746
20260406211842    190   1615.0   1645.0   20.0    119.0   1048.6    927.4   0.860
20260406211842    191    785.0    805.0   20.0     38.1    934.7   1117.5   0.863
20260406211842    191    840.0    860.0   20.0     24.2   1134.9   1156.2   0.728
20260406211842    191   1015.0   1030.0   20.0     24.1   1160.1   1153.2   0.739
20260406211842    192    355.0    370.0   20.0     65.0    939.6   1081.2   0.774
20260406211842    192   1495.0   1510.0   20.0     21.7   1151.1   1178.7   0.782
20260406211842    193    665.0    710.0   20.0     20.4   1423.7   1426.9   0.787
20260406211842    193    805.0    820.0   20.0     33.7   1425.3   1442.9   0.754
20260406211842    193   1670.0   1785.0   20.0     26.1   1455.3   1459.3   0.775
20260406211842    194    365.0    380.0   20.0     42.3    960.2   1020.1   0.747
20260406211842    194    615.0    630.0   20.0     87.9   1053.4    957.9   0.686
20260406211842    194   1650.0   1665.0   20.0     77.1    965.8    983.1   0.617
20260406211842    195     80.0     95.0   20.0     42.4    941.2   1011.1   0.747
20260406211842    195    150.0    165.0   20.0     74.8   1044.8    941.6   0.751
20260406211842    196   1485.0   1500.0   20.0     36.2    952.3    993.2   0.712
20260406211842    198   1465.0   1480.0   20.0     20.4   1463.2   1462.0   0.852
20260406211842    198   1780.0   1800.0   20.0     32.6   1473.8   1457.6   0.882
20260406211842    199   1655.0   1670.0   20.0     79.7    942.4    941.9   0.774
20260406211842    200    620.0    635.0   20.0     83.5    958.0   1059.1   0.778
20260406211842    200    870.0    920.0   20.0     37.2   1098.5   1117.8   0.536
20260406211842    200   1155.0   1170.0   20.0     41.7   1134.5   1144.9   0.683
20260406211842    201   1735.0   1750.0   20.0     26.8    952.5   1050.7   0.796
20260406211842    202    110.0    125.0   20.0     20.0   1055.0   1074.4   0.514
20260406211842    202    815.0    830.0   20.0     28.1   1148.4   1175.8   0.721
20260406211842    202   1405.0   1420.0   20.0     22.3   1215.0   1243.4   0.775
20260406211842    203    595.0    610.0   20.0     43.1    977.7    977.4   0.771
20260406211842    203   1265.0   1285.0   20.0    215.0    973.6    976.3   0.805
20260406211842    203   1415.0   1455.0   20.0     52.4    975.1   1132.6   0.778
20260406211842    203   1550.0   1565.0   20.0    239.7   1218.0    973.9   0.784
20260406211842    204    450.0    465.0   20.0     41.7    970.6   1016.8   0.763
20260406211842    204   1050.0   1060.0   20.0     28.8   1142.0   1132.1   0.528
20260406211842    204   1135.0   1150.0   20.0     33.2   1129.1   1152.1   0.846
20260406211842    204   1320.0   1335.0   20.0     28.4   1153.6   1158.3   0.772
20260406211842    204   1495.0   1510.0   20.0     30.2   1250.1   1244.3   0.695
20260406211842    204   1610.0   1625.0   20.0     37.3   1244.3   1263.3   0.798
20260406211842    205     20.0     40.0   20.0     32.1    959.4   1135.6   0.832
20260406211842    205     90.0    105.0   20.0     26.6   1216.3   1248.3   0.626
20260406211842    205    205.0    225.0   20.0    153.7   1322.8    958.4   0.855
20260406211842    206      0.0     15.0   20.0    141.0      0.0   1237.5   0.857
20260406211842    207     45.0     60.0   20.0     28.6   1244.7   1169.2   0.925
20260406211842    208    105.0    155.0   20.0     29.7   1303.9   1324.0   0.767
20260406211842    208    430.0    445.0   20.0     31.5   1353.6   1354.4   0.623
20260406211842    209    910.0    925.0   20.0     49.1    981.7   1096.9   0.783
20260406211842    209   1015.0   1075.0   20.0     32.8   1193.8   1285.7   0.859
20260406211842    209   1110.0   1180.0   20.0     93.1   1289.1    979.8   0.885
20260406211842    209   1490.0   1505.0   20.0     66.5    982.6    980.4   0.709
20260406211842    210    210.0    240.0   20.0     27.0    981.1   1100.6   0.752
20260406211842    210    540.0    555.0   20.0     21.9   1105.9   1096.5   0.425
20260406211842    210   1160.0   1175.0   20.0     28.7   1180.8   1200.1   0.803
20260406211842    210   1485.0   1500.0   20.0     30.7   1176.1   1206.6   0.763
20260406211842    211    185.0    210.0   20.0    148.6   1037.7    979.0   0.818
20260406211842    211   1045.0   1055.0   20.0     25.7    982.3    983.4   0.429
20260406211842    211   1610.0   1635.0   20.0    107.5    979.5   1360.0   0.756
20260406211842    212     65.0     80.0   20.0     21.5    993.4   1046.9   0.715
20260406211842    212    175.0    190.0   20.0     26.3   1108.5   1177.8   0.637
20260406211842    212    600.0    615.0   20.0     31.1   1209.6   1232.0   0.715
20260406211842    212    770.0    785.0   20.0     22.6   1268.9   1290.3   0.700
20260406211842    213     85.0    175.0   20.0    211.9    993.5    994.8   0.846
20260406211842    213   1520.0   1535.0   20.0    159.6    993.5    993.1   0.770
20260406211842    213   1705.0   1720.0   20.0     21.4   1002.6    990.5   0.741
20260406211842    214    460.0    475.0   20.0     35.7   1301.9   1321.6   0.802
20260406211842    215     60.0     90.0   20.0     68.1    993.3   1413.8   0.843
20260406211842    215    710.0    725.0   20.0     21.3   1525.1   1521.4   0.908
20260406211842    215    925.0    940.0   20.0     20.2   1528.1   1525.7   0.899
20260406211842    215   1115.0   1130.0   20.0     22.4   1536.4   1537.8   0.905
20260406211842    215   1185.0   1200.0   20.0     20.7   1532.2   1536.7   0.891
20260406211842    215   1460.0   1545.0   20.0     25.8   1559.8   1564.0   0.924
20260406211842    216     55.0     70.0   20.0     46.6    998.5    995.5   0.657
20260406211842    218    645.0    695.0   20.0     39.1   1251.4   1266.8   0.870
20260406211842    218    905.0    925.0   20.0    140.1   1284.6   1248.4   0.842
20260406211842    218   1520.0   1535.0   20.0     26.0   1282.9   1293.9   0.783
20260406211842    219     55.0     70.0   20.0    255.4   1272.9    997.4   0.806
20260406211842    219    335.0    350.0   20.0     79.6   1000.6    999.5   0.623
20260406211842    219   1070.0   1090.0   20.0    137.5   1002.0   1000.9   0.820
20260406211842    219   1310.0   1325.0   20.0    105.9    998.9   1234.0   0.871
20260406211842    220    675.0    690.0   20.0     20.2   1273.7   1304.0   0.815
20260406211842    220    745.0    760.0   20.0     21.8   1307.5   1341.7   0.862
20260406211842    220    835.0    850.0   20.0     60.2   1337.1   1351.9   0.692
20260406211842    221    215.0    275.0   20.0    107.2    996.2   1182.5   0.750
20260406211842    221    340.0    390.0   20.0    158.3   1157.0   1329.9   0.710
20260406211842    221    435.0    450.0   20.0     38.1   1359.5   1420.9   0.787
20260406211842    221    765.0    785.0   20.0     23.5   1450.9   1499.2   0.792
20260406211842    222    690.0    705.0   20.0     24.5   1379.8   1383.0   0.837
20260406211842    223    165.0    180.0   20.0     23.1   1007.4   1005.8   0.417
20260406211842    223    705.0    725.0   20.0     47.7   1008.0   1006.9   0.765
20260406211842    223   1610.0   1625.0   20.0     30.6   1008.3   1059.5   0.821
20260406211842    224      0.0     10.0   20.0     38.5      0.0   1074.6   0.748
20260406211842    224     80.0     95.0   20.0     24.9   1108.6   1117.1   0.815
20260406211842    224    420.0    450.0   20.0     42.9   1163.5   1204.8   0.818
20260406211842    224   1005.0   1020.0   20.0     70.5   1252.9   1309.9   0.659
20260406211842    224   1275.0   1305.0   20.0     20.8   1233.3   1260.6   0.781
20260406211842    224   1440.0   1455.0   20.0     27.8   1296.5   1330.2   0.799
20260406211842    225    755.0    770.0   20.0    109.4   1017.4   1257.4   0.882
20260406211842    227    165.0    185.0   20.0    169.6   1020.6   1018.4   0.860
20260406211842    227    500.0    515.0   20.0     59.5   1015.2   1016.1   0.779
20260406211842    228      5.0     20.0   20.0     39.1   1020.8   1078.3   0.692
20260406211842    228     80.0    110.0   20.0    128.1   1140.1   1024.8   0.771
20260406211842    228    730.0    785.0   20.0     49.0   1022.1   1143.6   0.763
20260406211842    228    855.0    935.0   20.0    162.9   1174.5   1026.7   0.885
20260406211842    228   1295.0   1315.0   20.0     31.4   1025.5   1132.7   0.740
20260406211842    228   1350.0   1365.0   20.0    143.8   1151.1   1163.4   0.540
20260406211842    228   1460.0   1495.0   20.0     63.1   1165.0   1276.3   0.862
20260406211842    228   1665.0   1680.0   20.0     23.8   1252.9   1279.6   0.818
20260406211842    230    415.0    430.0   20.0     83.8   1040.3   1039.7   0.655
20260406211842    230   1510.0   1555.0   20.0     66.9   1047.0   1192.6   0.796
20260406211842    230   1630.0   1645.0   20.0     58.0   1201.2   1229.2   0.698
20260406211842    230   1715.0   1775.0   20.0     28.9   1230.9   1286.3   0.784
20260406211842    231    870.0    885.0   20.0     24.1   1029.4   1027.9   0.555
20260406211842    231   1060.0   1070.0   20.0     31.1   1027.3   1028.4   0.485
20260406211842    231   1270.0   1285.0   20.0     73.5   1027.3   1027.5   0.726
20260406211842    233     55.0    110.0   20.0    238.0   1031.4   1032.9   0.822
20260406211842    233    415.0    435.0   20.0    146.8   1032.2   1031.4   0.869
20260406211842    233   1385.0   1415.0   20.0     40.3   1030.3   1164.7   0.870
20260406211842    233   1470.0   1495.0   20.0    193.6   1171.6   1037.9   0.812
20260406211842    233   1550.0   1625.0   20.0    144.8   1035.1   1036.1   0.824
20260406211842    234   1485.0   1505.0   20.0    235.1   1024.3   1024.7   0.833
20260406211842    234   1780.0   1795.0   20.0     54.0   1023.2   1081.4   0.751
20260406211842    235    500.0    535.0   20.0     74.5   1405.2   1422.1   0.758
20260406211842    235    655.0    670.0   20.0     32.1   1422.6   1425.1   0.608
20260406211842    235    770.0    785.0   20.0     22.8   1419.8   1423.5   0.651
20260406211842    235    870.0    885.0   20.0     40.2   1424.0   1440.1   0.666
20260406211842    235   1030.0   1045.0   20.0     35.7   1427.2   1455.1   0.683
20260406211842    236   1030.0   1045.0   20.0     57.2   1047.6   1182.1   0.787
20260406211842    236   1100.0   1115.0   20.0     27.8   1194.6   1219.3   0.627
20260406211842    236   1150.0   1165.0   20.0     39.3   1292.7   1296.5   0.741
20260406211842    236   1365.0   1380.0   20.0     32.6   1353.5   1386.8   0.732
20260406211842    236   1500.0   1525.0   20.0    108.2   1307.9   1052.2   0.811
20260406211842    236   1595.0   1610.0   20.0    273.0   1059.5   1051.6   0.798
20260406211842    237   1410.0   1425.0   20.0     26.3   1456.9   1472.8   0.806
20260406211842    237   1785.0   1800.0   20.0     24.6   1467.8   1474.1   0.701
20260406211842    239      0.0     55.0   20.0    128.3      0.0   1079.1   0.845
20260406211842    239    385.0    400.0   20.0     25.3   1061.4   1061.7   0.750
20260406211842    239    590.0    605.0   20.0     64.1   1061.5   1060.5   0.800
20260406211842    239   1090.0   1105.0   20.0     69.3   1061.2   1060.8   0.645
20260406211842    240     65.0    115.0   20.0    106.7   1048.9   1329.5   0.878
20260406211842    240    340.0    355.0   20.0     38.1   1357.8   1399.8   0.817
20260406211842    240    495.0    535.0   20.0     35.5   1382.0   1427.4   0.817
20260406211842    240    710.0    725.0   20.0     29.6   1437.7   1454.0   0.699
20260406211842    241     15.0     30.0   20.0    106.9   1054.9   1416.2   0.882
20260406211842    241    415.0    435.0   20.0     93.6   1474.3   1479.9   0.805
20260406211842    241    475.0    665.0   20.0     75.6   1481.5   1524.5   0.877
20260406211842    241   1160.0   1175.0   20.0     26.9   1569.2   1568.4   0.919
20260406211842    241   1230.0   1245.0   20.0     22.0   1567.6   1565.8   0.921
20260406211842    241   1345.0   1360.0   20.0     20.3   1574.4   1573.3   0.920
20260406211842    241   1515.0   1535.0   20.0     27.5   1584.0   1583.9   0.933
20260406211842    241   1570.0   1655.0   20.0     44.8   1577.5   1583.2   0.947
20260406211842    241   1700.0   1715.0   20.0     35.9   1579.0   1575.1   0.910
20260406211842    242    245.0    385.0   20.0     72.8   1402.0   1450.8   0.862
20260406211842    242    820.0    835.0   20.0     24.1   1496.9   1502.6   0.869
20260406211842    242    905.0    945.0   20.0     30.3   1508.2   1480.6   0.787
20260406211842    242   1625.0   1640.0   20.0     20.5   1487.8   1515.7   0.798
20260406211842    243    740.0    755.0   20.0     66.7   1068.3   1303.7   0.847
20260406211842    243    790.0    890.0   20.0    328.4   1312.2   1067.2   0.805
20260406211842    243    995.0   1030.0   20.0    104.7   1069.1   1066.4   0.764
20260406211842    244      0.0     45.0   20.0     29.5      0.0   1392.4   0.828
20260406211842    244    305.0    315.0   20.0     25.2   1418.0   1433.9   0.590
20260406211842    244    470.0    485.0   20.0     20.9   1474.7   1472.6   0.687
20260406211842    244    600.0    645.0   20.0     22.5   1380.2   1346.5   0.821
20260406211842    244    720.0    785.0   20.0     41.7   1419.4   1501.0   0.810
20260406211842    244    910.0    925.0   20.0     24.7   1452.0   1476.1   0.636
20260406211842    245     25.0     40.0   20.0    106.1   1073.2   1073.4   0.817
20260406211842    245    125.0    145.0   20.0    156.6   1078.1   1075.4   0.764
20260406211842    246      0.0     70.0   20.0     23.9      0.0   1431.6   0.646
20260406211842    246    135.0    150.0   20.0     26.0   1439.5   1458.6   0.614
20260406211842    246    275.0    290.0   20.0     22.8   1474.6   1451.3   0.634
20260406211842    246    530.0    575.0   20.0     33.5   1448.5   1471.4   0.752
20260406211842    246    745.0    760.0   20.0     24.4   1483.0   1494.6   0.716
20260406211842    246    850.0    865.0   20.0     36.5   1507.6   1547.3   0.783
20260406211842    247     75.0     90.0   20.0     26.5   1573.4   1569.3   0.523
20260406211842    247    325.0    340.0   20.0    431.7   1604.6   1545.7   0.823
20260406211842    247    710.0    725.0   20.0    426.3   1607.0   1605.3   0.471
20260406211842    247    990.0   1025.0   20.0    105.8   1645.3   1249.3   0.736
20260406211842    247   1640.0   1660.0   20.0     33.0   1638.2   1645.6   0.808
20260406211842    247   1730.0   1800.0   20.0     37.6   1633.5   1634.7   0.794
20260406211842    249   1645.0   1680.0   20.0     84.0   1097.8   1078.5   0.739
20260406211842    250      5.0     20.0   20.0     45.3   1295.8   1343.6   0.745
20260406211842    250    110.0    125.0   20.0     20.0   1349.5   1366.2   0.627
20260406211842    250    235.0    250.0   20.0     33.1   1351.3   1368.8   0.681
20260406211842    250    980.0    995.0   20.0    145.3   1392.7   1214.3   0.792
20260406211842    251    145.0    160.0   20.0    161.0   1308.3   1089.4   0.752
20260406211842    253    975.0    985.0   20.0     30.1   1206.1   1115.0   0.451
20260406211842    253   1070.0   1085.0   20.0     20.0   1113.9   1112.8   0.657
20260406211842    253   1150.0   1170.0   20.0    127.2   1113.5   1346.4   0.838
20260406211842    253   1435.0   1450.0   20.0     22.5   1444.6   1464.0   0.768
20260406211842    254    405.0    425.0   20.0     63.2   1105.4   1099.9   0.817
20260406211842    255   1450.0   1470.0   20.0    209.1   1108.7   1108.4   0.768
20260406215203      1     45.0     80.0   20.0     23.1   1179.0   1241.0   0.542
20260406215203      1    145.0    205.0   20.0     57.4   1225.8   1301.9   0.770
20260406215203      1    335.0    360.0   20.0     28.3   1317.7   1327.8   0.713
20260406215203      1    395.0    410.0   20.0     29.1   1337.2   1349.4   0.650
20260406215203      2    450.0    465.0   20.0     45.4    975.7    978.9   0.794
20260406215203      2    735.0    750.0   20.0     42.7    973.6   1032.3   0.744
20260406215203      2   1325.0   1340.0   20.0     21.6   1141.6   1178.8   0.776
20260406215203      2   1400.0   1415.0   20.0     21.0   1195.9   1216.7   0.773
20260406215203      6    675.0    730.0   20.0    209.4    981.9   1003.4   0.888
20260406215203      6    775.0    790.0   20.0     29.7   1046.3   1087.9   0.740
20260406215203      6    935.0    950.0   20.0     21.5   1067.6   1074.0   0.782
20260406215203      6   1015.0   1035.0   20.0    120.1   1087.4   1027.3   0.813
20260406215203      6   1435.0   1450.0   20.0     41.8   1063.8   1001.2   0.755
20260406215203      6   1655.0   1670.0   20.0     29.0   1023.4   1080.0   0.694
20260406215203      8    935.0   1000.0   20.0    137.0   1017.1    981.4   0.889
20260406215203      8   1170.0   1185.0   20.0     21.5    977.5    970.4   0.777
20260406215203      8   1410.0   1430.0   20.0     62.1    965.9    966.7   0.771
20260406215203      9     60.0     75.0   20.0     20.1   1152.0   1184.0   0.742
20260406215203      9    355.0    370.0   20.0     39.8   1342.0   1342.6   0.574
20260406215203     10    170.0    185.0   20.0     42.0   1228.2   1275.2   0.858
20260406215203     10    250.0    265.0   20.0     23.7   1328.1   1336.6   0.788
20260406215203     10    850.0    865.0   20.0     39.9   1223.0    953.9   0.963
20260406215203     12    100.0    115.0   20.0     23.3    951.9    953.8   0.707
20260406215203     12   1525.0   1540.0   20.0     34.1    965.5   1018.4   0.763
20260406215203     12   1595.0   1610.0   20.0     20.6   1028.8   1040.2   0.698
20260406215203     12   1725.0   1740.0   20.0     36.1   1029.5   1026.5   0.679
20260406215203     12   1775.0   1790.0   20.0     25.8   1022.0   1029.1   0.735
20260406215203     13     15.0     30.0   20.0     31.2    952.2    998.8   0.718
20260406215203     13     65.0     85.0   20.0     75.9   1021.2   1125.9   0.814
20260406215203     13    255.0    270.0   20.0     37.1   1130.6   1158.4   0.809
20260406215203     13    450.0    465.0   20.0     22.8   1144.0   1161.5   0.804
20260406215203     13    575.0    590.0   20.0     20.3   1148.6   1169.7   0.735
20260406215203     13    775.0    790.0   20.0     21.6   1158.1   1173.0   0.739
20260406215203     14    270.0    285.0   20.0     96.6   1046.5    932.0   0.744
20260406215203     14   1365.0   1390.0   20.0     69.3    928.4    927.2   0.646
20260406215203     15     80.0    100.0   20.0    238.5    956.8    962.8   0.902
20260406215203     15    230.0    275.0   20.0     67.3    961.4   1202.7   0.810
20260406215203     15    350.0    365.0   20.0     28.9   1275.3   1263.5   0.521
20260406215203     15    570.0    585.0   20.0     37.8   1247.9   1270.5   0.453
20260406215203     15    770.0    785.0   20.0     24.4   1266.9   1299.8   0.730
20260406215203     15    965.0   1005.0   20.0    200.4   1336.3    951.9   0.893
20260406215203     15   1195.0   1210.0   20.0     41.4    952.0   1029.0   0.654
20260406215203     15   1525.0   1555.0   20.0    113.8   1063.2    945.1   0.820
20260406215203     17    155.0    200.0   20.0     41.4    947.2    949.0   0.735
20260406215203     17    840.0    855.0   20.0     32.0    954.3    952.3   0.465
20260406215203     17   1205.0   1220.0   20.0     74.3    944.7   1058.1   0.769
20260406215203     17   1355.0   1370.0   20.0     24.0   1067.3   1083.0   0.790
20260406215203     18    180.0    195.0   20.0     43.7    937.5    985.8   0.756
20260406215203     18    390.0    405.0   20.0     41.2   1039.9   1059.6   0.857
20260406215203     18    475.0    490.0   20.0     88.2   1083.7    989.6   0.766
20260406215203     18    905.0    920.0   20.0     35.2   1101.0   1161.3   0.834
20260406215203     18   1060.0   1075.0   20.0     25.2   1185.8   1193.4   0.726
20260406215203     19   1700.0   1715.0   20.0     41.4    876.8   1053.8   0.737
20260406215203     20    165.0    180.0   20.0     54.6    939.3   1003.3   0.760
20260406215203     20    235.0    255.0   20.0     49.3   1042.1   1060.5   0.741
20260406215203     20    410.0    430.0   20.0     50.9   1068.6   1081.9   0.834
20260406215203     20    490.0    505.0   20.0     27.6   1096.8   1108.9   0.579
20260406215203     20    830.0    845.0   20.0     64.8   1115.3   1211.3   0.794
20260406215203     20   1115.0   1130.0   20.0     31.5   1145.4   1151.3   0.704
20260406215203     20   1230.0   1245.0   20.0     40.8   1144.3   1156.9   0.787
20260406215203     20   1320.0   1335.0   20.0     46.1   1158.9   1189.6   0.844
20260406215203     21    365.0    380.0   20.0    144.8    942.4   1144.5   0.863
20260406215203     21    445.0    500.0   20.0     46.8   1152.6   1268.3   0.751
20260406215203     21    670.0    685.0   20.0     27.3   1310.4   1299.5   0.807
20260406215203     21    855.0    870.0   20.0     20.7   1315.1   1319.7   0.811
20260406215203     21    910.0    925.0   20.0     26.1   1322.9   1350.4   0.650
20260406215203     22    395.0    410.0   20.0     25.9   1023.9   1052.8   0.717
20260406215203     22    450.0    465.0   20.0     31.8   1047.3   1060.5   0.795
20260406215203     22    530.0    565.0   20.0     65.1   1072.4   1109.8   0.742
20260406215203     22    665.0    680.0   20.0     49.8   1110.7   1167.3   0.805
20260406215203     22    790.0    805.0   20.0     54.3   1158.6   1211.8   0.779
20260406215203     22    940.0    955.0   20.0     30.1   1188.5   1224.8   0.788
20260406215203     22   1140.0   1155.0   20.0     25.8   1190.7   1186.6   0.654
20260406215203     22   1190.0   1205.0   20.0    140.0   1172.7    921.9   0.878
20260406215203     23   1215.0   1230.0   20.0    104.2    928.1    930.6   0.710
20260406215203     23   1730.0   1795.0   20.0    132.5    878.5    880.0   0.869
20260406215203     24    515.0    525.0   20.0     26.8   1064.7   1099.8   0.785
20260406215203     24    675.0    690.0   20.0     48.3   1149.9   1195.3   0.616
20260406215203     25     50.0     65.0   20.0     25.5   1221.1   1253.5   0.668
20260406215203     25    285.0    300.0   20.0     21.8   1261.8   1307.2   0.839
20260406215203     27    880.0    925.0   20.0    310.4   1419.4   1174.2   0.833
20260406215203     27   1070.0   1085.0   20.0     52.5   1216.7   1276.4   0.785
20260406215203     28     75.0     90.0   20.0     80.7    922.5    923.8   0.743
20260406215203     28   1065.0   1080.0   20.0     28.7    926.8   1037.1   0.789
20260406215203     28   1125.0   1140.0   20.0     30.0   1115.8   1176.9   0.621
20260406215203     28   1185.0   1200.0   20.0    126.6   1185.6    926.7   0.873
20260406215203     32   1205.0   1220.0   20.0     33.0    915.0    952.8   0.695
20260406215203     32   1255.0   1270.0   20.0    144.0   1056.1    932.4   0.757
20260406215203     32   1465.0   1480.0   20.0     48.3    910.7    908.6   0.687
20260406215203     33    325.0    340.0   20.0     23.8   1246.1   1297.5   0.786
20260406215203     33    475.0    490.0   20.0     20.5   1304.7   1315.3   0.797
20260406215203     36    160.0    175.0   20.0     44.5   1176.0   1187.6   0.654
20260406215203     36    420.0    435.0   20.0     29.5   1233.8   1248.8   0.773
20260406215203     38    545.0    560.0   20.0     39.2    936.6    980.4   0.749
20260406215203     38    615.0    630.0   20.0     28.7   1003.5   1021.2   0.786
20260406215203     38    735.0    750.0   20.0     25.9   1033.8   1054.6   0.797
20260406215203     38    810.0    825.0   20.0     29.4   1059.1   1079.4   0.775
20260406215203     38    870.0    885.0   20.0     28.6   1074.0   1108.9   0.751
20260406215203     38   1275.0   1290.0   20.0     22.2   1164.7   1175.2   0.701
20260406215203     38   1395.0   1410.0   20.0     43.7   1184.0   1180.2   0.570
20260406215203     38   1775.0   1790.0   20.0    103.1   1107.4    859.1   0.940
20260406215203     39    230.0    240.0   20.0     39.1   1073.4   1088.2   0.571
20260406215203     40    195.0    210.0   20.0     20.5   1114.3   1117.5   0.590
20260406215203     40    275.0    290.0   20.0     21.3   1121.9   1135.3   0.498
20260406215203     40    475.0    560.0   20.0     56.1   1135.5   1199.4   0.858
20260406215203     40   1080.0   1095.0   20.0    110.5   1208.1   1237.2   0.588
20260406215203     41   1350.0   1375.0   20.0     71.4    906.8    907.5   0.800
20260406215203     42     95.0    110.0   20.0     20.0   1016.7   1014.6   0.599
20260406215203     42    145.0    170.0   20.0     37.2   1034.7   1106.4   0.751
20260406215203     42    260.0    275.0   20.0     50.6   1125.7   1107.3   0.611
20260406215203     42    425.0    500.0   20.0     46.8   1108.1   1158.2   0.760
20260406215203     42    555.0    570.0   20.0     31.8   1158.0   1191.5   0.759
20260406215203     42    615.0    630.0   20.0     38.0   1205.2   1280.5   0.790
20260406215203     43   1580.0   1595.0   20.0     56.6    904.9    901.4   0.783
20260406215203     44    820.0    835.0   20.0     30.0    905.0    954.9   0.747
20260406215203     44   1580.0   1620.0   20.0     73.9   1035.4   1151.4   0.773
20260406215203     46      5.0     20.0   20.0     36.3    883.9    955.1   0.775
20260406215203     46    185.0    200.0   20.0     41.7   1025.5   1112.5   0.765
20260406215203     46    280.0    290.0   20.0     24.1   1114.6   1116.7   0.739
20260406215203     46    410.0    470.0   20.0     41.5   1123.9   1145.9   0.816
20260406215203     46    600.0    615.0   20.0     25.3   1151.7   1160.3   0.885
20260406215203     46    780.0    795.0   20.0     52.4   1190.0   1243.1   0.903
20260406215203     46   1175.0   1190.0   20.0     58.8   1181.7   1206.5   0.839
20260406215203     47    670.0    685.0   20.0     83.2    900.8   1091.1   0.872
20260406215203     47   1260.0   1275.0   20.0     24.0   1104.2   1113.9   0.570
20260406215203     48     45.0     65.0   20.0     61.3    904.1    906.1   0.767
20260406215203     49    710.0    720.0   20.0     20.2   1040.1   1051.0   0.602
20260406215203     49   1295.0   1310.0   20.0     27.1   1060.5   1067.3   0.722
20260406215203     50     95.0    120.0   20.0     25.2   1054.2   1056.6   0.836
20260406215203     50   1295.0   1315.0   20.0     39.1    891.9    890.7   0.699
20260406215203     50   1605.0   1625.0   20.0     50.1    880.4    874.6   0.753
20260406215203     51    420.0    435.0   20.0    192.8    883.2   1302.6   0.806
20260406215203     52   1585.0   1605.0   20.0     28.8    875.5    872.5   0.787
20260406215203     53    785.0    800.0   20.0     24.2    899.6    966.6   0.795
20260406215203     53    925.0    940.0   20.0    210.2   1011.9    890.9   0.823
20260406215203     54      0.0     10.0   20.0     47.0      0.0    879.5   0.763
20260406215203     54    300.0    315.0   20.0     42.3    888.5    957.3   0.754
20260406215203     54    375.0    390.0   20.0     25.0    987.1    992.7   0.700
20260406215203     54    775.0    790.0   20.0     23.6   1035.2   1036.5   0.654
20260406215203     54    895.0    955.0   20.0     62.6   1056.0   1103.8   0.814
20260406215203     54   1255.0   1270.0   20.0     30.9   1150.7   1165.0   0.707
20260406215203     55     60.0     75.0   20.0     37.1    868.2    934.8   0.767
20260406215203     55    115.0    130.0   20.0     60.7    960.5    927.9   0.865
20260406215203     55    260.0    280.0   20.0    114.6    992.4    876.6   0.791
20260406215203     56      0.0     15.0   20.0     47.1      0.0    949.5   0.744
20260406215203     56    225.0    240.0   20.0     45.2   1012.9   1008.4   0.732
20260406215203     56    385.0    400.0   20.0     21.3   1049.8   1063.7   0.751
20260406215203     56    435.0    475.0   20.0     33.2   1054.6   1132.4   0.912
20260406215203     56   1030.0   1045.0   20.0     22.3   1103.3   1137.7   0.877
20260406215203     56   1525.0   1540.0   20.0     42.3   1173.4    889.0   0.943
20260406215203     56   1585.0   1600.0   20.0     65.2    884.9    883.4   0.641
20260406215203     57    375.0    390.0   20.0     28.4   1291.2   1301.7   0.440
20260406215203     57    475.0    485.0   20.0     42.4   1298.3   1302.5   0.611
20260406215203     57    520.0    535.0   20.0    319.2   1302.9   1316.8   0.695
20260406215203     57    575.0    590.0   20.0    254.5   1308.8   1295.7   0.665
20260406215203     57    775.0    825.0   20.0    367.2   1363.6   1365.1   0.636
20260406215203     58     45.0     60.0   20.0     69.5    991.4   1094.4   0.811
20260406215203     58    115.0    130.0   20.0     42.7   1034.7   1106.5   0.775
20260406215203     58    215.0    255.0   20.0     66.6   1061.8   1212.7   0.750
20260406215203     58    475.0    505.0   20.0     36.2   1129.0   1011.4   0.837
20260406215203     58    585.0    685.0   20.0     87.4   1027.8   1116.7   0.854
20260406215203     58    910.0    920.0   20.0     21.8   1147.5   1167.1   0.807
20260406215203     59    930.0    945.0   20.0     23.0   1250.0   1253.9   0.880
20260406215203     60    125.0    140.0   20.0     58.3    935.9    877.4   0.746
20260406215203     61    675.0    700.0   20.0    229.5    881.5    882.8   0.816
20260406215203     62      0.0     40.0   20.0     34.1      0.0   1058.9   0.777
20260406215203     62    160.0    175.0   20.0     26.8   1068.7   1084.0   0.728
20260406215203     62    285.0    300.0   20.0     23.8   1114.7   1096.9   0.605
20260406215203     62    355.0    370.0   20.0     31.4   1115.2   1143.4   0.706
20260406215203     62    485.0    575.0   20.0     37.8   1118.3   1217.9   0.820
20260406215203     63     60.0     95.0   20.0     54.3    851.1   1035.7   0.806
20260406215203     63    325.0    340.0   20.0     24.0   1012.0   1020.9   0.849
20260406215203     63   1415.0   1430.0   20.0     20.6   1135.3   1142.5   0.602
20260406215203     63   1600.0   1615.0   20.0     21.3   1187.7   1202.4   0.716
20260406215203     64    910.0    925.0   20.0     39.8    897.8    963.8   0.763
20260406215203     64   1235.0   1250.0   20.0     70.3   1006.2   1104.9   0.796
20260406215203     64   1510.0   1525.0   20.0     40.3   1141.0   1148.6   0.776
20260406215203     64   1625.0   1640.0   20.0     43.6   1139.2   1161.5   0.853
20260406215203     65   1180.0   1200.0   20.0    101.6    870.6    869.7   0.757
20260406215203     66    475.0    490.0   20.0     44.6    889.8    942.7   0.776
20260406215203     66    530.0    545.0   20.0     38.5    947.7    896.6   0.754
20260406215203     66   1135.0   1160.0   20.0     23.8    885.1    940.1   0.814
20260406215203     66   1440.0   1475.0   20.0     38.2   1000.9   1148.3   0.850
20260406215203     66   1610.0   1625.0   20.0     75.0   1102.7    868.3   0.853
20260406215203     67    295.0    325.0   20.0     63.2    859.0    947.0   0.864
20260406215203     67    420.0    440.0   20.0    121.8    972.8    860.7   0.782
20260406215203     67   1395.0   1410.0   20.0     89.7    862.1   1095.8   0.812
20260406215203     67   1530.0   1545.0   20.0     49.0   1146.4   1179.9   0.911
20260406215203     67   1610.0   1625.0   20.0     83.7   1152.4    842.5   0.918
20260406215203     68     20.0     35.0   20.0     39.6    864.9    940.7   0.803
20260406215203     68    310.0    330.0   20.0     53.8   1040.6   1111.6   0.711
20260406215203     68    740.0    755.0   20.0     22.3   1118.7   1159.3   0.794
20260406215203     68    830.0    845.0   20.0     56.3   1153.6   1157.3   0.696
20260406215203     68   1425.0   1440.0   20.0     33.3   1231.5   1235.5   0.853
20260406215203     70      0.0     35.0   20.0     28.8      0.0   1073.0   0.838
20260406215203     70     80.0     95.0   20.0     24.9   1067.0   1082.1   0.683
20260406215203     70    270.0    285.0   20.0     23.5   1111.1   1108.6   0.741
20260406215203     70    415.0    450.0   20.0     35.7   1131.7   1147.5   0.765
20260406215203     70    585.0    600.0   20.0     23.2   1151.4   1169.6   0.706
20260406215203     70    680.0    715.0   20.0     45.1   1183.7   1259.5   0.838
20260406215203     70    760.0    775.0   20.0     23.6   1258.1   1259.7   0.700
20260406215203     71   1335.0   1350.0   20.0     41.0    899.0   1043.9   0.665
20260406215203     73   1250.0   1280.0   20.0     58.6    859.6    861.3   0.804
20260406215203     75    210.0    240.0   20.0     27.6    860.6    900.4   0.835
20260406215203     75    410.0    425.0   20.0     55.5    923.0    867.6   0.755
20260406215203     75   1275.0   1295.0   20.0     34.6    866.5    956.7   0.807
20260406215203     76    405.0    465.0   20.0     57.4   1061.1   1200.7   0.801
20260406215203     76    600.0    615.0   20.0     20.1   1186.5   1197.7   0.776
20260406215203     76    720.0    735.0   20.0     27.3   1114.3    871.4   0.924
20260406215203     76   1070.0   1085.0   20.0     45.0    872.0    922.9   0.761
20260406215203     76   1360.0   1375.0   20.0     28.3    962.1   1016.3   0.866
20260406215203     76   1475.0   1495.0   20.0     50.8   1027.6   1085.0   0.870
20260406215203     76   1585.0   1600.0   20.0     22.9   1094.4   1116.9   0.844
20260406215203     76   1660.0   1675.0   20.0     25.1   1054.8   1030.8   0.768
20260406215203     77    675.0    690.0   20.0     20.8   1216.1   1212.2   0.812
20260406215203     78     10.0     25.0   20.0     47.6    915.1    861.6   0.750
20260406215203     78    215.0    230.0   20.0     49.6    888.4    957.8   0.760
20260406215203     78    365.0    415.0   20.0     66.3    982.1   1048.2   0.799
20260406215203     78    460.0    510.0   20.0     85.2   1052.3    959.9   0.888
20260406215203     78    555.0    570.0   20.0     69.2    957.9    872.5   0.765
20260406215203     79    565.0    595.0   20.0     96.3    864.0    866.1   0.796
20260406215203     79    730.0    745.0   20.0     33.4    866.0    939.2   0.780
20260406215203     79    790.0    805.0   20.0    121.1    963.5    869.1   0.751
20260406215203     79   1050.0   1070.0   20.0     69.8    865.3    863.6   0.800
20260406215203     79   1275.0   1290.0   20.0     47.4    903.3    862.2   0.733
20260406215203     80    100.0    115.0   20.0     26.1    357.1    432.4   0.834
20260406215203     82    340.0    355.0   20.0     26.2   1088.7   1104.7   0.891
20260406215203     82    745.0    760.0   20.0     23.4   1155.6   1163.2   0.762
20260406215203     83     30.0     85.0   20.0     62.7    843.5   1029.2   0.844
20260406215203     83    305.0    325.0   20.0     47.4   1034.8   1036.2   0.868
20260406215203     83    745.0    760.0   20.0     40.2   1060.9   1078.0   0.810
20260406215203     84    740.0    755.0   20.0     38.6    862.4    916.9   0.774
20260406215203     84    990.0   1005.0   20.0     54.7    973.6    960.7   0.797
20260406215203     84   1165.0   1200.0   20.0     45.1   1015.6   1009.5   0.892
20260406215203     84   1240.0   1295.0   20.0     85.8   1012.6   1028.5   0.780
20260406215203     84   1350.0   1365.0   20.0     30.9   1046.8   1081.1   0.796
20260406215203     84   1515.0   1540.0   20.0     25.4   1106.4   1140.1   0.759
20260406215203     84   1775.0   1790.0   20.0     91.7    972.4    823.2   0.820
20260406215203     86    305.0    320.0   20.0     24.9    959.0    952.8   0.903
20260406215203     86    905.0    920.0   20.0     23.8   1112.3   1132.3   0.845
20260406215203     87     10.0     35.0   20.0    140.8    849.5    851.8   0.801
20260406215203     87   1010.0   1025.0   20.0     35.9    863.3    908.6   0.730
20260406215203     87   1095.0   1115.0   20.0     36.2    916.3    924.9   0.774
20260406215203     88    270.0    285.0   20.0     25.5    868.8    870.5   0.712
20260406215203     88    600.0    615.0   20.0     26.8    876.4    919.7   0.777
20260406215203     88   1790.0   1800.0   20.0     20.4   1009.5   1022.8   0.664
20260406215203     89     15.0     30.0   20.0     25.1    921.7    981.9   0.897
20260406215203     89    195.0    210.0   20.0     22.1   1074.4   1104.1   0.769
20260406215203     90    125.0    140.0   20.0     59.8    855.2    925.2   0.749
20260406215203     90    335.0    385.0   20.0     48.4   1024.4   1089.0   0.805
20260406215203     90    475.0    490.0   20.0     20.9   1089.8   1119.3   0.688
20260406215203     90    670.0    685.0   20.0     36.6   1151.4   1188.0   0.840
20260406215203     90    855.0    870.0   20.0     22.3   1192.3   1211.3   0.832
20260406215203     91   1050.0   1065.0   20.0     38.9    875.9    951.0   0.771
20260406215203     91   1250.0   1265.0   20.0     65.7    967.7   1032.0   0.761
20260406215203     93     90.0    105.0   20.0     24.9   1061.7   1080.9   0.725
20260406215203     95    310.0    325.0   20.0     77.6   1208.7    862.0   0.955
20260406215203     95    370.0    390.0   20.0     46.7    862.2    991.4   0.830
20260406215203     96    155.0    170.0   20.0     23.0    867.6    910.0   0.760
20260406215203     96    245.0    260.0   20.0     21.2    920.4    989.2   0.782
20260406215203     96    325.0    340.0   20.0     60.5    995.6    873.2   0.745
20260406215203     96    585.0    600.0   20.0     23.0    909.8    992.7   0.845
20260406215203     96    735.0    750.0   20.0     60.8   1069.7   1169.1   0.761
20260406215203     97    370.0    395.0   20.0    176.1    849.7    849.6   0.792
20260406215203     97   1465.0   1495.0   20.0    113.0    851.2    852.5   0.862
20260406215203    100    705.0    760.0   20.0     98.2    977.5    878.5   0.888
20260406215203    103    700.0    715.0   20.0     23.5    882.6    957.5   0.594
20260406215203    103   1165.0   1175.0   20.0     23.9    991.1   1028.8   0.402
20260406215203    103   1525.0   1570.0   20.0     54.9   1015.8   1161.6   0.851
20260406215203    107    435.0    465.0   20.0     40.2    865.8    962.9   0.794
20260406215203    108    240.0    255.0   20.0     24.7   1205.3   1215.6   0.783
20260406215203    108    430.0    480.0   20.0     27.5   1253.1   1260.4   0.859
20260406215203    108    530.0    545.0   20.0     26.5   1255.2   1252.0   0.560
20260406215203    108   1570.0   1580.0   20.0     24.0   1302.3   1330.7   0.806
20260406215203    109      5.0     20.0   20.0    200.1   1177.8    856.1   0.816
20260406215203    110    710.0    725.0   20.0    108.8    873.0    872.0   0.764
20260406215203    110   1715.0   1730.0   20.0     53.1    842.8    901.6   0.747
20260406215203    112    510.0    525.0   20.0     28.9    997.6   1046.7   0.794
20260406215203    112    705.0    740.0   20.0    149.2   1135.6    887.5   0.896
20260406215203    112   1200.0   1235.0   20.0     37.6   1009.3   1112.8   0.819
20260406215203    112   1440.0   1495.0   20.0     26.8   1082.4   1094.1   0.827
20260406215203    114    130.0    165.0   20.0     36.2   1089.6   1161.3   0.864
20260406215203    114    380.0    395.0   20.0     24.0   1223.6   1215.1   0.814
20260406215203    114    875.0    890.0   20.0     30.2   1167.2   1175.4   0.820
20260406215203    114   1145.0   1160.0   20.0     28.3   1121.2    985.1   0.837
20260406215203    115    640.0    655.0   20.0    126.0    858.0   1114.1   0.861
20260406215203    116    260.0    300.0   20.0     81.3    856.1    858.4   0.812
20260406215203    116    535.0    550.0   20.0     54.8    860.0    967.3   0.893
20260406215203    116    600.0    615.0   20.0     29.1    982.4   1031.3   0.757
20260406215203    116    720.0    735.0   20.0     21.9   1016.6   1031.5   0.603
20260406215203    116    780.0    795.0   20.0     53.6   1040.9   1038.8   0.688
20260406215203    116    860.0    880.0   20.0     38.7   1024.6   1071.7   0.791
20260406215203    116    980.0   1010.0   20.0     31.1   1057.1   1098.8   0.810
20260406215203    116   1165.0   1180.0   20.0     23.3   1085.8   1105.9   0.794
20260406215203    116   1215.0   1230.0   20.0     31.6   1113.5   1140.1   0.772
20260406215203    116   1520.0   1535.0   20.0     31.7   1137.3   1169.9   0.734
20260406215203    116   1725.0   1740.0   20.0     86.1   1037.0    835.2   0.905
20260406215203    118     20.0     80.0   20.0     67.2   1046.7   1088.1   0.697
20260406215203    118    190.0    205.0   20.0     30.6   1102.7   1169.3   0.758
20260406215203    118    280.0    330.0   20.0     26.5   1168.8   1200.9   0.844
20260406215203    119     50.0     70.0   20.0    157.8    859.4    853.0   0.820
20260406215203    120     95.0    110.0   20.0     24.1   1106.3   1110.7   0.741
20260406215203    120    485.0    500.0   20.0     23.2   1118.4   1131.2   0.787
20260406215203    120    770.0    785.0   20.0     20.9   1169.5   1186.9   0.839
20260406215203    121   1285.0   1305.0   20.0     66.0   1308.5   1296.4   0.871
20260406215203    122     60.0     75.0   20.0     21.3   1014.8    982.9   0.594
20260406215203    122    270.0    285.0   20.0     21.6    996.0    998.5   0.755
20260406215203    122    545.0    560.0   20.0     59.8   1053.5   1072.5   0.813
20260406215203    122    730.0    745.0   20.0     24.4   1086.6   1088.6   0.663
20260406215203    122    785.0    800.0   20.0     26.5   1096.7   1119.1   0.776
20260406215203    122   1070.0   1105.0   20.0     35.5   1187.2   1210.3   0.843
20260406215203    123    190.0    205.0   20.0     23.7    987.8    997.7   0.779
20260406215203    123    300.0    315.0   20.0    150.9    997.8    992.0   0.780
20260406215203    124    445.0    485.0   20.0     26.2   1123.9   1172.5   0.778
20260406215203    125    645.0    695.0   20.0     37.8    918.2    916.5   0.816
20260406215203    126    300.0    315.0   20.0     44.7   1006.4   1027.7   0.878
20260406215203    126    485.0    540.0   20.0     30.1   1055.2   1129.4   0.864
20260406215203    126   1005.0   1020.0   20.0     35.7   1162.9   1185.4   0.899
20260406215203    128    560.0    575.0   20.0     66.8    879.6    880.8   0.736
20260406215203    128    750.0    765.0   20.0     31.8    883.3    922.1   0.752
20260406215203    128    810.0    820.0   20.0     20.5    940.9    982.2   0.452
20260406215203    128    855.0    925.0   20.0     43.7   1001.6   1030.6   0.891
20260406215203    128    975.0    990.0   20.0     37.6   1016.0   1000.7   0.804
20260406215203    128   1330.0   1340.0   20.0     21.2   1048.1   1068.1   0.846
20260406215203    128   1375.0   1390.0   20.0     84.4   1084.6    889.2   0.799
20260406215203    128   1585.0   1600.0   20.0     38.0    885.9    924.3   0.741
20260406215203    130    215.0    230.0   20.0     22.6   1012.4   1031.7   0.660
20260406215203    130    275.0    290.0   20.0     23.7   1043.9   1064.8   0.796
20260406215203    130    545.0    560.0   20.0     20.1   1109.1   1122.3   0.621
20260406215203    130    605.0    620.0   20.0     24.7   1135.1   1142.5   0.855
20260406215203    132     40.0     55.0   20.0     34.9    854.4    906.1   0.726
20260406215203    132    195.0    210.0   20.0     64.3    942.7    861.6   0.764
20260406215203    132    790.0    805.0   20.0     44.1    870.9    923.7   0.749
20260406215203    132    865.0    900.0   20.0     21.3    997.3    999.0   0.694
20260406215203    132   1075.0   1200.0   20.0     58.0   1016.6   1101.3   0.878
20260406215203    132   1240.0   1255.0   20.0     27.1   1079.4   1086.5   0.582
20260406215203    132   1305.0   1350.0   20.0     43.1   1070.3   1103.8   0.828
20260406215203    132   1555.0   1625.0   20.0     25.4   1089.2   1094.2   0.799
20260406215203    134    300.0    320.0   20.0     48.6    873.5    873.2   0.713
20260406215203    134    360.0    390.0   20.0     46.0    871.7   1039.9   0.728
20260406215203    134    455.0    475.0   20.0    140.4   1074.7   1131.7   0.804
20260406215203    134    805.0    820.0   20.0     61.5   1215.3   1247.0   0.809
20260406215203    134   1355.0   1410.0   20.0     24.1   1128.8   1209.1   0.819
20260406215203    134   1470.0   1485.0   20.0     31.6   1237.7   1291.8   0.841
20260406215203    135     50.0     65.0   20.0     59.0    859.4    947.0   0.782
20260406215203    135    755.0    770.0   20.0     25.3   1010.5   1021.2   0.658
20260406215203    136    265.0    280.0   20.0     39.8    877.1    915.2   0.707
20260406215203    138     10.0     25.0   20.0     93.0    973.6    875.8   0.761
20260406215203    139   1155.0   1170.0   20.0     21.1   1074.0   1103.9   0.862
20260406215203    140      5.0     60.0   20.0     71.6    927.2   1120.4   0.904
20260406215203    140    135.0    145.0   20.0     20.3   1096.5   1107.5   0.611
20260406215203    140    330.0    345.0   20.0     41.3   1121.0    912.5   0.949
20260406215203    140    850.0    870.0   20.0     52.9    968.2    970.0   0.893
20260406215203    140   1150.0   1200.0   20.0     48.9   1061.4   1122.5   0.859
20260406215203    140   1475.0   1490.0   20.0     29.5   1126.6   1183.7   0.859
20260406215203    140   1645.0   1660.0   20.0     22.8   1141.5   1140.7   0.674
20260406215203    142    180.0    230.0   20.0     41.8   1079.3   1138.3   0.540
20260406215203    142    425.0    485.0   20.0     32.8   1158.0   1194.4   0.726
20260406215203    142    695.0    705.0   20.0     21.1   1175.9   1189.1   0.570
20260406215203    142    840.0    855.0   20.0     21.3   1209.6   1212.4   0.784
20260406215203    143    275.0    290.0   20.0     20.6   1214.8   1240.6   0.698
20260406215203    143    600.0    615.0   20.0     32.2   1231.9   1265.6   0.775
20260406215203    144    210.0    225.0   20.0     48.9    886.6    951.7   0.761
20260406215203    144    260.0    290.0   20.0     36.3    989.0   1037.3   0.784
20260406215203    144    340.0    430.0   20.0     32.1   1071.8   1088.6   0.743
20260406215203    144    480.0    495.0   20.0     31.1   1088.1   1088.8   0.795
20260406215203    144    540.0    580.0   20.0     34.2   1096.4   1207.8   0.835
20260406215203    144    765.0    780.0   20.0     29.8   1198.0   1226.1   0.792
20260406215203    144    825.0    845.0   20.0    115.8   1186.0    896.6   0.945
20260406215203    144    965.0    980.0   20.0     60.4    911.1    894.9   0.813
20260406215203    145   1485.0   1495.0   20.0     24.6    895.9    886.4   0.433
20260406215203    146     25.0     40.0   20.0     22.0    997.0   1022.5   0.708
20260406215203    146    105.0    125.0   20.0    102.7   1013.8    873.2   0.813
20260406215203    146    340.0    355.0   20.0     41.0    882.7    928.7   0.767
20260406215203    146    410.0    425.0   20.0     51.8    941.8    885.0   0.746
20260406215203    146    765.0    780.0   20.0     42.7    890.7    949.5   0.748
20260406215203    146    815.0    845.0   20.0     65.3    977.6   1042.1   0.771
20260406215203    146    890.0    905.0   20.0     38.6   1063.5   1081.4   0.862
20260406215203    146   1385.0   1400.0   20.0     40.1   1180.3   1190.9   0.814
20260406215203    146   1460.0   1475.0   20.0     33.2   1162.4   1146.8   0.841
20260406215203    146   1620.0   1635.0   20.0    138.9   1107.8    878.0   0.905
20260406215203    146   1670.0   1695.0   20.0     51.6    874.4    869.1   0.753
20260406215203    147    125.0    150.0   20.0     39.3   1290.3   1337.5   0.820
20260406215203    148     85.0    100.0   20.0     25.0    884.8    923.7   0.765
20260406215203    148    300.0    315.0   20.0     23.3    994.6    992.0   0.803
20260406215203    148   1040.0   1055.0   20.0     43.5   1049.0   1094.4   0.856
20260406215203    149    435.0    450.0   20.0     22.7    886.0    928.4   0.808
20260406215203    149   1325.0   1335.0   20.0     38.4    976.0    992.0   0.481
20260406215203    150    795.0    810.0   20.0     49.1    891.0    942.7   0.719
20260406215203    150    885.0    900.0   20.0    121.8    981.3    887.7   0.666
20260406215203    150   1030.0   1085.0   20.0     30.6    885.5    986.9   0.741
20260406215203    150   1165.0   1180.0   20.0     24.8    972.4   1028.6   0.774
20260406215203    150   1330.0   1345.0   20.0     25.0   1066.5   1103.8   0.860
20260406215203    150   1445.0   1460.0   20.0     32.8   1125.4   1161.2   0.863
20260406215203    150   1555.0   1570.0   20.0     45.1   1146.0   1149.4   0.786
20260406215203    151    770.0    785.0   20.0     21.6    875.2    909.8   0.798
20260406215203    151    880.0    895.0   20.0     48.9    922.1    874.7   0.765
20260406215203    153   1195.0   1210.0   20.0     70.2    906.7    887.8   0.538
20260406215203    154     90.0    110.0   20.0     42.2    904.8    972.2   0.843
20260406215203    154    545.0    560.0   20.0     20.5   1057.6   1092.3   0.828
20260406215203    154    765.0    780.0   20.0     26.3   1110.7   1113.8   0.582
20260406215203    154    880.0    895.0   20.0     30.6   1167.3   1171.0   0.865
20260406215203    154   1120.0   1135.0   20.0     25.4   1188.1   1228.9   0.882
20260406215203    154   1775.0   1790.0   20.0     33.1   1095.7   1119.1   0.889
20260406215203    156    420.0    435.0   20.0     23.7   1222.9   1238.1   0.729
20260406215203    157    380.0    395.0   20.0     25.6   1081.1   1099.5   0.592
20260406215203    158    175.0    190.0   20.0     39.7   1238.6   1253.5   0.723
20260406215203    160     60.0     75.0   20.0     30.4    998.5   1030.6   0.706
20260406215203    160    135.0    155.0   20.0     35.2   1078.6   1112.0   0.762
20260406215203    160    435.0    450.0   20.0     20.1   1170.0   1157.6   0.836
20260406215203    160    490.0    505.0   20.0     20.3   1167.8   1164.9   0.811
20260406215203    160    665.0    680.0   20.0     23.3   1222.9   1240.4   0.651
20260406215203    160   1270.0   1285.0   20.0     20.0   1279.9   1294.1   0.699
20260406215203    163    480.0    495.0   20.0     53.9    891.8    888.7   0.716
20260406215203    163   1015.0   1030.0   20.0     43.0    887.0    886.8   0.618
20260406215203    163   1320.0   1335.0   20.0     32.9    889.1    933.3   0.784
20260406215203    163   1500.0   1525.0   20.0     25.0    959.6   1038.8   0.629
20260406215203    163   1605.0   1625.0   20.0    151.7   1063.1    883.3   0.772
20260406215203    164    200.0    215.0   20.0     35.9   1195.1   1205.1   0.653
20260406215203    165    110.0    200.0   20.0     46.0    979.5   1040.3   0.639
20260406215203    165    240.0    265.0   20.0     47.7   1041.6   1079.9   0.745
20260406215203    166    270.0    285.0   20.0     34.9    891.0    937.2   0.742
20260406215203    166    480.0    495.0   20.0     20.2    989.0   1012.3   0.718
20260406215203    166    580.0    595.0   20.0     25.6   1032.8   1076.0   0.783
20260406215203    166    655.0    670.0   20.0     20.0   1131.0   1168.5   0.793
20260406215203    166    720.0    740.0   20.0     37.2   1192.9   1216.5   0.871
20260406215203    166    910.0    925.0   20.0     27.8   1179.8   1192.8   0.573
20260406215203    167    245.0    260.0   20.0     24.2   1310.3   1331.0   0.692
20260406215203    169    745.0    760.0   20.0     69.1    918.0    919.2   0.736
20260406215203    172    570.0    585.0   20.0     39.6   1312.4   1338.5   0.761
20260406215203    174    575.0    590.0   20.0     27.7    911.1    958.3   0.746
20260406215203    174    680.0    745.0   20.0     63.7   1025.7   1163.2   0.866
20260406215203    174    810.0    825.0   20.0     28.8   1190.5   1213.0   0.653
20260406215203    174    865.0    885.0   20.0     37.8   1236.0   1297.3   0.913
20260406215203    174    960.0    975.0   20.0    174.8   1286.7    913.0   0.842
20260406215203    175     20.0     35.0   20.0     21.9   1276.7   1273.9   0.658
20260406215203    175    455.0    465.0    6.7    280.9   1411.9   1417.7   0.411
20260406215203    175    690.0    775.0   20.0     74.7   1459.2   1461.6   0.788
20260406215203    175    865.0    925.0   20.0    206.5   1464.6   1464.3   0.671
20260406215203    175   1030.0   1045.0   20.0    207.0   1463.5   1464.3   0.798
20260406215203    175   1120.0   1135.0   20.0    184.5   1465.2   1450.6   0.761
20260406215203    176     30.0     65.0   20.0     47.5    909.9   1041.3   0.718
20260406215203    176    225.0    280.0   20.0    182.8   1034.8    959.6   0.879
20260406215203    176    390.0    405.0   20.0     21.5   1039.7   1065.3   0.686
20260406215203    176    450.0    515.0   20.0     34.6   1078.1   1105.5   0.843
20260406215203    176    610.0    625.0   20.0     25.6   1102.1   1143.7   0.726
20260406215203    176    795.0    810.0   20.0     33.5   1142.7   1162.1   0.687
20260406215203    176    920.0    940.0   20.0    122.6   1181.6    922.8   0.859
20260406215203    176   1065.0   1175.0   20.0     78.3    920.4   1125.0   0.865
20260406215203    176   1365.0   1380.0   20.0     30.2   1179.9   1184.5   0.649
20260406215203    176   1495.0   1510.0   20.0     21.1   1190.3   1217.0   0.867
20260406215203    177      0.0     45.0   20.0    107.3      0.0    961.0   0.847
20260406215203    177   1750.0   1765.0   20.0     54.6    940.7    936.4   0.772
20260406215203    178    445.0    515.0   20.0    115.5    910.2    911.9   0.788
20260406215203    178   1190.0   1205.0   20.0     38.2    916.0    973.9   0.750
20260406215203    178   1245.0   1300.0   20.0     56.0   1011.3   1075.5   0.868
20260406215203    178   1360.0   1375.0   20.0     36.3   1103.6   1147.6   0.774
20260406215203    178   1470.0   1505.0   20.0     40.9   1166.6   1260.6   0.912
20260406215203    179    775.0    790.0   20.0     30.7    966.3    929.7   0.747
20260406215203    179   1340.0   1360.0   20.0     89.5    930.8    932.6   0.779
20260406215203    179   1555.0   1570.0   20.0     28.3    936.7   1095.3   0.635
20260406215203    179   1760.0   1775.0   20.0     37.3   1135.6   1166.7   0.768
20260406215203    180    390.0    415.0   20.0     66.0    910.6    910.6   0.777
20260406215203    180   1125.0   1140.0   20.0     51.5    926.1   1171.0   0.785
20260406215203    181    940.0    960.0   20.0     82.9    927.9    927.2   0.783
20260406215203    183      0.0     10.0   20.0     22.9      0.0   1148.7   0.463
20260406215203    183     55.0     70.0   20.0    202.8   1205.5    927.4   0.843
20260406215203    183   1455.0   1475.0   20.0    159.4    934.2    935.1   0.789
20260406215203    184    795.0    810.0   20.0     26.4   1314.0   1312.2   0.883
20260406215203    187     95.0    110.0   20.0     21.6   1176.0   1208.2   0.665
20260406215203    187    340.0    355.0   20.0     27.5   1217.2   1227.4   0.682
20260406215203    188     45.0     65.0   20.0     21.6   1063.5   1057.6   0.697
20260406215203    188    770.0    785.0   20.0     20.4   1141.5   1168.3   0.800
20260406215203    188    975.0    990.0   20.0     25.3   1165.8   1170.9   0.741
20260406215203    190     60.0     75.0   20.0     43.0    925.8    985.4   0.756
20260406215203    190    110.0    130.0   20.0    140.0   1014.5    928.1   0.737
20260406215203    190    340.0    355.0   20.0     39.6    930.4    985.9   0.750
20260406215203    190    400.0    415.0   20.0     33.1   1028.2   1051.6   0.550
20260406215203    190    505.0    540.0   20.0     36.6   1055.2   1128.2   0.750
20260406215203    190    665.0    680.0   20.0     22.8   1129.0   1155.7   0.717
20260406215203    190    860.0    875.0   20.0     25.3   1198.3   1216.1   0.699
20260406215203    190   1170.0   1185.0   20.0     49.5   1224.4    934.6   0.945
20260406215203    190   1295.0   1315.0   20.0     84.4    935.0    936.0   0.816
20260406215203    191    420.0    450.0   20.0     54.9    943.0    944.8   0.775
20260406215203    192      5.0     20.0   20.0     32.7    924.1    977.6   0.750
20260406215203    192    135.0    160.0   20.0     26.2   1051.6   1116.6   0.883
20260406215203    192    265.0    280.0   20.0     28.9   1119.7   1173.7   0.820
20260406215203    192    690.0    705.0   20.0     59.0   1222.4   1300.1   0.813
20260406215203    193    265.0    315.0   20.0     23.0   1422.2   1420.0   0.565
20260406215203    193    460.0    610.0   20.0     32.8   1434.4   1444.8   0.608
20260406215203    193    695.0    760.0   20.0     33.9   1448.2   1454.5   0.658
20260406215203    193    795.0   1800.0   19.9    371.5   1454.5   1536.4   0.847
20260406215203    194      0.0     10.0   20.0     74.1      0.0    949.1   0.748
20260406215203    194   1195.0   1210.0   20.0     47.1    966.2   1016.3   0.757
20260406215203    194   1325.0   1340.0   20.0     26.0   1078.1   1102.6   0.749
20260406215203    194   1490.0   1505.0   20.0    159.3   1106.8    968.3   0.764
20260406215203    194   1640.0   1655.0   20.0     60.0    966.9    952.6   0.795
20260406215203    195    345.0    360.0   20.0     21.0    943.0    978.6   0.836
20260406215203    195    660.0    675.0   20.0     65.2   1026.1    946.3   0.763
20260406215203    195    820.0    850.0   20.0     40.5    947.1    983.6   0.829
20260406215203    196    430.0    450.0   20.0     62.5    959.9    960.2   0.758
20260406215203    198      0.0    485.0   20.0     54.8      0.0   1510.1   0.867
20260406215203    198    520.0    550.0   20.0     27.6   1511.0   1519.8   0.796
20260406215203    198    585.0   1800.0   20.0     51.3   1516.0   1514.7   0.878
20260406215203    199   1475.0   1490.0   20.0     22.4    975.6    949.5   0.698
20260406215203    200     55.0    120.0   20.0    170.9    953.4    991.9   0.845
20260406215203    200    345.0    400.0   20.0     51.8   1063.2   1171.3   0.867
20260406215203    200   1095.0   1110.0   20.0     23.3   1213.7   1223.3   0.665
20260406215203    200   1155.0   1170.0   20.0     20.3   1222.6   1231.5   0.729
20260406215203    201     75.0    115.0   20.0     83.0    954.2   1165.0   0.798
20260406215203    201    325.0    340.0   20.0     23.7   1210.1   1236.6   0.728
20260406215203    202     35.0     50.0   18.4     54.7   1028.6   1056.0   0.649
20260406215203    203   1645.0   1660.0   20.0     41.0    972.4   1059.9   0.749
20260406215203    203   1725.0   1755.0   20.0    120.9   1077.9    967.5   0.801
20260406215203    204    410.0    425.0   20.0     63.3    979.4   1059.1   0.727
20260406215203    204    495.0    515.0   20.0     36.7   1091.8   1109.8   0.700
20260406215203    204    565.0    585.0   20.0     43.2   1108.9   1219.8   0.797
20260406215203    204    620.0    680.0   20.0     76.2   1217.1   1343.9   0.865
20260406215203    204    785.0    800.0   20.0    138.9   1312.3    970.9   0.750
20260406215203    204   1535.0   1550.0   20.0     68.1    968.8   1057.6   0.751
20260406215203    204   1645.0   1660.0   20.0     28.1   1088.2   1122.2   0.726
20260406215203    205   1365.0   1380.0   20.0     85.9    985.7   1174.4   0.834
20260406215203    205   1485.0   1500.0   20.0     20.1   1213.2   1245.9   0.681
20260406215203    205   1605.0   1620.0   20.0     26.6   1225.9   1224.2   0.829
20260406215203    208      0.0     15.0   20.0    215.0      0.0   1407.9   0.914
20260406215203    208    735.0    795.0   20.0     62.6   1526.6   1534.6   0.894
20260406215203    208    905.0    925.0   20.0     25.8   1531.2   1530.5   0.869
20260406215203    208   1080.0   1155.0   20.0     44.7   1539.1   1535.8   0.903
20260406215203    208   1200.0   1215.0   20.0    146.8   1538.5   1536.9   0.688
20260406215203    208   1255.0   1310.0   20.0     57.5   1537.6   1542.9   0.893
20260406215203    209   1655.0   1675.0   20.0     22.4    984.7   1077.4   0.838
20260406215203    209   1775.0   1795.0   20.0     25.1   1077.5   1102.1   0.742
20260406215203    210    195.0    210.0   20.0     52.5    984.6   1078.7   0.741
20260406215203    210    340.0    355.0   20.0     64.9   1195.0   1236.0   0.780
20260406215203    210    425.0    440.0   20.0    108.9   1213.8    991.7   0.806
20260406215203    210    665.0    685.0   20.0     46.4    986.3    986.8   0.740
20260406215203    210   1280.0   1295.0   20.0     54.0    989.6   1045.8   0.722
20260406215203    210   1590.0   1605.0   20.0     20.6   1088.6   1112.8   0.659
20260406215203    212     15.0     35.0   20.0    157.6    996.1   1066.5   0.772
20260406215203    212    645.0    660.0   20.0     24.0   1225.3   1236.6   0.714
20260406215203    212   1245.0   1285.0   20.0     43.0   1238.6   1285.3   0.864
20260406215203    216    240.0    255.0   20.0     62.1   1001.8   1080.3   0.769
20260406215203    216    320.0    335.0   20.0     25.9   1122.7   1127.3   0.636
20260406215203    216    405.0    420.0   20.0     41.9   1200.5   1237.4   0.759
20260406215203    216    465.0    530.0   20.0     68.8   1230.0   1271.7   0.835
20260406215203    216    665.0    690.0   20.0     25.0   1222.3   1219.5   0.721
20260406215203    216    750.0    800.0   20.0     29.4   1222.3   1233.0   0.876
20260406215203    217     65.0     75.0   20.0     22.3   1001.8   1001.8   0.417
20260406215203    217   1615.0   1630.0   20.0    117.2   1012.8   1224.1   0.803
20260406215203    218     65.0     80.0   20.0     29.2   1194.5   1224.1   0.818
20260406215203    218    275.0    300.0   20.0     34.7   1289.1   1359.5   0.795
20260406215203    218    445.0    460.0   20.0     30.7   1358.6   1371.6   0.711
20260406215203    218    565.0    650.0   20.0     50.0   1352.0   1367.8   0.846
20260406215203    218    700.0    725.0   20.0     36.3   1347.9   1342.1   0.810
20260406215203    218    880.0    905.0   20.0     38.4   1404.6   1413.2   0.827
20260406215203    218    985.0   1020.0   20.0     63.3   1415.7   1420.3   0.771
20260406215203    218   1110.0   1135.0   20.0     28.9   1453.0   1523.9   0.804
20260406215203    218   1215.0   1230.0   20.0     36.0   1504.3   1567.3   0.735
20260406215203    220     90.0    110.0   20.0     68.8   1002.9   1143.5   0.846
20260406215203    221    150.0    165.0   20.0     30.0   1150.2   1174.4   0.745
20260406215203    221    790.0    805.0   20.0     37.5   1268.7   1215.2   0.824
20260406215203    223    355.0    410.0   20.0     35.2   1010.4   1289.8   0.780
20260406215203    223    445.0    460.0   20.0     30.7   1348.0   1420.6   0.790
20260406215203    223    505.0    520.0   20.0    180.5   1451.5   1009.0   0.856
20260406215203    224    695.0    710.0   20.0     21.9   1415.1   1421.0   0.796
20260406215203    225    745.0    795.0   20.0    112.3   1021.2   1021.2   0.830
20260406215203    226   1230.0   1245.0   20.0     20.1   1466.1   1468.8   0.628
20260406215203    226   1740.0   1755.0   20.0     20.4   1464.0   1489.9   0.809
20260406215203    227   1465.0   1495.0   20.0    275.0   1022.9   1022.1   0.850
20260406215203    228    275.0    335.0   20.0     70.2   1022.3   1193.0   0.760
20260406215203    228    370.0    385.0   20.0    157.6   1214.1   1022.9   0.789
20260406215203    228    635.0    650.0   20.0     36.5   1023.1   1073.0   0.725
20260406215203    228    735.0    885.0   20.0    224.5   1157.3   1095.8   0.770
20260406215203    228   1140.0   1200.0   20.0     22.5   1148.1   1168.3   0.762
20260406215203    228   1235.0   1300.0   20.0     26.1   1170.5   1241.0   0.904
20260406215203    228   1340.0   1355.0   20.0     32.0   1231.7   1252.0   0.716
20260406215203    228   1390.0   1405.0   20.0     96.5   1253.5   1372.4   0.803
20260406215203    228   1485.0   1505.0   20.0    243.8   1401.3   1024.1   0.901
20260406215203    229    315.0    335.0   20.0     53.9   1022.9   1023.3   0.768
20260406215203    229    520.0    535.0   20.0     21.6   1030.6   1077.8   0.819
20260406215203    229    575.0    615.0   20.0    152.5   1126.9   1027.4   0.801
20260406215203    229    760.0    780.0   20.0     72.6   1033.2   1037.7   0.822
20260406215203    229   1190.0   1210.0   20.0     45.0   1024.9   1027.9   0.757
20260406215203    229   1595.0   1650.0   20.0    263.1   1026.4   1263.8   0.915
20260406215203    230    290.0    315.0   20.0     93.7   1038.0   1039.0   0.766
20260406215203    230    350.0    370.0   20.0     47.6   1038.0   1097.4   0.847
20260406215203    230    520.0    535.0   20.0     86.6   1147.5   1169.6   0.746
20260406215203    230    660.0    715.0   20.0    110.0   1200.1   1214.8   0.777
20260406215203    230    795.0    810.0   20.0     28.1   1240.4   1228.9   0.796
20260406215203    230   1210.0   1225.0   20.0     23.4   1268.7   1311.2   0.791
20260406215203    230   1305.0   1350.0   20.0     33.4   1271.9   1281.5   0.711
20260406215203    231   1780.0   1800.0   20.0    147.6   1027.0   1022.3   0.879
20260406215203    233    765.0    780.0   20.0     86.3   1034.1   1034.6   0.804
20260406215203    233   1200.0   1215.0   20.0     72.9   1031.9   1145.0   0.834
20260406215203    233   1265.0   1275.0   20.0     41.3   1168.1   1172.1   0.679
20260406215203    233   1355.0   1370.0   20.0     53.1   1219.1   1230.2   0.489
20260406215203    233   1425.0   1445.0   20.0     22.5   1204.8   1179.3   0.734
20260406215203    233   1700.0   1715.0   20.0     45.6   1200.7   1204.8   0.411
20260406215203    233   1780.0   1795.0   20.0     26.2   1205.7   1201.3   0.506
20260406215203    235    515.0    530.0   20.0     51.4   1059.4   1066.0   0.792
20260406215203    235    785.0    805.0   20.0     66.9   1058.9   1259.0   0.761
20260406215203    235    945.0    980.0   20.0     35.5   1298.9   1310.9   0.559
20260406215203    235   1035.0   1050.0   20.0     24.1   1317.5   1335.1   0.745
20260406215203    236    620.0    850.0   20.0     54.8   1052.5   1444.4   0.818
20260406215203    236    985.0   1030.0   20.0     36.1   1364.2   1385.6   0.834
20260406215203    236   1150.0   1165.0   20.0     27.2   1451.2   1394.0   0.695
20260406215203    236   1200.0   1215.0   20.0     27.3   1395.0   1402.2   0.650
20260406215203    236   1290.0   1305.0   20.0     28.4   1390.7   1395.2   0.721
20260406215203    236   1455.0   1470.0   20.0     28.7   1376.4   1417.1   0.773
20260406215203    236   1660.0   1675.0   20.0     32.5   1411.9   1419.9   0.879
20260406215203    237    865.0    885.0   20.0     38.5   1514.4   1532.5   0.856
20260406215203    239   1640.0   1655.0   20.0     24.7   1062.4   1056.7   0.631
20260406215203    240      0.0     15.0   20.0    272.2      0.0   1055.4   0.802
20260406215203    240    205.0    220.0   20.0     83.0   1062.1   1242.1   0.830
20260406215203    240    260.0    275.0   20.0     34.9   1303.4   1330.8   0.920
20260406215203    240    400.0    415.0   20.0     41.4   1392.0   1406.4   0.568
20260406215203    240    690.0    705.0   20.0     34.8   1426.9   1466.5   0.730
20260406215203    240   1065.0   1080.0   20.0     38.2   1442.3   1479.8   0.803
20260406215203    241    105.0    120.0   20.0     30.6   1544.9   1565.4   0.562
20260406215203    241    410.0    460.0   20.0     28.3   1614.5   1623.6   0.903
20260406215203    241    505.0    515.0   20.0     21.9   1632.3   1641.7   0.755
20260406215203    241    605.0   1530.0   20.0    102.5   1643.8   1668.8   0.918
20260406215203    241   1605.0   1740.0   20.0     70.5   1671.6   1649.5   0.887
20260406215203    242    215.0    225.0   20.0     21.5   1364.3   1340.5   0.664
20260406215203    242    790.0    805.0   20.0     20.2   1362.3   1367.1   0.721
20260406215203    242   1080.0   1095.0   20.0     24.4   1399.4   1434.4   0.883
20260406215203    245    430.0    445.0   20.0    102.0   1075.4   1076.1   0.791
20260406215203    245    755.0    775.0   20.0    277.5   1073.9   1079.4   0.900
20260406215203    246    225.0    240.0   20.0     20.3   1450.6   1467.9   0.433
20260406215203    246   1685.0   1700.0   20.0     33.5   1506.3   1524.8   0.841
20260406215203    247     90.0    105.0   20.0     41.7   1547.9   1601.4   0.694
20260406215203    247    600.0   1790.0    4.1    487.8   1699.1   1781.7   0.836
20260406215203    249    725.0    745.0   20.0    159.3   1084.9   1087.0   0.776
20260406215203    249    935.0    955.0   20.0     46.9   1083.7   1144.3   0.751
20260406215203    249   1005.0   1020.0   20.0     21.8   1166.8   1224.2   0.785
20260406215203    249   1150.0   1165.0   20.0     24.1   1275.1   1314.7   0.795
20260406215203    250    120.0    135.0   20.0     50.1   1092.5   1153.5   0.783
20260406215203    250    730.0    770.0   20.0     60.4   1220.2   1243.6   0.894
20260406215203    250    905.0    920.0   20.0     23.3   1274.6   1305.0   0.798
20260406215203    250   1025.0   1040.0   20.0     22.8   1322.1   1318.3   0.570
20260406215203    251   1515.0   1530.0   20.0     94.6   1088.0   1088.8   0.742
20260406215203    253   1680.0   1725.0   20.0    135.0   1115.6   1451.9   0.857
20260406215203    254     25.0     45.0   20.0    279.9   1109.4   1104.0   0.877
20260406215203    254    250.0    265.0   20.0     42.3   1103.3   1167.2   0.747
20260406215203    254    305.0    320.0   20.0     45.6   1170.5   1239.5   0.873
20260406215203    254    390.0    410.0   20.0     57.3   1246.4   1103.9   0.820
20260406215203    254    965.0    980.0   20.0     40.6   1100.8   1176.7   0.782
20260406215203    254   1290.0   1305.0   20.0    139.5   1245.1   1245.5   0.777
20260406215203    254   1355.0   1420.0   20.0     87.2   1239.1   1409.3   0.852
20260406215203    254   1520.0   1540.0   20.0    142.0   1327.4   1097.8   0.799
20260406215203    254   1595.0   1690.0   20.0     90.6   1097.3   1286.1   0.885
20260406215203    254   1730.0   1770.0   20.0     87.3   1317.1   1391.8   0.864
20260406222524      2    590.0    605.0   20.0     73.4    983.1    983.6   0.536
20260406222524      2   1275.0   1290.0   20.0     21.9    980.5   1014.3   0.713
20260406222524      2   1340.0   1355.0   20.0     87.6   1060.3   1245.2   0.769
20260406222524      2   1455.0   1470.0   20.0     36.7   1262.8   1304.7   0.832
20260406222524      2   1530.0   1545.0   20.0    159.6   1302.1    971.6   0.849
20260406222524      4    455.0    505.0   20.0     95.6   1002.2    980.3   0.844
20260406222524      4    750.0    765.0   20.0     81.1    981.8    977.5   0.811
20260406222524      4    935.0   1045.0   20.0    173.2    972.5   1138.3   0.878
20260406222524      4   1270.0   1285.0   20.0     36.4   1145.8   1196.6   0.810
20260406222524      4   1625.0   1640.0   20.0     25.5   1179.6   1197.2   0.656
20260406222524      6    740.0    755.0   20.0     34.6   1239.3   1246.8   0.759
20260406222524      6   1225.0   1240.0   20.0     25.7   1292.0   1319.3   0.733
20260406222524      7    665.0    680.0   20.0     21.0   1217.3   1219.4   0.668
20260406222524      7    815.0    890.0   20.0     73.4   1224.1   1254.3   0.695
20260406222524      7   1155.0   1215.0   20.0     39.6   1261.0   1283.3   0.562
20260406222524      8    110.0    125.0   20.0    117.2    977.7    978.6   0.855
20260406222524      9    105.0    120.0   20.0     23.9   1409.4   1431.2   0.721
20260406222524     10    435.0    450.0   20.0     73.6    970.2   1081.0   0.834
20260406222524     10    525.0    540.0   20.0     73.9   1078.3   1128.1   0.734
20260406222524     10    900.0    975.0   20.0    137.1   1185.3   1132.9   0.833
20260406222524     12    690.0    720.0   20.0     38.6    983.6    984.7   0.742
20260406222524     12    780.0    795.0   20.0     36.4    982.2   1022.2   0.715
20260406222524     12    940.0   1045.0   20.0     44.7   1031.8   1120.3   0.866
20260406222524     12   1190.0   1210.0   20.0     40.6   1118.8   1125.5   0.767
20260406222524     12   1410.0   1425.0   20.0     25.0   1151.7   1254.8   0.835
20260406222524     12   1490.0   1505.0   20.0     33.5   1244.6   1255.5   0.821
20260406222524     13      0.0     10.0   20.0     25.3      0.0   1037.7   0.768
20260406222524     13    355.0    370.0   20.0     23.8   1129.4   1161.2   0.635
20260406222524     13    830.0    930.0   20.0     42.6   1121.0   1193.5   0.845
20260406222524     13   1030.0   1045.0   20.0     22.5   1166.5   1174.8   0.768
20260406222524     13   1190.0   1245.0   20.0     35.2   1160.0   1171.4   0.860
20260406222524     14    375.0    390.0   20.0     32.5    942.6    988.1   0.802
20260406222524     14    685.0    700.0   20.0     69.2   1020.8    941.3   0.740
20260406222524     14    735.0    750.0   20.0    112.0    940.5   1110.9   0.794
20260406222524     14    880.0    895.0   20.0     28.0   1130.9   1159.5   0.771
20260406222524     14    995.0   1010.0   20.0     21.3   1160.4   1173.7   0.757
20260406222524     14   1145.0   1160.0   20.0     26.8   1171.4   1182.4   0.842
20260406222524     15   1415.0   1430.0   20.0     25.9    944.6    948.3   0.497
20260406222524     16    290.0    325.0   20.0     71.3   1544.6   1542.3   0.754
20260406222524     16    385.0   1150.0   20.0     68.5   1544.4   1538.0   0.808
20260406222524     17    185.0    200.0   20.0    111.6    954.0   1165.3   0.847
20260406222524     18   1065.0   1080.0   20.0     26.3   1095.5   1121.1   0.507
20260406222524     18   1655.0   1670.0   20.0     22.2   1135.9   1152.7   0.715
20260406222524     19     45.0     60.0   20.0     68.4    948.6   1122.9   0.819
20260406222524     19    365.0    380.0   20.0     36.4   1216.5   1203.3   0.784
20260406222524     19    565.0    580.0   20.0     22.5   1176.9   1186.1   0.460
20260406222524     19    925.0    945.0   20.0    141.0   1200.6    934.4   0.835
20260406222524     20    260.0    275.0   20.0     30.9   1160.3   1217.1   0.857
20260406222524     20    530.0    545.0   20.0     27.8   1240.5   1294.9   0.784
20260406222524     22    655.0    670.0   20.0     31.6    932.3    966.4   0.698
20260406222524     22   1185.0   1200.0   20.0     26.5    990.8   1065.3   0.867
20260406222524     22   1240.0   1255.0   20.0     22.0   1065.9   1036.0   0.734
20260406222524     22   1365.0   1380.0   20.0     31.9   1030.2    984.4   0.858
20260406222524     23    315.0    330.0   20.0     26.7    945.8    995.8   0.663
20260406222524     23    475.0    490.0   20.0    100.7   1049.3    941.7   0.778
20260406222524     24     25.0     40.0   20.0     29.7    935.5    980.0   0.750
20260406222524     24    810.0    825.0   20.0     20.8   1070.9   1075.6   0.616
20260406222524     26     80.0    100.0   20.0     53.3   1128.0   1214.6   0.838
20260406222524     26    670.0    740.0   20.0     42.9   1287.3   1284.3   0.874
20260406222524     26    815.0    940.0   20.0     42.2   1289.6   1305.4   0.886
20260406222524     26    990.0   1005.0   20.0     24.6   1309.3   1303.1   0.636
20260406222524     26   1180.0   1200.0   20.0     42.9   1322.2   1317.9   0.845
20260406222524     27   1065.0   1100.0   20.0     39.3   1218.4   1243.7   0.816
20260406222524     28    285.0    300.0   20.0     42.7    940.2    999.1   0.741
20260406222524     28    405.0    420.0   20.0     29.9   1012.7   1071.1   0.877
20260406222524     28    595.0    610.0   20.0     51.7   1065.0   1059.9   0.765
20260406222524     28    845.0    910.0   20.0     35.0   1098.5   1144.4   0.781
20260406222524     28   1150.0   1165.0   20.0     24.2   1161.3   1219.1   0.813
20260406222524     28   1295.0   1310.0   20.0     35.8   1205.7   1189.7   0.843
20260406222524     30    600.0    615.0   20.0     46.0    938.5    987.7   0.745
20260406222524     30   1025.0   1040.0   20.0     21.9   1040.3   1058.2   0.708
20260406222524     30   1405.0   1420.0   20.0     68.0   1053.6    921.5   0.818
20260406222524     31    920.0    935.0   20.0     25.0   1474.1   1517.4   0.848
20260406222524     31   1565.0   1580.0   20.0     24.1   1425.2   1484.5   0.870
20260406222524     31   1690.0   1705.0   20.0     22.1   1480.8   1422.3   0.916
20260406222524     32   1680.0   1695.0   20.0     44.6    910.9   1008.0   0.740
20260406222524     36     80.0     95.0   20.0     24.2   1015.9   1027.3   0.661
20260406222524     36   1005.0   1045.0   20.0     28.5   1094.5   1118.6   0.794
20260406222524     38   1305.0   1320.0   20.0     43.8    956.2    977.3   0.795
20260406222524     38   1485.0   1500.0   20.0     35.2    994.6   1019.2   0.824
20260406222524     40     45.0     60.0   20.0     38.4    910.9    914.8   0.707
20260406222524     40    270.0    285.0   20.0     96.6    923.6    996.9   0.858
20260406222524     40    355.0    370.0   20.0     81.3   1003.6    919.5   0.751
20260406222524     42      5.0     55.0   20.0     56.8    903.8   1137.3   0.836
20260406222524     42     90.0    120.0   20.0     24.7   1152.1   1172.5   0.599
20260406222524     43   1185.0   1225.0   20.0    183.6    916.1    909.5   0.807
20260406222524     44     30.0     45.0   20.0     34.2    900.7    946.5   0.750
20260406222524     44    670.0    685.0   20.0     28.1   1019.6   1027.8   0.728
20260406222524     44    800.0    815.0   20.0     21.5   1035.6   1087.8   0.771
20260406222524     44    875.0    890.0   20.0     37.6   1108.3   1113.9   0.689
20260406222524     44   1340.0   1355.0   20.0     35.3   1199.8   1217.8   0.835
20260406222524     44   1635.0   1650.0   20.0     24.8   1156.3    889.8   0.935
20260406222524     46    905.0    920.0   20.0     24.0   1219.6   1283.8   0.828
20260406222524     49    195.0    210.0   20.0     29.2   1215.0   1230.3   0.572
20260406222524     50    255.0    275.0   20.0     43.4    912.2    956.8   0.836
20260406222524     50    365.0    380.0   20.0     26.0    987.0    943.5   0.867
20260406222524     50   1590.0   1605.0   20.0     46.2    888.1    943.3   0.740
20260406222524     52    200.0    260.0   20.0     68.1    888.7   1060.8   0.858
20260406222524     52    315.0    330.0   20.0    129.9   1066.6    891.0   0.823
20260406222524     52    480.0    495.0   20.0     87.2    889.5    890.4   0.775
20260406222524     52    630.0    645.0   20.0     51.0    895.2    976.8   0.762
20260406222524     52    825.0    875.0   20.0     47.1   1044.9   1149.6   0.861
20260406222524     52   1085.0   1100.0   20.0     87.9   1185.6    886.2   0.945
20260406222524     52   1505.0   1520.0   20.0     25.5    888.3    882.4   0.688
20260406222524     52   1580.0   1595.0   20.0     88.7    881.0    881.8   0.662
20260406222524     52   1730.0   1765.0   20.0     52.6    880.0    879.2   0.752
20260406222524     54      5.0     20.0   20.0     43.0    888.3    943.7   0.740
20260406222524     54    165.0    180.0   20.0     60.0    981.9    895.2   0.754
20260406222524     54    375.0    390.0   20.0     45.2    906.6    956.3   0.769
20260406222524     54   1020.0   1035.0   20.0     71.0   1000.5    901.1   0.740
20260406222524     54   1385.0   1400.0   20.0     30.5    901.7    976.2   0.853
20260406222524     54   1520.0   1535.0   20.0     21.1   1003.0   1011.0   0.792
20260406222524     54   1745.0   1765.0   20.0     33.5    977.6    942.4   0.898
20260406222524     55     95.0    110.0   20.0     50.3    884.4    954.3   0.768
20260406222524     55   1035.0   1050.0   20.0     59.1   1018.9   1033.8   0.698
20260406222524     56    240.0    260.0   20.0     73.7    893.3    894.0   0.804
20260406222524     56    395.0    450.0   20.0     84.5    897.3    895.7   0.877
20260406222524     56   1495.0   1510.0   20.0     39.2    888.1    932.9   0.746
20260406222524     57    475.0    600.0   20.0    297.0   1376.5   1388.9   0.803
20260406222524     57    645.0    665.0   20.0    273.8   1383.8   1184.3   0.781
20260406222524     57    700.0    735.0   20.0    341.2   1187.7   1408.3   0.829
20260406222524     58     10.0     25.0   20.0     63.0   1114.4   1123.9   0.845
20260406222524     58    355.0    370.0   20.0    102.7   1140.4   1232.1   0.768
20260406222524     58    965.0    980.0   20.0     22.8   1249.3   1245.3   0.753
20260406222524     58   1285.0   1300.0   20.0     20.4   1282.3   1285.6   0.717
20260406222524     60     60.0     75.0   20.0     42.4    884.6    958.0   0.715
20260406222524     60    445.0    465.0   20.0     26.9   1083.7   1084.0   0.873
20260406222524     60   1060.0   1075.0   20.0     21.2   1171.2   1181.9   0.754
20260406222524     60   1210.0   1225.0   20.0     49.9   1137.7   1158.1   0.706
20260406222524     60   1390.0   1465.0   20.0    123.6   1129.2    923.2   0.892
20260406222524     60   1665.0   1680.0   20.0     80.9    977.4    880.7   0.837
20260406222524     61   1635.0   1650.0   20.0     64.5    874.3    943.0   0.742
20260406222524     62   1290.0   1305.0   20.0     33.0   1141.0   1147.1   0.822
20260406222524     63     20.0     45.0   20.0     31.7   1051.0   1091.7   0.614
20260406222524     63    815.0    830.0   20.0     23.3   1189.3   1203.0   0.702
20260406222524     63   1040.0   1055.0   20.0     20.1   1155.2   1184.0   0.848
20260406222524     64     40.0     55.0   20.0     42.6    888.4    890.1   0.817
20260406222524     64    330.0    375.0   20.0    170.5    905.3    899.7   0.787
20260406222524     64    960.0    975.0   20.0     25.3   1000.9   1025.4   0.766
20260406222524     64   1160.0   1175.0   20.0    108.8   1009.3   1057.4   0.852
20260406222524     64   1215.0   1230.0   20.0     22.4   1050.7   1063.6   0.756
20260406222524     64   1465.0   1480.0   20.0    147.1   1054.5    890.5   0.757
20260406222524     65   1470.0   1485.0   20.0     50.7    908.4   1020.0   0.864
20260406222524     67   1385.0   1400.0   20.0     54.8    886.3   1022.4   0.721
20260406222524     70     65.0     80.0   20.0     27.6    873.6    909.4   0.747
20260406222524     70    165.0    180.0   20.0     38.7    963.7   1008.0   0.798
20260406222524     70    535.0    550.0   20.0     24.6   1044.5   1063.8   0.540
20260406222524     70    935.0    950.0   20.0    156.4   1047.7   1117.5   0.791
20260406222524     71    120.0    135.0   20.0     59.1    868.7    982.5   0.877
20260406222524     71    805.0    820.0   20.0     22.5   1014.8   1018.7   0.685
20260406222524     71   1675.0   1690.0   20.0     38.8   1119.1   1172.0   0.675
20260406222524     73    140.0    155.0   20.0     37.6    864.5    963.5   0.765
20260406222524     73    195.0    210.0   20.0     23.3    990.8   1034.6   0.673
20260406222524     73    325.0    340.0   20.0    219.3   1128.8    864.9   0.810
20260406222524     75    320.0    335.0   20.0     24.1    869.9    923.9   0.700
20260406222524     75    375.0    420.0   20.0     51.9    942.4    870.6   0.794
20260406222524     75   1170.0   1185.0   20.0     32.0    868.7    874.7   0.620
20260406222524     75   1725.0   1740.0   20.0     25.2    885.7    860.4   0.670
20260406222524     78    550.0    565.0   20.0     76.9    880.1    878.3   0.703
20260406222524     78    650.0    665.0   20.0     36.9    879.3    926.4   0.746
20260406222524     78    935.0    950.0   20.0     39.9    993.1   1010.4   0.793
20260406222524     78   1315.0   1375.0   20.0     87.0   1001.3    910.6   0.884
20260406222524     79   1270.0   1285.0   20.0    122.5    865.1    867.6   0.735
20260406222524     81    115.0    135.0   20.0     50.2    872.6    872.1   0.763
20260406222524     81    870.0    885.0   20.0    210.1    883.3    878.0   0.783
20260406222524     81   1260.0   1275.0   20.0     90.5    891.0   1050.6   0.827
20260406222524     83     40.0     55.0   20.0     34.9   1049.6   1041.2   0.519
20260406222524     83     90.0    105.0   20.0     26.0   1039.7   1054.9   0.746
20260406222524     83    370.0    385.0   20.0     20.4   1023.7   1015.1   0.742
20260406222524     84     75.0     85.0   20.0     20.2   1024.3   1033.1   0.533
20260406222524     84    125.0    135.0   20.0     20.9   1026.1   1041.1   0.469
20260406222524     84    195.0    230.0   20.0     24.7   1036.2   1043.9   0.795
20260406222524     85    490.0    525.0   20.0     42.4    867.9    868.4   0.827
20260406222524     85    560.0    615.0   20.0     84.7    871.2    868.9   0.775
20260406222524     85    925.0    940.0   20.0     25.0    866.4    986.9   0.826
20260406222524     86    455.0    470.0   20.0     21.9   1020.5   1043.6   0.648
20260406222524     88    690.0    705.0   20.0     21.4    884.8    886.4   0.552
20260406222524     88    850.0    870.0   20.0     88.4    886.0    888.2   0.786
20260406222524     90     55.0    140.0   20.0     23.0    950.7    993.1   0.834
20260406222524     90    490.0    505.0   20.0     20.4   1019.1   1037.7   0.803
20260406222524     90    880.0    895.0   20.0     22.4   1031.1   1031.0   0.697
20260406222524     90    965.0    980.0   20.0     43.9   1047.5   1042.2   0.730
20260406222524     90   1270.0   1285.0   20.0     21.6   1061.1   1072.8   0.808
20260406222524     90   1640.0   1655.0   20.0     31.1   1073.3   1085.9   0.825
20260406222524     94    100.0    115.0   20.0     51.9    859.0    952.3   0.739
20260406222524     94    190.0    205.0   20.0     22.0    981.3   1021.4   0.796
20260406222524     94    325.0    340.0   20.0     24.3   1050.9   1054.6   0.911
20260406222524     94    515.0    530.0   20.0    150.5   1106.8    864.8   0.878
20260406222524     94   1005.0   1065.0   20.0     45.5    865.8    967.5   0.808
20260406222524     94   1265.0   1290.0   20.0    101.8   1000.2    866.4   0.855
20260406222524     94   1470.0   1485.0   20.0     37.3    863.1    913.2   0.747
20260406222524     95     15.0     30.0   20.0     21.4   1173.5   1192.3   0.574
20260406222524     95   1185.0   1200.0   20.0     23.1   1249.6   1249.9   0.631
20260406222524     95   1455.0   1515.0   20.0     31.5   1264.4   1257.9   0.856
20260406222524     95   1590.0   1645.0   20.0     24.6   1257.6   1253.7   0.876
20260406222524     95   1710.0   1800.0   20.0     39.5   1260.7   1261.5   0.922
20260406222524     96   1470.0   1510.0   20.0     44.5   1214.1    880.3   0.856
20260406222524     97     40.0     55.0   20.0    114.5    846.9   1082.3   0.823
20260406222524     97    645.0    660.0   20.0     79.3   1098.1    855.6   0.900
20260406222524     98     30.0     45.0   20.0     53.7    892.6    892.9   0.772
20260406222524     98    835.0    850.0   20.0     59.1    892.1    892.2   0.666
20260406222524     99   1100.0   1115.0   20.0     34.4    872.2    962.0   0.806
20260406222524    100    925.0    940.0   20.0     99.1   1010.3    880.4   0.802
20260406222524    100   1055.0   1065.0   20.0     27.8    879.5    881.8   0.597
20260406222524    100   1240.0   1260.0   20.0    127.3    878.1    878.8   0.829
20260406222524    100   1515.0   1530.0   20.0     36.0    915.1   1082.5   0.823
20260406222524    103   1505.0   1520.0   20.0     44.9    871.4    940.0   0.761
20260406222524    103   1760.0   1775.0   20.0     42.0    988.9    996.7   0.779
20260406222524    104     20.0     35.0   20.0     34.4    848.9    912.9   0.745
20260406222524    104   1590.0   1605.0   20.0     28.5   1069.9   1094.5   0.756
20260406222524    104   1660.0   1675.0   20.0     51.5   1109.8   1153.9   0.863
20260406222524    105   1485.0   1500.0   20.0     23.0   1144.3   1193.6   0.822
20260406222524    106    655.0    670.0   20.0     32.7    912.7    952.5   0.781
20260406222524    107    155.0    170.0   20.0     48.0    868.2    869.2   0.732
20260406222524    107    395.0    415.0   20.0     78.0    871.3    872.3   0.819
20260406222524    107   1760.0   1800.0   20.0    127.8    878.6   1041.3   0.852
20260406222524    108    470.0    485.0   20.0     58.7   1220.2   1236.6   0.616
20260406222524    109   1095.0   1135.0   20.0     64.4    871.9   1083.8   0.860
20260406222524    109   1295.0   1310.0   20.0    156.6   1083.7    870.8   0.826
20260406222524    109   1620.0   1635.0   20.0     36.2    874.4    873.1   0.749
20260406222524    110      0.0     85.0   20.0     94.3      0.0    971.9   0.863
20260406222524    110    330.0    345.0   20.0     82.5    972.1    872.6   0.766
20260406222524    110    890.0    905.0   20.0     41.8    885.1    940.7   0.766
20260406222524    110   1445.0   1470.0   20.0     36.9   1020.5   1016.3   0.859
20260406222524    110   1510.0   1535.0   20.0     76.8   1009.5    917.7   0.824
20260406222524    110   1595.0   1610.0   20.0     47.3    930.4   1036.4   0.866
20260406222524    116    270.0    285.0   20.0     25.9    871.4    913.9   0.742
20260406222524    116   1710.0   1725.0   20.0     32.8   1085.9   1092.8   0.744
20260406222524    117   1180.0   1200.0   20.0     76.4    873.0    868.8   0.881
20260406222524    119    400.0    415.0   20.0     77.0    870.8   1131.3   0.812
20260406222524    119   1335.0   1350.0   20.0     45.2   1177.2   1223.0   0.851
20260406222524    120    285.0    300.0   20.0     20.1   1151.4   1146.5   0.471
20260406222524    120    715.0    730.0   20.0     27.8   1197.5   1234.2   0.700
20260406222524    120    775.0    790.0   20.0     23.5   1240.0   1256.3   0.760
20260406222524    122    260.0    275.0   20.0     28.5   1018.8   1105.5   0.848
20260406222524    124    340.0    360.0   20.0    185.7    889.0    900.7   0.833
20260406222524    128   1685.0   1700.0   20.0     43.9   1108.6   1150.9   0.769
20260406222524    130      0.0     10.0   20.0     36.6      0.0    917.7   0.754
20260406222524    130    300.0    315.0   20.0    120.6   1015.3    869.4   0.775
20260406222524    130    545.0    595.0   20.0     49.2    873.4   1019.1   0.856
20260406222524    130   1230.0   1245.0   20.0     24.4   1050.7   1063.1   0.769
20260406222524    130   1315.0   1330.0   20.0     25.9   1062.8   1090.5   0.800
20260406222524    130   1375.0   1390.0   20.0     21.8   1086.2   1091.1   0.763
20260406222524    131   1770.0   1790.0   20.0    101.3    871.1   1091.9   0.903
20260406222524    132     75.0     90.0   20.0     41.1    866.8    940.7   0.773
20260406222524    132    160.0    175.0   20.0     26.8    976.8    978.5   0.726
20260406222524    132    345.0    360.0   20.0    101.9    989.5    874.3   0.757
20260406222524    136    515.0    555.0   20.0    104.0    881.3   1017.0   0.896
20260406222524    138      5.0     15.0   20.0     22.0    884.3    928.5   0.717
20260406222524    138    140.0    155.0   20.0     55.6    955.3    893.7   0.766
20260406222524    138    380.0    400.0   20.0     51.2    894.6    896.6   0.763
20260406222524    138    440.0    455.0   20.0     33.4    897.5    952.2   0.816
20260406222524    138   1480.0   1495.0   20.0     25.5   1085.1   1103.9   0.740
20260406222524    138   1660.0   1675.0   20.0     38.3   1114.4   1190.0   0.810
20260406222524    139     45.0     80.0   20.0     33.9   1015.4   1076.2   0.725
20260406222524    140     65.0     80.0   20.0     28.1   1046.9   1070.9   0.788
20260406222524    140    240.0    255.0   20.0     26.5   1073.4   1104.8   0.888
20260406222524    142    485.0    500.0   20.0     24.6   1081.9   1102.3   0.626
20260406222524    144    730.0    745.0   20.0     54.3   1036.2   1234.2   0.789
20260406222524    146    805.0    820.0   20.0     54.1    889.6    889.1   0.744
20260406222524    146   1085.0   1100.0   20.0     27.1    885.3    942.6   0.753
20260406222524    146   1210.0   1245.0   20.0     34.9    957.3   1104.0   0.840
20260406222524    146   1555.0   1570.0   20.0     20.2   1096.1   1088.1   0.484
20260406222524    147    295.0    320.0   20.0    147.3    943.2    941.9   0.791
20260406222524    147   1265.0   1280.0   20.0     25.9    938.2    979.5   0.769
20260406222524    147   1335.0   1355.0   20.0     30.4    987.6   1101.8   0.844
20260406222524    148      0.0     35.0   20.0     46.0      0.0   1016.6   0.794
20260406222524    148    175.0    200.0   20.0     23.0   1049.9   1072.3   0.832
20260406222524    148    255.0    270.0   20.0     24.6   1049.3   1069.4   0.805
20260406222524    148    895.0    910.0   20.0     20.9   1087.5   1116.3   0.834
20260406222524    148    960.0    975.0   20.0     24.4   1108.9   1103.0   0.765
20260406222524    148   1410.0   1425.0   20.0     20.6   1111.8   1124.7   0.775
20260406222524    148   1630.0   1640.0   20.0     23.4   1106.3   1127.6   0.556
20260406222524    149    230.0    245.0   20.0     86.6    973.8   1182.4   0.880
20260406222524    150   1225.0   1240.0   20.0     21.3   1086.7   1103.6   0.570
20260406222524    151      0.0     10.0   20.0     42.5      0.0    952.6   0.759
20260406222524    151    235.0    250.0   20.0     36.9    900.5    978.9   0.783
20260406222524    154    100.0    115.0   20.0     20.4   1031.0   1041.6   0.593
20260406222524    157      5.0     20.0   20.0     28.9   1132.4   1142.4   0.693
20260406222524    157    195.0    210.0   20.0     23.9   1154.7   1161.6   0.580
20260406222524    157    290.0    300.0   20.0     20.7   1168.7   1164.4   0.605
20260406222524    157    850.0    865.0   20.0     20.6   1224.8   1219.6   0.614
20260406222524    159    615.0    635.0   20.0     92.4    125.1    147.3   0.791
20260406222524    161    295.0    310.0   20.0     27.1   1156.4   1185.9   0.882
20260406222524    162   1365.0   1435.0   20.0     37.9   1304.5   1345.2   0.927
20260406222524    163     75.0    135.0   20.0     82.1    977.8    887.2   0.777
20260406222524    163   1060.0   1075.0   20.0     56.8    898.2    897.8   0.630
20260406222524    164    680.0    695.0   20.0     21.6   1264.2   1275.4   0.705
20260406222524    164   1155.0   1170.0   20.0     29.3   1279.4   1322.1   0.775
20260406222524    165    595.0    610.0   20.0     42.9    909.4    996.4   0.761
20260406222524    166     20.0     35.0   20.0     28.3    891.7    931.1   0.745
20260406222524    166    835.0    850.0   20.0     20.8   1113.2   1119.9   0.772
20260406222524    166   1075.0   1090.0   20.0     22.7   1117.1   1135.2   0.712
20260406222524    168    540.0    555.0   20.0     31.6   1215.7   1294.1   0.778
20260406222524    169   1340.0   1355.0   20.0     23.9    921.8    921.8   0.595
20260406222524    171    995.0   1035.0   20.0     93.1   1347.3   1222.2   0.910
20260406222524    172    170.0    185.0   20.0     29.0   1021.2   1050.5   0.786
20260406222524    172   1400.0   1415.0   20.0     20.6   1148.2   1163.0   0.857
20260406222524    173    105.0    120.0   20.0     55.6    902.7    903.2   0.667
20260406222524    173   1515.0   1575.0   20.0     58.0    906.2    906.0   0.820
20260406222524    174    150.0    205.0   20.0    112.0    912.1   1093.2   0.735
20260406222524    174    870.0    935.0   20.0    101.0   1046.0    919.1   0.778
20260406222524    174   1560.0   1575.0   20.0     44.7    916.3    964.9   0.736
20260406222524    176    515.0    530.0   20.0     28.9   1045.9   1107.8   0.863
20260406222524    176    760.0    775.0   20.0     23.9   1118.1   1137.4   0.776
20260406222524    176    890.0    905.0   20.0     24.8   1155.9   1202.2   0.823
20260406222524    176   1415.0   1430.0   20.0     24.2   1142.5   1162.5   0.783
20260406222524    177   1020.0   1045.0   20.0    121.1    919.9    925.2   0.811
20260406222524    177   1180.0   1220.0   20.0     52.2    922.2    924.0   0.882
20260406222524    177   1675.0   1700.0   20.0    107.1    919.3    920.0   0.789
20260406222524    178   1735.0   1750.0   20.0     32.4   1350.6   1405.5   0.811
20260406222524    179      0.0     10.0   20.0     45.2      0.0    925.1   0.717
20260406222524    179   1145.0   1160.0   20.0     21.4    934.2    935.4   0.502
20260406222524    180     15.0     30.0   20.0     34.1    909.2    956.1   0.739
20260406222524    181     70.0    145.0   20.0    120.5    918.6   1105.3   0.906
20260406222524    181    320.0    335.0   20.0     78.1   1190.0   1121.4   0.765
20260406222524    181    785.0    800.0   20.0     27.4   1175.4   1198.6   0.674
20260406222524    181    835.0    850.0   20.0     78.6   1198.9   1237.2   0.790
20260406222524    183      5.0     20.0   20.0     30.3   1166.2   1169.4   0.521
20260406222524    183     95.0    110.0   20.0     23.2   1154.0   1183.7   0.510
20260406222524    183    270.0    285.0   20.0     34.2   1204.1   1237.4   0.638
20260406222524    183    320.0    410.0   20.0    221.7   1260.2    938.6   0.824
20260406222524    183   1220.0   1235.0   20.0     31.2    934.7    939.1   0.582
20260406222524    185   1020.0   1035.0   20.0     55.5    913.9    913.6   0.799
20260406222524    185   1440.0   1455.0   20.0     30.6    919.9    990.5   0.846
20260406222524    185   1640.0   1655.0   20.0    199.5   1049.7    921.6   0.849
20260406222524    187      0.0     10.0   20.0     65.3      0.0   1195.6   0.796
20260406222524    187     90.0    100.0   20.0     34.7   1228.9   1229.7   0.495
20260406222524    188     60.0    110.0   20.0     54.6    942.4   1179.2   0.857
20260406222524    188    145.0    160.0   20.0     85.7   1167.0   1234.9   0.722
20260406222524    188    335.0    350.0   20.0     23.3   1255.6   1295.8   0.822
20260406222524    189    820.0    835.0   20.0     21.2    984.5    985.7   0.601
20260406222524    190    550.0    565.0   20.0     38.4    941.4    940.9   0.742
20260406222524    190    900.0    915.0   20.0     39.2    939.4    993.6   0.755
20260406222524    190   1070.0   1085.0   20.0     31.6   1006.2   1011.6   0.715
20260406222524    190   1195.0   1210.0   20.0     31.5   1039.3   1148.1   0.792
20260406222524    190   1505.0   1520.0   20.0     25.8   1193.9   1235.7   0.774
20260406222524    190   1625.0   1650.0   20.0    196.7   1217.6    936.6   0.856
20260406222524    190   1765.0   1780.0   20.0     42.4    934.4    983.4   0.754
20260406222524    192     85.0    100.0   20.0     60.2    943.9   1040.9   0.759
20260406222524    192    150.0    165.0   20.0     26.5   1097.6   1122.6   0.424
20260406222524    192    415.0    430.0   20.0     22.0   1166.2   1211.6   0.798
20260406222524    193    270.0    285.0   20.0     22.0   1463.1   1473.2   0.485
20260406222524    193    420.0    530.0   20.0     22.8   1469.1   1479.9   0.748
20260406222524    193    575.0    590.0   20.0     24.6   1478.4   1482.5   0.689
20260406222524    193    675.0    900.0   20.0     32.8   1484.3   1493.4   0.808
20260406222524    193   1245.0   1640.0   20.0    301.0   1497.2   1579.6   0.884
20260406222524    193   1710.0   1780.0   20.0    252.8   1575.9   1571.9   0.814
20260406222524    194     80.0     95.0   20.0    108.7   1083.6    958.4   0.762
20260406222524    194    385.0    400.0   20.0     53.6    967.9   1035.8   0.720
20260406222524    194    505.0    520.0   20.0     27.5   1084.5   1114.3   0.793
20260406222524    194    560.0    575.0   20.0     54.9   1149.9   1216.1   0.869
20260406222524    194    825.0    840.0   20.0     22.4   1223.1   1259.3   0.870
20260406222524    194   1095.0   1110.0   20.0     25.1   1310.3   1343.6   0.724
20260406222524    195    270.0    285.0   20.0     28.8    999.2   1104.2   0.807
20260406222524    195   1115.0   1125.0   20.0     21.6   1037.2   1038.6   0.743
20260406222524    196    145.0    210.0   20.0     51.9    958.5   1133.7   0.712
20260406222524    196    280.0    315.0   20.0     39.4   1110.9   1155.2   0.792
20260406222524    196    460.0    475.0   20.0     24.1   1175.7   1169.5   0.629
20260406222524    196    655.0    690.0   20.0    114.2   1158.7    965.3   0.837
20260406222524    196    910.0    950.0   20.0     88.6    976.4    973.9   0.787
20260406222524    196   1685.0   1700.0   20.0     46.2    970.6    966.4   0.787
20260406222524    198    100.0    130.0   20.0     87.4   1540.7   1541.9   0.645
20260406222524    198    230.0   1445.0   20.0     99.3   1547.1   1567.1   0.875
20260406222524    198   1500.0   1510.0    3.2     85.3   1565.2   1564.9   0.440
20260406222524    198   1580.0   1635.0   20.0    102.2   1563.5   1566.6   0.708
20260406222524    198   1725.0   1800.0   20.0     94.3   1563.2   1561.6   0.637
20260406222524    199    245.0    265.0   20.0     69.3    953.4    954.8   0.750
20260406222524    199    315.0    330.0   20.0     59.7    955.7    957.3   0.783
20260406222524    200    240.0    255.0   20.0     36.7    969.0    987.5   0.709
20260406222524    200    315.0    350.0   20.0     39.0    970.9   1034.8   0.739
20260406222524    200    435.0    450.0   20.0     26.0   1069.9   1080.1   0.642
20260406222524    200    535.0    550.0   20.0     41.2   1110.0   1134.1   0.768
20260406222524    200    680.0    695.0   20.0     73.3   1136.8   1211.5   0.820
20260406222524    200    790.0    805.0   20.0     53.2   1237.8   1272.8   0.730
20260406222524    200    980.0    995.0   20.0    174.9   1279.3    967.5   0.902
20260406222524    200   1135.0   1190.0   20.0     67.8    969.4   1139.3   0.789
20260406222524    200   1385.0   1400.0   20.0     56.2   1173.2   1133.2   0.517
20260406222524    200   1505.0   1520.0   20.0     21.0   1137.7   1144.1   0.608
20260406222524    200   1685.0   1700.0   20.0     28.9   1144.0   1160.3   0.643
20260406222524    202    980.0    995.0   20.0     22.3   1171.5   1170.3   0.426
20260406222524    204     25.0     40.0   20.0     20.9   1096.5   1032.0   0.778
20260406222524    204    235.0    250.0   20.0     79.1   1060.2    973.0   0.747
20260406222524    204    435.0    450.0   20.0     31.0    975.9   1059.1   0.787
20260406222524    204    515.0    530.0   20.0     42.0   1073.7    982.0   0.744
20260406222524    204   1270.0   1285.0   20.0     67.5   1009.2   1072.9   0.746
20260406222524    204   1320.0   1405.0   20.0     64.2   1080.4   1283.5   0.797
20260406222524    204   1535.0   1555.0   20.0     45.3   1276.9   1374.9   0.864
20260406222524    205   1590.0   1605.0   20.0     67.5    987.6    986.3   0.744
20260406222524    208    170.0    210.0   20.0    118.4   1461.5   1612.7   0.785
20260406222524    208    620.0    635.0   20.0     22.4   1617.9   1612.4   0.688
20260406222524    208    725.0    775.0   20.0    302.5   1622.7   1303.7   0.867
20260406222524    208   1275.0   1455.0   20.0    350.6   1274.8   1630.6   0.826
20260406222524    208   1535.0   1560.0   20.0     33.1   1609.2   1613.4   0.750
20260406222524    209     35.0     55.0   20.0     58.2    984.3   1190.0   0.826
20260406222524    209    105.0    120.0   20.0     21.0   1213.4   1214.7   0.588
20260406222524    209    315.0    330.0   20.0     38.0   1219.7   1251.7   0.668
20260406222524    209    395.0    405.0   20.0     25.3   1259.9   1329.8   0.536
20260406222524    209    710.0    725.0   20.0     56.4   1247.2    985.9   0.960
20260406222524    209   1505.0   1520.0   20.0     60.9    984.1   1128.3   0.940
20260406222524    210     45.0     60.0   20.0     34.6    987.7   1039.4   0.722
20260406222524    210    240.0    255.0   20.0     29.7   1138.2   1170.1   0.729
20260406222524    210    300.0    315.0   20.0     42.7   1186.3   1218.8   0.776
20260406222524    210    605.0    620.0   20.0     22.9   1217.3   1227.7   0.778
20260406222524    210    680.0    695.0   20.0     24.2   1173.1   1178.5   0.760
20260406222524    210   1555.0   1600.0   20.0     34.7   1238.4   1290.0   0.786
20260406222524    211    590.0    605.0   20.0    112.9    992.0    992.5   0.762
20260406222524    211   1125.0   1145.0   20.0     75.3    991.3    987.1   0.725
20260406222524    211   1615.0   1630.0   20.0     61.0    988.5    993.5   0.735
20260406222524    213    400.0    415.0   20.0     28.6   1000.7   1040.5   0.782
20260406222524    213    495.0    510.0   20.0    205.1   1196.6    999.6   0.820
20260406222524    213    735.0    750.0   20.0    193.5    995.0    994.6   0.741
20260406222524    213   1145.0   1160.0   20.0     66.3    991.7    994.3   0.723
20260406222524    216    140.0    155.0   20.0     91.2   1005.9   1113.5   0.758
20260406222524    216    215.0    230.0   20.0    116.2   1152.4   1008.8   0.751
20260406222524    216    705.0    720.0   20.0     38.1   1011.1   1063.2   0.709
20260406222524    216   1090.0   1115.0   20.0     44.7   1212.1   1238.0   0.759
20260406222524    216   1625.0   1725.0   20.0    148.1   1263.2   1041.6   0.808
20260406222524    217     35.0     50.0   20.0     48.8   1017.5   1099.6   0.835
20260406222524    217    135.0    155.0   20.0     29.8   1153.5   1190.3   0.679
20260406222524    217    280.0    295.0   20.0     41.7   1237.3   1325.7   0.627
20260406222524    217    345.0    420.0   20.0     76.1   1342.7   1425.4   0.846
20260406222524    217    485.0    540.0   20.0     59.1   1447.9   1424.5   0.786
20260406222524    217    580.0    645.0   20.0     65.6   1388.2   1465.9   0.742
20260406222524    217    705.0    745.0   20.0     52.5   1411.8   1472.6   0.792
20260406222524    217    790.0    870.0   20.0     81.7   1482.9   1534.7   0.792
20260406222524    217   1010.0   1080.0   20.0     22.6   1560.9   1569.1   0.641
20260406222524    217   1155.0   1170.0   20.0     22.8   1649.0   1588.2   0.527
20260406222524    217   1550.0   1565.0   20.0     23.8   1479.2   1471.1   0.667
20260406222524    219    480.0    520.0   20.0     57.7   1011.5   1321.3   0.788
20260406222524    219    615.0    630.0   20.0    233.8   1296.4   1007.5   0.836
20260406222524    220    715.0    730.0   20.0     22.8   1308.9   1308.8   0.671
20260406222524    220   1020.0   1035.0   20.0     47.5   1375.4   1373.3   0.763
20260406222524    221   1165.0   1180.0   20.0     43.2   1008.8   1008.3   0.598
20260406222524    221   1265.0   1370.0   20.0     36.6   1009.8   1164.8   0.723
20260406222524    221   1410.0   1430.0   20.0     38.8   1160.9   1147.8   0.610
20260406222524    223    815.0    840.0   20.0    187.8   1013.6   1012.3   0.840
20260406222524    223   1315.0   1330.0   20.0     95.6   1011.2   1008.8   0.601
20260406222524    224    405.0    415.0   20.0     29.0   1661.7   1655.0   0.440
20260406222524    224    460.0    470.0   20.0     20.2   1668.7   1655.9   0.496
20260406222524    224    515.0    530.0   20.0     24.4   1659.0   1661.1   0.470
20260406222524    224    580.0    595.0   20.0     22.4   1658.1   1658.7   0.463
20260406222524    224    755.0    850.0   20.0     29.6   1662.3   1663.1   0.487
20260406222524    224    910.0    920.0   20.0     26.2   1659.9   1667.4   0.484
20260406222524    224    970.0   1045.0   20.0     30.0   1661.1   1670.3   0.616
20260406222524    224   1150.0   1160.0   20.0     39.3   1674.7   1673.0   0.479
20260406222524    225    480.0    660.0   20.0    185.6   1030.9   1030.2   0.823
20260406222524    225   1005.0   1070.0   20.0     87.3   1023.2   1030.3   0.872
20260406222524    227    240.0    255.0   20.0     55.3   1024.6   1024.6   0.720
20260406222524    227   1325.0   1345.0   20.0    132.8   1021.1   1352.8   0.867
20260406222524    228    175.0    190.0   20.0     40.9   1027.2   1077.2   0.741
20260406222524    228    305.0    360.0   20.0     96.2   1124.9   1031.0   0.807
20260406222524    228    850.0    865.0   20.0     36.9   1029.9   1059.3   0.619
20260406222524    228   1095.0   1110.0   20.0     21.2   1106.7   1135.8   0.720
20260406222524    228   1145.0   1160.0   20.0     22.7   1137.8   1177.5   0.641
20260406222524    228   1240.0   1255.0   20.0     30.5   1166.5   1194.7   0.678
20260406222524    228   1545.0   1610.0   20.0    145.8   1202.9   1119.6   0.823
20260406222524    228   1680.0   1695.0   20.0     59.2   1147.0   1193.9   0.866
20260406222524    228   1765.0   1780.0   20.0     22.6   1194.5   1199.1   0.730
20260406222524    229     20.0     35.0   20.0     45.1   1025.1   1117.2   0.782
20260406222524    229     85.0    100.0   20.0     29.5   1186.1   1178.3   0.484
20260406222524    229    235.0    315.0   20.0     40.5   1200.7   1206.0   0.829
20260406222524    229    420.0    435.0   20.0     35.1   1230.1   1226.2   0.733
20260406222524    229    500.0    540.0   20.0     24.9   1231.9   1253.8   0.873
20260406222524    229    630.0    690.0   20.0    119.6   1255.0   1476.6   0.789
20260406222524    230    245.0    260.0   20.0    107.1   1196.1   1045.4   0.829
20260406222524    230    310.0    325.0   20.0     51.0   1045.4   1109.0   0.753
20260406222524    230    760.0    775.0   20.0     61.1   1285.5   1346.6   0.847
20260406222524    231    380.0    395.0   20.0    186.8   1037.1   1034.4   0.790
20260406222524    231   1750.0   1765.0   20.0     29.6   1034.1   1190.6   0.797
20260406222524    233     20.0     35.0   20.0    314.9   1230.6   1035.5   0.777
20260406222524    233    475.0    500.0   20.0    232.0   1040.7   1038.9   0.796
20260406222524    233    885.0    935.0   20.0    118.6   1038.9   1243.2   0.842
20260406222524    233   1060.0   1225.0   20.0     35.6   1256.4   1346.8   0.720
20260406222524    233   1265.0   1275.0   20.0     31.5   1346.7   1408.0   0.499
20260406222524    233   1355.0   1370.0   20.0     40.2   1394.2   1417.7   0.731
20260406222524    233   1505.0   1520.0   20.0     60.9   1428.8   1471.7   0.698
20260406222524    234    515.0    530.0   20.0     48.8   1040.8   1100.8   0.752
20260406222524    234    570.0    590.0   20.0     62.0   1109.2   1263.5   0.875
20260406222524    234    685.0    700.0   20.0    133.0   1212.6   1038.6   0.822
20260406222524    234    890.0    905.0   20.0     67.2   1033.0   1103.3   0.748
20260406222524    234   1040.0   1135.0   20.0     47.0   1176.5   1301.6   0.844
20260406222524    234   1315.0   1335.0   20.0    144.4   1264.8   1032.1   0.883
20260406222524    235    585.0    630.0   20.0    135.5   1059.2   1419.5   0.904
20260406222524    235    965.0    975.0   20.0     22.3   1487.5   1490.4   0.569
20260406222524    235   1025.0   1045.0   20.0     89.2   1514.4   1516.8   0.623
20260406222524    235   1430.0   1445.0   20.0     45.0   1526.0   1538.4   0.809
20260406222524    235   1555.0   1600.0   20.0     66.9   1528.2   1540.3   0.863
20260406222524    236    330.0    355.0   20.0     47.6   1064.4   1062.6   0.755
20260406222524    236    945.0    960.0   20.0     75.6   1067.3   1153.7   0.761
20260406222524    236   1225.0   1305.0   20.0     71.6   1173.5   1304.9   0.864
20260406222524    236   1360.0   1375.0   20.0     75.8   1288.7   1312.3   0.675
20260406222524    236   1495.0   1510.0   20.0     28.5   1306.9   1310.5   0.622
20260406222524    236   1740.0   1755.0   20.0    157.7   1301.9   1071.7   0.770
20260406222524    237    590.0    605.0   20.0     75.5   1518.2   1611.5   0.903
20260406222524    239   1575.0   1635.0   20.0    105.3   1063.5   1373.1   0.860
20260406222524    241    545.0    555.0    4.2    133.6   1635.9   1659.4   0.451
20260406222524    241    820.0    830.0    4.5    121.7   1715.4   1709.7   0.462
20260406222524    241   1060.0   1125.0   20.0    131.6   1712.5   1702.7   0.796
20260406222524    241   1165.0   1800.0   20.0    133.1   1705.0   1683.5   0.860
20260406222524    242   1130.0   1145.0   20.0     24.4   1360.3   1365.7   0.767
20260406222524    242   1360.0   1375.0   20.0     28.2   1391.5   1394.5   0.788
20260406222524    242   1435.0   1450.0   20.0     23.7   1417.7   1405.4   0.840
20260406222524    243     20.0     45.0   20.0    100.3   1074.2   1080.1   0.775
20260406222524    243    455.0    470.0   20.0     53.6   1091.2   1082.5   0.713
20260406222524    243    835.0    850.0   20.0     51.7   1084.8   1086.1   0.735
20260406222524    243   1285.0   1315.0   20.0    143.3   1173.6   1085.8   0.790
20260406222524    247    120.0    160.0   20.0     25.6   1429.8   1580.3   0.712
20260406222524    247    345.0    810.0    1.9    495.4   1695.3   1783.4   0.816
20260406222524    247    890.0   1800.0   19.9    450.7   1782.0   1573.5   0.855
20260406222524    251    130.0    145.0   20.0    196.2   1098.2   1096.5   0.765
20260406222524    251   1405.0   1420.0   20.0     60.1   1133.9   1090.2   0.789
20260406222524    251   1645.0   1665.0   20.0     93.0   1093.9   1094.2   0.807
20260406222524    253   1130.0   1285.0   20.0    108.1   1128.1   1495.1   0.868
20260406222524    253   1390.0   1410.0   20.0    152.8   1574.3   1113.8   0.877
20260406222524    253   1495.0   1510.0   20.0     23.8   1116.6   1119.9   0.496
20260406222524    254     80.0     95.0   20.0     25.6   1221.2   1266.3   0.819
20260406222524    254    385.0    430.0   20.0     33.6   1303.0   1312.6   0.830
20260406222524    254    570.0    610.0   20.0     25.5   1345.7   1363.6   0.791
20260406222524    254    645.0    660.0   20.0     22.1   1348.3   1356.5   0.749
20260406222524    254    715.0    770.0   20.0     40.2   1343.0   1390.6   0.759
20260406222524    254    990.0   1005.0   20.0     23.2   1368.6   1358.0   0.566
20260406222524    254   1055.0   1065.0   20.0     22.4   1359.8   1362.4   0.409
20260406222524    254   1280.0   1295.0   20.0     23.7   1389.8   1412.3   0.850
20260406222524    255    550.0    570.0   20.0     54.7   1119.4   1118.9   0.726
20260406222524    255   1580.0   1595.0   20.0     20.1   1112.5   1116.2   0.544
20260406222524    255   1685.0   1700.0   20.0     25.8   1129.3   1129.1   0.561
20260406225845      3     40.0     60.0   20.0     39.9   1055.8   1163.2   0.893
20260406225845      3    665.0    700.0   20.0     65.8   1208.1    982.0   0.905
20260406225845      4   1570.0   1585.0   20.0     58.1    966.9   1044.5   0.744
20260406225845      5    195.0    240.0   20.0    101.5    994.7    999.9   0.767
20260406225845      5   1005.0   1020.0   20.0     94.5    987.1    986.0   0.672
20260406225845      5   1485.0   1510.0   20.0     90.9    993.1    995.3   0.925
20260406225845      7    100.0    115.0   20.0     22.3   1193.9   1212.0   0.547
20260406225845      7    260.0    275.0   20.0     26.4   1249.5   1257.8   0.585
20260406225845      7    820.0    835.0   20.0     34.6   1399.8   1399.8   0.803
20260406225845      7    905.0    935.0   20.0     44.2   1398.9   1393.4   0.568
20260406225845      7   1025.0   1040.0   20.0     21.2   1398.4   1389.9   0.671
20260406225845      7   1095.0   1110.0   20.0     72.2   1384.1   1443.2   0.658
20260406225845     10    110.0    125.0   20.0     55.4   1134.6   1213.1   0.750
20260406225845     12    590.0    615.0   20.0     30.5   1510.4   1507.7   0.484
20260406225845     12    765.0    775.0   20.0     33.0   1500.7   1502.0   0.484
20260406225845     12   1120.0   1130.0   20.0     48.7   1516.8   1514.7   0.602
20260406225845     12   1380.0   1435.0   20.0     55.1   1511.3   1517.7   0.632
20260406225845     13   1790.0   1800.0   20.0     61.4   1079.4   1072.5   0.802
20260406225845     14     60.0     75.0   20.0     35.7    948.5   1066.2   0.733
20260406225845     14   1050.0   1065.0   20.0     36.1   1178.1   1209.6   0.798
20260406225845     14   1330.0   1345.0   20.0     24.6   1252.8   1269.9   0.772
20260406225845     14   1495.0   1515.0   20.0     83.5   1274.2    961.8   0.908
20260406225845     14   1580.0   1595.0   20.0     22.4    957.9    939.7   0.723
20260406225845     15     50.0    125.0   20.0     31.3    977.1   1053.9   0.705
20260406225845     15    160.0    215.0   20.0     89.0   1047.5    965.8   0.751
20260406225845     15    620.0    635.0   20.0     30.1    969.4    971.2   0.503
20260406225845     15    730.0    760.0   20.0    138.9    969.1    967.9   0.782
20260406225845     15   1285.0   1305.0   20.0     84.5    963.5    964.1   0.748
20260406225845     15   1705.0   1720.0   20.0     24.7    969.5    962.2   0.668
20260406225845     16    105.0    250.0   20.0     68.9   1583.2   1599.5   0.745
20260406225845     16    315.0    700.0   20.0     83.0   1599.0   1535.3   0.846
20260406225845     16    780.0    795.0   20.0     87.2   1530.1   1531.9   0.760
20260406225845     16    855.0   1040.0   20.0     94.9   1615.1   1529.1   0.746
20260406225845     16   1075.0   1465.0   20.0     98.1   1613.0   1521.9   0.774
20260406225845     16   1520.0   1800.0   20.0     99.7   1521.5   1566.7   0.757
20260406225845     17    135.0    150.0   20.0     48.7    959.4    961.7   0.767
20260406225845     17   1370.0   1385.0   20.0     61.2    960.6    960.1   0.736
20260406225845     17   1580.0   1595.0   20.0     82.9    957.1    963.7   0.724
20260406225845     19    595.0    610.0   20.0     87.1    949.1    948.2   0.693
20260406225845     20    130.0    175.0   20.0     64.0    972.7    971.2   0.750
20260406225845     20    280.0    295.0   20.0     82.8    970.8    970.6   0.678
20260406225845     20   1470.0   1485.0   20.0     37.9    958.0   1002.3   0.752
20260406225845     22    200.0    215.0   20.0     47.3    940.9    937.9   0.822
20260406225845     22   1290.0   1315.0   20.0     41.6    929.0    929.9   0.755
20260406225845     24     25.0     55.0   20.0     62.3   1022.8   1043.0   0.835
20260406225845     24   1220.0   1235.0   20.0     22.9   1125.7   1159.9   0.843
20260406225845     27     75.0     95.0   20.0     75.7   1054.3    975.0   0.802
20260406225845     27    195.0    220.0   20.0     41.1    973.4   1279.8   0.763
20260406225845     27   1135.0   1150.0   20.0     31.8   1336.5   1349.3   0.672
20260406225845     28   1190.0   1205.0   20.0     33.7    937.6    943.8   0.715
20260406225845     29   1630.0   1645.0   20.0     21.8    917.3    915.5   0.712
20260406225845     30   1195.0   1250.0   20.0     50.2    935.2    932.2   0.792
20260406225845     32    320.0    380.0   20.0     45.6    931.7   1018.7   0.754
20260406225845     32   1245.0   1260.0   20.0     29.9   1200.9   1209.3   0.806
20260406225845     34      0.0     10.0   20.0     42.6      0.0   1230.7   0.750
20260406225845     34    960.0    975.0   20.0     23.0   1248.2   1285.9   0.764
20260406225845     34   1395.0   1410.0   20.0     28.1   1293.9   1321.5   0.620
20260406225845     34   1460.0   1475.0   20.0     23.0   1305.4   1320.3   0.695
20260406225845     35    845.0    860.0   20.0     55.5    936.7    935.0   0.754
20260406225845     36    690.0    705.0   20.0     27.3   1112.6   1119.0   0.764
20260406225845     38    105.0    120.0   20.0     21.4    929.9    982.7   0.804
20260406225845     38    870.0    885.0   20.0     38.7   1057.6   1103.3   0.822
20260406225845     40    620.0    655.0   20.0    155.0    928.1   1171.0   0.833
20260406225845     43      0.0     10.0   20.0     50.5      0.0    925.8   0.767
20260406225845     43    295.0    310.0   20.0     44.0    924.4    925.5   0.676
20260406225845     43   1350.0   1375.0   20.0     50.2    958.2    913.0   0.682
20260406225845     44      0.0     10.0   20.0     24.0      0.0   1176.4   0.674
20260406225845     44    905.0    920.0   20.0     53.5   1076.9    911.2   0.841
20260406225845     44   1370.0   1385.0   20.0     41.8    907.9    958.8   0.757
20260406225845     44   1470.0   1485.0   20.0     43.5    973.5    906.1   0.746
20260406225845     45     90.0    105.0   20.0     33.0   1087.3   1131.2   0.687
20260406225845     45   1640.0   1655.0   20.0    116.5   1250.5   1242.2   0.877
20260406225845     47    155.0    170.0   20.0     47.2    907.1    995.5   0.780
20260406225845     47    385.0    400.0   20.0    114.3   1043.8    912.9   0.762
20260406225845     48    485.0    500.0   20.0     36.1    906.8    953.0   0.771
20260406225845     48    705.0    720.0   20.0     45.8    962.6    905.3   0.802
20260406225845     48   1410.0   1425.0   20.0     39.9    898.8    955.7   0.705
20260406225845     48   1625.0   1640.0   20.0     60.8    970.4    896.1   0.777
20260406225845     50    390.0    415.0   20.0     82.7    906.2    905.6   0.745
20260406225845     50   1015.0   1030.0   20.0     52.7    903.1    980.4   0.737
20260406225845     50   1180.0   1195.0   20.0     37.7   1026.2   1021.0   0.748
20260406225845     50   1735.0   1750.0   20.0     22.1   1053.0   1055.0   0.815
20260406225845     51   1755.0   1775.0   20.0    115.3    884.7   1130.0   0.838
20260406225845     52    365.0    380.0   20.0     28.5    906.8    946.2   0.820
20260406225845     52    520.0    535.0   20.0     21.1    971.4    982.2   0.834
20260406225845     52   1505.0   1540.0   20.0     42.0   1023.8    996.9   0.932
20260406225845     53    315.0    330.0   20.0     29.1    901.7    952.2   0.738
20260406225845     53    500.0    515.0   20.0     72.7    975.6    901.5   0.752
20260406225845     53    690.0    705.0   20.0     76.5    905.0    902.2   0.624
20260406225845     53   1155.0   1170.0   20.0     43.8    898.4    950.8   0.729
20260406225845     55    205.0    220.0   20.0     69.3    886.5    885.4   0.782
20260406225845     55    495.0    515.0   20.0     46.9    889.2    887.2   0.824
20260406225845     55   1090.0   1105.0   20.0     51.2    887.1    895.5   0.798
20260406225845     55   1155.0   1170.0   20.0     36.3    926.3   1057.2   0.724
20260406225845     56     15.0     30.0   20.0     27.3    894.5    935.6   0.779
20260406225845     56    425.0    440.0   20.0     20.1    970.6   1013.0   0.762
20260406225845     56    525.0    555.0   20.0    116.8   1030.4    899.9   0.762
20260406225845     56    905.0    920.0   20.0     26.8    905.3    948.3   0.679
20260406225845     58    390.0    410.0   20.0    163.6    894.9   1227.6   0.863
20260406225845     59     40.0     55.0   20.0     70.8    886.9   1059.7   0.801
20260406225845     60    145.0    205.0   20.0     32.8   1090.8   1089.9   0.719
20260406225845     60    590.0    605.0   20.0     31.8   1081.1   1107.3   0.871
20260406225845     60   1215.0   1230.0   20.0     26.9   1145.1   1118.2   0.686
20260406225845     60   1695.0   1710.0   20.0     43.1   1143.7   1155.2   0.835
20260406225845     61    370.0    385.0   20.0     63.9    889.0    890.7   0.724
20260406225845     62   1240.0   1255.0   20.0     24.3   1189.9   1181.9   0.796
20260406225845     66     85.0    115.0   20.0     55.1    938.1    997.0   0.777
20260406225845     66    785.0    800.0   20.0     39.8   1014.0   1037.8   0.743
20260406225845     66   1300.0   1315.0   20.0     32.6   1077.7   1070.1   0.786
20260406225845     66   1360.0   1375.0   20.0     20.7   1061.7   1110.7   0.772
20260406225845     66   1685.0   1705.0   20.0     40.5   1071.6   1086.7   0.812
20260406225845     69    125.0    145.0   20.0     75.3    867.6    868.5   0.793
20260406225845     71     65.0     80.0   20.0    104.6    875.0   1091.6   0.799
20260406225845     73    855.0    905.0   20.0     39.6    873.6   1167.7   0.757
20260406225845     74      0.0     10.0   20.0     29.4      0.0    987.9   0.860
20260406225845     75    685.0    700.0   20.0    123.1   1006.3    873.4   0.754
20260406225845     75    945.0    960.0   20.0     54.0    882.1    884.8   0.702
20260406225845     75   1305.0   1355.0   20.0     65.2    886.3    883.6   0.773
20260406225845     75   1740.0   1785.0   20.0     59.2    885.3    877.0   0.814
20260406225845     76   1360.0   1375.0   20.0     24.6   1035.9    959.6   0.796
20260406225845     78    605.0    620.0   20.0     94.5    887.5    985.3   0.745
20260406225845     78   1120.0   1135.0   20.0     20.9   1004.4   1036.6   0.808
20260406225845     78   1250.0   1310.0   20.0     99.4   1048.4    922.0   0.828
20260406225845     79    950.0    965.0   20.0     36.4    874.9    930.2   0.752
20260406225845     79   1025.0   1040.0   20.0    106.8    963.6    874.3   0.751
20260406225845     81    195.0    215.0   20.0    103.5   1156.0    890.4   0.875
20260406225845     81    695.0    710.0   20.0     99.9    895.5   1086.1   0.823
20260406225845     83     25.0     70.0   20.0     51.4    865.2    935.7   0.776
20260406225845     83    510.0    520.0   20.0     22.7   1042.0   1055.8   0.622
20260406225845     83   1630.0   1645.0   20.0     32.3   1096.9   1111.1   0.642
20260406225845     84    260.0    275.0   20.0     20.1   1133.3   1150.8   0.760
20260406225845     85   1660.0   1675.0   20.0     64.1    873.1   1024.3   0.759
20260406225845     85   1720.0   1735.0   20.0     21.3   1070.0   1081.3   0.763
20260406225845     86     30.0     65.0   20.0     43.0    876.8    978.3   0.766
20260406225845     86    260.0    275.0   20.0     20.2   1008.8    994.0   0.763
20260406225845     88     55.0     70.0   20.0     26.6    872.5    939.7   0.722
20260406225845     90     50.0     65.0   20.0     23.6   1033.6   1057.6   0.689
20260406225845     90    100.0    145.0   20.0     55.1   1034.8   1111.8   0.781
20260406225845     91    975.0   1005.0   20.0     64.9    892.1    887.5   0.777
20260406225845     91   1170.0   1185.0   20.0     57.8    888.7   1085.2   0.648
20260406225845     93   1375.0   1390.0   20.0     23.7   1209.2   1240.7   0.755
20260406225845     96     75.0     90.0   20.0     37.6    882.4    929.2   0.733
20260406225845     96    420.0    440.0   20.0     31.8    948.2    968.8   0.782
20260406225845     96   1735.0   1750.0   20.0     31.4   1046.0   1074.2   0.768
20260406225845     97    150.0    165.0   20.0     56.3    859.0    990.2   0.746
20260406225845     97   1265.0   1280.0   20.0     87.3    863.5    861.8   0.803
20260406225845     97   1740.0   1755.0   20.0     70.8    858.5    861.2   0.800
20260406225845     98   1085.0   1130.0   20.0    101.1    875.9    873.1   0.909
20260406225845     98   1395.0   1410.0   20.0     46.8    865.5    920.7   0.744
20260406225845     98   1635.0   1650.0   20.0     65.3    953.5   1053.4   0.826
20260406225845     99    235.0    250.0   20.0     85.6    868.2    868.6   0.744
20260406225845     99    350.0    375.0   20.0     71.8    867.6    870.9   0.750
20260406225845     99    675.0    730.0   20.0    118.5    873.5    872.1   0.787
20260406225845     99   1145.0   1160.0   20.0     39.6    872.5    956.4   0.758
20260406225845    100      0.0     15.0   20.0     68.1      0.0    875.9   0.741
20260406225845    100    290.0    305.0   20.0     21.2    883.6    924.6   0.753
20260406225845    100    740.0    755.0   20.0     86.3    983.7    889.0   0.785
20260406225845    100    810.0    825.0   20.0     25.5    895.2    935.2   0.760
20260406225845    103   1070.0   1085.0   20.0     21.9    886.6    885.4   0.746
20260406225845    103   1340.0   1375.0   20.0     51.4    887.4   1035.7   0.735
20260406225845    103   1525.0   1540.0   20.0    178.7   1130.8    891.2   0.822
20260406225845    104   1625.0   1640.0   20.0     43.9    876.7    931.0   0.758
20260406225845    107   1400.0   1425.0   20.0     73.6    881.5    882.8   0.763
20260406225845    109     40.0    110.0   20.0    146.9    869.1    872.6   0.840
20260406225845    109    440.0    485.0   20.0    149.7    875.6    881.5   0.803
20260406225845    109    595.0    610.0   20.0     54.9    878.6    879.3   0.649
20260406225845    109    655.0    675.0   20.0     96.7    882.1   1112.2   0.886
20260406225845    109    805.0    825.0   20.0    194.0   1218.5    877.4   0.900
20260406225845    109   1000.0   1015.0   20.0     22.1    876.8    877.5   0.445
20260406225845    109   1105.0   1120.0   20.0     21.4    880.1    920.1   0.782
20260406225845    109   1215.0   1230.0   20.0     92.9   1013.3    880.2   0.809
20260406225845    109   1490.0   1505.0   20.0     25.7    900.4    884.8   0.611
20260406225845    109   1615.0   1630.0   20.0     98.3    879.5   1011.6   0.777
20260406225845    109   1665.0   1680.0   20.0     27.2   1049.1   1046.3   0.663
20260406225845    112    405.0    420.0   20.0     81.3   1087.1    957.7   0.793
20260406225845    112    650.0    665.0   20.0     38.8    940.9    946.8   0.709
20260406225845    112    980.0    995.0   20.0     27.6    932.7    963.5   0.719
20260406225845    112   1745.0   1760.0   20.0     60.9    985.4    927.2   0.758
20260406225845    113    100.0    160.0   20.0     39.5    862.5    947.9   0.738
20260406225845    113    325.0    340.0   20.0     95.1    969.1    864.5   0.761
20260406225845    113   1180.0   1190.0   20.0     21.1    863.1    866.1   0.483
20260406225845    113   1325.0   1340.0   20.0     21.8    865.6    865.2   0.491
20260406225845    113   1405.0   1420.0   20.0     88.0    864.9   1038.3   0.820
20260406225845    114   1400.0   1415.0   20.0     20.0    876.0    920.7   0.740
20260406225845    115    345.0    375.0   20.0     51.9    862.2   1012.3   0.850
20260406225845    115    460.0    475.0   20.0     23.8   1003.8   1029.7   0.741
20260406225845    115    510.0    525.0   20.0     25.2   1001.5   1046.6   0.683
20260406225845    116    120.0    135.0   20.0     49.5    866.4    929.8   0.750
20260406225845    116    250.0    265.0   20.0     37.5    971.2    996.0   0.707
20260406225845    116   1340.0   1355.0   20.0     70.2   1019.9   1087.0   0.837
20260406225845    117    480.0    495.0   20.0     22.4   1055.9   1087.6   0.771
20260406225845    121   1755.0   1770.0   20.0     88.9   1384.6   1214.2   0.841
20260406225845    122      0.0     10.0   20.0     67.4      0.0    986.4   0.771
20260406225845    122     70.0     95.0   20.0     24.5   1021.1   1048.9   0.642
20260406225845    122    410.0    425.0   20.0     31.6   1078.9   1134.7   0.778
20260406225845    122    475.0    490.0   20.0     27.1   1101.8   1077.6   0.755
20260406225845    122    880.0    895.0   20.0     35.5   1100.3   1136.5   0.639
20260406225845    123     20.0     40.0   20.0     57.8    857.3   1004.6   0.825
20260406225845    123   1770.0   1785.0   20.0     21.6   1092.3   1090.8   0.615
20260406225845    124      0.0     30.0   20.0     61.9      0.0    994.5   0.837
20260406225845    124     95.0    110.0   20.0     26.1   1007.3    997.1   0.590
20260406225845    124    195.0    215.0   20.0    116.2   1000.3   1046.8   0.924
20260406225845    124    540.0    555.0   20.0     22.1   1067.4   1072.1   0.516
20260406225845    124    645.0    655.0   20.0     37.0   1051.7   1079.5   0.593
20260406225845    124    715.0    730.0   20.0    133.8   1062.5    889.0   0.823
20260406225845    124    905.0    920.0   20.0     46.7    889.5    953.3   0.710
20260406225845    125    665.0    685.0   20.0     68.5    875.0    878.9   0.767
20260406225845    125   1025.0   1040.0   20.0     38.7    881.4    878.4   0.749
20260406225845    125   1720.0   1735.0   20.0     23.8    887.7    886.6   0.777
20260406225845    128     50.0     70.0   20.0     78.0    974.5    932.8   0.760
20260406225845    128    175.0    195.0   20.0     31.0    973.9    884.6   0.844
20260406225845    128    350.0    365.0   20.0     34.4    886.0    938.2   0.719
20260406225845    128    430.0    445.0   20.0     20.5    941.1    960.5   0.810
20260406225845    128   1410.0   1425.0   20.0    108.6   1014.4    933.9   0.786
20260406225845    130    170.0    185.0   20.0     62.8    898.8   1029.3   0.803
20260406225845    130    750.0    765.0   20.0     22.0   1120.2   1152.6   0.899
20260406225845    130   1040.0   1055.0   20.0     25.5   1184.6   1181.1   0.771
20260406225845    131    480.0    495.0   20.0     45.2    879.8    945.1   0.753
20260406225845    131    630.0    650.0   20.0     97.7   1001.2    882.7   0.841
20260406225845    131   1630.0   1645.0   20.0    138.1    880.9   1115.8   0.831
20260406225845    132     30.0     45.0   20.0     27.5    886.7    870.4   0.609
20260406225845    132   1015.0   1035.0   20.0     28.4    882.7    907.2   0.706
20260406225845    132   1215.0   1230.0   20.0     25.9    950.4    940.1   0.750
20260406225845    133    695.0    710.0   20.0     52.7   1406.9   1464.8   0.864
20260406225845    135   1475.0   1490.0   20.0    110.4    883.6   1088.7   0.841
20260406225845    141    995.0   1010.0   20.0     39.7    967.0    967.1   0.770
20260406225845    142     30.0     45.0   20.0     36.8   1040.1   1084.7   0.546
20260406225845    142    280.0    290.0   20.0     20.6   1137.7   1126.9   0.683
20260406225845    142    645.0    660.0   20.0     37.7   1193.0   1198.5   0.795
20260406225845    142   1175.0   1190.0   20.0     21.9   1198.2   1197.5   0.678
20260406225845    143     35.0   1800.0   20.0     67.6   1339.6   1383.2   0.863
20260406225845    144   1140.0   1155.0   20.0     36.8   1055.1   1094.7   0.798
20260406225845    145    495.0    510.0   20.0     32.5    891.5    891.8   0.546
20260406225845    146      5.0     20.0   20.0     22.3    988.8   1014.1   0.855
20260406225845    146   1435.0   1450.0   20.0     85.1   1075.9    891.0   0.900
20260406225845    146   1760.0   1780.0   20.0     44.0    887.0    887.1   0.793
20260406225845    147    505.0    520.0   20.0     24.1   1132.3   1151.7   0.575
20260406225845    147    945.0    975.0   20.0     62.8   1162.1   1250.2   0.835
20260406225845    150      0.0     15.0   20.0     42.6      0.0    949.7   0.783
20260406225845    150    200.0    215.0   20.0     21.0   1008.6   1022.3   0.655
20260406225845    151    350.0    365.0   20.0     21.8   1133.2   1129.1   0.824
20260406225845    153    520.0    535.0   20.0     80.1    899.0    898.7   0.660
20260406225845    155    180.0    195.0   20.0     22.9   1343.7   1368.6   0.708
20260406225845    157    370.0    385.0   20.0     23.2   1129.5   1152.2   0.639
20260406225845    163   1470.0   1485.0   20.0     41.7    897.5    948.0   0.775
20260406225845    164     55.0     70.0   20.0     22.3   1190.6   1261.8   0.749
20260406225845    164    200.0    215.0   20.0     23.4   1241.9   1242.0   0.712
20260406225845    164    285.0    300.0   20.0     26.6   1250.1   1257.4   0.703
20260406225845    164    735.0    750.0   20.0     33.2   1283.0   1321.5   0.758
20260406225845    164   1165.0   1180.0   20.0     38.8   1288.5   1291.1   0.759
20260406225845    165     25.0     40.0   20.0    133.7    901.4   1177.1   0.891
20260406225845    166    590.0    605.0   20.0     36.1   1257.9   1315.8   0.824
20260406225845    169    365.0    380.0   20.0     38.8    921.4    994.6   0.664
20260406225845    169    465.0    490.0   20.0    157.8   1057.1    922.5   0.802
20260406225845    169   1560.0   1575.0   20.0     20.4    925.9    935.3   0.650
20260406225845    171    410.0    425.0   20.0     58.4   1296.4   1174.2   0.783
20260406225845    172    185.0    200.0   20.0     20.3    951.2    986.6   0.790
20260406225845    174    405.0    455.0   20.0     27.0    922.1    994.1   0.753
20260406225845    174   1065.0   1080.0   20.0     70.6   1061.8    922.1   0.755
20260406225845    174   1230.0   1245.0   20.0     51.8    921.9    923.6   0.836
20260406225845    176     70.0    115.0   20.0    194.0    929.3    975.5   0.829
20260406225845    176    735.0    750.0   20.0     23.7   1059.8   1092.0   0.685
20260406225845    177     20.0     85.0   20.0    112.9    920.5    921.0   0.756
20260406225845    177    975.0    990.0   20.0     50.6    924.1    971.1   0.699
20260406225845    177   1055.0   1070.0   20.0     63.2    974.4   1062.0   0.900
20260406225845    178    405.0    420.0   20.0     87.0   1077.5   1188.5   0.832
20260406225845    178    570.0    585.0   20.0     26.1   1194.3   1214.2   0.763
20260406225845    179   1510.0   1570.0   20.0    201.7    940.6    943.6   0.787
20260406225845    179   1640.0   1655.0   20.0     67.3    940.4   1008.0   0.740
20260406225845    179   1745.0   1760.0   20.0     22.4   1023.1   1075.1   0.597
20260406225845    180    100.0    115.0   20.0     31.4   1049.3   1093.2   0.737
20260406225845    180    225.0    240.0   20.0     29.4   1077.2   1098.3   0.727
20260406225845    180    550.0    565.0   20.0     28.1   1146.9   1168.0   0.846
20260406225845    181    760.0    775.0   20.0     22.9    931.4    935.5   0.572
20260406225845    182    300.0    340.0   20.0     38.8    122.2    182.1   0.883
20260406225845    183    235.0    250.0   20.0     63.9    935.3    934.8   0.756
20260406225845    183   1450.0   1485.0   20.0    127.8    936.7    938.8   0.782
20260406225845    183   1770.0   1795.0   20.0     59.8    937.0    937.5   0.729
20260406225845    185    445.0    465.0   20.0     59.3    916.0    920.5   0.808
20260406225845    185    535.0    585.0   20.0     32.7    915.5   1186.1   0.785
20260406225845    188     45.0     60.0   20.0     34.8    954.4    998.7   0.704
20260406225845    188   1590.0   1605.0   20.0     30.7   1238.3   1269.0   0.676
20260406225845    188   1680.0   1695.0   20.0     35.9   1298.2   1083.0   0.929
20260406225845    189    345.0    365.0   20.0     68.9    938.3    943.3   0.732
20260406225845    189   1035.0   1050.0   20.0    106.3    942.9    941.0   0.662
20260406225845    189   1710.0   1725.0   20.0     20.3    944.1    943.2   0.474
20260406225845    190    780.0    795.0   20.0     48.2    947.7   1062.9   0.768
20260406225845    190    860.0    875.0   20.0     26.3   1130.3   1122.4   0.791
20260406225845    190    970.0   1025.0   20.0    112.2   1128.2   1048.1   0.838
20260406225845    190   1705.0   1725.0   20.0     54.2    945.7    945.7   0.725
20260406225845    191      5.0     35.0   20.0     39.3    962.1   1102.1   0.780
20260406225845    191   1450.0   1465.0   20.0     55.0   1232.5    963.5   0.882
20260406225845    191   1560.0   1575.0   20.0     92.5    943.3    944.0   0.810
20260406225845    191   1755.0   1770.0   20.0     86.2    958.5   1117.6   0.859
20260406225845    193     40.0   1800.0   20.0    110.5   1558.4   1559.0   0.866
20260406225845    194     90.0    105.0   20.0     39.7   1152.8   1229.5   0.822
20260406225845    195    150.0    165.0   20.0     43.9    950.0   1102.9   0.784
20260406225845    195    240.0    260.0   20.0    228.2   1213.4    950.6   0.819
20260406225845    196     35.0     50.0   20.0     47.5    962.1   1047.1   0.773
20260406225845    196    275.0    290.0   20.0     27.3   1047.2   1024.0   0.771
20260406225845    196    325.0    340.0   20.0     49.2   1042.0   1158.7   0.918
20260406225845    196    455.0    485.0   20.0     21.0   1240.8   1285.3   0.853
20260406225845    196    585.0    600.0   20.0     24.1   1245.1   1254.3   0.699
20260406225845    199    990.0   1010.0   20.0     83.9    955.1    956.6   0.852
20260406225845    201    915.0    930.0   20.0     21.2   1237.4   1257.3   0.824
20260406225845    203    340.0    375.0   20.0    208.6    979.2   1556.7   0.906
20260406225845    204      0.0     10.0   20.0     30.5      0.0   1018.1   0.748
20260406225845    204    185.0    200.0   20.0     23.1   1102.2   1099.3   0.671
20260406225845    204    480.0    500.0   20.0    116.3   1103.8   1027.0   0.754
20260406225845    204   1050.0   1065.0   20.0     22.4   1123.6   1161.6   0.882
20260406225845    204   1120.0   1140.0   20.0     24.7   1155.2   1197.5   0.793
20260406225845    204   1195.0   1210.0   20.0    183.6   1176.0    975.0   0.753
20260406225845    204   1680.0   1700.0   20.0     52.9    972.4   1037.1   0.846
20260406225845    204   1750.0   1765.0   20.0     26.6   1090.4   1085.8   0.723
20260406225845    205    775.0    810.0   20.0    167.7    991.9    978.0   0.810
20260406225845    205    920.0    940.0   20.0     93.0    978.2    978.7   0.857
20260406225845    208    445.0    455.0   20.0     29.7   1658.5   1664.4   0.438
20260406225845    209   1040.0   1055.0   20.0     86.5    990.5    988.6   0.791
20260406225845    211      0.0     50.0   20.0    135.1      0.0    991.4   0.756
20260406225845    211    810.0    820.0   20.0     21.7    994.5    991.0   0.521
20260406225845    211   1415.0   1470.0   20.0     43.9    994.0    992.4   0.724
20260406225845    212    600.0    615.0   20.0     21.9   1260.3   1265.5   0.845
20260406225845    213   1480.0   1500.0   20.0     99.4   1008.2   1301.7   0.861
20260406225845    216    455.0    470.0   20.0     36.8   1166.5   1182.7   0.699
20260406225845    216    845.0    860.0   20.0     21.1   1219.1   1227.4   0.618
20260406225845    216    990.0   1005.0   20.0     20.8   1261.8   1257.8   0.690
20260406225845    216   1415.0   1430.0   20.0     24.5   1270.0   1306.8   0.729
20260406225845    219    850.0    870.0   20.0    248.8   1008.6   1008.9   0.873
20260406225845    220   1145.0   1160.0   20.0     23.4   1190.9   1187.4   0.843
20260406225845    222     10.0     30.0   20.0     29.6   1603.6   1607.2   0.654
20260406225845    222    365.0    380.0   20.0     21.6   1632.6   1625.8   0.714
20260406225845    222    730.0    745.0   20.0     21.0   1643.3   1644.5   0.729
20260406225845    223    175.0    215.0   20.0    248.6   1013.3   1035.6   0.819
20260406225845    223    420.0    515.0   20.0    126.2   1013.9   1016.1   0.823
20260406225845    223    585.0    600.0   20.0     62.4   1015.1   1120.1   0.759
20260406225845    223    635.0    695.0   20.0    192.9   1132.1   1012.7   0.847
20260406225845    223    945.0   1020.0   20.0    130.4   1014.5   1375.3   0.873
20260406225845    224     40.0    105.0   20.0     30.1   1520.9   1531.6   0.698
20260406225845    224    185.0    350.0   20.0     43.3   1527.0   1554.6   0.774
20260406225845    224    450.0    650.0   20.0     36.1   1542.0   1556.6   0.690
20260406225845    224    690.0    740.0   20.0     31.0   1542.1   1560.5   0.784
20260406225845    224    810.0    895.0   20.0     34.7   1555.7   1554.2   0.793
20260406225845    224   1080.0   1125.0   20.0     28.8   1557.3   1563.7   0.739
20260406225845    224   1160.0   1175.0   20.0     21.3   1547.6   1545.4   0.706
20260406225845    224   1590.0   1605.0   20.0     20.4   1548.0   1546.8   0.700
20260406225845    224   1640.0   1715.0   20.0     45.1   1547.6   1547.1   0.678
20260406225845    225    135.0    145.0   20.0     23.1   1030.2   1027.8   0.473
20260406225845    225    495.0    535.0   20.0    103.0   1023.1   1027.0   0.868
20260406225845    225    630.0    695.0   20.0     65.0   1026.7   1028.2   0.727
20260406225845    227    820.0    840.0   20.0     81.4   1023.6   1027.4   0.799
20260406225845    227   1120.0   1140.0   20.0    128.5   1024.6   1024.9   0.854
20260406225845    228    435.0    450.0   20.0     23.1   1277.4   1289.9   0.779
20260406225845    228    815.0    830.0   20.0     25.3   1322.7   1326.9   0.624
20260406225845    228   1215.0   1230.0   20.0     25.7   1409.1   1404.7   0.817
20260406225845    230     70.0     95.0   20.0     57.7   1190.7   1201.8   0.781
20260406225845    230    130.0    145.0   20.0     20.6   1228.9   1218.5   0.600
20260406225845    230    205.0    220.0   20.0     22.2   1223.8   1206.5   0.503
20260406225845    230    370.0    385.0   20.0     24.0   1217.6   1221.1   0.817
20260406225845    230    535.0    555.0   20.0     33.4   1283.6   1256.2   0.882
20260406225845    230    630.0    645.0   20.0     23.5   1321.8   1351.8   0.731
20260406225845    230    870.0    885.0   20.0     21.9   1393.7   1426.1   0.792
20260406225845    231    885.0    910.0   20.0     96.6   1036.8   1038.0   0.751
20260406225845    231   1040.0   1055.0   20.0     69.6   1037.9   1038.3   0.793
20260406225845    231   1750.0   1770.0   20.0    136.6   1036.3   1034.7   0.759
20260406225845    233   1210.0   1300.0   20.0    190.6   1044.8   1266.8   0.830
20260406225845    233   1350.0   1365.0   20.0     22.5   1277.7   1293.0   0.524
20260406225845    233   1430.0   1445.0   20.0     30.0   1315.5   1325.4   0.732
20260406225845    233   1785.0   1800.0   20.0     26.9   1418.8   1427.9   0.571
20260406225845    234    965.0    980.0   20.0     22.3   1035.4   1036.4   0.784
20260406225845    234   1265.0   1280.0   20.0     59.9   1035.9   1100.8   0.756
20260406225845    234   1565.0   1580.0   20.0     26.2   1174.7   1177.7   0.664
20260406225845    235    815.0    835.0   20.0     57.9   1085.8   1376.1   0.860
20260406225845    236      0.0     10.0   20.0    265.9      0.0   1060.9   0.791
20260406225845    236    460.0    475.0   20.0     49.0   1057.6   1129.6   0.739
20260406225845    236    535.0    560.0   20.0     28.1   1182.7   1221.4   0.604
20260406225845    236    645.0    670.0   20.0     43.1   1233.8   1268.6   0.662
20260406225845    236    720.0    730.0   20.0     22.6   1276.4   1273.1   0.457
20260406225845    236    765.0    845.0   20.0     62.3   1264.2   1302.3   0.782
20260406225845    236    940.0    955.0   20.0     26.3   1310.2   1310.2   0.710
20260406225845    237   1425.0   1445.0   20.0     58.9   1578.3   1548.1   0.905
20260406225845    239      0.0     25.0   20.0    288.5      0.0   1069.8   0.913
20260406225845    239    145.0    185.0   20.0    225.9   1070.6   1071.2   0.857
20260406225845    241     20.0     35.0   20.0     82.3   1651.0   1652.3   0.763
20260406225845    241     70.0    140.0   20.0     84.2   1654.1   1655.6   0.849
20260406225845    241    215.0    280.0   20.0     75.6   1654.0   1656.9   0.820
20260406225845    241    340.0    395.0   20.0     86.9   1652.6   1658.2   0.794
20260406225845    241    435.0    520.0   20.0     84.3   1659.3   1656.0   0.800
20260406225845    241    570.0    955.0   20.0     93.3   1656.0   1653.1   0.825
20260406225845    241    995.0   1040.0   20.0     90.7   1653.4   1656.4   0.877
20260406225845    241   1135.0   1355.0   20.0     90.8   1655.4   1654.8   0.826
20260406225845    241   1440.0   1455.0   20.0     86.3   1656.2   1658.4   0.755
20260406225845    241   1525.0   1580.0   20.0     88.3   1656.6   1656.7   0.738
20260406225845    241   1670.0   1800.0   20.0     89.9   1659.4   1657.7   0.825
20260406225845    242    605.0    655.0   20.0     23.9   1316.6   1353.9   0.697
20260406225845    242    695.0    705.0   20.0     22.7   1355.4   1352.5   0.501
20260406225845    243    305.0    320.0   20.0     98.5   1075.8   1076.7   0.653
20260406225845    243    895.0    905.0   20.0     27.7   1073.3   1075.1   0.448
20260406225845    243   1030.0   1045.0   20.0     77.1   1072.7   1072.9   0.744
20260406225845    243   1180.0   1190.0   20.0     54.0   1075.7   1075.1   0.417
20260406225845    245     40.0     55.0   20.0    155.6   1081.4   1084.0   0.763
20260406225845    245    440.0    530.0   20.0    104.0   1080.3   1254.9   0.758
20260406225845    245    585.0    600.0   20.0     45.5   1264.6   1272.0   0.654
20260406225845    245    640.0    685.0   20.0     39.3   1282.2   1308.2   0.664
20260406225845    245    745.0    845.0   20.0     46.7   1289.1   1333.8   0.777
20260406225845    245   1030.0   1045.0   20.0     35.8   1352.9   1369.3   0.719
20260406225845    245   1250.0   1285.0   20.0     49.5   1379.6   1403.5   0.802
20260406225845    245   1420.0   1510.0   20.0     45.8   1423.9   1493.8   0.746
20260406225845    245   1560.0   1575.0   20.0     25.2   1501.4   1545.0   0.741
20260406225845    247      0.0    755.0   20.0    455.3      0.0   1480.7   0.864
20260406225845    247    960.0    995.0   20.0    327.6   1453.4   1493.3   0.830
20260406225845    247   1125.0   1140.0   20.0    276.8   1462.1   1538.5   0.840
20260406225845    247   1200.0   1305.0   20.0    402.4   1483.5   1557.6   0.886
20260406225845    249   1280.0   1295.0   20.0     77.5   1100.0   1098.4   0.765
20260406225845    250     90.0    105.0   20.0     23.8   1226.4   1279.2   0.804
20260406225845    250    380.0    395.0   20.0     22.6   1325.3   1318.8   0.816
20260406225845    251    870.0    885.0   20.0     20.6   1116.0   1105.0   0.645
20260406225845    251   1590.0   1605.0   20.0     33.7   1091.0   1092.6   0.417
20260406225845    253   1145.0   1160.0   20.0     22.8   1116.9   1121.7   0.464
20260406225845    253   1580.0   1615.0   20.0     45.3   1127.1   1354.9   0.784
20260406225845    253   1710.0   1775.0   20.0     43.8   1340.4   1441.1   0.773
20260406225845    255    825.0    840.0   20.0    138.4   1117.4   1117.8   0.700
20260406225845    255   1180.0   1195.0   20.0     82.4   1117.7   1119.6   0.687
20260406225845    255   1510.0   1590.0   20.0    158.3   1115.0   1111.1   0.916
20260406225845    255   1790.0   1800.0   20.0     38.1   1113.3   1108.6   0.587
20260406233204      5      0.0     40.0   20.0     67.3      0.0   1144.8   0.737
20260406233204      5    160.0    180.0   20.0     71.8   1201.4    995.5   0.842
20260406233204      6    155.0    555.0   20.0    285.4   1459.2   1597.3   0.829
20260406233204      6    685.0    765.0   20.0     60.5   1569.4   1559.4   0.543
20260406233204      6    815.0   1020.0   20.0     31.1   1560.2   1534.0   0.700
20260406233204      6   1085.0   1100.0   20.0     21.3   1536.4   1534.9   0.616
20260406233204      6   1195.0   1210.0   20.0     23.5   1532.6   1526.8   0.832
20260406233204      6   1555.0   1800.0   20.0     60.5   1448.2   1378.4   0.868
20260406233204      7    510.0    530.0   20.0    375.1   1466.1   1464.0   0.900
20260406233204      7   1195.0   1475.0   20.0    436.8   1505.7   1431.3   0.933
20260406233204      7   1540.0   1800.0   20.0    439.1   1410.2   1350.9   0.922
20260406233204      8    120.0    135.0   20.0     54.3    989.0    987.8   0.780
20260406233204      8   1400.0   1430.0   20.0     67.2    977.3    957.7   0.782
20260406233204     10   1000.0   1015.0   20.0     25.6   1317.0   1311.5   0.699
20260406233204     10   1095.0   1110.0   20.0     23.1   1311.6   1313.6   0.708
20260406233204     12      0.0     20.0    6.1    107.9      0.0   1522.1   0.479
20260406233204     12   1555.0   1605.0   20.0     73.4   1453.3   1435.5   0.620
20260406233204     12   1700.0   1785.0   20.0     72.3   1429.8   1391.4   0.661
20260406233204     13     15.0     30.0   20.0     49.6    970.0    972.7   0.712
20260406233204     13    290.0    305.0   20.0     37.3    977.4   1027.9   0.600
20260406233204     13    715.0    735.0   20.0     45.6   1071.7   1061.3   0.861
20260406233204     13    980.0    995.0   20.0     76.7   1052.8    965.5   0.752
20260406233204     14   1070.0   1085.0   20.0     25.5   1167.2   1159.9   0.801
20260406233204     14   1270.0   1285.0   20.0     30.7   1164.1   1159.0   0.754
20260406233204     14   1320.0   1335.0   20.0     22.2   1155.6   1155.6   0.822
20260406233204     15   1050.0   1065.0   20.0     68.5    970.1    968.2   0.758
20260406233204     15   1775.0   1790.0   20.0     67.3    901.9    881.7   0.798
20260406233204     16      0.0    165.0   20.0    100.4      0.0   1553.3   0.806
20260406233204     16    215.0    580.0   20.0     92.2   1555.3   1559.0   0.818
20260406233204     16    645.0    730.0   20.0     85.8   1559.0   1551.1   0.838
20260406233204     16    890.0    915.0   20.0    108.1   1549.4   1551.3   0.855
20260406233204     16    950.0   1105.0   20.0     90.0   1548.0   1548.8   0.820
20260406233204     16   1150.0   1375.0   20.0     94.9   1541.2   1540.6   0.845
20260406233204     16   1410.0   1455.0   20.0     86.3   1517.8   1492.4   0.846
20260406233204     16   1500.0   1755.0   20.0     89.0   1468.4   1415.6   0.909
20260406233204     17   1205.0   1220.0   20.0     69.6    967.9    971.0   0.653
20260406233204     20    450.0    505.0   20.0     59.8   1188.8   1228.2   0.906
20260406233204     20    580.0    595.0   20.0     48.8   1038.0   1049.1   0.754
20260406233204     20   1500.0   1545.0   20.0     22.6   1018.1   1112.2   0.707
20260406233204     20   1685.0   1700.0   20.0     30.8   1123.2   1132.0   0.837
20260406233204     22    965.0    980.0   20.0     46.2    940.5    991.4   0.737
20260406233204     22   1020.0   1060.0   20.0     67.1   1010.9   1178.3   0.890
20260406233204     22   1265.0   1280.0   20.0     30.4   1251.6   1310.5   0.747
20260406233204     27    205.0    220.0   20.0    163.5    949.8   1350.4   0.876
20260406233204     27    645.0    660.0   20.0     40.5   1398.4   1397.0   0.469
20260406233204     27    905.0    915.0   20.0     26.3   1398.6   1401.2   0.588
20260406233204     28    420.0    435.0   20.0     60.0    954.1    954.7   0.797
20260406233204     30     35.0     50.0   20.0    162.8   1066.8    939.7   0.752
20260406233204     30    745.0    760.0   20.0     66.3    945.4   1039.3   0.754
20260406233204     30    810.0    825.0   20.0     74.4   1075.5   1107.7   0.732
20260406233204     30    975.0    990.0   20.0     36.9   1165.0   1170.7   0.825
20260406233204     30   1065.0   1080.0   20.0    162.8   1158.0    935.4   0.829
20260406233204     30   1300.0   1315.0   20.0    139.7    930.1   1118.7   0.813
20260406233204     33   1190.0   1210.0   20.0     93.7   1330.6   1317.6   0.868
20260406233204     34      5.0     20.0   20.0     21.8   1335.4   1374.5   0.878
20260406233204     35    400.0    415.0   20.0     32.8    962.6   1008.0   0.722
20260406233204     35   1070.0   1085.0   20.0     38.6   1055.1   1073.5   0.752
20260406233204     35   1175.0   1190.0   20.0     74.2   1063.5    967.8   0.910
20260406233204     36   1315.0   1330.0   20.0     23.1   1194.0   1195.9   0.767
20260406233204     38     50.0     65.0   20.0     46.8    927.2   1001.0   0.735
20260406233204     38   1090.0   1105.0   20.0     21.1   1082.3   1077.9   0.641
20260406233204     38   1615.0   1630.0   20.0     22.6   1085.2   1081.3   0.730
20260406233204     40     45.0     60.0   20.0     55.2    924.9   1007.9   0.782
20260406233204     40    100.0    115.0   20.0     22.3   1041.1   1045.1   0.610
20260406233204     40    160.0    200.0   20.0    141.7   1040.3   1144.6   0.856
20260406233204     40    720.0    735.0   20.0     30.9   1136.5   1143.1   0.683
20260406233204     40   1305.0   1315.0   20.0     32.7   1140.4   1147.2   0.660
20260406233204     40   1665.0   1680.0   20.0     39.6   1090.5   1112.2   0.726
20260406233204     41    495.0    510.0   20.0     44.3   1035.6   1053.7   0.572
20260406233204     41    935.0    955.0   20.0     44.2   1079.1    926.0   0.799
20260406233204     41   1565.0   1580.0   20.0     40.3    877.3   1020.9   0.898
20260406233204     42    885.0    900.0   20.0     42.6   1498.0   1486.0   0.874
20260406233204     42   1015.0   1075.0   20.0     27.5   1476.4   1480.8   0.825
20260406233204     43    615.0    630.0   20.0     33.8    965.0    926.7   0.725
20260406233204     43   1320.0   1345.0   20.0     78.0    918.9   1042.7   0.751
20260406233204     44    835.0    895.0   20.0     53.5    931.7    926.7   0.794
20260406233204     44    995.0   1010.0   20.0     25.5    926.2    956.9   0.733
20260406233204     47   1070.0   1085.0   20.0     20.4    915.7    910.0   0.646
20260406233204     49     15.0     30.0   20.0    120.7    906.7   1244.3   0.933
20260406233204     50    860.0    875.0   20.0     24.5    925.8    915.0   0.514
20260406233204     50   1185.0   1200.0   20.0     30.9    909.4    964.3   0.817
20260406233204     50   1245.0   1260.0   20.0    121.0   1040.0    904.7   0.738
20260406233204     51    800.0    815.0   20.0     48.7    899.5   1096.7   0.826
20260406233204     51   1185.0   1205.0   20.0     80.2   1186.3    939.8   0.923
20260406233204     51   1245.0   1260.0   20.0     37.6    927.8    886.6   0.751
20260406233204     53    430.0    445.0   20.0     48.5    915.9    908.5   0.639
20260406233204     53   1640.0   1670.0   20.0    153.9    872.0    850.4   0.817
20260406233204     54    545.0    560.0   20.0     20.4   1023.9   1053.1   0.761
20260406233204     55    790.0    810.0   20.0     75.0    912.7   1047.8   0.854
20260406233204     56     70.0     85.0   20.0     55.5    899.6    900.2   0.807
20260406233204     56    415.0    430.0   20.0     40.4    910.0    958.5   0.747
20260406233204     56    615.0    630.0   20.0     37.2   1030.9   1020.2   0.735
20260406233204     56   1130.0   1145.0   20.0     22.8   1070.6   1095.6   0.778
20260406233204     56   1230.0   1245.0   20.0     29.5   1117.0   1123.2   0.684
20260406233204     56   1705.0   1720.0   20.0     34.3   1073.3   1120.6   0.765
20260406233204     59    110.0    155.0   20.0     90.9    892.5   1163.0   0.733
20260406233204     59    220.0    255.0   20.0     33.8   1183.2   1196.4   0.764
20260406233204     60      0.0    140.0   20.0     76.6      0.0   1061.4   0.775
20260406233204     60   1290.0   1300.0   20.0     20.0   1192.3   1201.9   0.456
20260406233204     60   1470.0   1485.0   20.0     28.7   1195.3   1198.9   0.818
20260406233204     60   1530.0   1545.0   20.0     40.4   1199.3   1196.7   0.767
20260406233204     60   1615.0   1630.0   20.0     22.4   1200.8   1204.2   0.554
20260406233204     61    480.0    495.0   20.0    108.9    895.4    895.5   0.788
20260406233204     61   1665.0   1680.0   20.0     46.1    845.7    842.3   0.747
20260406233204     63    835.0    885.0   20.0     60.9   1343.9   1367.8   0.761
20260406233204     64      0.0     60.0   20.0     32.3      0.0   1041.8   0.662
20260406233204     64    115.0    130.0   20.0     22.7   1043.2   1080.1   0.641
20260406233204     64    450.0    465.0   20.0     28.1   1133.4   1129.2   0.862
20260406233204     64   1080.0   1095.0   20.0     25.6   1160.8   1156.7   0.840
20260406233204     64   1550.0   1565.0   20.0     25.5   1201.9   1195.5   0.614
20260406233204     65     35.0     50.0   20.0     78.3    880.2    880.1   0.796
20260406233204     67   1120.0   1135.0   20.0     55.4    873.7   1032.3   0.911
20260406233204     68   1155.0   1170.0   20.0     35.3   1086.2   1100.6   0.772
20260406233204     69   1095.0   1110.0   20.0    136.4    892.0    879.8   0.816
20260406233204     69   1635.0   1660.0   20.0    140.9    843.5    836.9   0.778
20260406233204     70    865.0    880.0   20.0     21.5   1215.7   1220.4   0.706
20260406233204     73    315.0    330.0   20.0     24.2   1222.6   1222.5   0.727
20260406233204     74     25.0     40.0   20.0     81.6   1017.3   1113.5   0.840
20260406233204     75     95.0    170.0   20.0     97.3    872.6   1060.1   0.775
20260406233204     75    465.0    480.0   20.0     24.4   1122.3   1148.6   0.671
20260406233204     75    875.0    890.0   20.0    122.6   1079.8    880.7   0.761
20260406233204     76     10.0     25.0   20.0     31.8    885.5    936.0   0.746
20260406233204     76   1585.0   1600.0   20.0     23.3   1050.1   1058.5   0.801
20260406233204     77    275.0    300.0   20.0     80.1   1303.5   1301.0   0.809
20260406233204     77   1590.0   1640.0   20.0     65.0   1238.1   1239.0   0.845
20260406233204     78    240.0    255.0   20.0     92.6    899.9   1032.9   0.818
20260406233204     78    610.0    625.0   20.0     39.8   1030.9   1077.6   0.745
20260406233204     81    125.0    140.0   20.0    268.1   1209.9    878.9   0.789
20260406233204     81    235.0    250.0   20.0     51.4    884.8    956.5   0.802
20260406233204     81    305.0    330.0   20.0     56.9    955.9   1134.4   0.811
20260406233204     83     35.0     60.0   20.0     45.0    863.9    969.7   0.739
20260406233204     83    340.0    355.0   20.0     20.8   1005.6   1025.2   0.674
20260406233204     83    535.0    580.0   20.0     25.6   1026.7   1019.2   0.691
20260406233204     83    860.0    875.0   20.0     25.0   1037.5   1057.6   0.698
20260406233204     84     60.0     70.0   20.0     32.3   1057.9   1062.3   0.567
20260406233204     84    425.0    440.0   20.0     24.5   1131.3   1153.3   0.804
20260406233204     84   1155.0   1170.0   20.0     26.4   1172.5   1180.6   0.473
20260406233204     85    755.0    770.0   20.0     59.4    879.4    876.2   0.689
20260406233204     88     75.0     95.0   20.0     45.9    877.7    881.2   0.809
20260406233204     88    830.0    845.0   20.0     43.9    949.8   1104.2   0.889
20260406233204     90     70.0     85.0   20.0     58.3    868.5    998.9   0.759
20260406233204     90    475.0    490.0   20.0     22.2   1041.3   1080.9   0.649
20260406233204     90    805.0    815.0   20.0     25.2   1111.9   1112.4   0.413
20260406233204     90   1225.0   1240.0   20.0     24.4   1091.3   1090.6   0.747
20260406233204     91    340.0    355.0   20.0     21.4   1124.3   1134.9   0.730
20260406233204     91    390.0    405.0   20.0     38.8   1111.0   1135.3   0.770
20260406233204     93      0.0     15.0   20.0     36.4      0.0   1154.3   0.846
20260406233204     95     25.0     40.0   20.0     20.2   1341.1   1343.5   0.862
20260406233204     95    185.0   1800.0   20.0     40.0   1367.1   1310.8   0.882
20260406233204     96   1010.0   1060.0   20.0    143.8    992.8   1136.2   0.879
20260406233204     97   1300.0   1360.0   20.0    122.0    869.4    867.0   0.835
20260406233204     98    125.0    145.0   20.0     64.8    871.8    872.6   0.821
20260406233204     98    935.0    955.0   20.0     82.8    875.6    876.6   0.835
20260406233204     98   1420.0   1450.0   20.0     43.7    863.6    908.5   0.764
20260406233204     99    375.0    435.0   20.0     69.3    876.2    875.8   0.799
20260406233204     99    790.0    810.0   20.0     90.2    879.4   1028.0   0.833
20260406233204     99   1110.0   1125.0   20.0     38.3   1045.4   1061.4   0.665
20260406233204    100    430.0    445.0   20.0     23.1   1057.8   1098.4   0.788
20260406233204    100    780.0    795.0   20.0     23.2   1106.0   1136.6   0.759
20260406233204    103    100.0    145.0   20.0     74.2    880.9    882.8   0.772
20260406233204    103    420.0    435.0   20.0     58.8    892.3    889.1   0.780
20260406233204    103    850.0    870.0   20.0     76.2    890.5    891.4   0.782
20260406233204    103   1015.0   1090.0   20.0    148.0    891.0   1037.3   0.883
20260406233204    104     95.0    110.0   20.0     29.6    988.2   1019.6   0.707
20260406233204    104   1550.0   1565.0   20.0     25.3   1103.9   1109.3   0.734
20260406233204    105    215.0    225.0   14.3     80.6   1241.5   1272.3   0.442
20260406233204    105    400.0    440.0   20.0    129.2   1316.0   1326.6   0.801
20260406233204    105    595.0    610.0   20.0     24.2   1319.7   1330.7   0.747
20260406233204    105    765.0    780.0   20.0    202.0   1331.1   1318.0   0.796
20260406233204    106    220.0    235.0   20.0     25.8    987.9   1036.4   0.885
20260406233204    106    910.0    925.0   20.0     29.2   1094.0   1146.1   0.876
20260406233204    107      0.0    140.0   20.0     58.8      0.0    879.2   0.844
20260406233204    107    205.0    220.0   20.0    168.1    876.5   1091.1   0.761
20260406233204    107    275.0    325.0   20.0     67.7   1107.4   1219.7   0.746
20260406233204    107    420.0    435.0   20.0     27.0   1239.8   1212.8   0.608
20260406233204    107    615.0    630.0   20.0     23.5   1222.7   1220.5   0.642
20260406233204    107   1145.0   1155.0   20.0     20.5   1241.3   1251.4   0.733
20260406233204    107   1635.0   1650.0   20.0     24.6   1203.7   1202.8   0.501
20260406233204    109    435.0    480.0   20.0     71.7    887.1    889.0   0.759
20260406233204    109   1030.0   1045.0   20.0     29.5    959.3    960.2   0.816
20260406233204    110    760.0    775.0   20.0     28.6   1192.3   1191.5   0.875
20260406233204    111    305.0    355.0   20.0     77.8    921.0    923.7   0.831
20260406233204    111    850.0    870.0   20.0     43.3    919.8    919.6   0.776
20260406233204    111   1585.0   1605.0   20.0     73.8    882.7   1045.1   0.815
20260406233204    112     15.0     30.0   20.0     27.8    940.5    935.9   0.776
20260406233204    113   1250.0   1265.0   20.0     26.0    874.1    926.8   0.850
20260406233204    114    325.0    340.0   20.0     40.7    892.2    882.7   0.779
20260406233204    114    385.0    400.0   20.0    101.8    883.0   1106.9   0.743
20260406233204    114   1050.0   1065.0   20.0     26.7   1152.0   1156.1   0.798
20260406233204    114   1610.0   1625.0   20.0     20.6   1113.7   1161.4   0.774
20260406233204    115     10.0     25.0   20.0     54.6   1102.0   1133.1   0.762
20260406233204    116    135.0    150.0   20.0     26.2    871.1    908.2   0.746
20260406233204    117      5.0     25.0   20.0     49.5    860.9   1045.3   0.865
20260406233204    118    110.0    125.0   20.0     24.7   1218.2   1220.9   0.842
20260406233204    119   1700.0   1780.0   20.0     53.4    847.3   1057.4   0.899
20260406233204    121    240.0    545.0    7.0    236.7   1356.6   1406.5   0.681
20260406233204    121    645.0    655.0    2.9    223.3   1393.2   1385.9   0.523
20260406233204    121    775.0    790.0    3.1    247.3   1395.7   1401.0   0.533
20260406233204    121    860.0   1110.0   19.9    277.4   1404.9   1406.5   0.881
20260406233204    121   1150.0   1170.0   20.0    174.0   1404.0   1404.1   0.800
20260406233204    122    395.0    410.0   20.0     23.2   1186.9   1194.5   0.722
20260406233204    122   1315.0   1330.0   20.0     26.4   1188.5   1185.7   0.695
20260406233204    123    590.0    610.0   20.0     28.8    989.0    989.5   0.781
20260406233204    124   1785.0   1800.0   20.0     26.4    995.3    987.8   0.764
20260406233204    125    115.0    135.0   20.0    150.7    870.5   1180.5   0.844
20260406233204    127     60.0     75.0   20.0     31.4   1184.5   1150.6   0.731
20260406233204    128   1240.0   1260.0   20.0     72.0    995.8    936.0   0.850
20260406233204    129    445.0    460.0   20.0     33.8    945.1    945.4   0.734
20260406233204    131    210.0    225.0   20.0     44.9    877.6    879.2   0.790
20260406233204    131   1405.0   1445.0   20.0     57.1    881.8    876.5   0.805
20260406233204    132     85.0    100.0   20.0     54.1    970.4    958.2   0.864
20260406233204    132    355.0    370.0   20.0     22.1    982.3    986.8   0.688
20260406233204    132   1710.0   1725.0   20.0     22.9   1012.4   1038.1   0.771
20260406233204    135    865.0    895.0   20.0    165.3    886.4    891.1   0.790
20260406233204    136    250.0    305.0   20.0     26.3    946.7   1058.8   0.771
20260406233204    136    625.0    640.0   20.0     24.8   1103.3   1109.2   0.783
20260406233204    138   1255.0   1270.0   20.0     23.3   1149.3   1183.2   0.741
20260406233204    139     10.0     25.0   20.0     27.0    865.9    993.6   0.666
20260406233204    140    170.0    185.0   20.0     38.9   1133.0   1097.3   0.875
20260406233204    141      5.0     20.0   20.0     56.0    957.8    959.5   0.771
20260406233204    141    685.0    700.0   20.0     31.7    965.2   1001.0   0.790
20260406233204    141    735.0    755.0   20.0     71.6   1012.2    965.0   0.786
20260406233204    141   1260.0   1275.0   20.0     24.2    960.0    985.7   0.791
20260406233204    141   1640.0   1655.0   20.0     44.1    983.4    931.1   0.862
20260406233204    143      0.0   1800.0   20.0     62.3      0.0   1347.9   0.888
20260406233204    144     90.0    110.0   20.0     47.6    963.8    896.3   0.880
20260406233204    144    535.0    550.0   20.0     42.2    907.6    957.8   0.796
20260406233204    146    230.0    245.0   20.0     24.5    988.5   1005.6   0.872
20260406233204    148     15.0     30.0   20.0     28.5    977.3    995.6   0.677
20260406233204    148     90.0    105.0   20.0     41.9   1006.9   1018.7   0.647
20260406233204    148    160.0    175.0   20.0     77.2   1009.6    911.0   0.761
20260406233204    148    225.0    240.0   20.0     21.3    920.7    986.9   0.748
20260406233204    148    355.0    400.0   20.0     24.5   1045.9   1061.2   0.793
20260406233204    153    405.0    420.0   20.0     26.8   1290.1   1300.4   0.582
20260406233204    155    110.0    120.0   20.0     23.6   1199.6   1235.1   0.470
20260406233204    157     20.0     35.0   20.0     96.6    916.7   1178.0   0.851
20260406233204    157    190.0    205.0   20.0     20.4   1206.5   1247.6   0.606
20260406233204    157    405.0    420.0   20.0     20.9   1219.7   1222.1   0.498
20260406233204    158    925.0    940.0   20.0     21.0   1350.7   1352.1   0.709
20260406233204    159   1135.0   1150.0   20.0     48.9    110.9    120.6   0.822
20260406233204    163    405.0    420.0   20.0     38.1    901.1   1050.0   0.801
20260406233204    163    775.0    790.0   20.0    106.8   1078.5    902.6   0.735
20260406233204    163   1570.0   1605.0   20.0     91.5    883.0    959.6   0.830
20260406233204    165    140.0    165.0   20.0     30.4    983.8   1105.6   0.789
20260406233204    167    215.0    230.0   20.0     21.6   1373.1   1390.1   0.673
20260406233204    168   1155.0   1170.0   20.0     21.9   1406.1   1401.1   0.668
20260406233204    168   1285.0   1300.0   20.0     21.5   1408.8   1408.6   0.706
20260406233204    168   1380.0   1390.0   20.0     20.1   1404.6   1403.2   0.541
20260406233204    169      0.0     30.0   20.0     37.8      0.0   1100.4   0.736
20260406233204    169    120.0    135.0   20.0     50.0   1107.4   1108.7   0.640
20260406233204    169    405.0    430.0   20.0     27.0   1109.0   1103.9   0.689
20260406233204    169    595.0    610.0   20.0     23.7   1120.8   1118.3   0.659
20260406233204    169    905.0    920.0   20.0     35.6   1099.2   1099.4   0.831
20260406233204    169   1210.0   1225.0   20.0     25.6   1105.2   1119.0   0.715
20260406233204    169   1260.0   1275.0   20.0     26.8   1116.2   1158.5   0.579
20260406233204    169   1380.0   1395.0   20.0     27.7   1167.7   1149.3   0.712
20260406233204    169   1635.0   1650.0   20.0     48.1   1108.7   1100.6   0.796
20260406233204    172     55.0     70.0   20.0     44.3    926.4    991.1   0.796
20260406233204    172    205.0    230.0   20.0     31.8   1030.0   1059.4   0.781
20260406233204    172    560.0    575.0   20.0     20.5   1081.0   1085.0   0.720
20260406233204    173   1225.0   1245.0   20.0     71.5    913.3    912.8   0.711
20260406233204    173   1565.0   1605.0   20.0     34.7    896.1   1139.5   0.783
20260406233204    173   1760.0   1775.0   20.0    137.0   1140.9    889.6   0.747
20260406233204    174      0.0     10.0   20.0     37.3      0.0    979.3   0.708
20260406233204    176    465.0    480.0   20.0     37.3   1078.7   1121.5   0.832
20260406233204    176   1405.0   1420.0   20.0     21.0   1180.5   1197.1   0.768
20260406233204    176   1715.0   1735.0   20.0     77.8   1194.5   1261.8   0.841
20260406233204    176   1775.0   1790.0   20.0     53.5   1251.1   1294.8   0.872
20260406233204    177    320.0    340.0   20.0     77.7    920.8    922.3   0.750
20260406233204    177    580.0    620.0   20.0    192.6    922.2    925.2   0.855
20260406233204    177   1700.0   1720.0   20.0     72.6    900.6   1105.4   0.834
20260406233204    178    150.0    165.0   20.0     24.8    922.2    992.8   0.758
20260406233204    178    560.0    590.0   20.0     29.8   1075.4   1081.0   0.758
20260406233204    178   1375.0   1390.0   20.0     29.7   1106.3   1144.3   0.873
20260406233204    179    485.0    500.0   20.0     24.7    958.1    985.0   0.599
20260406233204    179   1540.0   1555.0   20.0     24.5   1154.0   1159.6   0.734
20260406233204    180    495.0    565.0   20.0     25.5   1040.5   1081.0   0.720
20260406233204    180    845.0    860.0   20.0     25.5   1086.4   1100.6   0.450
20260406233204    180   1070.0   1085.0   20.0     40.1   1094.8   1113.1   0.811
20260406233204    180   1360.0   1375.0   20.0     27.5   1107.9   1111.3   0.838
20260406233204    180   1775.0   1790.0   20.0     33.0   1072.2   1086.1   0.712
20260406233204    181     30.0     75.0   20.0     86.0    949.0    927.0   0.831
20260406233204    181   1075.0   1145.0   20.0     58.5    933.8    933.7   0.816
20260406233204    183   1285.0   1320.0   20.0     35.6    941.6   1114.3   0.815
20260406233204    183   1360.0   1370.0   20.0     20.5   1132.7   1198.3   0.424
20260406233204    183   1435.0   1450.0   20.0    194.2   1256.4    934.2   0.786
20260406233204    185     25.0     70.0   20.0    129.8    917.9    956.6   0.779
20260406233204    185    485.0    500.0   20.0     21.6   1000.9    993.2   0.631
20260406233204    185   1735.0   1750.0   20.0     78.4    984.2    902.8   0.751
20260406233204    187     25.0     40.0   20.0     80.7    929.6   1310.4   0.897
20260406233204    187   1520.0   1535.0   20.0     27.9   1441.3   1401.3   0.821
20260406233204    188     80.0     95.0   20.0     44.4    947.3   1017.8   0.811
20260406233204    188    150.0    230.0   20.0     75.4   1058.1   1209.5   0.741
20260406233204    188   1080.0   1095.0   20.0     37.9   1313.3   1344.6   0.773
20260406233204    189    195.0    260.0   20.0     45.4    943.7   1029.1   0.840
20260406233204    189    610.0    625.0   20.0    112.6   1100.4    947.1   0.773
20260406233204    190   1160.0   1210.0   20.0     35.3    946.0   1100.5   0.829
20260406233204    190   1790.0   1800.0   20.0     35.8   1076.2   1094.1   0.781
20260406233204    191    850.0    865.0   20.0     32.1    956.0    994.0   0.691
20260406233204    191    990.0   1005.0   20.0     60.5   1021.1    958.1   0.736
20260406233204    192    345.0    360.0   20.0     34.8   1154.3   1185.8   0.703
20260406233204    193      0.0    485.0   20.0     86.8      0.0   1605.6   0.874
20260406233204    193    525.0    550.0   20.0     65.2   1606.3   1606.7   0.791
20260406233204    195    495.0    515.0   20.0     98.7    958.2    957.2   0.886
20260406233204    195    675.0    690.0   20.0     91.0    958.0   1110.0   0.724
20260406233204    196    195.0    210.0   20.0     26.3   1090.8   1102.7   0.558
20260406233204    196    485.0    500.0   20.0     29.0   1154.0   1179.5   0.735
20260406233204    196    980.0    995.0   20.0     35.6   1209.0   1242.5   0.750
20260406233204    196   1665.0   1685.0   20.0     61.1   1093.1    976.0   0.842
20260406233204    196   1740.0   1755.0   20.0     40.0    968.8   1017.1   0.789
20260406233204    199    305.0    320.0   20.0     53.6    958.4    959.6   0.769
20260406233204    199   1165.0   1185.0   20.0     56.5    960.2    958.7   0.750
20260406233204    200     85.0    120.0   20.0     39.1    968.5   1184.0   0.790
20260406233204    200    225.0    270.0   20.0     28.7   1163.1   1205.6   0.821
20260406233204    200    575.0    620.0   20.0     25.8   1269.0   1346.7   0.742
20260406233204    201     90.0    105.0   20.0     98.9    964.4   1157.4   0.836
20260406233204    201    510.0    520.0   20.0     20.3   1234.7   1252.1   0.753
20260406233204    203   1570.0   1590.0   20.0     86.6   1018.1    975.9   0.904
20260406233204    204     45.0     55.0   20.0     22.1   1199.8   1228.8   0.566
20260406233204    204    130.0    140.0   20.0     26.8   1217.9   1238.3   0.420
20260406233204    204    205.0    245.0   20.0    100.7   1217.9   1263.7   0.841
20260406233204    204    410.0    425.0   20.0     26.3   1256.6   1264.0   0.785
20260406233204    204    630.0    645.0   20.0     23.2   1268.7   1264.2   0.753
20260406233204    204    815.0    830.0   20.0     24.4   1246.7   1249.9   0.724
20260406233204    204   1135.0   1150.0   20.0     23.6   1261.3   1249.6   0.781
20260406233204    204   1340.0   1355.0   20.0     26.9   1230.8   1252.0   0.818
20260406233204    205      0.0     20.0   20.0     40.6      0.0    973.9   0.813
20260406233204    205    305.0    320.0   20.0    109.2    996.9   1137.4   0.767
20260406233204    205    375.0    430.0   20.0    134.0   1148.2    985.2   0.799
20260406233204    205   1370.0   1385.0   20.0     23.6   1016.8   1069.3   0.719
20260406233204    205   1440.0   1455.0   20.0     30.7   1081.8   1014.8   0.847
20260406233204    209   1465.0   1515.0   20.0     85.3    987.1    986.9   0.792
20260406233204    210    475.0    490.0   20.0     21.0   1132.6   1145.0   0.812
20260406233204    210    530.0    545.0   20.0     32.0   1138.3   1141.8   0.753
20260406233204    210   1290.0   1305.0   20.0     22.7   1198.2   1189.2   0.807
20260406233204    211    255.0    270.0   20.0     48.2    995.7    995.7   0.546
20260406233204    212   1405.0   1420.0   20.0     20.7   1366.3   1375.5   0.860
20260406233204    213   1265.0   1295.0   20.0    115.6   1003.2   1223.5   0.893
20260406233204    213   1650.0   1665.0   20.0     26.9   1258.2   1284.7   0.774
20260406233204    216    900.0    915.0   20.0     35.5   1272.8   1279.8   0.629
20260406233204    216   1670.0   1685.0   20.0     28.9   1361.6   1365.1   0.792
20260406233204    217    280.0    395.0   20.0     72.1   1017.8   1450.1   0.838
20260406233204    219    915.0    940.0   20.0     94.4   1017.9   1310.5   0.880
20260406233204    219    985.0   1030.0   20.0     30.3   1305.2   1370.1   0.758
20260406233204    219   1165.0   1180.0   20.0    189.3   1437.6   1011.8   0.901
20260406233204    220     25.0     40.0   20.0     32.4   1138.3   1215.0   0.725
20260406233204    220     85.0    100.0   20.0     22.4   1240.9   1245.5   0.731
20260406233204    221    135.0    150.0   20.0     44.7   1006.8   1190.0   0.795
20260406233204    221    310.0    370.0   20.0     44.8   1184.3   1310.5   0.696
20260406233204    221    675.0    690.0   20.0     29.4   1456.8   1488.5   0.777
20260406233204    222     60.0     70.0   20.0     21.5   1644.9   1645.2   0.576
20260406233204    222    200.0    215.0   20.0     22.8   1658.9   1661.3   0.634
20260406233204    224    145.0    185.0   20.0     39.9   1561.4   1556.4   0.751
20260406233204    224    270.0    335.0   20.0     43.3   1551.7   1557.0   0.723
20260406233204    224    575.0    780.0   20.0     63.4   1537.0   1577.5   0.798
20260406233204    224    885.0    900.0   20.0     22.2   1549.8   1556.8   0.628
20260406233204    224    955.0    995.0   20.0     38.0   1545.7   1553.6   0.664
20260406233204    224   1280.0   1325.0   20.0     56.2   1548.5   1542.6   0.734
20260406233204    224   1440.0   1455.0   20.0     23.6   1553.4   1538.2   0.771
20260406233204    224   1525.0   1540.0   20.0     31.4   1535.2   1527.6   0.787
20260406233204    225    400.0    415.0   20.0     98.0   1030.7   1167.3   0.749
20260406233204    225   1350.0   1365.0   20.0     27.9   1191.2   1193.1   0.763
20260406233204    228   1750.0   1795.0   20.0     21.5   1630.1   1626.6   0.432
20260406233204    231     10.0     25.0   20.0    143.9   1038.3   1039.1   0.693
20260406233204    231   1445.0   1465.0   20.0    200.0   1037.3   1033.2   0.899
20260406233204    233    910.0    940.0   20.0    124.6   1043.1   1048.5   0.911
20260406233204    233   1180.0   1195.0   20.0     66.9   1045.8   1046.9   0.673
20260406233204    233   1390.0   1410.0   20.0    278.3   1065.6   1045.5   0.867
20260406233204    234    100.0    115.0   20.0     51.3   1043.2   1101.5   0.732
20260406233204    234    150.0    165.0   20.0     26.1   1134.8   1150.4   0.685
20260406233204    234    220.0    235.0   20.0    144.5   1199.5   1045.1   0.753
20260406233204    234    325.0    340.0   20.0     36.5   1045.1   1109.3   0.772
20260406233204    234    375.0    390.0   20.0     24.5   1120.6   1135.0   0.603
20260406233204    234    445.0    580.0   20.0    144.9   1158.6   1045.4   0.844
20260406233204    236     50.0    120.0   20.0     49.6   1160.1   1275.7   0.886
20260406233204    236    240.0    270.0   20.0     67.5   1231.3   1376.1   0.867
20260406233204    237    500.0    515.0   20.0     65.6   1138.8   1126.9   0.831
20260406233204    239    195.0    210.0   20.0     34.1   1074.6   1120.2   0.735
20260406233204    239    310.0    325.0   20.0     20.7   1131.7   1176.9   0.588
20260406233204    239    425.0    440.0   20.0     20.8   1217.4   1247.3   0.618
20260406233204    239    475.0    535.0   20.0    137.0   1245.1   1076.7   0.803
20260406233204    241      0.0     20.0   20.0     83.1      0.0   1686.3   0.767
20260406233204    241   1075.0   1100.0   20.0     78.9   1682.9   1700.6   0.773
20260406233204    241   1450.0   1470.0   20.0     75.4   1665.3   1689.9   0.772
20260406233204    241   1510.0   1530.0   20.0     64.1   1666.4   1684.4   0.781
20260406233204    241   1600.0   1620.0   20.0     69.5   1660.5   1676.0   0.790
20260406233204    241   1675.0   1695.0   20.0     71.2   1664.0   1677.3   0.832
20260406233204    241   1760.0   1785.0   20.0     68.2   1656.0   1672.1   0.745
20260406233204    243    510.0    530.0   20.0     85.3   1080.2   1078.3   0.868
20260406233204    245    710.0    725.0   20.0    127.9   1080.9   1081.9   0.720
20260406233204    245    860.0    900.0   20.0     93.6   1080.4   1352.9   0.785
20260406233204    245    935.0   1020.0   20.0     41.7   1360.4   1432.2   0.726
20260406233204    247     90.0    710.0   20.0    402.7   1543.7   1605.7   0.930
20260406233204    247    775.0    795.0   20.0    314.1   1612.7   1544.7   0.836
20260406233204    247    880.0    895.0   20.0     22.6   1573.5   1603.5   0.719
20260406233204    247    960.0   1800.0   20.0    369.5   1605.4   1637.2   0.898
20260406233204    249    410.0    435.0   20.0    247.8   1094.7   1097.5   0.757
20260406233204    249   1185.0   1205.0   20.0    126.1   1108.3   1162.7   0.847
20260406233204    249   1240.0   1255.0   20.0    192.6   1148.5   1092.9   0.821
20260406233204    249   1425.0   1440.0   20.0    250.5   1090.5   1546.3   0.850
20260406233204    250    310.0    325.0   20.0     25.6   1301.9   1325.3   0.879
20260406233204    251   1450.0   1465.0   20.0     43.6   1101.8   1116.5   0.539
20260406233204    253    155.0    225.0   20.0     92.8   1124.0   1553.1   0.854
20260406233204    253    330.0    415.0   20.0    105.8   1615.1   1125.1   0.925
20260406233204    253   1255.0   1325.0   20.0    397.5   1126.7   1122.9   0.821
20260406233204    253   1500.0   1520.0   20.0    245.9   1116.6   1525.4   0.855
20260406233204    253   1555.0   1570.0   20.0     22.3   1496.4   1464.4   0.773
20260406233204    253   1790.0   1800.0   20.0     22.9   1468.8   1459.4   0.628
20260406233204    254    180.0    195.0   20.0     34.7   1295.2   1321.6   0.665
20260406233204    255   1160.0   1175.0   20.0    187.2   1126.1   1131.8   0.820
20260407000525      2    765.0    815.0   20.0     76.1   1001.9    996.1   0.772
20260407000525      2    885.0    905.0   20.0     67.5    991.9   1245.2   0.829
20260407000525      2   1005.0   1015.0   20.0     23.3   1250.0   1257.9   0.594
20260407000525      2   1110.0   1125.0   20.0     22.5   1255.8   1277.2   0.864
20260407000525      3    685.0    705.0   20.0     35.6    987.4    986.5   0.778
20260407000525      4    545.0    560.0   20.0     79.7   1005.6   1123.1   0.841
20260407000525      4    690.0    705.0   20.0     31.8   1172.5   1176.1   0.457
20260407000525      4    845.0    860.0   20.0     34.4   1202.2   1240.7   0.821
20260407000525      4   1105.0   1120.0   20.0     45.6   1214.1   1233.5   0.878
20260407000525      4   1545.0   1570.0   20.0     23.4   1226.2   1255.2   0.775
20260407000525      5    515.0    530.0   20.0     23.2   1170.7   1071.8   0.641
20260407000525      5    570.0    585.0   20.0     23.2   1066.4   1120.5   0.856
20260407000525      5    675.0    695.0   20.0    116.1   1110.5   1099.7   0.753
20260407000525      5   1280.0   1295.0   20.0    228.4    987.3    993.2   0.805
20260407000525      5   1610.0   1640.0   20.0    148.0    974.4    973.3   0.851
20260407000525      6      5.0   1600.0    3.0    160.6   1434.1   1476.4   0.736
20260407000525      6   1635.0   1645.0    2.4    146.8   1476.9   1478.0   0.478
20260407000525      6   1700.0   1795.0    3.1    147.2   1466.9   1474.4   0.554
20260407000525      7    260.0    435.0   20.0    437.3   1504.9   1504.1   0.817
20260407000525      7    470.0    525.0   20.0    349.4   1504.3   1509.6   0.750
20260407000525      7    675.0    765.0   16.8    278.7   1520.9   1521.2   0.632
20260407000525      7   1200.0   1565.0   19.6    595.0   1530.2   1449.2   0.886
20260407000525      8    375.0    390.0   20.0     40.6    992.6   1068.8   0.763
20260407000525      8    545.0    560.0   20.0     21.5   1113.4   1143.7   0.673
20260407000525      8    775.0    790.0   20.0     35.5   1164.5   1223.5   0.658
20260407000525      8    825.0    865.0   20.0     41.2   1213.0   1174.8   0.902
20260407000525      8   1280.0   1295.0   20.0     31.3   1184.0   1239.2   0.883
20260407000525      8   1560.0   1575.0   20.0     54.4   1212.2   1279.5   0.845
20260407000525     12    330.0    340.0   20.0     83.2   1568.5   1567.0   0.616
20260407000525     12    440.0    495.0   20.0     90.3   1557.2   1563.3   0.623
20260407000525     12    530.0   1800.0   20.0    100.1   1560.7   1538.2   0.780
20260407000525     13   1770.0   1785.0   20.0     21.0    978.0    960.8   0.755
20260407000525     15     40.0     70.0   20.0    340.5    975.6    983.8   0.789
20260407000525     15    510.0    560.0   20.0     69.5   1047.1   1105.1   0.664
20260407000525     15    830.0    845.0   20.0     32.6   1132.0   1136.7   0.559
20260407000525     15    890.0    905.0   20.0     29.8   1138.0   1158.5   0.696
20260407000525     15   1565.0   1580.0   20.0     22.0   1189.2   1184.3   0.500
20260407000525     15   1615.0   1630.0   20.0     21.6   1185.2   1223.7   0.698
20260407000525     16      0.0    565.0   20.0    100.2      0.0   1570.9   0.810
20260407000525     16    640.0   1020.0   20.0     95.7   1567.0   1561.6   0.847
20260407000525     16   1065.0   1800.0   20.0     97.6   1561.1   1615.7   0.853
20260407000525     17     30.0     45.0   20.0     61.1    964.8   1055.8   0.772
20260407000525     17     80.0    105.0   20.0     67.1   1115.3   1113.9   0.792
20260407000525     17    175.0    190.0   20.0     30.8   1094.0   1094.9   0.823
20260407000525     17    275.0    315.0   20.0    107.3   1093.3   1285.9   0.896
20260407000525     17    905.0    920.0   20.0     20.6   1351.8   1375.6   0.626
20260407000525     19    885.0    900.0   20.0     30.9   1050.9   1162.4   0.728
20260407000525     19    935.0    950.0   20.0     26.1   1178.0   1180.9   0.698
20260407000525     19   1475.0   1555.0   20.0     56.7   1147.0    956.6   0.933
20260407000525     20   1335.0   1350.0   20.0     20.3   1276.8   1289.3   0.834
20260407000525     25   1370.0   1390.0   20.0     80.1   1003.0   1002.9   0.775
20260407000525     27    110.0    120.0   20.0     23.4   1137.7   1170.9   0.566
20260407000525     27   1060.0   1075.0   20.0     34.9   1361.0   1358.1   0.693
20260407000525     29    895.0    910.0   20.0    174.7    942.0    930.2   0.787
20260407000525     29   1320.0   1335.0   20.0     28.4    922.8    975.6   0.799
20260407000525     30     15.0     30.0   20.0     56.0    943.0   1030.7   0.757
20260407000525     30    530.0    550.0   20.0     41.4   1118.8   1118.7   0.753
20260407000525     30    910.0    925.0   20.0     22.0   1126.7   1153.9   0.769
20260407000525     30   1045.0   1095.0   20.0     55.4   1135.8   1047.0   0.772
20260407000525     30   1145.0   1160.0   20.0     25.8   1067.3   1092.0   0.691
20260407000525     35    365.0    405.0   20.0    153.3    945.6    945.1   0.816
20260407000525     35    640.0    655.0   20.0     66.7    960.3    952.7   0.867
20260407000525     35    785.0    805.0   20.0     85.2    953.8   1074.1   0.766
20260407000525     35    930.0    945.0   20.0     58.5   1052.8    936.8   0.844
20260407000525     36    210.0    225.0   20.0     37.9   1157.3   1179.2   0.503
20260407000525     36    315.0    330.0   20.0     26.0   1169.9   1146.2   0.834
20260407000525     40     45.0     60.0   20.0     30.2    928.9   1004.0   0.768
20260407000525     40    120.0    135.0   20.0     29.2   1061.7   1072.1   0.604
20260407000525     40    455.0    470.0   20.0     36.0   1078.6   1100.9   0.591
20260407000525     40   1015.0   1045.0   20.0     65.5   1105.3   1130.0   0.740
20260407000525     42      0.0     25.0   20.0     49.8      0.0   1496.2   0.773
20260407000525     42    130.0    145.0   20.0     24.4   1502.7   1466.1   0.797
20260407000525     42    200.0    250.0   20.0     46.5   1462.0   1463.9   0.817
20260407000525     42    305.0    585.0   20.0     47.1   1464.9   1462.6   0.821
20260407000525     42    655.0    745.0   20.0     48.8   1457.7   1505.3   0.769
20260407000525     42    795.0    860.0   20.0     48.2   1509.4   1457.1   0.805
20260407000525     42    940.0   1145.0   20.0     50.0   1451.6   1452.6   0.838
20260407000525     42   1210.0   1430.0   20.0     53.0   1447.5   1492.8   0.830
20260407000525     42   1515.0   1700.0   20.0     54.0   1498.4   1486.8   0.819
20260407000525     43    920.0    935.0   20.0     39.1    938.2    927.4   0.725
20260407000525     44    125.0    140.0   20.0     32.9    926.3    970.0   0.762
20260407000525     44    275.0    290.0   20.0     22.2   1050.0   1057.8   0.784
20260407000525     44    350.0    365.0   20.0     22.4   1055.2   1066.4   0.612
20260407000525     44    970.0    980.0   20.0     40.9   1085.1   1087.1   0.490
20260407000525     44   1365.0   1380.0   20.0     21.2   1112.2   1124.5   0.858
20260407000525     45    360.0    375.0   20.0     38.2    929.7    964.7   0.881
20260407000525     47    345.0    360.0   20.0    141.8    919.2    945.0   0.753
20260407000525     47    640.0    680.0   20.0    100.8    917.7    918.6   0.814
20260407000525     48    115.0    135.0   20.0     57.5    913.8    915.1   0.749
20260407000525     48   1240.0   1255.0   20.0     76.3   1012.5   1012.7   0.781
20260407000525     48   1310.0   1325.0   20.0     48.6    989.3    905.5   0.747
20260407000525     50    810.0    825.0   20.0     41.8    913.7    960.4   0.742
20260407000525     50    900.0    915.0   20.0     23.0    963.0    973.9   0.816
20260407000525     50   1165.0   1180.0   20.0     33.1   1017.3   1030.7   0.673
20260407000525     51    270.0    300.0   20.0     91.7    895.8    896.3   0.860
20260407000525     51    870.0    885.0   20.0     26.3    894.1    894.6   0.445
20260407000525     52     50.0     65.0   20.0     26.7   1010.3   1065.4   0.693
20260407000525     52    110.0    125.0   20.0    158.4   1092.3    902.5   0.780
20260407000525     52    295.0    310.0   20.0     42.8    909.2    979.1   0.813
20260407000525     52    365.0    380.0   20.0     49.8    995.8   1015.0   0.688
20260407000525     52    520.0    540.0   20.0     90.0   1030.2    977.8   0.750
20260407000525     52    810.0    825.0   20.0     39.3    984.7   1045.7   0.820
20260407000525     52   1190.0   1200.0   20.0     24.8   1050.6   1099.3   0.689
20260407000525     53   1505.0   1540.0   20.0     55.6    899.8    898.3   0.743
20260407000525     54   1090.0   1105.0   20.0     55.1   1095.0   1125.2   0.716
20260407000525     55    105.0    120.0   20.0     45.1   1052.8   1117.5   0.869
20260407000525     55    750.0    765.0   20.0     35.2   1259.1   1281.4   0.828
20260407000525     56     20.0     35.0   20.0     26.7    906.5    968.5   0.854
20260407000525     56    110.0    125.0   20.0     48.8    995.1   1104.5   0.767
20260407000525     56   1085.0   1100.0   20.0     21.2   1028.5   1041.8   0.674
20260407000525     56   1515.0   1530.0   20.0    162.0   1045.7    900.9   0.695
20260407000525     56   1630.0   1645.0   20.0     26.9    897.1    897.2   0.763
20260407000525     58     85.0    100.0   20.0     66.0   1089.0   1080.8   0.771
20260407000525     58    170.0    185.0   20.0     34.5   1083.9   1118.7   0.604
20260407000525     58    220.0    235.0   20.0     21.6   1117.8   1124.4   0.642
20260407000525     58    610.0    625.0   20.0     20.6   1131.4   1137.2   0.727
20260407000525     58   1165.0   1180.0   20.0     24.2   1170.0   1162.1   0.678
20260407000525     59   1040.0   1055.0   20.0     23.5   1327.9   1328.9   0.760
20260407000525     60    880.0    895.0   20.0     29.5   1239.2   1249.8   0.537
20260407000525     60   1355.0   1370.0   20.0     21.5   1256.9   1274.4   0.710
20260407000525     64    130.0    145.0   20.0     22.5   1144.0   1147.8   0.519
20260407000525     64    385.0    400.0   20.0     25.5   1120.8   1120.5   0.796
20260407000525     64    680.0    695.0   20.0     42.8   1140.5   1177.3   0.764
20260407000525     64   1500.0   1515.0   20.0     21.6   1143.7   1140.4   0.596
20260407000525     65    615.0    650.0   20.0    131.8    890.1    890.6   0.782
20260407000525     65   1695.0   1720.0   20.0    126.5    902.3    885.9   0.879
20260407000525     67     45.0     95.0   20.0    188.7   1131.1    874.4   0.784
20260407000525     67   1330.0   1345.0   20.0     21.3    885.5    882.1   0.773
20260407000525     67   1495.0   1510.0   20.0    145.1    874.5    960.2   0.893
20260407000525     67   1600.0   1615.0   20.0     82.8    928.2   1002.5   0.754
20260407000525     69    785.0    800.0   20.0     26.9    890.8    923.6   0.776
20260407000525     69   1200.0   1215.0   20.0     32.1    965.5    892.8   0.845
20260407000525     69   1440.0   1455.0   20.0     44.4    887.2   1022.7   0.901
20260407000525     69   1605.0   1620.0   20.0     21.4   1031.8   1050.5   0.778
20260407000525     71     45.0     60.0   20.0     92.5    880.8   1082.1   0.827
20260407000525     71    105.0    120.0   20.0     65.2   1138.2   1203.5   0.735
20260407000525     73   1320.0   1330.0   20.0     20.1    879.4    878.9   0.531
20260407000525     73   1510.0   1525.0   20.0     48.7    880.8   1067.8   0.890
20260407000525     75    415.0    435.0   20.0     33.3    891.8    890.4   0.789
20260407000525     75   1015.0   1025.0   20.0     31.1    896.6    905.3   0.404
20260407000525     75   1175.0   1190.0   20.0     28.3    908.3    895.3   0.775
20260407000525     77     50.0     65.0   20.0     55.9   1271.4   1401.1   0.833
20260407000525     79    100.0    130.0   20.0    134.6    877.9    880.9   0.854
20260407000525     81     65.0     80.0   20.0     78.3    886.3    898.5   0.810
20260407000525     83     60.0     80.0   20.0    108.1    869.3   1137.6   0.876
20260407000525     85    655.0    670.0   20.0     48.1    885.2    948.7   0.750
20260407000525     85    720.0    735.0   20.0     36.2    954.3   1008.1   0.643
20260407000525     85    805.0    825.0   20.0    112.9   1008.3    886.4   0.775
20260407000525     85   1395.0   1410.0   20.0     26.6    877.8    880.0   0.658
20260407000525     85   1475.0   1525.0   20.0    123.3    878.6    877.3   0.771
20260407000525     86    130.0    145.0   20.0     20.1   1120.0   1126.7   0.651
20260407000525     90    700.0    715.0   20.0     25.7   1083.7   1070.3   0.684
20260407000525     91     25.0     45.0   20.0     79.6    886.7   1161.6   0.887
20260407000525     91    115.0    130.0   20.0     24.4   1196.2   1197.4   0.709
20260407000525     91    705.0    720.0   20.0     36.9   1164.2   1169.6   0.893
20260407000525     94    335.0    350.0   20.0     25.2   1190.3   1214.5   0.584
20260407000525     94    835.0    850.0   20.0     41.8   1199.9   1213.7   0.735
20260407000525     95      0.0   1615.0   20.0     71.2      0.0   1437.6   0.824
20260407000525     95   1695.0   1760.0   20.0     67.7   1433.4   1439.3   0.658
20260407000525     96      0.0     10.0   20.0     49.0      0.0    980.4   0.753
20260407000525     96    605.0    620.0   20.0     21.9   1108.1   1112.5   0.625
20260407000525     96    955.0    970.0   20.0     30.2   1122.2   1117.5   0.457
20260407000525     96   1245.0   1260.0   20.0     25.7   1156.5   1184.9   0.721
20260407000525     96   1485.0   1500.0   20.0     21.2   1184.1   1173.6   0.516
20260407000525     96   1555.0   1570.0   20.0     77.7   1143.4    893.1   0.897
20260407000525     97    130.0    145.0   20.0     33.5    868.4    916.5   0.731
20260407000525     97    885.0    900.0   20.0     24.2   1031.0   1030.7   0.472
20260407000525     97    935.0    950.0   20.0     25.2   1030.3   1039.6   0.675
20260407000525     98    405.0    420.0   20.0     56.9    879.9    879.8   0.724
20260407000525     99   1070.0   1085.0   20.0     36.9   1032.1   1054.3   0.770
20260407000525    100   1410.0   1425.0   20.0     37.7   1279.2    951.6   0.877
20260407000525    101   1290.0   1305.0   20.0     49.0    914.4    967.1   0.808
20260407000525    101   1375.0   1390.0   20.0     49.4    971.8    913.3   0.803
20260407000525    103   1295.0   1310.0   20.0     25.8    892.4    925.4   0.659
20260407000525    103   1450.0   1465.0   20.0     90.6    950.2    889.5   0.852
20260407000525    104   1640.0   1655.0   20.0     33.6   1152.9   1145.7   0.865
20260407000525    107    175.0    200.0   20.0     81.3    883.6   1094.6   0.748
20260407000525    109    140.0    155.0   20.0     36.5    881.8    922.2   0.738
20260407000525    111    480.0    495.0   20.0     67.6    910.3    909.5   0.835
20260407000525    111   1480.0   1495.0   20.0     59.0    900.6    978.8   0.783
20260407000525    111   1675.0   1690.0   20.0    133.0   1065.6    896.2   0.795
20260407000525    112    535.0    550.0   20.0     21.6   1077.5   1111.5   0.908
20260407000525    113   1190.0   1205.0   20.0     22.0    876.0    874.7   0.475
20260407000525    114    190.0    205.0   20.0     32.2    890.4    947.7   0.735
20260407000525    114    545.0    560.0   20.0     60.6    978.4    891.9   0.765
20260407000525    114    780.0    800.0   20.0     88.6    892.4   1048.1   0.821
20260407000525    116    135.0    150.0   20.0     33.2    874.8    932.4   0.755
20260407000525    116    405.0    420.0   20.0     90.4    973.8    879.5   0.745
20260407000525    116    710.0    730.0   20.0     56.4    876.5    878.7   0.861
20260407000525    116   1450.0   1465.0   20.0     41.8    875.9    940.6   0.759
20260407000525    117    850.0    865.0   20.0     31.6   1214.6   1219.2   0.820
20260407000525    117   1405.0   1420.0   20.0     98.2   1263.6   1299.4   0.780
20260407000525    120     55.0     70.0   20.0     27.4   1020.2   1050.3   0.770
20260407000525    120    170.0    185.0   20.0     37.3   1043.3   1060.8   0.581
20260407000525    120    315.0    330.0   20.0     23.4   1072.1   1071.6   0.648
20260407000525    120    625.0    645.0   20.0     31.5   1096.0   1094.4   0.627
20260407000525    123    450.0    465.0   20.0     26.4    888.5    976.7   0.803
20260407000525    123    665.0    680.0   20.0     20.1   1019.0   1015.4   0.533
20260407000525    123   1005.0   1020.0   20.0     22.6   1025.8   1033.9   0.676
20260407000525    125    160.0    175.0   20.0     60.4    874.4    880.3   0.739
20260407000525    125   1110.0   1125.0   20.0     64.4    880.3   1046.6   0.685
20260407000525    125   1175.0   1200.0   20.0     89.5   1027.8   1097.8   0.775
20260407000525    125   1320.0   1350.0   20.0     28.6   1086.5   1094.5   0.803
20260407000525    125   1650.0   1675.0   20.0     34.1   1110.4   1163.5   0.819
20260407000525    125   1725.0   1740.0   20.0     31.9   1153.0   1190.3   0.862
20260407000525    130    550.0    565.0   20.0     20.9   1098.4   1119.3   0.855
20260407000525    131   1400.0   1435.0   20.0     77.3    888.7    889.9   0.878
20260407000525    131   1675.0   1725.0   20.0    101.8    887.4   1026.3   0.765
20260407000525    132     60.0     75.0   20.0     33.9    886.8    927.2   0.787
20260407000525    132    175.0    190.0   20.0     24.2    937.1    959.2   0.559
20260407000525    132    630.0    645.0   20.0     29.2    996.1   1011.5   0.794
20260407000525    134   1360.0   1375.0   20.0     25.1   1136.3   1150.2   0.683
20260407000525    135    200.0    250.0   20.0    164.3    886.8    888.0   0.843
20260407000525    135   1285.0   1300.0   20.0     55.5    890.1    992.6   0.793
20260407000525    135   1400.0   1415.0   20.0     52.0   1040.9   1086.7   0.692
20260407000525    135   1500.0   1515.0   20.0     25.3   1080.1   1099.5   0.767
20260407000525    135   1645.0   1690.0   20.0    159.2   1088.2    887.7   0.819
20260407000525    136     55.0     70.0   20.0     24.6    891.6    935.3   0.590
20260407000525    136   1790.0   1800.0   20.0     23.2   1030.0   1046.7   0.674
20260407000525    138   1280.0   1295.0   20.0     21.1   1113.7   1144.4   0.868
20260407000525    139     45.0     60.0   20.0     61.7    875.9   1107.3   0.814
20260407000525    143      0.0     10.0   20.0     39.5      0.0   1406.9   0.834
20260407000525    143    840.0    855.0   20.0     33.4   1398.6   1449.2   0.915
20260407000525    143    920.0    935.0   20.0     24.5   1443.5   1450.4   0.908
20260407000525    143    980.0   1055.0   20.0     29.3   1448.3   1452.4   0.899
20260407000525    143   1095.0   1800.0   20.0     35.7   1452.4   1435.5   0.883
20260407000525    145   1145.0   1185.0   20.0    172.6    913.0    908.5   0.774
20260407000525    146     10.0     50.0   20.0     57.8    978.6   1122.2   0.752
20260407000525    146    125.0    145.0   20.0     30.6   1084.1   1084.3   0.835
20260407000525    146    215.0    230.0   20.0     20.4   1094.7   1147.4   0.851
20260407000525    148   1590.0   1605.0   20.0    118.9   1094.6    911.2   0.811
20260407000525    148   1770.0   1785.0   20.0     61.0    911.0    999.7   0.782
20260407000525    153    475.0    520.0   20.0     21.4   1414.4   1417.8   0.809
20260407000525    153    605.0    620.0   20.0     34.4   1409.3   1409.6   0.800
20260407000525    153   1020.0   1035.0   20.0     21.4   1427.5   1416.2   0.849
20260407000525    153   1145.0   1155.0   20.0     21.1   1425.0   1428.0   0.830
20260407000525    153   1225.0   1285.0   20.0     21.5   1424.1   1425.2   0.874
20260407000525    153   1445.0   1580.0   20.0     25.4   1426.1   1425.9   0.877
20260407000525    153   1625.0   1800.0   20.0     27.9   1428.3   1425.7   0.904
20260407000525    156     95.0    110.0   20.0     45.5    959.5    999.4   0.760
20260407000525    157    295.0    310.0   20.0     22.8   1161.4   1159.1   0.766
20260407000525    159     25.0     40.0   20.0     35.1    184.0    165.5   0.755
20260407000525    163     40.0     95.0   20.0     98.3   1174.2    970.5   0.892
20260407000525    163    450.0    465.0   20.0     26.9   1081.9   1095.3   0.702
20260407000525    165    250.0    270.0   20.0    195.5    943.6   1341.4   0.832
20260407000525    168      0.0     30.0   20.0     28.0      0.0   1456.8   0.657
20260407000525    169    515.0    535.0   20.0     56.2    935.3    936.7   0.810
20260407000525    169   1580.0   1600.0   20.0     40.6    937.6    936.4   0.751
20260407000525    171   1150.0   1165.0   20.0     21.2   1427.7   1433.3   0.878
20260407000525    171   1710.0   1765.0   20.0     20.1   1438.0   1436.9   0.868
20260407000525    172     10.0     25.0   20.0     31.9    926.7    991.7   0.728
20260407000525    173     20.0     50.0   20.0    112.3    914.2    916.6   0.915
20260407000525    174    700.0    715.0   20.0     22.6   1123.2   1182.1   0.735
20260407000525    175    285.0    305.0   20.0     66.5    913.4   1212.0   0.859
20260407000525    175    345.0    395.0   20.0    270.3   1233.3    913.3   0.811
20260407000525    175    545.0    560.0   20.0     49.3    913.7    914.8   0.694
20260407000525    176      5.0     50.0   20.0     57.7    932.0   1036.6   0.751
20260407000525    176    180.0    215.0   20.0     28.7   1108.9   1145.3   0.634
20260407000525    176    430.0    445.0   20.0     60.9   1169.1   1238.8   0.883
20260407000525    176    500.0    515.0   20.0     20.2   1215.0   1215.2   0.451
20260407000525    178    390.0    405.0   20.0     24.9   1141.7   1159.4   0.509
20260407000525    178    650.0    665.0   20.0     30.1   1207.7   1193.2   0.768
20260407000525    178    850.0    865.0   20.0     44.4   1185.2   1244.2   0.775
20260407000525    178   1495.0   1510.0   20.0     22.7   1229.5   1244.8   0.824
20260407000525    179     45.0     60.0   20.0     78.2    943.3    947.2   0.656
20260407000525    179    650.0    670.0   20.0    183.7    954.1    952.3   0.868
20260407000525    179   1415.0   1430.0   20.0     83.6    955.7   1047.3   0.731
20260407000525    179   1505.0   1575.0   20.0     43.3   1062.9   1100.7   0.706
20260407000525    179   1750.0   1765.0   20.0     28.9   1086.9   1112.8   0.758
20260407000525    180      0.0     30.0   20.0     22.8      0.0   1092.2   0.743
20260407000525    180    225.0    240.0   20.0     49.2   1072.6   1088.3   0.624
20260407000525    180    745.0    760.0   20.0     27.4   1145.7   1148.7   0.651
20260407000525    180   1650.0   1665.0   20.0     40.0   1188.7   1239.2   0.767
20260407000525    183     75.0    135.0   20.0     78.6    942.4    944.2   0.749
20260407000525    183    300.0    365.0   20.0    198.4    946.5    947.4   0.855
20260407000525    185      0.0     10.0   20.0     52.9      0.0   1197.1   0.767
20260407000525    185     50.0     65.0   20.0     21.5   1231.8   1262.2   0.597
20260407000525    185    100.0    130.0   20.0     34.6   1253.1   1215.2   0.794
20260407000525    185    370.0    385.0   20.0     20.3   1290.3   1300.5   0.656
20260407000525    187    710.0    725.0   20.0     34.0   1456.9   1454.3   0.768
20260407000525    189    390.0    430.0   20.0    125.4    945.5   1115.1   0.750
20260407000525    189    640.0    655.0   20.0     68.4   1094.1   1265.2   0.885
20260407000525    189    735.0    750.0   20.0     22.6   1288.1   1283.9   0.806
20260407000525    189   1775.0   1790.0   20.0     23.8   1333.6   1364.0   0.750
20260407000525    190    215.0    225.0   20.0     23.6   1143.5   1075.7   0.617
20260407000525    190    315.0    330.0   20.0     22.2   1080.3   1105.7   0.663
20260407000525    190    375.0    390.0   20.0     27.7   1103.0   1112.4   0.815
20260407000525    190    700.0    715.0   20.0     41.3   1159.3   1182.0   0.714
20260407000525    190    790.0    805.0   20.0    115.4   1161.5    951.3   0.796
20260407000525    190    900.0    915.0   20.0     34.7    950.1    996.7   0.750
20260407000525    190   1280.0   1295.0   20.0     28.6   1008.5   1039.8   0.820
20260407000525    190   1650.0   1665.0   20.0     26.2   1042.0   1044.4   0.819
20260407000525    194    875.0    890.0   20.0     25.0   1340.2   1348.8   0.720
20260407000525    195    110.0    165.0   20.0     91.0    959.9   1086.3   0.823
20260407000525    195    250.0    265.0   20.0     23.4   1111.8   1122.8   0.728
20260407000525    195    475.0    490.0   20.0     41.6   1186.1   1208.9   0.884
20260407000525    195    930.0    945.0   20.0     20.5   1250.7   1270.8   0.896
20260407000525    195   1400.0   1415.0   20.0     24.4   1333.8   1332.5   0.749
20260407000525    196    110.0    130.0   20.0     36.9   1095.9   1077.0   0.828
20260407000525    196    305.0    320.0   20.0     20.6   1103.3   1125.5   0.727
20260407000525    196    455.0    470.0   20.0     27.3   1132.5   1115.1   0.849
20260407000525    196    620.0    635.0   20.0     23.4   1127.0   1144.8   0.738
20260407000525    196    690.0    705.0   20.0    107.4   1138.8    985.4   0.833
20260407000525    196    960.0    975.0   20.0     51.1    976.5   1030.1   0.715
20260407000525    196   1105.0   1120.0   20.0     44.3   1098.4   1097.5   0.801
20260407000525    196   1295.0   1315.0   20.0     46.3   1081.6   1083.0   0.805
20260407000525    196   1565.0   1580.0   20.0     31.1   1138.0   1196.2   0.887
20260407000525    196   1670.0   1685.0   20.0     26.8   1115.8   1143.6   0.772
20260407000525    199   1615.0   1635.0   20.0    126.9    959.9    961.7   0.839
20260407000525    200      5.0     40.0   20.0     98.5    973.5   1231.7   0.762
20260407000525    200    165.0    225.0   20.0     45.6   1223.5   1266.6   0.884
20260407000525    200    305.0    335.0   20.0     47.9   1249.7   1271.6   0.858
20260407000525    200    465.0    515.0   20.0     25.1   1244.6   1289.9   0.753
20260407000525    200    895.0    910.0   20.0     27.1   1281.6   1330.0   0.795
20260407000525    201    130.0    140.0   20.0     41.4   1256.5   1214.5   0.581
20260407000525    203    430.0    465.0   20.0    199.2   1008.7   1120.0   0.864
20260407000525    203   1640.0   1655.0   20.0     34.9    991.0    990.2   0.632
20260407000525    204    120.0    180.0   20.0     39.8    984.8   1130.2   0.833
20260407000525    204    250.0    300.0   20.0    120.0   1143.2   1033.4   0.760
20260407000525    204    570.0    585.0   20.0     37.6   1082.0   1085.7   0.640
20260407000525    204    660.0    680.0   20.0     34.2   1134.4   1142.8   0.635
20260407000525    204    740.0    755.0   20.0     66.6   1144.9   1156.7   0.615
20260407000525    204    795.0    810.0   20.0     67.7   1160.0   1201.6   0.560
20260407000525    204   1195.0   1210.0   20.0     33.3   1224.5   1233.9   0.814
20260407000525    204   1320.0   1335.0   20.0     31.8   1239.6   1239.4   0.823
20260407000525    204   1440.0   1455.0   20.0     32.4   1234.8   1276.8   0.777
20260407000525    205     30.0     45.0   20.0     66.7    980.0    979.7   0.656
20260407000525    205    145.0    160.0   20.0     40.2    982.0    981.7   0.599
20260407000525    205    290.0    305.0   20.0     25.7    985.4    989.0   0.669
20260407000525    205   1050.0   1065.0   20.0     21.3    992.6   1000.3   0.850
20260407000525    213   1185.0   1200.0   20.0     34.7   1009.0   1064.1   0.774
20260407000525    213   1395.0   1410.0   20.0     27.9   1109.8   1087.8   0.714
20260407000525    213   1605.0   1640.0   20.0     53.5   1094.9   1167.5   0.828
20260407000525    217      0.0     65.0   20.0     45.5      0.0   1413.8   0.835
20260407000525    219    115.0    130.0   20.0     25.4   1049.9   1022.5   0.808
20260407000525    220   1075.0   1090.0   20.0     20.2   1289.6   1296.0   0.549
20260407000525    221      5.0     20.0   20.0     30.0   1478.7   1512.4   0.709
20260407000525    223     50.0     75.0   20.0    217.5   1027.9   1021.0   0.839
20260407000525    225    540.0    550.0   20.0     20.3   1036.2   1034.7   0.459
20260407000525    225    700.0    725.0   20.0    203.5   1035.9   1038.9   0.771
20260407000525    225   1015.0   1030.0   20.0     58.1   1034.2   1034.2   0.655
20260407000525    227    515.0    530.0   20.0     53.3   1065.3   1048.6   0.564
20260407000525    227    840.0    860.0   18.6     67.7   1052.8   1154.5   0.749
20260407000525    227   1030.0   1045.0   20.0     29.2   1184.4   1201.2   0.639
20260407000525    227   1475.0   1490.0   20.0     20.2   1301.9   1314.7   0.803
20260407000525    231    125.0    140.0   20.0     21.8   1045.7   1077.8   0.694
20260407000525    231    205.0    220.0   20.0     34.2   1104.6   1165.6   0.870
20260407000525    232    325.0    340.0   20.0     41.2   1504.6   1514.6   0.583
20260407000525    233    455.0    470.0   20.0     88.2   1049.7   1047.5   0.707
20260407000525    233   1745.0   1800.0   20.0     70.9   1043.0   1388.0   0.805
20260407000525    234    190.0    210.0   20.0    227.5   1047.3   1047.1   0.858
20260407000525    234    560.0    725.0   20.0     65.3   1044.1   1251.7   0.840
20260407000525    234    770.0    785.0   20.0     24.5   1264.2   1271.8   0.633
20260407000525    234    855.0    910.0   20.0     46.7   1295.7   1357.1   0.742
20260407000525    234    980.0    995.0   20.0     65.1   1334.1   1359.8   0.725
20260407000525    234   1185.0   1235.0   20.0    191.1   1334.9   1044.2   0.906
20260407000525    236    360.0    375.0   20.0     27.9   1282.9   1315.2   0.786
20260407000525    236    680.0    695.0   20.0     29.7   1303.4   1324.1   0.666
20260407000525    236   1240.0   1255.0   20.0     22.4   1303.0   1307.0   0.672
20260407000525    237   1260.0   1275.0   20.0     97.6   1113.2   1112.5   0.820
20260407000525    237   1415.0   1430.0   20.0     20.1   1109.5   1117.3   0.635
20260407000525    237   1655.0   1680.0   20.0    143.3   1107.5   1413.8   0.833
20260407000525    237   1735.0   1750.0   20.0    240.9   1442.3   1108.0   0.821
20260407000525    239    160.0    245.0   20.0    119.3   1078.7   1078.6   0.877
20260407000525    239    405.0    420.0   20.0    136.7   1124.0   1094.0   0.921
20260407000525    239    525.0    555.0   20.0    153.1   1098.5   1096.9   0.872
20260407000525    239    660.0    670.0   20.0     39.3   1092.9   1083.8   0.408
20260407000525    241     95.0    115.0   20.0     69.1   1698.2   1751.7   0.872
20260407000525    241    310.0    325.0   20.0     72.3   1699.6   1740.0   0.658
20260407000525    241   1050.0   1065.0   20.0     65.3   1699.8   1740.2   0.731
20260407000525    241   1215.0   1230.0   20.0     59.4   1705.1   1740.0   0.670
20260407000525    241   1345.0   1360.0   20.0     53.2   1706.9   1743.6   0.703
20260407000525    241   1520.0   1535.0   20.0     61.9   1696.1   1741.1   0.708
20260407000525    241   1740.0   1755.0   20.0     47.8   1706.8   1740.7   0.718
20260407000525    243     25.0     55.0   20.0    267.6   1083.7   1085.8   0.762
20260407000525    243   1380.0   1405.0   20.0    233.6   1074.5   1077.8   0.807
20260407000525    245      0.0     85.0   20.0     25.5      0.0   1543.0   0.656
20260407000525    245    250.0    265.0   20.0     22.8   1561.4   1578.2   0.728
20260407000525    247      5.0   1080.0   20.0    108.1   1635.1   1664.6   0.893
20260407000525    247   1120.0   1370.0   20.0     42.3   1693.1   1691.6   0.866
20260407000525    247   1515.0   1545.0   20.0     21.5   1664.2   1668.6   0.821
20260407000525    247   1725.0   1775.0   20.0     25.0   1703.3   1668.0   0.877
20260407000525    248    805.0    820.0   20.0     26.6   1490.6   1512.4   0.644
20260407000525    248   1035.0   1050.0   20.0     20.3   1502.6   1510.1   0.657
20260407000525    248   1660.0   1680.0   20.0     52.5   1516.6   1538.7   0.856
20260407000525    249     10.0     25.0   20.0     61.7   1097.9   1099.7   0.614
20260407000525    251    735.0    775.0   20.0    134.1   1102.4   1100.2   0.811
20260407000525    251   1170.0   1185.0   20.0     23.3   1100.5   1105.2   0.637
20260407000525    251   1660.0   1705.0   20.0    190.6   1103.7   1099.5   0.810
20260407000525    253     20.0     70.0   20.0    245.3   1129.3   1130.5   0.822
20260407000525    253    910.0    925.0   20.0    107.3   1130.9   1129.1   0.693
20260407000525    253   1700.0   1715.0   20.0     43.6   1142.3   1158.4   0.776
20260407000525    254    765.0    780.0   20.0     21.0   1369.3   1404.3   0.823
20260407000525    255      5.0     20.0   20.0    109.8   1127.3   1248.8   0.746
20260407000525    255    270.0    285.0   20.0     57.3   1308.1   1313.5   0.681
20260407000525    255    485.0    540.0   20.0     27.9   1316.9   1319.4   0.793
20260407000525    255    975.0   1040.0   20.0     45.9   1338.4   1430.8   0.753
20260407003844      2      5.0     90.0   20.0     27.2   1066.7   1141.5   0.881
20260407003844      2    135.0    210.0   20.0    155.3   1160.3   1000.2   0.779
20260407003844      2   1155.0   1170.0   20.0     65.5    996.6   1073.0   0.758
20260407003844      2   1255.0   1270.0   20.0     28.7   1103.1   1112.1   0.614
20260407003844      2   1420.0   1430.0   20.0     47.6   1101.8   1131.4   0.550
20260407003844      3    755.0    770.0   20.0     23.4    984.1   1017.2   0.762
20260407003844      3    850.0    865.0   20.0     73.7   1029.1    981.9   0.789
20260407003844      3   1485.0   1500.0   20.0     22.4    980.4    964.0   0.828
20260407003844      3   1760.0   1775.0   20.0     41.5    926.9    920.3   0.597
20260407003844      4    200.0    215.0   20.0     32.6    998.5   1063.8   0.776
20260407003844      4    275.0    290.0   20.0     21.7   1119.6   1150.0   0.560
20260407003844      4    335.0    395.0   20.0     33.5   1129.1   1163.9   0.535
20260407003844      4    605.0    625.0   20.0     31.8   1214.5   1209.9   0.736
20260407003844      4    695.0    710.0   20.0     23.4   1218.8   1250.0   0.878
20260407003844      4    795.0    810.0   20.0     20.6   1242.6   1253.8   0.842
20260407003844      6      5.0    475.0    2.4    223.8   1446.0   1492.3   0.728
20260407003844      6    555.0    575.0    1.7    214.2   1489.0   1493.8   0.506
20260407003844      6    675.0   1800.0   19.9    255.3   1491.0   1174.6   0.796
20260407003844      7      0.0     15.0    5.8    116.4      0.0   1586.5   0.625
20260407003844      7    385.0   1710.0   20.0    127.5   1616.8   1498.9   0.846
20260407003844      7   1790.0   1800.0   20.0     76.3   1446.4   1432.0   0.866
20260407003844      8   1330.0   1360.0   20.0     47.4    981.3    981.8   0.712
20260407003844     12    420.0    430.0   20.0     96.9   1583.9   1586.9   0.547
20260407003844     12    490.0    740.0   20.0     95.8   1582.2   1575.6   0.708
20260407003844     12    795.0    890.0   20.0     95.9   1583.2   1579.7   0.706
20260407003844     12    935.0   1800.0   20.0     98.5   1579.5   1424.9   0.721
20260407003844     13    910.0    925.0   20.0     44.3    972.1    965.2   0.635
20260407003844     14     20.0     35.0   20.0     23.6   1186.7   1191.3   0.624
20260407003844     14    520.0    535.0   20.0     65.7   1192.0   1205.5   0.755
20260407003844     14    635.0    650.0   20.0     22.0   1200.4   1219.0   0.444
20260407003844     14    685.0    700.0   20.0     21.0   1234.3   1228.6   0.793
20260407003844     14   1240.0   1255.0   20.0     40.7   1246.1   1240.8   0.663
20260407003844     15      0.0     10.0   20.0     22.1      0.0   1314.6   0.543
20260407003844     15     65.0     80.0   20.0     49.7   1319.0   1326.6   0.504
20260407003844     16      0.0   1800.0   20.0    109.4      0.0   1501.5   0.862
20260407003844     19    285.0    300.0   20.0     68.4    956.6    957.3   0.755
20260407003844     19    550.0    565.0   20.0     98.0    959.0   1213.2   0.839
20260407003844     19    700.0    735.0   20.0    380.0   1324.5    958.7   0.801
20260407003844     19   1530.0   1545.0   20.0     73.2    935.2   1017.0   0.740
20260407003844     19   1685.0   1720.0   20.0     42.9   1012.0   1078.5   0.763
20260407003844     23    275.0    290.0   20.0     83.5    964.9   1111.6   0.732
20260407003844     23    325.0    430.0   20.0     31.9   1118.7   1162.4   0.758
20260407003844     23    760.0    795.0   20.0     38.7   1169.1   1195.7   0.826
20260407003844     23    845.0    860.0   20.0     24.0   1188.7   1205.0   0.766
20260407003844     23   1225.0   1240.0   20.0     24.1   1215.5   1228.3   0.854
20260407003844     28     50.0     85.0   20.0     61.1    942.9    946.3   0.829
20260407003844     28    770.0    785.0   20.0     29.3    946.5    946.9   0.765
20260407003844     28    995.0   1010.0   20.0     68.0    942.3   1034.6   0.746
20260407003844     28   1055.0   1070.0   20.0     30.7   1052.8   1076.0   0.821
20260407003844     28   1135.0   1190.0   20.0     25.8   1059.7   1119.1   0.761
20260407003844     28   1510.0   1525.0   20.0    155.3   1136.9    930.8   0.775
20260407003844     29     10.0     60.0   20.0     75.1   1017.5    935.2   0.806
20260407003844     30     95.0    110.0   20.0     27.7   1191.4   1233.0   0.543
20260407003844     30    735.0    750.0   20.0     75.2   1303.1   1308.7   0.643
20260407003844     33    405.0    425.0   20.0     60.8   1386.8   1400.9   0.939
20260407003844     36    105.0    115.0   20.0     25.8   1260.9   1260.3   0.647
20260407003844     36    230.0    245.0   20.0     27.9   1265.7   1299.7   0.828
20260407003844     36    385.0    400.0   20.0     20.2   1284.0   1283.0   0.795
20260407003844     38    905.0    920.0   20.0    102.2   1246.6   1097.8   0.753
20260407003844     40    240.0    295.0   20.0    176.9    933.3    934.8   0.810
20260407003844     40    350.0    400.0   20.0     53.4    935.7   1088.4   0.768
20260407003844     40    480.0    500.0   20.0     33.9   1085.4   1094.7   0.787
20260407003844     40    555.0    570.0   20.0     20.2   1092.2   1115.7   0.745
20260407003844     40    675.0    690.0   20.0     22.3   1131.2   1145.7   0.726
20260407003844     40    775.0    790.0   20.0     23.7   1145.0   1148.9   0.741
20260407003844     40   1065.0   1080.0   20.0     28.9   1136.5   1157.7   0.669
20260407003844     40   1140.0   1155.0   20.0     47.6   1135.3   1155.0   0.863
20260407003844     43   1110.0   1125.0   20.0     32.5    947.0    985.0   0.728
20260407003844     43   1320.0   1335.0   20.0     24.2   1041.6   1036.4   0.690
20260407003844     43   1445.0   1460.0   20.0     23.1   1062.1   1080.7   0.586
20260407003844     44   1380.0   1395.0   20.0     48.6   1273.4   1358.3   0.798
20260407003844     45      0.0     15.0   20.0    150.9      0.0   1208.6   0.894
20260407003844     45    250.0    260.0   20.0     22.5   1253.2   1262.8   0.432
20260407003844     45    380.0    395.0   20.0     30.7   1294.0   1289.9   0.789
20260407003844     45    475.0    490.0   20.0    100.1   1286.7   1349.7   0.853
20260407003844     47    900.0    915.0   20.0     29.5    917.7    917.4   0.802
20260407003844     47   1150.0   1165.0   20.0     65.6    918.1    918.6   0.834
20260407003844     48     45.0     60.0   20.0     57.6    910.7    978.7   0.747
20260407003844     48    230.0    245.0   20.0     41.8   1025.9   1073.6   0.752
20260407003844     48    385.0    400.0   20.0     34.4   1133.6   1143.7   0.562
20260407003844     48    470.0    485.0   20.0     25.3   1135.3   1156.7   0.856
20260407003844     48    635.0    650.0   20.0    165.0   1186.5    919.4   0.855
20260407003844     48    965.0    980.0   20.0     24.8    912.3    949.3   0.799
20260407003844     49    435.0    450.0   20.0     27.7   1399.1   1403.0   0.769
20260407003844     49    640.0    760.0   20.0     25.1   1404.9   1404.3   0.861
20260407003844     49    900.0    975.0   20.0     34.2   1397.2   1425.9   0.840
20260407003844     49   1185.0   1240.0   20.0     23.2   1417.7   1416.7   0.821
20260407003844     49   1325.0   1380.0   20.0     25.1   1406.3   1414.5   0.877
20260407003844     49   1645.0   1660.0   20.0     35.2   1368.7   1399.4   0.793
20260407003844     50     10.0     25.0   20.0     50.2    913.2    970.2   0.740
20260407003844     50    145.0    160.0   20.0     69.0    984.4    919.4   0.727
20260407003844     50    620.0    635.0   20.0     79.5    925.9   1129.2   0.781
20260407003844     50    895.0    910.0   20.0     36.0   1135.0   1153.8   0.727
20260407003844     50   1165.0   1180.0   20.0     24.8   1122.7   1146.3   0.760
20260407003844     52     60.0     75.0   20.0     44.9    904.4    905.4   0.748
20260407003844     52    190.0    245.0   20.0     39.6    909.4    984.5   0.752
20260407003844     52    375.0    400.0   20.0     52.6   1004.9   1089.6   0.845
20260407003844     52    730.0    740.0   20.0     21.6   1047.8   1068.8   0.775
20260407003844     53   1075.0   1105.0   20.0     35.5    906.8   1061.4   0.722
20260407003844     54    360.0    375.0   20.0     29.7   1109.7   1123.2   0.822
20260407003844     54    535.0    550.0   20.0     26.3   1151.7   1186.3   0.825
20260407003844     55    190.0    205.0   20.0    163.3   1171.2   1165.9   0.600
20260407003844     55    530.0    545.0   20.0     61.9    980.1    910.8   0.775
20260407003844     55   1385.0   1400.0   20.0     21.3    889.6    891.5   0.452
20260407003844     55   1640.0   1655.0   20.0     48.8    875.8    933.0   0.764
20260407003844     55   1695.0   1710.0   20.0     51.8    958.6    975.0   0.614
20260407003844     56    115.0    170.0   20.0     41.2    914.8   1045.7   0.762
20260407003844     56    870.0    885.0   20.0     28.3   1080.7   1111.6   0.782
20260407003844     56   1010.0   1025.0   20.0     80.6   1099.4   1109.2   0.788
20260407003844     56   1300.0   1315.0   20.0     42.4   1086.7   1111.7   0.726
20260407003844     56   1415.0   1430.0   20.0     31.7   1091.0   1086.8   0.796
20260407003844     56   1530.0   1545.0   20.0     21.2   1081.0   1094.7   0.735
20260407003844     56   1675.0   1690.0   20.0     30.7   1093.5   1104.7   0.768
20260407003844     58     95.0    110.0   20.0     63.7   1190.0   1297.9   0.754
20260407003844     58    400.0    415.0   20.0     23.0   1288.4   1278.9   0.661
20260407003844     58    475.0    490.0   20.0     21.3   1279.5   1250.2   0.776
20260407003844     60     80.0     95.0   20.0     26.5   1050.7   1081.3   0.766
20260407003844     60    145.0    160.0   20.0     21.8   1085.3   1099.5   0.780
20260407003844     60    770.0    785.0   20.0     39.8   1142.7   1148.6   0.548
20260407003844     60    925.0    940.0   20.0     23.8   1152.2   1153.7   0.682
20260407003844     60   1515.0   1530.0   20.0     21.5   1190.8   1206.4   0.820
20260407003844     62    550.0    565.0   20.0     25.8   1249.0   1280.1   0.849
20260407003844     64     30.0     45.0   20.0     27.2   1018.0   1065.8   0.757
20260407003844     64    395.0    410.0   20.0     21.8   1131.8   1161.9   0.776
20260407003844     64    610.0    630.0   20.0     23.3   1156.9   1192.5   0.843
20260407003844     66    600.0    615.0   20.0     52.2   1092.8   1131.5   0.779
20260407003844     66   1380.0   1395.0   20.0     21.5   1130.3   1156.8   0.781
20260407003844     68    480.0    495.0   20.0     36.5   1096.6   1117.8   0.690
20260407003844     68   1080.0   1095.0   20.0     24.3   1132.2   1135.6   0.519
20260407003844     69   1665.0   1680.0   20.0     86.7    870.0    864.8   0.791
20260407003844     70    465.0    480.0   20.0     24.9   1302.5   1302.8   0.810
20260407003844     73    545.0    560.0   20.0     47.3    884.1    938.2   0.768
20260407003844     73    645.0    660.0   20.0     58.1    961.0    886.1   0.715
20260407003844     73   1170.0   1185.0   20.0     41.2    883.6    969.9   0.726
20260407003844     73   1370.0   1385.0   20.0     21.6    992.0    992.0   0.636
20260407003844     73   1525.0   1540.0   20.0     33.6    996.8    992.6   0.600
20260407003844     73   1685.0   1725.0   20.0     51.8    999.6   1034.1   0.754
20260407003844     76    405.0    415.0   20.0     23.2   1190.2   1185.6   0.483
20260407003844     79    880.0    895.0   20.0     55.5    884.8   1052.0   0.804
20260407003844     79    940.0    955.0   20.0     26.1   1072.9   1174.2   0.741
20260407003844     79   1075.0   1090.0   20.0     31.3   1219.1   1243.9   0.720
20260407003844     79   1175.0   1190.0   20.0     28.1   1253.5   1268.8   0.754
20260407003844     84    130.0    145.0   20.0     44.5   1044.7   1135.1   0.790
20260407003844     84    205.0    220.0   20.0     21.3   1155.4   1215.1   0.771
20260407003844     85    255.0    270.0   20.0     62.7    883.1   1117.2   0.816
20260407003844     85    400.0    415.0   20.0     48.4   1157.5   1235.7   0.749
20260407003844     85    505.0    520.0   20.0    263.1   1264.1    885.7   0.820
20260407003844     88     65.0     80.0   20.0     26.6    888.7    937.3   0.797
20260407003844     88    135.0    160.0   20.0     27.3   1008.1   1043.6   0.648
20260407003844     88    270.0    285.0   20.0     41.3   1050.9   1087.3   0.738
20260407003844     88    395.0    430.0   20.0     28.0   1122.3   1150.3   0.814
20260407003844     90    505.0    520.0   20.0     29.6   1027.9   1032.4   0.711
20260407003844     90   1375.0   1390.0   20.0     28.6   1095.2   1116.5   0.814
20260407003844     91    385.0    400.0   20.0     29.3   1277.6   1281.5   0.509
20260407003844     95      0.0     90.0   20.0     98.2      0.0   1433.5   0.704
20260407003844     95    125.0    235.0   20.0     76.1   1432.8   1438.7   0.726
20260407003844     95    280.0    290.0   20.0     73.9   1443.2   1442.8   0.657
20260407003844     95    360.0    420.0   20.0     79.3   1450.3   1453.6   0.691
20260407003844     95    520.0    535.0   20.0     70.5   1454.8   1454.9   0.656
20260407003844     95    655.0    740.0   20.0     78.0   1453.6   1456.4   0.627
20260407003844     95    830.0    845.0   20.0     81.9   1456.0   1455.7   0.617
20260407003844     96    190.0    205.0   20.0     29.5   1052.4   1092.0   0.822
20260407003844     96    280.0    295.0   20.0     23.1   1162.3   1203.3   0.772
20260407003844     96    450.0    465.0   20.0     35.5   1211.3   1220.0   0.753
20260407003844     96    700.0    715.0   20.0     32.7   1192.3    954.2   0.886
20260407003844     96   1235.0   1250.0   20.0     26.6   1000.5   1004.6   0.757
20260407003844     97    215.0    230.0   20.0     53.0    872.3    872.3   0.783
20260407003844     98     60.0    115.0   20.0     68.6    880.7   1004.1   0.762
20260407003844     98    300.0    315.0   20.0     25.3   1014.5   1019.7   0.847
20260407003844     98    435.0    450.0   20.0     51.6   1038.9   1046.6   0.691
20260407003844     98    850.0    865.0   20.0     27.2   1053.1   1057.2   0.609
20260407003844     98   1130.0   1145.0   20.0     27.5   1094.3   1108.6   0.784
20260407003844     99    180.0    195.0   20.0     27.2   1086.1   1092.7   0.594
20260407003844     99    610.0    665.0   20.0     38.8   1123.9   1171.9   0.851
20260407003844     99    840.0    855.0   20.0     88.7   1159.2   1233.9   0.868
20260407003844    100     80.0     95.0   20.0    159.7    905.6   1232.6   0.871
20260407003844    100    165.0    185.0   20.0     30.0   1259.5   1281.9   0.602
20260407003844    100    595.0    610.0   20.0    126.8   1322.7   1247.6   0.639
20260407003844    100    950.0    965.0   20.0     30.1   1253.4   1250.6   0.729
20260407003844    100   1535.0   1550.0   20.0    278.5   1293.5    907.7   0.852
20260407003844    100   1630.0   1645.0   20.0     51.7    900.8    951.7   0.751
20260407003844    100   1680.0   1695.0   20.0     51.8    949.5    893.3   0.736
20260407003844    101   1450.0   1480.0   20.0     77.0    877.4   1054.5   0.881
20260407003844    103    675.0    690.0   20.0    234.2    899.6    899.7   0.734
20260407003844    103    990.0   1005.0   20.0     22.6    901.6    896.1   0.740
20260407003844    104    135.0    150.0   20.0     23.2   1179.6   1200.1   0.795
20260407003844    106    295.0    310.0   20.0     20.7   1186.0   1215.9   0.665
20260407003844    107    115.0    130.0   20.0     28.1   1158.5   1245.5   0.616
20260407003844    107    170.0    185.0   20.0     43.0   1257.1   1304.4   0.648
20260407003844    110   1345.0   1360.0   20.0     45.4   1267.6   1263.9   0.679
20260407003844    114     85.0    135.0   20.0     43.1    888.4    934.7   0.818
20260407003844    114    235.0    260.0   20.0     60.8    983.2   1069.3   0.776
20260407003844    114    365.0    380.0   20.0     32.2   1070.3   1102.0   0.882
20260407003844    114    555.0    570.0   20.0     21.3   1114.9   1143.2   0.844
20260407003844    114    840.0    855.0   20.0     22.2   1179.7   1183.4   0.776
20260407003844    114   1505.0   1520.0   20.0     25.0   1176.8   1191.5   0.799
20260407003844    116    550.0    565.0   20.0     40.8    887.5    937.0   0.770
20260407003844    116    620.0    665.0   20.0     27.1    965.8    994.0   0.797
20260407003844    116   1505.0   1520.0   20.0     20.6   1036.7   1061.1   0.835
20260407003844    117    150.0    165.0   20.0     24.0   1068.8   1080.3   0.478
20260407003844    117    200.0    215.0   20.0     28.0   1108.2   1142.8   0.706
20260407003844    117   1495.0   1510.0   20.0     25.1   1037.4    932.3   0.864
20260407003844    118    620.0    635.0   20.0     20.8   1261.2   1289.8   0.704
20260407003844    119    985.0   1005.0   20.0     42.5    885.2    887.6   0.758
20260407003844    120      5.0     30.0   20.0     26.2   1134.5   1125.1   0.619
20260407003844    120    125.0    135.0   20.0     21.8   1121.3   1123.0   0.437
20260407003844    120    305.0    320.0   20.0     21.8   1123.5   1136.1   0.554
20260407003844    120    445.0    455.0   20.0     22.6   1152.5   1144.8   0.419
20260407003844    120    545.0    560.0   20.0     42.4   1133.3   1165.8   0.797
20260407003844    120    655.0    680.0   20.0     35.2   1165.5   1160.6   0.854
20260407003844    120    745.0    760.0   20.0     25.9   1148.4   1151.2   0.764
20260407003844    120    795.0    810.0   20.0     42.5   1160.4   1142.4   0.736
20260407003844    120    865.0    880.0   20.0     20.5   1156.1   1164.1   0.718
20260407003844    120   1085.0   1100.0   20.0     21.5   1161.6   1165.2   0.833
20260407003844    120   1720.0   1735.0   20.0     30.8   1186.5   1206.3   0.775
20260407003844    123     90.0    105.0   20.0     27.4   1035.9   1042.9   0.880
20260407003844    123    700.0    715.0   20.0     34.8   1120.0   1121.7   0.831
20260407003844    123   1225.0   1240.0   20.0     22.0   1152.0   1160.7   0.842
20260407003844    124    535.0    550.0   20.0     22.0   1092.6   1108.0   0.709
20260407003844    125    475.0    490.0   20.0     26.9   1130.4   1160.6   0.686
20260407003844    125    555.0    570.0   20.0     34.2   1203.8   1226.3   0.787
20260407003844    125    700.0    715.0   20.0     22.0   1280.5   1303.9   0.622
20260407003844    125    810.0    825.0   20.0     20.6   1306.1   1296.0   0.515
20260407003844    125    865.0    880.0   20.0    130.3   1296.8    898.4   0.886
20260407003844    130    805.0    820.0   20.0     25.8   1117.3   1141.9   0.770
20260407003844    130    900.0    915.0   20.0     28.7   1139.2    994.0   0.891
20260407003844    132     30.0     55.0   20.0     47.1    883.4    980.4   0.777
20260407003844    132    350.0    365.0   20.0     27.4   1029.5   1050.1   0.726
20260407003844    132    415.0    430.0   20.0     32.4   1047.2   1082.7   0.796
20260407003844    132    510.0    545.0   20.0     22.0   1103.6   1118.6   0.782
20260407003844    132   1685.0   1700.0   20.0    123.3   1111.9    874.8   0.863
20260407003844    134    315.0    330.0   20.0     42.0    927.7    973.0   0.762
20260407003844    134    610.0    625.0   20.0     28.8    981.3   1017.0   0.690
20260407003844    134    700.0    710.0   20.0     21.0   1022.4   1052.3   0.418
20260407003844    134    860.0    920.0   20.0     26.2   1083.5   1131.7   0.815
20260407003844    134   1030.0   1045.0   20.0     32.5   1081.0   1131.2   0.780
20260407003844    135    125.0    140.0   20.0     30.9    890.9    931.0   0.610
20260407003844    135    870.0    885.0   20.0     92.6    987.3    893.4   0.765
20260407003844    136    165.0    190.0   20.0     65.8   1024.1   1082.3   0.756
20260407003844    136    280.0    295.0   20.0     27.3   1102.2   1123.5   0.756
20260407003844    136   1225.0   1240.0   20.0     66.7   1185.5   1199.2   0.650
20260407003844    137    625.0    640.0   20.0     75.8    897.9    896.4   0.638
20260407003844    138     35.0     50.0   20.0     37.5    977.8   1055.5   0.781
20260407003844    138    165.0    180.0   20.0     21.4   1097.8   1128.4   0.825
20260407003844    139    295.0    310.0   20.0     25.9   1151.2   1186.8   0.715
20260407003844    141      0.0     15.0   20.0     57.1      0.0    958.7   0.854
20260407003844    144    200.0    215.0   20.0     23.9   1166.3   1185.2   0.802
20260407003844    145    975.0   1000.0   20.0     92.4    907.9    910.7   0.789
20260407003844    145   1655.0   1670.0   20.0    162.6    913.6   1282.3   0.794
20260407003844    145   1790.0   1800.0   20.0     41.9   1225.6   1202.4   0.919
20260407003844    146      0.0     10.0   20.0     26.2      0.0    973.6   0.772
20260407003844    146    310.0    325.0   20.0     63.0   1089.8   1216.9   0.885
20260407003844    146   1015.0   1055.0   20.0     21.4   1231.8   1247.3   0.835
20260407003844    146   1595.0   1610.0   20.0     21.4   1245.5   1247.5   0.735
20260407003844    147     70.0    120.0   20.0     52.8   1150.2   1251.7   0.801
20260407003844    148     50.0     65.0   20.0     28.5   1002.6   1041.8   0.715
20260407003844    148    110.0    125.0   20.0     21.2   1054.4   1034.1   0.736
20260407003844    148    245.0    300.0   20.0     31.1   1070.8   1120.8   0.780
20260407003844    148    840.0    855.0   20.0     25.8   1115.2   1112.0   0.796
20260407003844    153      0.0    135.0   20.0     40.5      0.0   1444.9   0.811
20260407003844    153    170.0    220.0   20.0     29.1   1446.4   1447.2   0.819
20260407003844    153    275.0    290.0   20.0     26.1   1450.6   1453.1   0.844
20260407003844    153    350.0    455.0   20.0     23.5   1455.7   1460.7   0.835
20260407003844    153    575.0    685.0   20.0     32.2   1466.3   1467.7   0.866
20260407003844    153    745.0    760.0   20.0     23.0   1456.8   1468.7   0.800
20260407003844    153    805.0    840.0   20.0     31.2   1464.5   1463.2   0.832
20260407003844    153    875.0    890.0   20.0     22.9   1458.7   1471.4   0.822
20260407003844    153   1055.0   1145.0   20.0     24.2   1453.6   1463.3   0.806
20260407003844    153   1185.0   1250.0   20.0     29.9   1472.0   1464.1   0.856
20260407003844    153   1350.0   1795.0   20.0     29.5   1467.1   1424.1   0.869
20260407003844    154    885.0    900.0   20.0     23.3   1214.3   1225.9   0.454
20260407003844    154   1455.0   1470.0   20.0     21.7   1238.0   1225.8   0.488
20260407003844    154   1525.0   1540.0   20.0     26.8   1218.2   1206.6   0.680
20260407003844    155    365.0    375.0   20.0     21.8   1513.8   1518.5   0.425
20260407003844    155    570.0    670.0   20.0     44.9   1482.4   1493.2   0.468
20260407003844    155   1460.0   1470.0   16.7     33.9   1497.0   1497.6   0.506
20260407003844    156     85.0    120.0   20.0     93.3   1049.2    955.7   0.769
20260407003844    156   1785.0   1800.0   20.0     28.9    911.9    935.7   0.773
20260407003844    157    180.0    195.0   20.0     20.3   1180.7   1192.6   0.621
20260407003844    163     10.0     55.0   20.0     74.8    905.1   1159.7   0.865
20260407003844    163    135.0    155.0   20.0    114.9   1249.4    942.1   0.885
20260407003844    163    620.0    635.0   20.0     47.4    909.5    984.3   0.776
20260407003844    163    835.0    860.0   20.0     31.8   1008.1   1126.1   0.726
20260407003844    163   1030.0   1045.0   20.0     25.7   1091.0   1095.5   0.518
20260407003844    164   1530.0   1545.0   20.0     20.7   1410.4   1408.5   0.718
20260407003844    171    190.0    200.0   20.0     21.9   1343.3   1375.8   0.496
20260407003844    171    935.0    995.0   13.1     92.7   1476.4   1481.7   0.652
20260407003844    171   1085.0   1135.0   12.2     81.6   1485.7   1440.5   0.644
20260407003844    171   1195.0   1800.0   20.0    102.8   1484.8   1423.4   0.845
20260407003844    172     25.0     40.0   20.0     24.2    932.5   1003.1   0.836
20260407003844    172    760.0    775.0   20.0     21.5   1042.3   1076.5   0.837
20260407003844    174     80.0    105.0   20.0     39.9   1089.3   1170.4   0.725
20260407003844    174    280.0    295.0   20.0     24.5   1208.0   1228.3   0.743
20260407003844    176     95.0    110.0   20.0     35.8   1135.0   1157.2   0.770
20260407003844    176   1710.0   1720.0   20.0     22.8   1185.9   1191.8   0.625
20260407003844    177   1485.0   1500.0   20.0     30.2    917.1   1036.8   0.699
20260407003844    177   1535.0   1550.0   20.0    101.3   1102.2    916.5   0.875
20260407003844    178      0.0     25.0   20.0     44.1      0.0   1233.0   0.613
20260407003844    178     65.0     85.0   20.0     24.6   1223.0   1270.1   0.614
20260407003844    178    150.0    165.0   20.0     25.9   1246.3   1264.6   0.691
20260407003844    178    240.0    285.0   20.0     41.9   1264.2   1258.4   0.799
20260407003844    178    325.0    390.0   20.0     26.5   1262.1   1267.8   0.801
20260407003844    178    445.0    460.0   20.0     42.3   1276.6   1315.0   0.757
20260407003844    178    545.0    580.0   20.0     29.0   1288.8   1278.4   0.773
20260407003844    178    740.0    755.0   20.0     28.4   1271.6   1293.2   0.802
20260407003844    178    915.0    930.0   20.0     31.1   1279.4   1276.9   0.788
20260407003844    178   1005.0   1020.0   20.0     25.2   1284.2   1296.5   0.805
20260407003844    178   1655.0   1670.0   20.0     42.5   1293.4   1345.6   0.753
20260407003844    179    345.0    415.0   20.0     95.3    948.9    951.0   0.874
20260407003844    180     50.0     65.0   20.0     34.4   1126.7   1144.4   0.633
20260407003844    180    110.0    195.0   20.0     32.7   1133.0   1127.0   0.674
20260407003844    180    250.0    270.0   20.0     73.9   1112.7   1114.3   0.821
20260407003844    180    445.0    465.0   20.0     24.9   1160.3   1150.8   0.770
20260407003844    180    640.0    655.0   20.0     23.2   1161.8   1189.0   0.757
20260407003844    180    710.0    725.0   20.0     39.9   1170.1   1182.4   0.679
20260407003844    180   1260.0   1275.0   20.0     38.2   1181.7   1193.1   0.703
20260407003844    181     70.0     85.0   20.0     50.8    937.2   1014.3   0.716
20260407003844    181    165.0    180.0   20.0     48.2   1032.6   1080.4   0.757
20260407003844    181    615.0    630.0   20.0     93.4   1074.8   1095.7   0.841
20260407003844    181   1415.0   1430.0   20.0     28.1   1105.1   1084.7   0.804
20260407003844    181   1710.0   1765.0   20.0     35.5   1082.0   1109.2   0.847
20260407003844    189    390.0    405.0   20.0     37.6    948.2    947.4   0.570
20260407003844    189   1685.0   1695.0   20.0     27.2    936.4    934.1   0.485
20260407003844    190    350.0    365.0   20.0     22.9   1115.5   1142.1   0.788
20260407003844    190    440.0    455.0   20.0     33.4   1159.6   1176.0   0.695
20260407003844    190    635.0    650.0   20.0     33.0   1165.6   1195.0   0.736
20260407003844    190    755.0    770.0   20.0     21.9   1204.8   1220.9   0.830
20260407003844    190    805.0    820.0   20.0     23.3   1215.2   1220.0   0.738
20260407003844    190   1025.0   1075.0   20.0     23.2   1176.9   1188.7   0.691
20260407003844    190   1355.0   1385.0   20.0     33.4   1196.5   1254.0   0.857
20260407003844    190   1720.0   1735.0   20.0     31.3   1247.3   1274.7   0.876
20260407003844    190   1775.0   1790.0   20.0    212.8   1279.5    935.6   0.779
20260407003844    195    375.0    420.0   20.0     89.1    969.6   1320.9   0.866
20260407003844    195    465.0    475.0   20.0     23.4   1265.4   1272.5   0.409
20260407003844    195    550.0    610.0   20.0     26.9   1270.3   1272.0   0.628
20260407003844    195    645.0    700.0   20.0     57.3   1259.3   1310.8   0.664
20260407003844    195   1230.0   1245.0   20.0     23.5   1337.3   1352.5   0.526
20260407003844    195   1650.0   1665.0   20.0     24.7   1350.7   1369.0   0.780
20260407003844    196    100.0    130.0   20.0     25.5   1133.6   1143.6   0.800
20260407003844    196    285.0    335.0   20.0     21.9   1163.5   1189.1   0.692
20260407003844    196    415.0    430.0   20.0     21.9   1213.8   1236.9   0.738
20260407003844    196    880.0    895.0   20.0     27.6   1149.6   1158.2   0.489
20260407003844    196   1105.0   1120.0   20.0     46.6   1126.1   1153.2   0.777
20260407003844    196   1400.0   1415.0   20.0     21.1   1194.1   1206.6   0.781
20260407003844    196   1470.0   1485.0   20.0     27.5   1203.6   1219.0   0.824
20260407003844    199    595.0    620.0   20.0     60.7    968.3    968.9   0.768
20260407003844    199    965.0    990.0   20.0    106.8    963.9    964.3   0.826
20260407003844    200     15.0     30.0   20.0     45.9    979.1   1049.0   0.717
20260407003844    200     90.0    100.0   20.0     21.6   1099.0   1128.1   0.635
20260407003844    200    220.0    235.0   20.0     27.2   1141.1   1142.6   0.803
20260407003844    200    315.0    330.0   20.0     24.2   1128.5   1132.5   0.535
20260407003844    200    435.0    540.0   20.0     46.1   1153.9   1301.3   0.832
20260407003844    200    855.0    870.0   20.0     30.2   1259.1   1282.1   0.725
20260407003844    200   1035.0   1055.0   20.0     23.2   1240.7   1251.2   0.818
20260407003844    201     55.0    135.0   20.0    104.3    977.7   1241.5   0.837
20260407003844    203   1085.0   1100.0   20.0     63.7    987.8    990.0   0.708
20260407003844    204    390.0    440.0   20.0     35.8   1192.8   1191.1   0.744
20260407003844    204    700.0    715.0   20.0     25.2   1223.6   1263.4   0.827
20260407003844    204    805.0    820.0   20.0     20.4   1285.7   1302.3   0.783
20260407003844    204    885.0    955.0   20.0     37.0   1263.3   1276.5   0.820
20260407003844    204   1100.0   1115.0   20.0     22.7   1310.2   1328.3   0.641
20260407003844    204   1585.0   1600.0   20.0     34.1   1353.8   1366.0   0.784
20260407003844    205      0.0     15.0   20.0    193.8      0.0    980.6   0.798
20260407003844    205   1500.0   1515.0   20.0     31.8    985.0   1038.0   0.821
20260407003844    205   1560.0   1575.0   20.0     36.2   1050.0   1097.9   0.710
20260407003844    205   1650.0   1710.0   20.0     89.1   1078.4    978.3   0.898
20260407003844    211    145.0    160.0   20.0    233.3   1002.7   1002.9   0.663
20260407003844    211   1020.0   1035.0   20.0     40.4    998.8   1000.0   0.438
20260407003844    217     55.0    100.0   20.0     93.1   1022.8   1475.9   0.792
20260407003844    217    195.0    205.0   20.0     24.7   1470.6   1489.2   0.499
20260407003844    217    625.0    690.0   20.0     27.3   1532.4   1528.2   0.709
20260407003844    217    760.0    780.0   20.0     24.9   1537.2   1533.8   0.619
20260407003844    217    900.0    910.0   20.0     37.4   1539.4   1545.5   0.570
20260407003844    217   1370.0   1385.0   20.0    163.7   1654.6   1649.0   0.679
20260407003844    218    975.0    990.0   20.0     59.0   1092.9   1148.6   0.757
20260407003844    218   1070.0   1085.0   20.0     30.1   1168.0   1197.7   0.768
20260407003844    218   1170.0   1205.0   20.0     29.4   1204.5   1286.4   0.789
20260407003844    218   1330.0   1355.0   20.0     27.0   1282.6   1289.6   0.786
20260407003844    218   1440.0   1455.0   20.0     30.7   1276.1   1319.7   0.805
20260407003844    218   1580.0   1635.0   20.0     28.8   1277.8   1312.1   0.830
20260407003844    218   1735.0   1750.0   20.0     26.9   1317.7   1358.9   0.830
20260407003844    219    865.0    880.0   20.0     95.4   1019.2   1209.5   0.852
20260407003844    219    930.0    950.0   20.0    342.6   1247.4   1018.4   0.817
20260407003844    221      0.0    885.0   20.0    154.8      0.0   1683.4   0.776
20260407003844    221   1020.0   1560.0    2.7    138.3   1680.4   1680.9   0.708
20260407003844    221   1610.0   1635.0   11.2    129.5   1676.7   1681.6   0.590
20260407003844    221   1695.0   1710.0   20.0    132.3   1682.4   1678.5   0.620
20260407003844    221   1775.0   1800.0   11.2    130.5   1673.2   1664.3   0.620
20260407003844    222    175.0    195.0   20.0     33.4   1725.9   1725.9   0.833
20260407003844    223    545.0    640.0   20.0    273.0   1038.0   1025.5   0.863
20260407003844    227      5.0     45.0   20.0     26.1   1186.2   1208.7   0.561
20260407003844    227    270.0    325.0   20.0     44.8   1201.5   1282.8   0.806
20260407003844    227    410.0    425.0   20.0     24.5   1418.8   1456.3   0.788
20260407003844    227    910.0    925.0   20.0     27.7   1408.1   1136.5   0.909
20260407003844    227   1255.0   1330.0   20.0    118.1   1031.1   1384.4   0.922
20260407003844    227   1540.0   1555.0   20.0     37.1   1488.6   1541.7   0.660
20260407003844    229     15.0     30.0   20.0     97.7   1706.2   1517.1   0.856
20260407003844    231   1260.0   1275.0   20.0     77.4   1041.2   1042.0   0.828
20260407003844    233    155.0    170.0   20.0    107.9   1053.6   1051.6   0.854
20260407003844    233   1215.0   1235.0   20.0    113.5   1043.6   1043.5   0.849
20260407003844    233   1620.0   1665.0   20.0    346.7   1042.1   1062.6   0.784
20260407003844    234     10.0     55.0   20.0     77.9   1160.5   1248.2   0.723
20260407003844    234    115.0    130.0   20.0     34.7   1216.4   1293.9   0.686
20260407003844    234    300.0    315.0   20.0     30.4   1313.4   1315.2   0.769
20260407003844    237    180.0    240.0   20.0     92.5   1064.1   1064.4   0.794
20260407003844    237    975.0    990.0   20.0     72.7   1056.4   1057.0   0.598
20260407003844    239   1275.0   1290.0   20.0     20.0   1072.4   1106.3   0.723
20260407003844    239   1370.0   1385.0   20.0     31.8   1171.9   1230.3   0.814
20260407003844    239   1425.0   1455.0   20.0     25.1   1262.1   1360.3   0.844
20260407003844    243   1650.0   1665.0   20.0     49.7   1078.1   1075.8   0.711
20260407003844    245     20.0     45.0   20.0    111.1   1090.1   1540.0   0.809
20260407003844    248   1245.0   1285.0   20.0     31.7   1510.7   1515.7   0.731
20260407003844    249   1365.0   1415.0   20.0    132.2   1090.5   1357.2   0.814
20260407003844    251   1275.0   1295.0   20.0    300.1   1096.5   1097.1   0.840
20260407003844    253    250.0    275.0   20.0    128.6   1201.2   1134.5   0.825
20260407003844    253    400.0    430.0   20.0    141.9   1133.4   1133.1   0.807
20260407003844    254   1780.0   1795.0   20.0     20.1   1409.1   1412.6   0.697
20260407003844    255    280.0    295.0   20.0     80.7   1197.2   1387.4   0.899
20260407003844    255    335.0    410.0   20.0     31.8   1381.7   1444.2   0.757
20260407003844    255    535.0    575.0   20.0     35.4   1500.6   1534.7   0.768
20260407003844    255    665.0    680.0   20.0     28.8   1520.6   1533.5   0.758
20260407011204      2      0.0     15.0   20.0     25.1      0.0   1256.4   0.780
20260407011204      3    635.0    695.0   20.0    130.7    996.8    996.1   0.802
20260407011204      3   1235.0   1250.0   20.0     93.2    984.5   1146.6   0.844
20260407011204      3   1435.0   1450.0   20.0    106.8   1154.6    969.5   0.851
20260407011204      4    470.0    485.0   20.0     21.4   1366.1   1406.6   0.666
20260407011204      4    665.0    680.0   20.0     24.7   1401.2   1428.2   0.741
20260407011204      4    790.0    825.0   20.0     31.0   1424.9   1449.7   0.835
20260407011204      5   1325.0   1340.0   20.0     23.4   1035.0   1007.1   0.775
20260407011204      5   1605.0   1620.0   20.0     56.8   1002.1   1075.1   0.705
20260407011204      6      0.0    225.0   20.0    216.8      0.0   1618.9   0.845
20260407011204      6    265.0    300.0   20.0    167.3   1609.9   1611.8   0.661
20260407011204      6    355.0    420.0   20.0    186.1   1619.7   1624.6   0.698
20260407011204      6    455.0    560.0   20.0    190.3   1518.9   1617.0   0.744
20260407011204      6    610.0    620.0   20.0    164.9   1616.3   1614.6   0.634
20260407011204      6    660.0    670.0   20.0    168.7   1614.5   1617.2   0.630
20260407011204      6    790.0    800.0   20.0    170.9   1612.1   1613.9   0.671
20260407011204      6    985.0   1785.0   20.0    185.4   1609.8   1579.7   0.742
20260407011204      7      0.0     15.0   20.0     91.7      0.0   1578.1   0.843
20260407011204      7    140.0    155.0   20.0     60.9   1582.7   1614.5   0.676
20260407011204      7    320.0    335.0   20.0     60.6   1584.7   1616.0   0.664
20260407011204      7    605.0    620.0   20.0     51.5   1586.5   1615.5   0.705
20260407011204      8   1465.0   1500.0   20.0    133.5    980.7    975.6   0.776
20260407011204     12    130.0    165.0   20.0     88.0   1585.4   1592.0   0.651
20260407011204     12    220.0   1800.0   20.0    102.7   1587.3   1532.5   0.788
20260407011204     13    370.0    410.0   20.0     23.9   1067.9   1106.1   0.607
20260407011204     13    465.0    480.0   20.0     22.8   1113.7   1136.1   0.635
20260407011204     13    515.0    530.0   20.0     26.6   1135.2   1149.1   0.543
20260407011204     13    635.0    650.0   20.0     24.6   1167.7   1166.4   0.748
20260407011204     13    735.0    795.0   20.0     48.8   1184.3   1231.0   0.796
20260407011204     13    870.0    920.0   20.0    188.0   1262.4    974.1   0.838
20260407011204     14    910.0    925.0   20.0     23.0   1128.4   1119.1   0.493
20260407011204     15    825.0    840.0   20.0     24.0   1304.6   1320.3   0.827
20260407011204     15    890.0    905.0   20.0     23.0   1353.5   1367.9   0.789
20260407011204     15   1030.0   1045.0   20.0     30.1   1357.0   1410.6   0.869
20260407011204     16      0.0   1800.0   20.0    111.2      0.0   1600.5   0.856
20260407011204     19     95.0    115.0   20.0    211.5   1369.6    989.3   0.805
20260407011204     19    315.0    340.0   20.0    237.2   1119.9    956.3   0.786
20260407011204     21   1715.0   1730.0   20.0     66.4   1001.3    998.4   0.729
20260407011204     22    540.0    555.0   20.0     58.8    983.1   1046.3   0.751
20260407011204     22    685.0    715.0   20.0    138.0   1048.1   1072.7   0.870
20260407011204     23    345.0    365.0   20.0     44.1    959.2    958.4   0.770
20260407011204     28     35.0     50.0   20.0     60.7    950.3   1038.3   0.746
20260407011204     28     90.0    130.0   20.0    140.9   1045.1   1334.6   0.865
20260407011204     28    915.0    930.0   20.0     27.4   1350.6   1355.5   0.775
20260407011204     29   1295.0   1325.0   20.0    179.5    924.9    926.4   0.853
20260407011204     29   1715.0   1770.0   20.0     37.3    916.2   1060.4   0.797
20260407011204     30   1265.0   1280.0   20.0     20.6   1227.2   1235.7   0.815
20260407011204     31    580.0    595.0   20.0     36.3    996.5    996.7   0.695
20260407011204     32    165.0    180.0   20.0     20.1   1120.5   1058.2   0.900
20260407011204     33     10.0     25.0   20.0     48.6   1392.7   1487.6   0.892
20260407011204     35    525.0    540.0   20.0     40.1    967.6    951.6   0.774
20260407011204     35    895.0    910.0   20.0     21.0    949.5    947.9   0.464
20260407011204     36   1305.0   1320.0   20.0     23.3   1303.1   1319.8   0.701
20260407011204     40     15.0     30.0   20.0     24.0   1056.2   1097.1   0.737
20260407011204     40    120.0    150.0   20.0     69.2   1098.8   1113.1   0.635
20260407011204     40    270.0    285.0   20.0     31.4   1110.0   1126.7   0.728
20260407011204     40    410.0    430.0   20.0     54.4   1114.1   1142.8   0.699
20260407011204     40    500.0    515.0   20.0     21.8   1136.4   1154.0   0.668
20260407011204     40    780.0    795.0   20.0     28.8   1149.9   1165.9   0.828
20260407011204     40   1190.0   1230.0   20.0     23.1   1175.2   1181.7   0.800
20260407011204     41   1090.0   1130.0   20.0     30.3   1109.1   1054.6   0.866
20260407011204     41   1290.0   1305.0   20.0     24.1   1063.9   1063.5   0.691
20260407011204     41   1585.0   1600.0   20.0     82.0   1118.1    960.2   0.841
20260407011204     45     10.0     25.0   20.0     47.9    911.7   1337.5   0.864
20260407011204     45    420.0    460.0   20.0     23.2   1395.1   1389.5   0.814
20260407011204     45    530.0    580.0   20.0     31.8   1404.3   1402.0   0.903
20260407011204     47    470.0    485.0   20.0     21.1    924.6    955.9   0.736
20260407011204     47    700.0    715.0   20.0     29.4    984.9    996.4   0.466
20260407011204     47    850.0    865.0   20.0     54.8   1003.8    920.6   0.810
20260407011204     47   1195.0   1210.0   20.0     24.6    920.1    923.2   0.736
20260407011204     48   1365.0   1380.0   20.0     75.0   1046.3    906.1   0.759
20260407011204     49    410.0    425.0   20.0     49.4   1406.1   1443.8   0.913
20260407011204     49    850.0    870.0   20.0     61.1   1375.5   1432.5   0.814
20260407011204     51   1280.0   1295.0   20.0     70.2    903.2   1039.3   0.891
20260407011204     52    655.0    670.0   20.0     26.2    929.9   1004.4   0.766
20260407011204     52    970.0    985.0   20.0     28.6   1081.6   1098.2   0.761
20260407011204     52   1365.0   1415.0   20.0    154.2   1098.4    932.3   0.826
20260407011204     55     45.0     60.0   20.0     21.3   1022.0   1034.7   0.588
20260407011204     55    130.0    145.0   20.0    134.0   1046.0    901.0   0.782
20260407011204     55    400.0    430.0   20.0    211.3    898.9   1425.6   0.786
20260407011204     55    865.0    880.0   20.0     28.2   1404.6   1416.7   0.732
20260407011204     55   1415.0   1460.0   20.0     21.2   1133.6    891.0   0.914
20260407011204     56    100.0    120.0   20.0     53.1   1093.0   1119.8   0.858
20260407011204     56    600.0    625.0   20.0     29.2   1151.7   1166.5   0.752
20260407011204     56    730.0    745.0   20.0     27.8   1178.4   1184.7   0.600
20260407011204     56   1525.0   1540.0   20.0     20.4   1170.4   1169.7   0.719
20260407011204     56   1610.0   1625.0   20.0     30.7   1191.7   1181.7   0.819
20260407011204     58    170.0    185.0   20.0     30.4   1122.0   1145.0   0.661
20260407011204     58    735.0    750.0   20.0     36.7   1181.7   1177.1   0.701
20260407011204     58    885.0    900.0   20.0     47.9   1184.3   1185.9   0.789
20260407011204     58   1500.0   1515.0   20.0     26.6   1225.1   1234.2   0.578
20260407011204     58   1690.0   1705.0   20.0     47.7   1253.6   1251.5   0.738
20260407011204     61    205.0    220.0   20.0     22.7    908.1    908.0   0.495
20260407011204     62     80.0     95.0   20.0     29.2   1215.9   1216.6   0.743
20260407011204     62   1725.0   1740.0   20.0     23.5   1234.7   1239.8   0.813
20260407011204     63   1155.0   1195.0   20.0     48.4    936.5    938.3   0.856
20260407011204     64    970.0    985.0   20.0     30.2   1179.1   1188.5   0.823
20260407011204     64   1720.0   1735.0   20.0     30.1   1166.0   1169.6   0.745
20260407011204     65     70.0     85.0   20.0     56.6    893.2    960.4   0.757
20260407011204     65    495.0    510.0   20.0     22.1   1070.0   1085.2   0.835
20260407011204     65    650.0    665.0   20.0     21.3   1071.8   1074.1   0.634
20260407011204     67    930.0    945.0   20.0     51.5    892.0    889.3   0.621
20260407011204     69    625.0    640.0   20.0     81.3    890.9    890.6   0.600
20260407011204     69   1150.0   1165.0   20.0     30.4    887.9    891.8   0.453
20260407011204     69   1305.0   1320.0   20.0     90.1    899.2   1079.7   0.838
20260407011204     71    195.0    215.0   20.0     83.1    918.0    887.7   0.872
20260407011204     71    290.0    305.0   20.0     29.2    894.4    893.8   0.440
20260407011204     73      5.0     25.0   20.0     49.9    936.1    903.4   0.807
20260407011204     73    815.0    825.0   20.0     34.7    907.4    892.5   0.453
20260407011204     73    890.0    905.0   20.0     60.4    891.0    970.5   0.734
20260407011204     73    975.0    990.0   20.0     59.9   1006.2   1011.5   0.722
20260407011204     73   1175.0   1190.0   20.0     20.5   1029.3   1030.3   0.707
20260407011204     73   1775.0   1790.0   20.0     26.8   1076.6   1085.8   0.641
20260407011204     75    485.0    500.0   20.0    160.1    892.3   1210.4   0.874
20260407011204     79     10.0     25.0   20.0     22.4   1198.0   1178.4   0.780
20260407011204     79    205.0    220.0   20.0     32.7   1194.8   1197.4   0.691
20260407011204     79    305.0    320.0   20.0     25.0   1196.8   1211.3   0.766
20260407011204     79   1275.0   1290.0   20.0     53.9   1297.7   1315.0   0.819
20260407011204     80      5.0     20.0   20.0     78.3    375.7    387.8   0.687
20260407011204     81    970.0    985.0   20.0     78.1    902.6   1032.9   0.838
20260407011204     81   1170.0   1225.0   20.0     56.3   1071.7   1155.8   0.701
20260407011204     81   1330.0   1350.0   20.0    165.7   1143.3    900.4   0.812
20260407011204     88    130.0    145.0   20.0     44.3    904.3    953.1   0.767
20260407011204     88    860.0    875.0   20.0     25.1   1022.5   1086.1   0.786
20260407011204     90      0.0     70.0   20.0     64.3      0.0   1086.4   0.762
20260407011204     90    155.0    170.0   20.0     41.7   1069.5   1095.8   0.757
20260407011204     90    780.0    795.0   20.0     24.0   1094.5   1097.5   0.577
20260407011204     90   1250.0   1285.0   20.0     27.3   1119.8   1133.4   0.710
20260407011204     90   1430.0   1445.0   20.0     23.2   1076.9   1002.8   0.825
20260407011204     92    170.0    185.0   20.0     25.1   1331.1   1340.9   0.769
20260407011204     94    335.0    350.0   20.0     30.5   1241.6   1249.8   0.675
20260407011204     95      0.0     10.0   20.0     59.7      0.0   1450.0   0.777
20260407011204     95    110.0    510.0   20.0     60.7   1451.4   1460.4   0.843
20260407011204     95    570.0   1800.0   20.0     71.8   1464.4   1458.1   0.901
20260407011204     96    250.0    265.0   20.0     30.7   1057.3   1090.0   0.726
20260407011204     96    305.0    365.0   20.0     31.7   1070.9   1106.7   0.761
20260407011204     96    455.0    475.0   20.0     21.1   1115.9   1160.9   0.876
20260407011204     96    710.0    725.0   20.0     22.8   1158.0   1180.7   0.769
20260407011204     96    935.0    950.0   20.0     36.7   1200.4   1229.5   0.841
20260407011204     97   1095.0   1120.0   20.0     42.5    873.8    875.9   0.818
20260407011204     98      0.0     15.0   20.0     69.0      0.0    968.3   0.848
20260407011204     98    490.0    545.0   20.0     40.6   1028.0   1097.1   0.846
20260407011204     99    620.0    640.0   20.0    133.9    882.8    883.0   0.854
20260407011204     99   1750.0   1765.0   20.0     28.2    876.8    885.2   0.606
20260407011204    101    180.0    195.0   20.0     33.9    931.7    891.0   0.756
20260407011204    101    565.0    665.0   20.0     60.9    884.5   1112.3   0.874
20260407011204    103    690.0    705.0   20.0     21.9    928.3    899.9   0.639
20260407011204    103   1625.0   1640.0   20.0     24.0    898.4    897.4   0.728
20260407011204    106    745.0    760.0   20.0     31.7   1241.0   1237.6   0.451
20260407011204    107    980.0    995.0   20.0     42.5   1416.7   1446.1   0.779
20260407011204    109    755.0    770.0   20.0     70.1    890.4    890.7   0.797
20260407011204    111   1205.0   1220.0   16.7     24.5    880.3    879.5   0.480
20260407011204    111   1330.0   1420.0   20.0    192.2    882.1    885.5   0.798
20260407011204    111   1625.0   1635.0   20.0     32.6    870.1    867.4   0.504
20260407011204    112    775.0    790.0   20.0     50.7   1122.1   1028.5   0.767
20260407011204    113   1040.0   1055.0   20.0     38.8    887.8    881.6   0.794
20260407011204    113   1490.0   1505.0   20.0     54.4    878.9    879.7   0.665
20260407011204    114    120.0    140.0   20.0     38.4    895.0   1085.0   0.765
20260407011204    114    210.0    225.0   20.0     47.3   1070.2   1093.3   0.564
20260407011204    114    425.0    440.0   20.0     24.8   1108.9   1117.4   0.811
20260407011204    114    605.0    620.0   20.0     24.2   1112.0   1123.8   0.668
20260407011204    116     70.0    110.0   20.0     38.2    882.9   1000.3   0.755
20260407011204    116    190.0    215.0   20.0     30.8   1004.7   1034.7   0.790
20260407011204    116    335.0    350.0   20.0     60.7   1057.0   1108.9   0.806
20260407011204    116    545.0    575.0   20.0     42.6   1117.6   1151.8   0.920
20260407011204    119    845.0    860.0   20.0     24.4    885.2    887.2   0.678
20260407011204    120    420.0    435.0   20.0     80.7    991.3   1006.2   0.613
20260407011204    120   1630.0   1645.0   20.0     30.0   1128.2   1144.5   0.756
20260407011204    120   1730.0   1745.0   20.0     22.7   1137.1   1146.0   0.597
20260407011204    122    735.0    750.0   20.0     22.7   1290.6   1329.3   0.761
20260407011204    123     60.0    105.0   20.0     32.5    882.4   1080.0   0.784
20260407011204    123    330.0    345.0   20.0     21.1   1137.8   1141.0   0.762
20260407011204    123    420.0    435.0   20.0     28.1   1137.8   1153.2   0.607
20260407011204    123    970.0    985.0   20.0     25.9   1139.2   1142.9   0.823
20260407011204    125    935.0    950.0   20.0     21.2    884.8    884.7   0.778
20260407011204    125   1525.0   1540.0   20.0     87.4    881.7    979.4   0.763
20260407011204    130    105.0    120.0   20.0     44.5    885.8    976.7   0.787
20260407011204    130    645.0    660.0   20.0     31.2   1053.1   1097.0   0.684
20260407011204    130    940.0    955.0   20.0     41.1   1135.9   1174.8   0.825
20260407011204    130   1115.0   1135.0   20.0     29.7   1158.8   1194.1   0.766
20260407011204    131    515.0    530.0   20.0     50.3    895.6    893.1   0.769
20260407011204    131   1555.0   1570.0   20.0     75.0    897.9    899.8   0.779
20260407011204    131   1730.0   1745.0   20.0     25.7    918.0    903.8   0.782
20260407011204    132    970.0    985.0   20.0     22.1   1162.1   1162.4   0.655
20260407011204    134   1705.0   1750.0   20.0     35.7    977.7   1084.9   0.859
20260407011204    135     35.0     50.0   20.0     58.2   1141.3   1181.7   0.697
20260407011204    135    140.0    155.0   20.0    101.3   1161.5    922.0   0.941
20260407011204    137   1660.0   1710.0   20.0    133.9    897.7   1126.6   0.892
20260407011204    137   1785.0   1800.0   20.0     32.1   1123.1   1143.6   0.784
20260407011204    138    210.0    225.0   20.0     23.9   1084.2   1109.0   0.758
20260407011204    139    100.0    115.0   20.0     20.1   1018.2   1036.8   0.731
20260407011204    139    400.0    415.0   20.0     20.0   1162.8   1176.5   0.594
20260407011204    139    855.0    870.0   20.0     27.7   1166.3   1188.5   0.795
20260407011204    139   1570.0   1585.0   20.0     22.2   1206.9   1265.4   0.830
20260407011204    140    770.0    785.0   20.0     27.7   1143.7   1144.9   0.669
20260407011204    140   1375.0   1390.0   20.0     22.9   1187.6   1186.6   0.684
20260407011204    141   1375.0   1390.0   20.0     21.7    951.5    951.3   0.487
20260407011204    144   1225.0   1240.0   20.0     28.5   1243.1   1241.9   0.832
20260407011204    145     60.0     80.0   20.0     66.0    900.6    901.7   0.753
20260407011204    145    610.0    625.0   20.0     26.1    963.0    924.0   0.801
20260407011204    146   1065.0   1080.0   20.0     25.6   1200.0   1195.5   0.750
20260407011204    146   1180.0   1195.0   20.0     36.1   1163.7   1170.7   0.757
20260407011204    147    570.0    585.0   20.0     25.4   1328.3   1306.4   0.805
20260407011204    148     60.0    170.0   20.0     27.1   1004.6   1074.4   0.850
20260407011204    148    690.0    705.0   20.0     53.9   1111.3   1147.7   0.770
20260407011204    148   1065.0   1100.0   20.0     29.1   1197.3   1250.8   0.884
20260407011204    148   1360.0   1375.0   20.0     28.2   1188.2   1214.3   0.854
20260407011204    153      0.0    150.0   20.0     32.3      0.0   1459.4   0.887
20260407011204    153    220.0    345.0   20.0     28.7   1476.4   1480.9   0.894
20260407011204    153    405.0    420.0   20.0     21.8   1464.0   1466.8   0.848
20260407011204    153    640.0    670.0   20.0     24.7   1488.5   1490.7   0.853
20260407011204    153    710.0   1800.0   20.0     46.4   1489.5   1485.0   0.899
20260407011204    155   1105.0   1120.0   20.0     59.8   1551.0   1548.9   0.692
20260407011204    156    100.0    115.0   20.0     57.2    941.2    941.0   0.811
20260407011204    156    675.0    690.0   20.0     64.9    936.2    937.3   0.769
20260407011204    163    245.0    260.0   20.0    102.3    916.3   1110.1   0.791
20260407011204    163   1360.0   1375.0   20.0     28.3   1206.3   1216.1   0.582
20260407011204    169    180.0    195.0   20.0     43.6    937.9    947.4   0.726
20260407011204    169    780.0    795.0   20.0     78.7    942.6    942.4   0.669
20260407011204    169    925.0   1000.0   20.0     80.8    949.8   1157.9   0.781
20260407011204    169   1095.0   1195.0   20.0     43.7   1184.1   1218.5   0.755
20260407011204    169   1440.0   1455.0   20.0     30.3   1200.6   1198.6   0.657
20260407011204    169   1575.0   1590.0   20.0     55.4   1201.3   1209.3   0.715
20260407011204    169   1645.0   1660.0   20.0     20.1   1198.6   1206.6   0.758
20260407011204    169   1700.0   1715.0   20.0     57.2   1210.7   1226.4   0.653
20260407011204    172     70.0     85.0   20.0     58.7   1078.0   1160.8   0.817
20260407011204    172    210.0    225.0   20.0     21.5   1100.6   1110.4   0.829
20260407011204    172    390.0    405.0   20.0     21.4   1120.2   1110.9   0.756
20260407011204    172    505.0    520.0   20.0     21.5   1124.4   1141.0   0.794
20260407011204    172    685.0    705.0   20.0     59.2   1114.0    936.9   0.832
20260407011204    172    800.0    815.0   20.0     50.1    953.2    990.6   0.752
20260407011204    172   1040.0   1070.0   20.0     39.1   1025.4   1066.6   0.821
20260407011204    172   1415.0   1430.0   20.0     21.0   1108.0   1132.8   0.806
20260407011204    172   1560.0   1575.0   20.0     32.5   1141.2   1184.9   0.844
20260407011204    173    590.0    605.0   20.0     23.2    926.9    983.8   0.777
20260407011204    173    660.0    685.0   20.0     68.8   1053.6    926.4   0.849
20260407011204    173   1085.0   1105.0   20.0    122.8    926.7    928.1   0.689
20260407011204    174    190.0    205.0   20.0     43.5    939.1    994.8   0.745
20260407011204    174    505.0    530.0   20.0     38.0   1048.6   1098.8   0.814
20260407011204    174    610.0    635.0   20.0     21.5   1101.1   1070.7   0.734
20260407011204    174   1230.0   1245.0   20.0     20.9   1176.8   1162.0   0.843
20260407011204    174   1655.0   1675.0   20.0     89.8   1161.1    999.7   0.853
20260407011204    176    245.0    260.0   20.0     20.6   1132.5   1151.8   0.689
20260407011204    176    315.0    330.0   20.0     50.9   1166.3   1214.9   0.757
20260407011204    176    445.0    460.0   20.0     63.1   1281.7   1305.9   0.717
20260407011204    176    585.0    600.0   20.0     20.4   1294.1   1321.9   0.467
20260407011204    176   1120.0   1135.0   20.0     37.3   1320.9   1321.5   0.723
20260407011204    177    350.0    365.0   20.0     83.0    925.3    926.2   0.789
20260407011204    177   1020.0   1035.0   20.0     26.8    924.9   1026.2   0.781
20260407011204    177   1090.0   1105.0   20.0    156.7   1052.0   1287.1   0.879
20260407011204    178      5.0     20.0   20.0     27.8    929.8    999.5   0.728
20260407011204    178    125.0    140.0   20.0     21.8   1045.4   1073.3   0.664
20260407011204    178    330.0    350.0   20.0     26.0   1058.5   1065.3   0.806
20260407011204    178    475.0    490.0   20.0     50.4   1075.7   1157.2   0.825
20260407011204    178    580.0    625.0   20.0     27.3   1104.8   1134.4   0.810
20260407011204    178    725.0    740.0   20.0     22.3   1137.4   1177.0   0.765
20260407011204    178    845.0    860.0   20.0     26.3   1183.4   1211.3   0.749
20260407011204    178    910.0    925.0   20.0     34.8   1211.1   1258.8   0.904
20260407011204    178   1115.0   1130.0   20.0     21.7   1215.2   1236.9   0.811
20260407011204    178   1560.0   1575.0   20.0     31.7   1229.2   1236.6   0.828
20260407011204    179    775.0    795.0   20.0    107.9    947.1   1187.0   0.871
20260407011204    180      5.0     60.0   20.0     34.2    930.6   1053.3   0.855
20260407011204    180    130.0    145.0   20.0     55.0   1083.8   1097.9   0.637
20260407011204    180    185.0    200.0   20.0     21.4   1101.9   1092.9   0.630
20260407011204    180   1350.0   1365.0   20.0     38.7   1151.2   1162.4   0.670
20260407011204    180   1400.0   1415.0   20.0     23.5   1154.1   1178.4   0.791
20260407011204    180   1485.0   1545.0   20.0     25.0   1179.5   1186.6   0.698
20260407011204    181    460.0    475.0   20.0     83.0    939.7   1061.1   0.748
20260407011204    181    520.0    535.0   20.0    185.1   1075.3    941.2   0.713
20260407011204    181    675.0    700.0   20.0    156.9    941.3    946.6   0.767
20260407011204    181   1020.0   1055.0   20.0    130.5    941.8    946.3   0.798
20260407011204    183    185.0    205.0   20.0     40.9    947.5    948.6   0.717
20260407011204    185    115.0    130.0   20.0     61.9   1389.8   1410.5   0.588
20260407011204    185    335.0    350.0   20.0     32.1   1520.7   1404.9   0.839
20260407011204    185    850.0    870.0   20.0     65.1   1577.5   1432.2   0.900
20260407011204    185   1335.0   1350.0   20.0     58.1   1580.0   1453.3   0.823
20260407011204    185   1460.0   1475.0   20.0     31.2   1439.3   1562.6   0.911
20260407011204    189     75.0    100.0   20.0     75.3    947.1    945.1   0.747
20260407011204    189    455.0    470.0   20.0     21.0    947.3    947.4   0.575
20260407011204    189    560.0    575.0   20.0     49.4    952.2    951.4   0.655
20260407011204    189    880.0    895.0   20.0     34.3    950.2   1050.6   0.695
20260407011204    189    950.0    965.0   20.0     31.6   1102.1   1137.1   0.535
20260407011204    189   1185.0   1200.0   20.0     24.2   1182.5   1192.0   0.717
20260407011204    189   1240.0   1285.0   20.0     88.8   1200.8    948.8   0.781
20260407011204    190    165.0    180.0   20.0     34.0    954.3   1003.5   0.742
20260407011204    190    230.0    325.0   20.0     35.7   1107.8   1147.2   0.689
20260407011204    190    555.0    605.0   20.0     23.9   1136.1   1167.4   0.894
20260407011204    190    650.0    665.0   20.0     35.1   1167.4   1188.5   0.722
20260407011204    190    715.0    730.0   20.0     27.0   1189.7   1195.6   0.659
20260407011204    190   1010.0   1030.0   20.0     32.6   1195.6   1209.5   0.773
20260407011204    190   1105.0   1120.0   20.0     23.4   1234.5   1236.1   0.746
20260407011204    190   1165.0   1200.0   20.0     49.3   1200.1   1258.2   0.805
20260407011204    190   1300.0   1320.0   20.0     46.7   1237.8   1258.8   0.813
20260407011204    190   1400.0   1420.0   20.0     33.2   1246.8   1283.9   0.847
20260407011204    190   1740.0   1785.0   20.0     49.2   1200.3   1211.5   0.743
20260407011204    191    145.0    180.0   20.0    306.2    955.8   1473.1   0.837
20260407011204    191    220.0    235.0   18.4    438.6   1482.3   1459.5   0.757
20260407011204    191    275.0    285.0   20.0     24.4   1481.4   1463.7   0.712
20260407011204    191    765.0    780.0   20.0    231.6   1517.4   1478.2   0.749
20260407011204    195    365.0    385.0   20.0    169.5    967.6    976.5   0.826
20260407011204    195    765.0    780.0   20.0     36.3    978.0    977.4   0.489
20260407011204    195    880.0    905.0   20.0    115.8    982.2   1319.1   0.841
20260407011204    195   1075.0   1090.0   20.0     24.1   1302.7   1324.0   0.578
20260407011204    196   1045.0   1060.0   20.0     32.2   1222.0   1231.3   0.663
20260407011204    196   1115.0   1130.0   20.0     35.5   1209.4   1235.7   0.756
20260407011204    196   1165.0   1180.0   20.0     24.0   1209.9   1258.0   0.753
20260407011204    199     25.0     45.0   20.0    184.5    964.7    965.8   0.851
20260407011204    199    115.0    135.0   20.0    237.3    965.8    966.9   0.771
20260407011204    199   1415.0   1430.0   20.0    122.6    966.7   1266.2   0.889
20260407011204    200    170.0    185.0   20.0     37.3   1141.5   1214.0   0.807
20260407011204    200   1105.0   1120.0   20.0     41.5   1364.5   1424.8   0.810
20260407011204    203     55.0     75.0   20.0    171.7    990.5    991.4   0.882
20260407011204    203    380.0    420.0   20.0     79.1    992.2   1131.5   0.800
20260407011204    203    515.0    570.0   20.0     35.9   1180.7   1212.5   0.731
20260407011204    203    610.0    625.0   20.0     23.6   1209.0   1208.6   0.511
20260407011204    203    775.0    880.0   20.0     22.2   1233.6   1292.4   0.706
20260407011204    203   1070.0   1085.0   20.0     49.5   1342.3   1348.8   0.720
20260407011204    203   1145.0   1160.0   20.0     43.0   1353.4   1372.2   0.693
20260407011204    203   1225.0   1240.0   20.0     32.9   1371.8   1358.7   0.497
20260407011204    203   1440.0   1455.0   20.0     29.7   1371.5   1366.7   0.742
20260407011204    203   1745.0   1760.0   20.0     20.3   1366.9   1370.9   0.802
20260407011204    204    315.0    330.0   20.0     56.2    992.6   1059.4   0.743
20260407011204    204    460.0    475.0   20.0     68.5   1126.3   1184.7   0.805
20260407011204    204    905.0    920.0   20.0     21.3   1231.8   1234.7   0.666
20260407011204    204   1025.0   1040.0   20.0     26.3   1250.5   1274.2   0.636
20260407011204    204   1145.0   1160.0   20.0     22.7   1287.0   1317.9   0.809
20260407011204    205    150.0    205.0   20.0    193.3    982.3    983.9   0.782
20260407011204    205    480.0    520.0   20.0     45.3   1011.5    999.4   0.853
20260407011204    205    890.0    965.0   20.0    166.0   1017.3   1018.1   0.864
20260407011204    205   1650.0   1660.0   20.0     55.3   1078.9   1026.7   0.484
20260407011204    209   1465.0   1495.0   20.0    150.3   1000.9   1007.0   0.910
20260407011204    211    325.0    345.0   20.0     54.8   1003.3   1002.6   0.740
20260407011204    211   1170.0   1185.0   20.0    146.3   1022.5   1271.9   0.798
20260407011204    218     45.0     60.0   20.0     23.3   1194.3   1251.0   0.753
20260407011204    218    355.0    370.0   20.0     24.7   1284.3   1302.2   0.849
20260407011204    218    470.0    510.0   20.0     51.1   1290.5   1333.6   0.734
20260407011204    218    545.0    560.0   20.0     24.0   1335.4   1351.3   0.770
20260407011204    219    900.0    915.0   20.0     21.6   1019.9   1020.6   0.575
20260407011204    221      0.0     85.0   20.0    109.0      0.0   1685.4   0.829
20260407011204    221    130.0    195.0   20.0    102.9   1686.1   1687.5   0.869
20260407011204    221    230.0    290.0   20.0     98.1   1688.4   1685.2   0.805
20260407011204    221    365.0    565.0   20.0     86.1   1687.8   1689.6   0.841
20260407011204    221    620.0    695.0   20.0     82.2   1693.1   1691.1   0.875
20260407011204    221   1280.0   1340.0   20.0    108.9   1714.9   1701.5   0.734
20260407011204    223    670.0    690.0   20.0     51.6   1023.0   1026.2   0.773
20260407011204    223    865.0    890.0   20.0    202.8   1028.5   1028.4   0.920
20260407011204    225   1090.0   1150.0   20.0     89.5   1042.9   1040.8   0.775
20260407011204    225   1640.0   1655.0   20.0     28.4   1043.8   1040.3   0.650
20260407011204    227     20.0     35.0   20.0     22.6   1519.5   1376.0   0.884
20260407011204    227   1035.0   1045.0   20.0     22.6   1561.4   1555.2   0.481
20260407011204    227   1300.0   1315.0   20.0     45.5   1592.3   1580.8   0.858
20260407011204    227   1455.0   1580.0   20.0     90.8   1559.4   1581.3   0.910
20260407011204    229    115.0    130.0   20.0     35.0   1230.4   1237.2   0.833
20260407011204    233    310.0    340.0   20.0    355.7   1051.3   1049.9   0.778
20260407011204    233   1745.0   1765.0   20.0    240.5   1048.2   1584.7   0.913
20260407011204    236     55.0    115.0   20.0     46.5   1121.6   1311.7   0.781
20260407011204    236    165.0    180.0   20.0     24.9   1336.9   1323.1   0.838
20260407011204    236    265.0    315.0   20.0     53.1   1325.9   1418.3   0.864
20260407011204    236    425.0    450.0   20.0     52.2   1384.3   1358.0   0.795
20260407011204    236    520.0    535.0   20.0     23.6   1350.6   1380.4   0.724
20260407011204    236    585.0    605.0   20.0     25.3   1369.9   1383.9   0.807
20260407011204    236    765.0    780.0   20.0     20.9   1383.9   1425.9   0.778
20260407011204    236    900.0    915.0   20.0     20.4   1428.3   1444.0   0.748
20260407011204    236    995.0   1010.0   20.0     21.8   1427.5   1395.7   0.784
20260407011204    236   1245.0   1260.0   20.0     22.6   1427.0   1443.5   0.891
20260407011204    239   1040.0   1135.0   20.0     94.8   1095.0   1460.7   0.791
20260407011204    239   1180.0   1195.0   20.0     22.0   1477.9   1474.0   0.668
20260407011204    239   1260.0   1275.0   20.0     20.8   1477.0   1497.0   0.604
20260407011204    239   1490.0   1505.0   20.0     21.1   1510.7   1538.0   0.748
20260407011204    243   1230.0   1245.0   20.0     25.6   1100.1   1093.1   0.722
20260407011204    243   1340.0   1350.0   20.0     23.6   1096.2   1092.9   0.442
20260407011204    243   1470.0   1515.0   20.0    152.5   1087.7   1471.3   0.819
20260407011204    243   1745.0   1760.0   20.0    157.9   1505.3   1084.8   0.898
20260407011204    248    355.0    370.0   20.0     21.5   1537.0   1538.8   0.735
20260407011204    248   1590.0   1610.0   20.0     27.5   1393.5   1320.3   0.812
20260407011204    251   1200.0   1215.0   20.0     75.2   1111.7   1112.2   0.689
20260407011204    251   1745.0   1755.0   20.0     20.0   1104.1   1104.5   0.403
20260407011204    253   1425.0   1475.0   20.0    193.8   1132.9   1560.1   0.837
20260407011204    253   1510.0   1570.0   20.0    256.9   1564.3   1123.2   0.888
20260407011204    254    315.0    330.0   20.0     23.5   1378.8   1383.6   0.753
20260407011204    255     45.0    120.0   20.0    167.5   1130.9   1648.4   0.769
20260407011204    255   1005.0   1020.0   20.0     25.3   1673.5   1685.5   0.746
20260407014523      2   1455.0   1470.0   20.0     28.9   1447.1   1442.7   0.793
20260407014523      3    945.0    985.0   20.0     57.6   1005.7   1088.8   0.775
20260407014523      3   1415.0   1480.0   20.0     36.8   1132.7   1151.4   0.762
20260407014523      3   1595.0   1605.0   20.0     21.1   1135.8   1155.7   0.452
20260407014523      5     70.0    105.0   20.0    121.5   1005.0   1364.5   0.897
20260407014523      5    300.0    320.0   20.0    147.8   1153.9   1003.1   0.857
20260407014523      5    940.0    955.0   20.0     44.8   1067.2   1029.9   0.884
20260407014523      5   1045.0   1110.0   20.0    164.4   1035.7    993.2   0.894
20260407014523      5   1260.0   1275.0   20.0     98.6    989.8    992.0   0.857
20260407014523      5   1755.0   1770.0   20.0     38.9    943.7   1007.6   0.804
20260407014523      6      0.0   1800.0   20.0    176.1      0.0   1516.1   0.844
20260407014523      8    130.0    145.0   20.0     35.8   1001.2   1048.7   0.737
20260407014523      8    400.0    420.0   20.0     69.6   1110.1   1007.7   0.766
20260407014523      8    560.0    575.0   20.0     42.9   1030.6    995.7   0.750
20260407014523      8    790.0    805.0   20.0    135.4    992.0    994.3   0.790
20260407014523      8   1775.0   1790.0   20.0     25.7    927.9    926.0   0.703
20260407014523     11   1435.0   1475.0   20.0     51.7   1034.7   1032.8   0.804
20260407014523     12     25.0   1800.0   20.0     93.1   1655.6   1506.6   0.883
20260407014523     13    900.0    915.0   20.0     71.2   1073.4    978.9   0.794
20260407014523     13   1040.0   1055.0   20.0    123.7    975.1   1181.7   0.822
20260407014523     14     10.0     25.0   20.0     25.9   1063.2   1088.1   0.793
20260407014523     14    150.0    165.0   20.0     46.6   1088.4   1019.6   0.786
20260407014523     14    950.0    965.0   20.0     36.8   1148.3   1161.0   0.611
20260407014523     14   1050.0   1065.0   20.0     66.0   1172.5   1224.8   0.869
20260407014523     14   1355.0   1380.0   20.0     25.4   1196.4   1213.1   0.879
20260407014523     16      0.0   1800.0   20.0     89.7      0.0   1547.7   0.883
20260407014523     19     70.0     85.0   20.0     37.1    959.1   1015.0   0.739
20260407014523     19    205.0    240.0   20.0     26.3   1052.9   1087.6   0.623
20260407014523     19   1000.0   1015.0   20.0    116.8   1167.6    956.0   0.902
20260407014523     21     95.0    110.0   20.0     41.5   1026.6   1069.1   0.768
20260407014523     21   1175.0   1190.0   20.0     21.2   1119.9   1140.4   0.729
20260407014523     21   1275.0   1290.0   20.0     23.2   1123.5   1119.3   0.796
20260407014523     22    645.0    660.0   20.0     52.8    979.8   1030.9   0.747
20260407014523     22   1305.0   1325.0   20.0     86.4   1038.9   1229.5   0.847
20260407014523     23    885.0    900.0   20.0     29.2    963.6    962.6   0.708
20260407014523     23   1430.0   1445.0   20.0    222.5    946.2    939.9   0.807
20260407014523     25    495.0    545.0   20.0    102.3   1008.3   1010.4   0.781
20260407014523     25   1655.0   1670.0   20.0     58.0    976.2    971.6   0.797
20260407014523     27     25.0     40.0   20.0     22.4   1513.2   1520.6   0.722
20260407014523     28     95.0    110.0   20.0    170.8    980.2    959.9   0.615
20260407014523     28    325.0    340.0   20.0     33.8    962.4   1018.1   0.855
20260407014523     28    475.0    505.0   20.0     89.8   1042.7   1197.7   0.795
20260407014523     28    630.0    645.0   20.0     54.8   1191.7   1218.8   0.757
20260407014523     28    910.0    925.0   20.0    118.9   1178.2    965.9   0.795
20260407014523     29    950.0    965.0   20.0     31.5    933.0    952.5   0.594
20260407014523     30   1205.0   1220.0   20.0     23.2   1264.5   1267.7   0.631
20260407014523     31    970.0    985.0   20.0     65.3    988.6    989.9   0.664
20260407014523     31   1145.0   1160.0   20.0     38.7    984.1    984.5   0.581
20260407014523     32      0.0     10.0   20.0    131.9      0.0   1256.7   0.844
20260407014523     35    240.0    285.0   20.0    280.2    945.4    951.6   0.809
20260407014523     35   1050.0   1065.0   20.0    120.1    952.8   1167.4   0.852
20260407014523     38     50.0     65.0   20.0     27.7   1136.5   1128.2   0.614
20260407014523     38    260.0    275.0   20.0     52.9   1166.7   1169.2   0.835
20260407014523     38    670.0    685.0   20.0     57.2   1184.4   1185.6   0.745
20260407014523     38    965.0    980.0   20.0     20.9   1182.5   1181.9   0.617
20260407014523     38   1710.0   1725.0   20.0     25.4   1202.7   1218.1   0.858
20260407014523     40     30.0     85.0   20.0     99.4   1013.3   1174.3   0.828
20260407014523     41   1465.0   1480.0   20.0     21.6    992.0   1040.3   0.683
20260407014523     43    635.0    725.0   20.0     47.2    932.8   1031.8   0.803
20260407014523     43    790.0    815.0   20.0     43.6   1043.8   1072.5   0.847
20260407014523     43   1395.0   1410.0   20.0     23.9   1089.2   1118.5   0.783
20260407014523     43   1515.0   1530.0   20.0     20.9   1130.8   1143.3   0.556
20260407014523     45    455.0    470.0   20.0     58.0    930.4   1079.1   0.806
20260407014523     45    695.0    710.0   20.0     21.8   1095.3   1116.5   0.682
20260407014523     45   1515.0   1530.0   20.0     25.8   1185.5   1184.8   0.640
20260407014523     47   1195.0   1210.0   20.0    244.5    920.5    921.6   0.727
20260407014523     47   1310.0   1325.0   20.0     27.1    921.7    970.0   0.703
20260407014523     47   1660.0   1675.0   20.0     69.4    997.3    904.1   0.752
20260407014523     49     30.0     70.0   20.0     59.5    968.8   1093.4   0.881
20260407014523     49    385.0    445.0   20.0     57.1   1097.2   1042.4   0.935
20260407014523     49   1340.0   1355.0   20.0     44.3   1305.3   1389.1   0.894
20260407014523     49   1390.0   1405.0   20.0     21.8   1375.5   1434.9   0.928
20260407014523     50    420.0    435.0   20.0     23.7    940.6    977.7   0.805
20260407014523     50    535.0    560.0   20.0    103.6   1006.8    943.3   0.827
20260407014523     50    845.0    860.0   20.0     54.6    940.0   1001.0   0.755
20260407014523     51   1350.0   1365.0   20.0     66.1    901.4   1061.4   0.852
20260407014523     52     80.0     95.0   20.0     60.7   1011.6   1035.1   0.859
20260407014523     52    305.0    325.0   20.0     48.9   1040.9   1123.0   0.839
20260407014523     52   1140.0   1155.0   20.0     25.7   1132.1   1131.5   0.663
20260407014523     54   1460.0   1475.0   20.0     49.5   1109.7   1199.3   0.816
20260407014523     55    580.0    595.0   20.0     65.1    903.7    904.9   0.814
20260407014523     55    630.0    645.0   20.0     40.3    902.8    945.9   0.749
20260407014523     55    735.0    750.0   20.0     37.3    944.5    899.2   0.750
20260407014523     56     30.0     45.0   20.0     27.7    924.2    971.8   0.834
20260407014523     56    100.0    160.0   20.0     36.4   1004.5   1075.2   0.787
20260407014523     57    965.0    980.0   20.0     35.1   1538.5   1538.9   0.818
20260407014523     58     40.0     55.0   20.0     44.7   1043.4   1085.1   0.670
20260407014523     58    150.0    160.0   20.0     29.0   1101.1   1102.3   0.415
20260407014523     61   1375.0   1390.0   20.0     47.1    926.4    911.9   0.740
20260407014523     62   1705.0   1720.0   20.0     27.8   1181.4   1179.0   0.760
20260407014523     63     50.0     65.0   20.0     31.0    950.4   1002.6   0.825
20260407014523     63    145.0    165.0   20.0     75.3   1019.8    948.0   0.825
20260407014523     64    525.0    540.0   20.0     78.3    934.5   1178.9   0.869
20260407014523     64    770.0    785.0   20.0     30.3   1213.8   1213.2   0.791
20260407014523     65      0.0     10.0   20.0     21.8      0.0    893.7   0.656
20260407014523     67   1495.0   1515.0   20.0     36.4    902.0   1027.3   0.857
20260407014523     68    105.0    140.0   20.0     22.0   1205.5   1217.8   0.734
20260407014523     69      0.0     15.0   20.0     46.8      0.0   1021.4   0.801
20260407014523     69     75.0     90.0   20.0     51.6   1061.1   1074.8   0.846
20260407014523     69    305.0    320.0   20.0     40.1   1108.8   1161.3   0.776
20260407014523     69    630.0    645.0   20.0     47.8   1203.2   1209.9   0.737
20260407014523     72    105.0    120.0   20.0     42.1    955.0    993.5   0.782
20260407014523     72    200.0    215.0   20.0     42.3    999.7   1021.5   0.788
20260407014523     72   1310.0   1325.0   20.0     20.8   1065.2   1073.2   0.669
20260407014523     73      0.0     45.0   20.0     60.9      0.0   1075.7   0.773
20260407014523     73    845.0    860.0   20.0     20.9   1078.8   1089.1   0.631
20260407014523     73   1010.0   1025.0   20.0     53.1   1095.4   1112.2   0.494
20260407014523     73   1270.0   1285.0   20.0     30.7   1090.3   1100.9   0.806
20260407014523     75   1090.0   1105.0   20.0     29.9    900.5    938.5   0.755
20260407014523     75   1220.0   1250.0   20.0    113.3    963.2    912.4   0.780
20260407014523     75   1360.0   1370.0   20.0     20.3    900.9    884.1   0.526
20260407014523     75   1590.0   1605.0   20.0     34.3    881.0    882.3   0.733
20260407014523     79    140.0    155.0   20.0     34.3   1180.8   1197.1   0.587
20260407014523     81    860.0    935.0   20.0    153.9    898.2   1201.2   0.819
20260407014523     81   1305.0   1320.0   20.0     23.8   1192.5   1226.9   0.825
20260407014523     85   1690.0   1710.0   20.0     68.8    981.7   1124.2   0.773
20260407014523     87    270.0    285.0   20.0     33.3    905.7    905.6   0.828
20260407014523     88      5.0     55.0   20.0     45.9    888.4   1021.4   0.766
20260407014523     96    440.0    460.0   20.0     41.0   1054.3   1056.4   0.816
20260407014523     96    775.0    790.0   20.0     29.8   1092.8   1112.1   0.869
20260407014523     96   1515.0   1530.0   20.0     24.5   1106.8   1140.4   0.792
20260407014523     96   1590.0   1605.0   20.0     28.8   1122.2   1127.6   0.829
20260407014523     96   1700.0   1715.0   20.0     26.2   1108.3   1109.5   0.756
20260407014523     97    635.0    650.0   20.0     26.5    877.0    881.7   0.716
20260407014523     97   1670.0   1685.0   20.0     81.7    880.6   1045.2   0.804
20260407014523     98    920.0    930.0   20.0     28.4   1077.7   1097.2   0.831
20260407014523     99   1280.0   1295.0   20.0     32.3    899.9   1141.8   0.790
20260407014523     99   1735.0   1750.0   20.0     42.6   1219.4   1213.8   0.858
20260407014523    101    585.0    600.0   20.0     22.6   1267.1   1276.6   0.674
20260407014523    106    750.0    765.0   20.0     83.4   1129.0   1199.5   0.779
20260407014523    109      0.0     80.0   20.0    155.4      0.0    889.6   0.844
20260407014523    113    645.0    665.0   20.0     52.0    882.3    882.7   0.753
20260407014523    114    125.0    140.0   20.0     21.8   1040.2   1075.3   0.831
20260407014523    114    220.0    235.0   20.0     20.3   1082.4   1089.9   0.584
20260407014523    116     35.0     50.0   20.0     33.4    960.9    978.0   0.766
20260407014523    116    640.0    655.0   20.0     23.6   1107.2   1108.4   0.751
20260407014523    116    690.0    705.0   20.0     49.4   1112.7   1118.4   0.774
20260407014523    119   1705.0   1770.0   20.0     78.5    880.9    869.7   0.813
20260407014523    120     15.0     65.0   20.0     42.8   1095.0   1163.3   0.843
20260407014523    120    165.0    180.0   20.0     32.2   1136.2   1150.0   0.584
20260407014523    120    260.0    275.0   20.0     30.9   1177.6   1160.9   0.715
20260407014523    120    325.0    340.0   20.0     25.4   1164.7   1185.5   0.652
20260407014523    120    440.0    500.0   20.0     41.9   1166.0   1164.3   0.810
20260407014523    120    535.0    595.0   20.0     39.1   1169.8   1170.4   0.822
20260407014523    120    790.0    830.0   20.0     26.8   1184.3   1208.7   0.849
20260407014523    120   1650.0   1665.0   20.0     22.5   1166.7   1203.0   0.784
20260407014523    120   1785.0   1800.0   20.0     31.8   1169.6   1195.0   0.846
20260407014523    121   1730.0   1745.0   20.0     45.1    979.8    971.2   0.843
20260407014523    123     15.0     55.0   20.0     48.4   1097.7   1095.6   0.764
20260407014523    123    130.0    145.0   20.0     26.4   1097.3   1125.3   0.707
20260407014523    123    385.0    400.0   20.0     32.2   1107.0   1121.5   0.547
20260407014523    123    600.0    620.0   20.0     25.5   1153.2   1143.1   0.767
20260407014523    123    785.0    800.0   20.0     24.8   1126.1   1131.2   0.767
20260407014523    124     35.0     50.0   20.0     24.9   1143.7   1141.9   0.788
20260407014523    124   1155.0   1170.0   20.0     22.0   1190.4   1191.0   0.596
20260407014523    125     95.0    110.0   20.0     22.6   1009.6   1001.2   0.691
20260407014523    125    175.0    195.0   20.0    175.9    979.8   1200.1   0.806
20260407014523    125    675.0    690.0   20.0     31.0   1199.5   1204.6   0.807
20260407014523    126    855.0    870.0   20.0     21.2   1277.8   1333.4   0.769
20260407014523    129     90.0    105.0   20.0     81.4    874.3    876.5   0.691
20260407014523    130     15.0     45.0   20.0     47.5    992.2   1059.2   0.670
20260407014523    130    230.0    245.0   20.0     23.3   1083.6   1085.4   0.710
20260407014523    130    505.0    520.0   20.0     31.5   1111.3   1110.0   0.786
20260407014523    130    660.0    675.0   20.0     31.9   1126.0   1125.8   0.577
20260407014523    130    770.0    785.0   20.0     25.3   1118.7   1139.0   0.652
20260407014523    131     65.0     85.0   20.0    130.2    891.9   1206.9   0.880
20260407014523    131    360.0    380.0   20.0    233.2   1266.6    893.7   0.826
20260407014523    132     25.0     40.0   20.0     20.1    982.4    976.1   0.760
20260407014523    132    595.0    610.0   20.0     23.7   1015.4   1026.3   0.796
20260407014523    133    710.0    725.0   20.0     24.4    964.9   1006.1   0.785
20260407014523    133    805.0    820.0   20.0     74.1   1012.7    963.5   0.797
20260407014523    134    135.0    150.0   20.0     28.7   1071.8   1177.2   0.834
20260407014523    135    615.0    630.0   20.0     51.4    910.9    989.8   0.787
20260407014523    135    685.0    710.0   20.0     85.3   1021.3   1238.8   0.797
20260407014523    136    165.0    180.0   20.0     22.4   1057.9   1079.7   0.736
20260407014523    136   1380.0   1395.0   20.0     22.2   1188.8   1186.4   0.664
20260407014523    137    825.0    840.0   20.0     48.1    945.6    956.5   0.768
20260407014523    140    165.0    180.0   20.0     42.2   1177.8   1173.7   0.444
20260407014523    141    705.0    785.0   20.0     47.5    960.3   1103.6   0.915
20260407014523    141    825.0    845.0   20.0     39.7   1153.6   1119.2   0.906
20260407014523    141    985.0   1010.0   20.0     71.4   1152.2    958.4   0.798
20260407014523    143    115.0    130.0   20.0     21.2   1387.6   1405.2   0.905
20260407014523    146      0.0     10.0   20.0     34.3      0.0   1071.5   0.669
20260407014523    146    175.0    210.0   20.0     32.0   1112.5   1162.7   0.732
20260407014523    146    380.0    395.0   20.0     22.3   1192.8   1196.4   0.576
20260407014523    146    690.0    705.0   20.0     22.5   1217.4   1239.9   0.668
20260407014523    146    990.0   1005.0   20.0     35.1   1244.3   1297.3   0.906
20260407014523    148     15.0     35.0   20.0     63.4    915.1   1009.5   0.901
20260407014523    148    230.0    245.0   20.0     24.6   1025.7   1039.5   0.795
20260407014523    148    375.0    390.0   20.0     39.0   1042.5   1076.6   0.562
20260407014523    148    615.0    640.0   20.0     34.5   1042.5   1088.7   0.826
20260407014523    148    705.0    720.0   20.0     34.7   1090.4   1116.3   0.723
20260407014523    149    310.0    325.0   20.0     52.2    962.0    960.9   0.815
20260407014523    155   1405.0   1420.0    4.9     67.7   1560.6   1560.4   0.413
20260407014523    155   1460.0   1470.0    5.9     64.0   1557.5   1558.1   0.416
20260407014523    155   1630.0   1665.0    5.6     68.7   1561.6   1558.9   0.445
20260407014523    159     60.0     75.0   20.0     56.6    162.9    214.4   0.760
20260407014523    159    395.0    410.0   20.0     29.9    233.1    237.8   0.789
20260407014523    163      0.0     15.0   20.0     39.8      0.0    905.5   0.812
20260407014523    163     80.0    120.0   20.0     82.3    906.8   1117.2   0.813
20260407014523    169    390.0    405.0   20.0     31.9   1122.0   1132.0   0.547
20260407014523    169    895.0    950.0   20.0     33.9   1160.6   1169.9   0.697
20260407014523    169   1575.0   1590.0   20.0     63.3   1230.9   1228.0   0.766
20260407014523    174    365.0    445.0   20.0     33.9   1112.7   1128.3   0.897
20260407014523    174    510.0    555.0   20.0     27.1   1126.9   1131.5   0.780
20260407014523    174    680.0    740.0   20.0     88.1   1133.3   1151.3   0.838
20260407014523    174    850.0    865.0   20.0     27.1   1157.3   1160.5   0.660
20260407014523    174   1410.0   1425.0   20.0     30.1   1203.6   1181.1   0.771
20260407014523    175    380.0    400.0   20.0     53.7    919.2   1014.6   0.850
20260407014523    175    465.0    480.0   20.0    123.3   1014.3    920.9   0.660
20260407014523    175    565.0    585.0   20.0     47.0    921.1    919.5   0.736
20260407014523    175   1030.0   1105.0   20.0    131.0    917.4   1207.4   0.851
20260407014523    175   1175.0   1205.0   20.0     81.5   1242.5    917.2   0.855
20260407014523    177   1635.0   1650.0   20.0     44.6    922.0    919.3   0.685
20260407014523    178     65.0     80.0   20.0     49.7   1061.3   1115.1   0.800
20260407014523    178    230.0    245.0   20.0     24.2   1142.9   1135.5   0.858
20260407014523    178    425.0    440.0   20.0     20.2   1168.6   1195.5   0.720
20260407014523    179    855.0    870.0   20.0     27.1    991.7   1051.0   0.686
20260407014523    179    935.0    950.0   20.0     84.5   1061.8    956.3   0.744
20260407014523    179    995.0   1010.0   20.0     64.2    951.9    951.4   0.778
20260407014523    179   1280.0   1295.0   20.0     20.2    948.9    947.3   0.428
20260407014523    179   1570.0   1590.0   20.0    146.9    952.2   1292.4   0.863
20260407014523    180     40.0    100.0   20.0     37.3   1077.2   1192.3   0.668
20260407014523    180    190.0    245.0   20.0     24.4   1172.2   1154.3   0.817
20260407014523    180    815.0    830.0   20.0     37.6   1147.3   1165.8   0.652
20260407014523    180   1305.0   1320.0   20.0     24.8   1148.6   1162.9   0.728
20260407014523    181    225.0    245.0   20.0    195.8    948.3    944.4   0.816
20260407014523    183    495.0    515.0   20.0     97.9    962.3    957.3   0.827
20260407014523    183   1090.0   1110.0   20.0     92.2    959.3   1150.2   0.870
20260407014523    183   1630.0   1645.0   20.0     26.3   1231.4   1277.3   0.852
20260407014523    189    130.0    145.0   20.0     20.8    950.0    950.4   0.559
20260407014523    189    245.0    265.0   20.0     48.8    951.0    951.0   0.688
20260407014523    190     25.0     75.0   20.0     30.8    955.5   1077.5   0.741
20260407014523    190    125.0    140.0   20.0     25.4   1064.2   1055.1   0.856
20260407014523    190   1140.0   1155.0   20.0     31.6   1127.6   1134.1   0.849
20260407014523    190   1190.0   1220.0   20.0    145.1   1126.8   1180.4   0.830
20260407014523    191   1670.0   1685.0   20.0     26.3    961.6    960.5   0.727
20260407014523    195     25.0     40.0   20.0     29.1   1284.3   1292.0   0.757
20260407014523    195    295.0    310.0   20.0     20.0   1329.5   1342.9   0.715
20260407014523    199    265.0    280.0   20.0     67.2    970.8    970.7   0.684
20260407014523    200     25.0     40.0   20.0     21.5   1135.4   1157.0   0.706
20260407014523    200     85.0    100.0   20.0     29.0   1166.6   1173.9   0.820
20260407014523    200    340.0    355.0   20.0     66.0   1138.5   1206.3   0.796
20260407014523    202     50.0     65.0   20.0     49.3   1230.0   1385.9   0.878
20260407014523    203     30.0    150.0   20.0     38.6   1179.0   1166.1   0.705
20260407014523    203    310.0    410.0   20.0     61.4   1171.0   1193.5   0.731
20260407014523    203    570.0    585.0   20.0     49.2   1189.1   1224.0   0.794
20260407014523    203    620.0    635.0   20.0     25.5   1224.6   1246.7   0.631
20260407014523    203    790.0    805.0   20.0     24.5   1265.4   1266.9   0.495
20260407014523    203    890.0    900.0   20.0     22.7   1267.3   1275.3   0.453
20260407014523    203    980.0    995.0   20.0     26.5   1286.9   1288.8   0.660
20260407014523    203   1045.0   1060.0   20.0     22.3   1294.8   1291.4   0.507
20260407014523    203   1200.0   1215.0   20.0     55.9   1314.4   1331.0   0.872
20260407014523    203   1325.0   1355.0   20.0     42.5   1312.8   1331.9   0.669
20260407014523    204    100.0    115.0   20.0     22.1   1166.2   1152.3   0.627
20260407014523    204    665.0    680.0   20.0     21.6   1229.7   1236.8   0.773
20260407014523    205     70.0     80.0   20.0     22.0   1003.2    988.6   0.419
20260407014523    205    385.0    400.0   20.0     63.7    988.9   1162.2   0.860
20260407014523    205    465.0    480.0   20.0     27.9   1170.8   1018.4   0.868
20260407014523    205   1290.0   1305.0   20.0     74.1   1003.7   1006.4   0.902
20260407014523    205   1495.0   1510.0   20.0     24.9    999.3   1004.4   0.545
20260407014523    205   1700.0   1715.0   20.0     27.3   1009.6    983.3   0.758
20260407014523    209    760.0    775.0   20.0     26.4   1006.5   1041.2   0.755
20260407014523    209    910.0    925.0   20.0     20.3   1086.4   1164.3   0.662
20260407014523    209    990.0   1025.0   20.0     62.3   1135.2   1155.3   0.608
20260407014523    209   1195.0   1210.0   20.0     39.7   1267.9   1261.2   0.686
20260407014523    209   1325.0   1350.0   20.0     27.1   1264.8   1287.1   0.687
20260407014523    211   1415.0   1445.0   20.0    112.9   1006.2   1264.1   0.835
20260407014523    213     55.0     70.0   20.0     38.7   1257.4   1261.9   0.490
20260407014523    217   1440.0   1455.0   20.0     23.4   1755.2   1753.7   0.835
20260407014523    217   1630.0   1680.0   20.0     49.6   1771.3   1756.3   0.882
20260407014523    217   1725.0   1800.0   20.0     39.3   1760.2   1743.4   0.836
20260407014523    218     15.0     30.0   20.0     20.9   1223.1   1247.5   0.810
20260407014523    218    295.0    310.0   20.0     20.1   1261.3   1270.8   0.763
20260407014523    218   1000.0   1015.0   20.0     20.3   1367.5   1371.3   0.614
20260407014523    218   1640.0   1690.0   20.0     29.4   1354.9   1140.7   0.894
20260407014523    219    280.0    295.0   20.0     54.6   1025.9   1073.9   0.722
20260407014523    219    475.0    490.0   20.0     79.6   1092.3   1023.0   0.740
20260407014523    222    280.0    380.0   20.0     48.7   1799.2   1800.1   0.704
20260407014523    222    420.0   1640.0   20.0     66.7   1807.4   1817.5   0.849
20260407014523    222   1675.0   1790.0   20.0     32.6   1814.2   1795.9   0.850
20260407014523    223    250.0    265.0   20.0     49.5   1027.4   1083.4   0.743
20260407014523    223    625.0    640.0   20.0     22.5   1110.7   1092.5   0.837
20260407014523    224    845.0    860.0   20.0     43.0   1609.0   1610.4   0.827
20260407014523    225     10.0     35.0   20.0    230.7   1041.2   1042.6   0.829
20260407014523    225    165.0    295.0   20.0     86.1   1043.4   1446.5   0.813
20260407014523    225    560.0    575.0   20.0     26.7   1354.9   1390.9   0.823
20260407014523    225    790.0    810.0   20.0     60.7   1392.6   1408.6   0.894
20260407014523    225   1005.0   1020.0   20.0     24.3   1384.2   1385.3   0.834
20260407014523    227    205.0    220.0   20.0     24.7   1663.1   1654.5   0.831
20260407014523    231     50.0     65.0   20.0     71.1   1050.4   1051.7   0.528
20260407014523    231    990.0   1030.0   20.0     48.9   1053.3   1220.1   0.753
20260407014523    231   1105.0   1180.0   20.0    172.2   1241.6   1052.4   0.776
20260407014523    233    700.0    715.0   20.0     86.0   1057.0   1051.0   0.748
20260407014523    233   1325.0   1340.0   20.0     98.9   1054.7   1301.9   0.871
20260407014523    233   1510.0   1525.0   20.0     20.5   1345.4   1354.2   0.766
20260407014523    234    240.0    255.0   20.0     26.0   1344.6   1362.7   0.765
20260407014523    234   1065.0   1080.0   20.0     30.1   1379.8   1389.8   0.772
20260407014523    236    345.0    375.0   20.0     25.9   1307.8   1332.3   0.847
20260407014523    236    575.0    590.0   20.0     31.1   1305.2   1349.6   0.909
20260407014523    237    970.0    985.0   20.0     22.3   1184.9   1176.8   0.457
20260407014523    237   1085.0   1100.0   20.0     36.6   1199.2   1199.2   0.797
20260407014523    237   1195.0   1210.0   20.0     24.0   1203.7   1192.7   0.720
20260407014523    237   1445.0   1460.0   20.0     33.0   1196.4   1225.9   0.694
20260407014523    237   1495.0   1530.0   20.0     25.3   1226.8   1260.0   0.803
20260407014523    237   1590.0   1605.0   20.0     21.1   1332.6   1215.2   0.921
20260407014523    239     60.0    155.0   20.0     44.8   1184.3   1315.0   0.820
20260407014523    239    195.0    235.0   20.0     48.8   1286.2   1335.4   0.849
20260407014523    239    830.0    845.0   20.0     91.5   1422.9   1522.7   0.834
20260407014523    239    880.0    895.0   20.0     35.8   1529.0   1575.0   0.809
20260407014523    243     10.0     25.0   20.0    102.5   1089.5   1100.3   0.684
20260407014523    243    210.0    225.0   20.0     40.5   1090.2   1092.6   0.725
20260407014523    243   1115.0   1165.0   20.0     72.4   1091.4   1328.4   0.861
20260407014523    243   1205.0   1275.0   20.0     61.7   1319.4   1325.5   0.859
20260407014523    243   1355.0   1375.0   20.0     94.9   1323.0   1084.1   0.843
20260407014523    245    140.0    155.0   20.0     23.5   1436.3   1415.4   0.500
20260407014523    245    215.0    230.0   20.0     21.1   1425.3   1465.8   0.844
20260407014523    251    735.0    750.0   20.0     27.1   1201.5   1224.9   0.727
20260407014523    251    800.0    850.0   20.0     88.9   1240.1   1115.2   0.804
20260407014523    253   1355.0   1425.0   20.0    103.2   1144.5   1147.3   0.841
20260407014523    253   1530.0   1540.0   20.0     24.1   1148.7   1128.8   0.439
20260407014523    253   1645.0   1795.0   20.0    122.6   1131.3   1789.1   0.764
20260407014523    255      5.0     75.0   20.0    153.3   1137.7   1737.0   0.850
20260407014523    255    900.0    915.0   20.0     25.4   1765.0   1761.3   0.695
20260407021843      3    300.0    350.0   20.0     84.2   1013.3   1018.4   0.832
20260407021843      3   1315.0   1330.0   20.0     29.4   1006.0   1003.5   0.487
20260407021843      5    675.0    710.0   20.0    141.4   1026.0   1035.0   0.871
20260407021843      5    900.0    915.0   20.0     25.7   1060.5   1044.4   0.877
20260407021843      5   1260.0   1275.0   20.0     61.0   1033.8   1153.1   0.893
20260407021843      6      0.0    445.0   20.0     77.0      0.0   1607.5   0.879
20260407021843      6    500.0    645.0   20.0     70.2   1612.6   1602.5   0.852
20260407021843      6    690.0    710.0   20.0     59.3   1599.9   1598.1   0.846
20260407021843      6    785.0   1225.0   20.0     71.8   1595.3   1590.2   0.875
20260407021843      6   1265.0   1285.0   20.0     66.2   1592.1   1589.5   0.854
20260407021843      6   1325.0   1665.0   20.0     69.3   1587.2   1582.5   0.868
20260407021843      6   1700.0   1800.0   20.0     69.3   1579.2   1576.5   0.862
20260407021843      8     45.0     65.0   20.0     57.0   1005.9   1125.3   0.804
20260407021843      8    105.0    120.0   20.0     97.0   1134.8   1010.9   0.761
20260407021843      8    670.0    690.0   20.0     86.3   1005.0   1003.5   0.821
20260407021843      8   1245.0   1260.0   20.0     29.2   1002.4   1087.3   0.778
20260407021843      8   1545.0   1560.0   20.0     51.8   1120.9   1125.1   0.775
20260407021843      8   1740.0   1755.0   20.0     40.6   1175.7   1176.3   0.526
20260407021843     11    100.0    115.0   20.0     63.7   1060.1   1059.4   0.732
20260407021843     11    235.0    250.0   20.0     58.1   1057.4   1056.8   0.819
20260407021843     12      0.0   1800.0   20.0     66.3      0.0   1691.1   0.887
20260407021843     13      0.0     15.0   20.0     44.8      0.0    993.4   0.700
20260407021843     13    245.0    260.0   20.0     24.1    991.1    989.7   0.537
20260407021843     13    360.0    390.0   20.0     43.3    992.9   1043.7   0.714
20260407021843     13    445.0    480.0   20.0     82.3   1051.3   1262.0   0.859
20260407021843     13    655.0    670.0   20.0     49.6   1292.1   1310.8   0.774
20260407021843     14    200.0    215.0   20.0     20.6   1095.0   1091.3   0.698
20260407021843     14    295.0    310.0   20.0     30.2   1091.4   1111.6   0.630
20260407021843     14    885.0    900.0   20.0     21.4   1151.4   1154.0   0.849
20260407021843     14    960.0    975.0   20.0     23.1   1147.8   1163.7   0.850
20260407021843     14   1740.0   1755.0   20.0     22.5   1122.9   1143.8   0.783
20260407021843     19    500.0    515.0   20.0    118.4    974.0    972.2   0.655
20260407021843     19   1225.0   1240.0   20.0     20.6    967.3    996.3   0.716
20260407021843     19   1490.0   1505.0   20.0     32.2    964.1    958.7   0.745
20260407021843     21    165.0    180.0   20.0     27.4   1105.2   1136.4   0.773
20260407021843     21    945.0    960.0   20.0    180.6   1215.9   1022.4   0.811
20260407021843     22      5.0     20.0   20.0     41.1   1069.9   1089.3   0.764
20260407021843     22   1370.0   1385.0   20.0     35.2   1126.3   1122.4   0.850
20260407021843     22   1430.0   1445.0   20.0     22.9   1125.5   1162.7   0.765
20260407021843     23      0.0     10.0   20.0    193.5      0.0    964.8   0.805
20260407021843     23    365.0    385.0   20.0     45.5    968.9    966.1   0.775
20260407021843     23   1675.0   1700.0   20.0     45.9    963.2    965.9   0.806
20260407021843     25    990.0   1005.0   20.0     31.0    999.2    998.9   0.706
20260407021843     25   1600.0   1650.0   20.0     65.9    993.1    992.6   0.843
20260407021843     29    750.0    770.0   20.0     29.7    954.2   1090.2   0.885
20260407021843     29   1560.0   1575.0   20.0     26.7   1288.5   1315.6   0.843
20260407021843     31    645.0    705.0   20.0    222.5    997.0    998.5   0.853
20260407021843     32    755.0    770.0   20.0     74.0    956.9   1042.7   0.680
20260407021843     35    905.0    920.0   20.0     24.3    951.0    970.8   0.625
20260407021843     35    975.0    990.0   20.0     35.0    969.7   1036.6   0.748
20260407021843     35   1045.0   1060.0   20.0     20.6   1055.5   1057.2   0.650
20260407021843     35   1270.0   1295.0   20.0     95.3   1089.6   1143.4   0.884
20260407021843     35   1725.0   1740.0   20.0     38.3   1211.0   1273.3   0.840
20260407021843     38    395.0    410.0   20.0     36.3   1167.7   1192.9   0.797
20260407021843     38    510.0    525.0   20.0     25.1   1189.9   1202.8   0.733
20260407021843     38    770.0    785.0   20.0     31.1   1208.0   1215.3   0.709
20260407021843     38   1000.0   1015.0   20.0     24.6   1235.7   1257.4   0.773
20260407021843     38   1720.0   1735.0   20.0     34.8   1246.1   1247.6   0.778
20260407021843     40     70.0     85.0   20.0     24.8    942.3   1100.0   0.795
20260407021843     40    130.0    145.0   20.0     41.6   1095.5   1131.7   0.747
20260407021843     40    790.0    805.0   20.0     20.0   1164.1   1183.7   0.750
20260407021843     40   1185.0   1200.0   20.0     22.5   1170.0   1191.5   0.685
20260407021843     40   1265.0   1280.0   20.0     35.2   1174.1   1170.8   0.600
20260407021843     40   1590.0   1605.0   20.0     32.8   1147.2   1146.1   0.736
20260407021843     40   1680.0   1715.0   20.0     43.0   1154.6   1248.4   0.802
20260407021843     40   1750.0   1765.0   20.0     23.8   1227.4   1236.8   0.865
20260407021843     41    575.0    625.0   20.0     44.4   1097.0   1136.1   0.843
20260407021843     45     40.0     55.0   20.0     37.1   1233.6   1236.5   0.722
20260407021843     45    130.0    145.0   20.0     20.3   1232.4   1227.3   0.552
20260407021843     45    960.0    975.0   20.0     39.9   1248.2   1236.9   0.845
20260407021843     47    340.0    380.0   20.0     54.3    925.2   1116.0   0.844
20260407021843     47    590.0    605.0   20.0     20.3   1136.2   1166.3   0.837
20260407021843     47   1785.0   1800.0   20.0     31.7   1227.5   1246.4   0.781
20260407021843     50    120.0    175.0   20.0     91.7   1054.8   1155.3   0.870
20260407021843     51     10.0    105.0   20.0     84.0    902.9   1174.8   0.878
20260407021843     51    695.0    710.0   20.0     99.7   1133.7    899.3   0.927
20260407021843     51   1225.0   1240.0   20.0    110.2    896.3   1074.7   0.768
20260407021843     51   1545.0   1560.0   20.0     21.4   1135.0   1150.2   0.707
20260407021843     52     15.0     30.0   20.0     23.1   1104.6   1116.8   0.703
20260407021843     52    190.0    205.0   20.0     21.4   1074.7   1089.9   0.584
20260407021843     52    855.0    870.0   20.0     23.2   1127.6   1152.1   0.754
20260407021843     53    115.0    130.0   20.0     35.1    914.5    963.4   0.744
20260407021843     53    205.0    230.0   20.0     74.2    980.7    998.3   0.831
20260407021843     53    280.0    295.0   20.0     32.0    995.0   1045.7   0.773
20260407021843     53    345.0    360.0   20.0    109.5   1043.6    916.4   0.793
20260407021843     53   1065.0   1080.0   20.0     77.5    911.5    911.4   0.749
20260407021843     55   1195.0   1210.0   20.0     56.7    895.0    896.7   0.823
20260407021843     55   1350.0   1365.0   20.0    102.6    902.6   1145.8   0.862
20260407021843     56     20.0     50.0   20.0     28.5   1006.5   1033.9   0.797
20260407021843     56    240.0    255.0   20.0     26.7   1090.3   1106.3   0.752
20260407021843     58    155.0    210.0   20.0     22.7   1255.7   1245.0   0.830
20260407021843     61    980.0    995.0   20.0     43.6    905.2    906.1   0.786
20260407021843     61   1450.0   1465.0   20.0     40.1    909.5    905.0   0.636
20260407021843     62    275.0    290.0   20.0     38.6   1247.5   1246.5   0.726
20260407021843     62    450.0    465.0   20.0     25.1   1254.8   1268.9   0.829
20260407021843     63   1455.0   1470.0   20.0     21.4    934.1    982.3   0.887
20260407021843     63   1535.0   1555.0   20.0     70.5    992.5    934.1   0.802
20260407021843     63   1670.0   1685.0   20.0     70.5    932.6    933.0   0.476
20260407021843     65     15.0     65.0   20.0     40.6   1000.5   1046.2   0.738
20260407021843     65    125.0    140.0   20.0     54.2   1016.1   1058.4   0.756
20260407021843     65    310.0    325.0   20.0     21.4   1087.4   1099.5   0.735
20260407021843     65    365.0    380.0   20.0     26.3   1126.0   1179.5   0.817
20260407021843     65    505.0    520.0   20.0     38.4   1185.0   1181.4   0.654
20260407021843     67     15.0     40.0   20.0    146.0    878.5    880.0   0.756
20260407021843     67   1215.0   1230.0   20.0     35.0   1011.3   1127.9   0.772
20260407021843     67   1360.0   1375.0   20.0     35.2   1166.8    905.3   0.920
20260407021843     69    505.0    520.0   20.0     92.5   1322.8    886.0   0.928
20260407021843     69   1470.0   1485.0   20.0     89.7    883.2   1100.2   0.883
20260407021843     71    140.0    160.0   20.0    113.3    889.0    889.9   0.828
20260407021843     71    785.0    805.0   20.0    147.0    903.2   1028.6   0.801
20260407021843     71    950.0    965.0   20.0     56.6    991.7    987.5   0.735
20260407021843     71   1035.0   1050.0   20.0     74.5    999.6   1086.9   0.788
20260407021843     72     40.0     55.0   20.0     30.4   1023.4   1051.0   0.827
20260407021843     72    465.0    480.0   20.0     25.8   1055.2   1080.6   0.848
20260407021843     72    740.0    795.0   20.0     27.4   1082.4   1151.8   0.795
20260407021843     72    900.0    915.0   20.0     27.2   1155.6   1166.6   0.749
20260407021843     72   1395.0   1410.0   20.0     39.3   1183.4   1218.2   0.832
20260407021843     73     15.0     45.0   20.0     77.9    881.9   1146.6   0.858
20260407021843     73     85.0    120.0   20.0     26.8   1153.0   1180.5   0.783
20260407021843     73    830.0    845.0   20.0     31.3   1235.5   1232.4   0.666
20260407021843     75    300.0    315.0   20.0     27.6    893.9    944.1   0.747
20260407021843     75    375.0    390.0   20.0     24.2    989.2   1086.0   0.693
20260407021843     75    490.0    505.0   20.0     25.5   1204.8   1233.0   0.690
20260407021843     75    675.0    690.0   20.0    131.3   1223.2    889.0   0.915
20260407021843     75   1350.0   1400.0   20.0    114.5    891.8   1064.4   0.865
20260407021843     75   1485.0   1495.0   20.0     26.5   1086.2   1117.2   0.502
20260407021843     75   1775.0   1790.0   20.0     27.6   1144.9   1179.4   0.888
20260407021843     85   1775.0   1795.0   20.0    126.6    883.5    883.9   0.781
20260407021843     87   1420.0   1440.0   20.0    210.6    880.9    893.6   0.847
20260407021843     88      0.0     50.0   20.0     30.4      0.0   1046.9   0.697
20260407021843     88   1635.0   1650.0   20.0     28.0   1097.9   1114.0   0.816
20260407021843     90    145.0    160.0   20.0     30.0   1041.3   1066.8   0.838
20260407021843     92    125.0    140.0   20.0     46.3   1226.7   1165.9   0.827
20260407021843     96     10.0     70.0   20.0     29.9   1012.0   1027.2   0.780
20260407021843     96   1110.0   1125.0   20.0     34.0   1047.8   1074.0   0.812
20260407021843     97     35.0     50.0   20.0     61.8    873.2    874.1   0.794
20260407021843     97   1585.0   1600.0   20.0     22.2    879.1    952.5   0.819
20260407021843     98    900.0    915.0   20.0     39.4   1094.4   1095.9   0.634
20260407021843     99    190.0    205.0   20.0     26.3    883.8    936.7   0.732
20260407021843     99    735.0    750.0   20.0     22.3    974.4    979.8   0.746
20260407021843    100    115.0    130.0   20.0     27.8   1021.7   1055.6   0.750
20260407021843    103     95.0    110.0   20.0     22.6    898.0    905.9   0.565
20260407021843    103   1365.0   1380.0   20.0     36.5    904.7    906.6   0.447
20260407021843    103   1480.0   1495.0   20.0     22.3    908.9    940.2   0.697
20260407021843    103   1645.0   1665.0   20.0     69.7    954.9    905.0   0.811
20260407021843    109    740.0    760.0   20.0     62.4    895.9    895.1   0.799
20260407021843    113    820.0    830.0   20.0     53.6    886.8    887.4   0.643
20260407021843    113   1430.0   1480.0   20.0    156.8    883.7    886.7   0.843
20260407021843    114   1390.0   1405.0   20.0     30.5   1113.6   1098.4   0.769
20260407021843    114   1575.0   1590.0   20.0     21.4   1107.4   1109.2   0.723
20260407021843    116    575.0    590.0   20.0     33.3   1067.0   1087.4   0.822
20260407021843    116   1255.0   1270.0   20.0     34.2   1094.7   1084.9   0.865
20260407021843    119     80.0    105.0   20.0     99.5    883.9    886.2   0.865
20260407021843    119    470.0    485.0   20.0     50.4    888.2    889.0   0.781
20260407021843    119   1080.0   1095.0   20.0     73.1    892.5    892.5   0.767
20260407021843    119   1270.0   1330.0   20.0     79.4    892.7   1051.3   0.816
20260407021843    119   1410.0   1425.0   20.0     24.8   1037.7   1028.1   0.643
20260407021843    119   1565.0   1590.0   20.0     27.9   1052.1   1052.0   0.639
20260407021843    120    295.0    340.0   20.0     20.9   1019.0   1030.9   0.537
20260407021843    120    855.0    870.0   20.0     37.9   1089.0   1060.7   0.674
20260407021843    123      0.0     10.0   20.0     38.7      0.0   1134.2   0.741
20260407021843    123    205.0    220.0   20.0     95.7   1140.7   1248.7   0.832
20260407021843    124    625.0    640.0   20.0     21.2   1164.3   1176.6   0.836
20260407021843    124   1720.0   1735.0   20.0     30.1   1205.8   1208.7   0.857
20260407021843    125    100.0    115.0   20.0     26.4   1002.6   1016.7   0.745
20260407021843    128    205.0    220.0   20.0     37.6   1357.0   1392.8   0.641
20260407021843    130     50.0    100.0   20.0     36.0    891.6   1083.7   0.880
20260407021843    130    380.0    395.0   20.0     36.5   1108.2   1111.4   0.526
20260407021843    131    180.0    240.0   20.0     85.1    889.6   1097.9   0.729
20260407021843    131    325.0    375.0   20.0     29.5   1081.3   1124.9   0.765
20260407021843    131    430.0    450.0   20.0    188.3   1130.7    891.1   0.855
20260407021843    131   1100.0   1120.0   20.0    190.3    900.2    895.5   0.799
20260407021843    132    555.0    615.0   20.0     27.1   1034.7   1084.0   0.884
20260407021843    132    655.0    670.0   20.0     39.2   1103.6   1122.3   0.780
20260407021843    132    710.0    725.0   20.0     20.8   1111.8   1129.4   0.705
20260407021843    132    785.0    820.0   20.0     22.7   1124.4   1152.6   0.763
20260407021843    132   1095.0   1110.0   20.0     26.5   1147.2   1155.8   0.691
20260407021843    133    370.0    400.0   20.0     61.1    961.8    963.2   0.807
20260407021843    133   1470.0   1485.0   20.0     72.2    954.8   1030.4   0.772
20260407021843    133   1755.0   1775.0   20.0    176.0   1061.0    953.2   0.871
20260407021843    134     60.0    115.0   20.0     39.4    907.7   1128.5   0.753
20260407021843    134    285.0    325.0   20.0     52.0   1113.2   1170.8   0.752
20260407021843    134    390.0    405.0   20.0     39.7   1201.7   1211.5   0.790
20260407021843    134    740.0    770.0   20.0     24.1   1213.1   1231.5   0.878
20260407021843    135    140.0    165.0   20.0     41.6   1018.8   1056.3   0.805
20260407021843    135    460.0    475.0   20.0     28.2   1052.5   1082.0   0.718
20260407021843    135   1195.0   1210.0   20.0     66.6   1185.8   1205.9   0.751
20260407021843    135   1430.0   1445.0   20.0     55.9   1228.3   1323.9   0.791
20260407021843    139     20.0     55.0   20.0     24.9   1216.3   1208.9   0.516
20260407021843    140    335.0    350.0   20.0     34.9   1236.9   1220.8   0.785
20260407021843    140    625.0    640.0   20.0     60.2   1225.0   1275.0   0.856
20260407021843    141    875.0    890.0   20.0     24.6    949.1    984.8   0.769
20260407021843    145    785.0    800.0   20.0     30.6    931.3   1048.0   0.864
20260407021843    145    850.0    870.0   20.0    113.4   1100.0    938.3   0.814
20260407021843    145    980.0    995.0   20.0     97.6    926.9   1191.7   0.827
20260407021843    146     60.0     75.0   20.0     40.3    940.9   1011.5   0.765
20260407021843    148    230.0    245.0   20.0     30.4    931.5    963.0   0.721
20260407021843    148    340.0    355.0   20.0     24.3    977.4   1034.6   0.768
20260407021843    148    875.0    890.0   20.0     30.2   1148.4   1133.6   0.773
20260407021843    148   1000.0   1015.0   20.0     25.5   1129.0   1132.8   0.818
20260407021843    155    450.0    460.0   20.0    152.6   1629.3   1630.8   0.623
20260407021843    155    635.0    665.0   20.0    141.3   1631.0   1633.3   0.645
20260407021843    155    745.0    790.0   20.0    150.2   1626.6   1629.1   0.619
20260407021843    155    835.0    860.0   20.0    137.1   1567.1   1629.4   0.596
20260407021843    155   1785.0   1795.0    4.3     75.8   1583.8   1583.2   0.404
20260407021843    156    455.0    475.0   20.0    268.8    939.0    939.0   0.861
20260407021843    163     40.0     60.0   20.0    191.9    911.1   1287.6   0.831
20260407021843    169     75.0    155.0   20.0     32.9   1161.6   1185.8   0.724
20260407021843    169    420.0    435.0   20.0     27.6   1305.2   1297.0   0.736
20260407021843    169   1040.0   1055.0   20.0     36.4   1295.4   1293.2   0.678
20260407021843    169   1585.0   1600.0   20.0     23.4   1308.4   1341.1   0.753
20260407021843    172    180.0    195.0   20.0     25.4   1110.9   1147.5   0.832
20260407021843    174     75.0    125.0   20.0     40.8    941.8   1052.8   0.885
20260407021843    174    355.0    370.0   20.0     64.8   1048.0    984.4   0.728
20260407021843    175     40.0     55.0   20.0    151.6   1125.0    918.4   0.818
20260407021843    175    305.0    320.0   20.0     76.3    922.5    922.8   0.785
20260407021843    176    325.0    340.0   20.0     25.3   1142.0   1145.8   0.680
20260407021843    176    435.0    490.0   20.0     45.8   1171.4   1169.8   0.810
20260407021843    176    940.0    955.0   20.0     21.4   1242.0   1249.5   0.717
20260407021843    177    125.0    140.0   20.0     76.9    931.7    933.5   0.769
20260407021843    177   1275.0   1300.0   20.0    202.0    931.2    931.9   0.798
20260407021843    178    295.0    310.0   20.0     37.9   1076.5   1135.4   0.868
20260407021843    178    375.0    390.0   20.0     29.7   1145.4   1161.9   0.739
20260407021843    178    545.0    560.0   20.0     22.4   1154.6   1158.7   0.836
20260407021843    179   1775.0   1790.0   20.0     24.7    962.9    982.5   0.712
20260407021843    180     45.0     65.0   20.0     40.2   1037.7   1008.8   0.814
20260407021843    180    140.0    155.0   20.0     25.7   1026.0   1041.5   0.837
20260407021843    180    510.0    525.0   20.0     21.9   1099.4   1108.7   0.695
20260407021843    180    655.0    670.0   20.0     25.3   1135.3   1136.0   0.779
20260407021843    180    900.0    915.0   20.0     42.9   1149.9   1157.0   0.863
20260407021843    180   1355.0   1370.0   20.0     22.5   1147.3   1160.0   0.799
20260407021843    180   1670.0   1700.0   20.0     27.8   1155.4   1188.8   0.768
20260407021843    181    500.0    560.0   20.0     65.6    944.6   1153.9   0.812
20260407021843    181    640.0    675.0   20.0    181.8   1248.0    944.2   0.817
20260407021843    183     10.0     25.0   20.0    104.3    951.5    950.2   0.815
20260407021843    183   1230.0   1245.0   20.0     61.1    954.2   1017.5   0.749
20260407021843    183   1305.0   1320.0   20.0     38.1   1045.3   1081.3   0.727
20260407021843    183   1370.0   1425.0   20.0     79.9   1068.1   1059.6   0.829
20260407021843    187   1405.0   1420.0   20.0     30.4   1650.1   1599.7   0.883
20260407021843    191    470.0    485.0   20.0     90.8    969.4   1171.8   0.885
20260407021843    191    545.0    610.0   20.0     47.4   1192.9   1254.6   0.805
20260407021843    191    655.0    670.0   20.0    108.0   1241.6   1315.4   0.826
20260407021843    191    910.0    925.0   20.0     81.3   1306.2   1418.3   0.886
20260407021843    193    650.0    660.0   20.0     28.1   1079.4   1079.8   0.401
20260407021843    193    810.0    825.0   20.0     20.2   1077.4   1076.4   0.607
20260407021843    194   1650.0   1665.0   20.0     43.1   1417.1   1462.1   0.769
20260407021843    195    220.0    230.0   20.0     20.0   1355.9   1381.0   0.662
20260407021843    196    480.0    495.0   20.0     69.3   1236.3   1061.4   0.896
20260407021843    198    780.0    810.0   20.0     34.2   1099.9   1100.6   0.744
20260407021843    199    375.0    405.0   20.0    162.2    974.7    976.2   0.837
20260407021843    200    185.0    200.0   20.0     21.2   1145.1   1172.7   0.723
20260407021843    200    690.0    705.0   20.0     20.2   1226.3   1246.7   0.701
20260407021843    201     75.0     90.0   20.0     31.2   1020.2   1027.5   0.797
20260407021843    201    155.0    170.0   20.0    132.7   1026.2   1373.0   0.916
20260407021843    203    460.0    475.0   20.0     40.9   1178.1   1212.2   0.764
20260407021843    203    580.0    595.0   20.0     21.9   1232.3   1248.4   0.889
20260407021843    203    880.0    895.0   20.0     25.3   1255.3   1295.4   0.781
20260407021843    203    985.0   1015.0   20.0     32.9   1311.7   1321.6   0.879
20260407021843    204    840.0    855.0   20.0     41.2   1178.8   1111.3   0.768
20260407021843    205     15.0     30.0   20.0    242.6   1253.2   1001.4   0.795
20260407021843    205     85.0    140.0   20.0    167.7    986.6    989.1   0.918
20260407021843    209    320.0    370.0   20.0     43.5   1016.7   1016.3   0.859
20260407021843    209    515.0    530.0   20.0     82.4   1006.7   1156.7   0.859
20260407021843    209    650.0    665.0   20.0     58.9   1178.4   1194.3   0.773
20260407021843    209    845.0    860.0   20.0     26.6   1192.3   1193.4   0.653
20260407021843    209   1155.0   1170.0   20.0     33.3   1230.0   1233.9   0.757
20260407021843    209   1480.0   1495.0   20.0    152.5   1220.3   1004.1   0.808
20260407021843    211     45.0     70.0   20.0    205.2   1007.9   1009.8   0.807
20260407021843    211    795.0    840.0   20.0     89.5   1010.4   1020.3   0.724
20260407021843    213      0.0     20.0   20.0    213.1      0.0   1013.6   0.888
20260407021843    213    265.0    325.0   20.0     22.4   1019.9   1027.9   0.644
20260407021843    213    375.0    390.0   20.0     22.5   1022.4   1025.2   0.577
20260407021843    213    540.0    555.0   20.0     20.7   1026.1   1024.6   0.762
20260407021843    213    770.0    795.0   20.0    185.8   1029.6   1031.7   0.860
20260407021843    213    840.0    850.0   20.0     21.1   1028.8   1020.0   0.684
20260407021843    213   1275.0   1290.0   20.0     20.9   1030.0   1021.6   0.844
20260407021843    213   1420.0   1485.0   20.0     96.3   1024.6   1023.7   0.745
20260407021843    217     80.0    190.0   20.0     30.0   1710.7   1755.9   0.904
20260407021843    217    235.0    250.0   20.0     25.1   1718.9   1755.6   0.845
20260407021843    217    675.0    715.0   20.0     35.4   1728.6   1782.2   0.902
20260407021843    217    885.0    900.0   20.0     30.4   1727.9   1785.8   0.902
20260407021843    217    960.0   1100.0   20.0     41.0   1739.2   1726.9   0.910
20260407021843    217   1135.0   1165.0   20.0     30.9   1727.2   1727.9   0.889
20260407021843    217   1220.0   1790.0   20.0     44.5   1721.9   1787.5   0.894
20260407021843    219     40.0     80.0   20.0     74.2   1026.1   1080.7   0.857
20260407021843    219    285.0    300.0   20.0     20.3   1071.2   1095.6   0.760
20260407021843    219   1405.0   1420.0   20.0     68.4   1052.5   1042.0   0.753
20260407021843    224    815.0    830.0   20.0    102.3   1692.9   1681.3   0.756
20260407021843    227    805.0    820.0   20.0     41.1   1742.0   1691.7   0.850
20260407021843    228   1070.0   1085.0   20.0     22.4   1703.5   1694.7   0.488
20260407021843    228   1640.0   1650.0   20.0     21.2   1711.0   1708.0   0.453
20260407021843    231    260.0    280.0   20.0    189.7   1057.6   1588.7   0.894
20260407021843    232     80.0     95.0   20.0     20.8   1877.9   1887.5   0.657
20260407021843    233   1170.0   1185.0   20.0     37.9   1049.1   1118.1   0.752
20260407021843    233   1745.0   1760.0   20.0     40.9   1254.5   1297.4   0.768
20260407021843    236    110.0    205.0   20.0     33.8   1267.1   1304.3   0.876
20260407021843    236    335.0    350.0   20.0     23.0   1332.5   1346.4   0.709
20260407021843    236    505.0    550.0   20.0     23.0   1378.1   1389.6   0.798
20260407021843    236    790.0    805.0   20.0     25.3   1420.7   1421.8   0.687
20260407021843    239    190.0    250.0   20.0     29.2   1078.1   1248.3   0.833
20260407021843    243   1735.0   1750.0   20.0     20.2   1085.0   1085.8   0.478
20260407021843    244    395.0    405.0   20.0     24.0   2016.9   2013.0   0.487
20260407021843    244    465.0    495.0   20.0     28.5   2013.1   2001.0   0.483
20260407021843    247   1305.0   1320.0   20.0    112.0   1842.8   1969.2   0.674
20260407021843    247   1375.0   1390.0   20.0     66.8   1971.6   1846.9   0.899
20260407021843    247   1585.0   1600.0   20.0     56.3   1805.8   1832.9   0.786
20260407021843    247   1745.0   1760.0   20.0     34.9   1794.7   1825.4   0.896
20260407021843    248    735.0    750.0   20.0     67.9   1155.2   1241.6   0.771
20260407021843    248    800.0    810.0   20.0     33.0   1252.0   1265.4   0.500
20260407021843    248    935.0   1005.0   20.0    149.6   1294.3   1153.3   0.794
20260407021843    249     85.0    110.0   20.0    122.2   1104.2   1106.3   0.748
20260407021843    249    540.0    600.0   20.0     84.9   1102.3   1105.1   0.738
20260407021843    251   1675.0   1725.0   20.0     49.3   1108.9   1326.5   0.811
20260407021843    251   1770.0   1800.0   20.0    132.5   1278.4   1495.2   0.828
20260407021843    253     40.0     55.0   20.0     21.7   1280.8   1319.4   0.629
20260407021843    253    150.0    165.0   20.0     26.4   1299.4   1293.3   0.809
20260407021843    253    315.0    350.0   20.0    176.0   1363.8   1364.7   0.824
20260407021843    253    395.0    410.0   20.0     29.0   1386.4   1373.1   0.545
20260407021843    253    730.0    875.0   20.0     31.3   1355.5   1380.8   0.817
20260407021843    253    975.0   1040.0   20.0     77.7   1376.7   1438.7   0.780
20260407021843    253   1240.0   1255.0   20.0     24.8   1541.2   1531.2   0.491
20260407021843    253   1315.0   1585.0   20.0     67.2   1525.7   1645.7   0.788
20260407021843    253   1625.0   1655.0   20.0     20.3   1664.0   1685.4   0.700
20260407021843    255    235.0    245.0   20.0     25.0   1728.3   1734.5   0.414
20260407021843    255    295.0    305.0   20.0     20.3   1732.0   1732.8   0.496
20260407021843    255    615.0   1800.0   10.8    132.2   1759.7   1788.9   0.806
20260407025202      3   1020.0   1035.0   20.0     46.8    999.3    988.4   0.669
20260407025202      3   1185.0   1200.0   20.0     23.5    989.3   1032.3   0.750
20260407025202      3   1260.0   1275.0   20.0    117.5   1068.0   1046.6   0.608
20260407025202      3   1505.0   1525.0   20.0     28.5   1134.6   1117.8   0.704
20260407025202      3   1645.0   1660.0   20.0    115.5   1162.9    998.3   0.822
20260407025202      5     75.0    120.0   20.0    105.9   1009.7   1026.5   0.887
20260407025202      5    620.0    675.0   20.0     21.9   1025.3   1004.1   0.759
20260407025202      6    790.0    805.0   20.0     21.3   1723.5   1690.2   0.809
20260407025202      6    910.0    925.0   20.0     20.8   1724.7   1683.4   0.881
20260407025202      6   1365.0   1380.0   20.0     23.6   1712.1   1674.0   0.822
20260407025202      6   1440.0   1485.0   20.0     21.5   1695.3   1670.2   0.854
20260407025202      6   1720.0   1735.0   20.0     20.9   1675.1   1663.8   0.863
20260407025202      8     95.0    110.0   20.0     42.5   1010.4   1057.8   0.740
20260407025202      8    880.0    895.0   20.0     31.3   1201.8   1202.6   0.855
20260407025202      8   1050.0   1065.0   20.0     24.3   1221.3   1268.0   0.765
20260407025202      8   1185.0   1200.0   20.0     27.0   1217.3   1218.4   0.737
20260407025202      8   1345.0   1360.0   20.0     20.4   1226.5   1246.6   0.762
20260407025202      8   1435.0   1450.0   20.0     21.9   1241.9   1251.4   0.835
20260407025202      8   1770.0   1785.0   20.0     28.6   1242.5   1278.5   0.730
20260407025202     11   1105.0   1120.0   20.0     39.7   1044.3   1043.9   0.792
20260407025202     12      0.0   1800.0   20.0     70.8      0.0   1772.4   0.868
20260407025202     13    180.0    195.0   20.0     20.3   1055.0    988.1   0.703
20260407025202     13    395.0    410.0   20.0     50.4   1026.4    988.7   0.700
20260407025202     13    585.0    600.0   20.0    104.5    988.7   1184.9   0.832
20260407025202     14     65.0     80.0   20.0     27.8   1121.0   1153.1   0.788
20260407025202     14    140.0    155.0   20.0     36.5   1143.3   1192.3   0.788
20260407025202     14    195.0    210.0   20.0     25.4   1184.9   1156.7   0.519
20260407025202     14    255.0    270.0   20.0     36.4   1155.7   1174.0   0.672
20260407025202     14   1185.0   1200.0   20.0     25.8   1188.0   1219.5   0.755
20260407025202     14   1360.0   1375.0   20.0     27.2   1210.2   1205.4   0.776
20260407025202     18    490.0    505.0   20.0     57.2   1405.1   1394.8   0.804
20260407025202     19    170.0    185.0   20.0     80.2    972.1    970.6   0.784
20260407025202     19    510.0    535.0   20.0     84.5    983.3    984.7   0.750
20260407025202     19    770.0    790.0   20.0     57.9    986.8    964.9   0.750
20260407025202     22    360.0    375.0   20.0     63.4    977.2   1065.4   0.766
20260407025202     23   1025.0   1040.0   20.0     22.6    965.5    964.1   0.456
20260407025202     26     10.0     55.0   20.0     83.1   1050.1   1046.4   0.805
20260407025202     28      0.0     10.0   20.0     21.3      0.0   1023.1   0.751
20260407025202     28     95.0    125.0   20.0     37.3   1030.3   1106.4   0.813
20260407025202     28    375.0    390.0   20.0     31.6   1121.8   1139.3   0.654
20260407025202     28    860.0    915.0   20.0    111.5   1091.1   1218.5   0.831
20260407025202     29   1000.0   1015.0   20.0    143.8   1213.7    938.9   0.857
20260407025202     29   1215.0   1240.0   20.0    148.4    937.7    938.8   0.776
20260407025202     32    680.0    695.0   20.0     91.5    970.3   1179.3   0.789
20260407025202     35    200.0    260.0   20.0    254.7    958.2    958.7   0.837
20260407025202     37   1790.0   1800.0   20.0     24.3   1014.3   1013.6   0.470
20260407025202     40      5.0     20.0   20.0     27.9    946.2   1021.2   0.762
20260407025202     40     70.0     85.0   20.0     21.8   1032.7   1056.7   0.775
20260407025202     42     30.0     60.0   20.0     64.0   1579.7   1297.7   0.680
20260407025202     42    500.0    515.0   20.0     36.7   1221.1   1163.3   0.778
20260407025202     43   1245.0   1260.0   20.0     20.9   1236.8   1244.9   0.849
20260407025202     45    280.0    310.0   20.0     43.0   1216.8   1182.5   0.846
20260407025202     45    600.0    615.0   20.0     26.8   1176.2   1192.3   0.504
20260407025202     47      0.0     20.0   20.0     35.0      0.0   1188.2   0.778
20260407025202     47    600.0    615.0   20.0     27.4   1213.4   1233.0   0.767
20260407025202     47   1500.0   1515.0   20.0     30.6   1286.4   1344.7   0.876
20260407025202     48    190.0    205.0   20.0     24.9   1205.3   1223.2   0.859
20260407025202     48    295.0    310.0   20.0     68.9   1119.0    934.2   0.815
20260407025202     51   1115.0   1130.0   20.0     36.5    915.4    915.4   0.706
20260407025202     51   1345.0   1360.0   20.0     90.3    915.7    915.1   0.742
20260407025202     52   1560.0   1575.0   20.0     69.4   1049.1   1083.6   0.681
20260407025202     55    245.0    260.0   20.0     23.9    908.2    909.4   0.623
20260407025202     55   1655.0   1670.0   20.0     51.4    905.5    903.3   0.776
20260407025202     56    335.0    350.0   20.0     25.6   1078.0   1110.4   0.814
20260407025202     56    750.0    765.0   20.0     24.6   1149.8   1151.6   0.634
20260407025202     61   1570.0   1590.0   20.0    131.2    911.2    910.0   0.825
20260407025202     61   1630.0   1660.0   20.0    115.8    910.2    967.9   0.787
20260407025202     63    995.0   1010.0   20.0     62.3    945.6    944.2   0.707
20260407025202     64    185.0    200.0   20.0     43.1    937.6    984.6   0.746
20260407025202     64    260.0    275.0   20.0     23.9   1002.3   1068.8   0.735
20260407025202     64    325.0    340.0   20.0     33.3   1056.7   1097.2   0.816
20260407025202     64    565.0    580.0   20.0     58.3   1119.1   1114.6   0.735
20260407025202     64    690.0    705.0   20.0     24.1   1170.1   1196.0   0.698
20260407025202     64   1155.0   1170.0   20.0     26.6   1229.7   1223.8   0.767
20260407025202     65     10.0     25.0   20.0     28.9    962.9   1019.7   0.742
20260407025202     66    750.0    765.0   20.0     37.7   1146.5   1162.5   0.612
20260407025202     67     85.0    100.0   20.0     30.3    891.9    946.3   0.769
20260407025202     67    140.0    170.0   20.0    153.2   1001.2    894.1   0.828
20260407025202     69    975.0    990.0   20.0     49.2    897.3    897.6   0.662
20260407025202     69   1555.0   1630.0   20.0    186.5    895.9    895.9   0.896
20260407025202     71    240.0    255.0   20.0     29.8    909.5    967.6   0.758
20260407025202     71    690.0    705.0   20.0     51.1   1014.8   1095.5   0.715
20260407025202     73     35.0     65.0   20.0     56.6   1123.8   1156.4   0.499
20260407025202     73    170.0    185.0   20.0     27.3   1134.8   1132.7   0.755
20260407025202     73    245.0    295.0   20.0     90.4   1133.3   1237.4   0.775
20260407025202     73    710.0    725.0   20.0     34.5   1193.9   1223.9   0.776
20260407025202     75      0.0     15.0   20.0     53.6      0.0   1219.7   0.811
20260407025202     75    370.0    385.0   20.0    151.9   1295.6    897.1   0.778
20260407025202     75   1235.0   1260.0   20.0    176.4    906.3    911.3   0.865
20260407025202     79   1780.0   1795.0   20.0     20.3   1369.9   1392.1   0.739
20260407025202     85     35.0     50.0   20.0    151.5    891.7    894.6   0.776
20260407025202     85    525.0    540.0   20.0    101.3    893.1   1039.9   0.758
20260407025202     85    750.0    815.0   20.0     33.1   1070.2   1137.5   0.790
20260407025202     85   1120.0   1135.0   20.0     42.8   1144.8   1184.9   0.752
20260407025202     86   1525.0   1540.0   20.0     20.3   1207.5   1203.9   0.669
20260407025202     87    275.0    290.0   20.0     76.2    885.7   1009.9   0.793
20260407025202     87    535.0    550.0   20.0     45.1   1032.5   1054.7   0.831
20260407025202     87    645.0    660.0   20.0     31.8   1053.4   1091.0   0.834
20260407025202     88     30.0     45.0   20.0     25.5    901.9    956.6   0.805
20260407025202     88   1325.0   1340.0   20.0     34.2   1091.1   1112.2   0.762
20260407025202     90    235.0    250.0   20.0     22.0   1098.0   1118.4   0.859
20260407025202     97    135.0    150.0   20.0     28.5   1148.9   1173.3   0.587
20260407025202     97    200.0    220.0   20.0    127.9   1194.7    880.3   0.899
20260407025202     97    415.0    435.0   20.0     22.3    880.0    880.1   0.732
20260407025202     97    630.0    645.0   20.0     81.3    880.8   1057.9   0.781
20260407025202     98     40.0     55.0   20.0     20.6   1210.1   1196.7   0.592
20260407025202     98    215.0    230.0   20.0     23.2   1201.5   1209.5   0.718
20260407025202     98    620.0    635.0   20.0     28.4   1232.1   1223.5   0.722
20260407025202     99    215.0    235.0   20.0     49.3    893.7    895.3   0.719
20260407025202     99    460.0    480.0   20.0     43.4    891.6    892.4   0.738
20260407025202     99   1785.0   1800.0   20.0     29.0    888.0    920.7   0.751
20260407025202    100    405.0    420.0   20.0     32.8    974.9   1007.4   0.747
20260407025202    101     45.0     80.0   20.0     30.8   1041.5   1027.8   0.788
20260407025202    103     60.0     75.0   20.0     59.7    902.0    993.3   0.778
20260407025202    103    140.0    160.0   20.0     23.5   1026.7   1023.1   0.572
20260407025202    103    210.0    305.0   20.0     46.1   1027.3   1058.2   0.758
20260407025202    103    385.0    430.0   20.0     51.6   1070.3   1098.5   0.732
20260407025202    103    675.0    690.0   20.0     32.0   1164.4   1168.9   0.562
20260407025202    103    790.0    810.0   20.0     76.3   1152.9   1214.5   0.828
20260407025202    103   1170.0   1185.0   20.0    120.8   1227.3   1325.0   0.740
20260407025202    103   1440.0   1455.0   20.0    110.0   1328.3    906.1   0.904
20260407025202    111     95.0    130.0   20.0     93.2    881.6   1118.0   0.834
20260407025202    111    445.0    465.0   20.0     33.7   1037.1   1144.3   0.796
20260407025202    111    535.0    550.0   20.0    101.3   1088.9   1209.0   0.791
20260407025202    111    590.0    605.0   20.0     75.6   1205.1    884.8   0.946
20260407025202    112   1225.0   1240.0   20.0     31.3    909.4    977.7   0.765
20260407025202    112   1455.0   1470.0   20.0     60.0    957.8    910.3   0.698
20260407025202    114    380.0    400.0   20.0     26.8   1129.1   1133.8   0.842
20260407025202    114    730.0    745.0   20.0     27.0   1182.8   1204.5   0.750
20260407025202    114    990.0   1005.0   20.0     33.8   1188.2   1229.7   0.845
20260407025202    116    130.0    145.0   20.0     23.0   1005.3    988.7   0.770
20260407025202    116    480.0    495.0   20.0     28.1   1027.7   1050.7   0.658
20260407025202    116    620.0    635.0   20.0     29.1   1053.9   1060.2   0.863
20260407025202    116    755.0    770.0   20.0     23.0   1059.9   1058.8   0.774
20260407025202    116    905.0    920.0   20.0     21.5   1070.3   1076.4   0.773
20260407025202    119    580.0    595.0   20.0     44.3    902.2    896.3   0.778
20260407025202    119    945.0    960.0   20.0     55.9    895.8    981.2   0.756
20260407025202    119   1045.0   1060.0   20.0     23.4    993.8   1026.6   0.727
20260407025202    119   1500.0   1515.0   20.0     47.8   1073.0   1130.4   0.782
20260407025202    119   1755.0   1770.0   20.0     93.2   1149.3    898.2   0.946
20260407025202    121     75.0     90.0   20.0     38.1    972.1   1028.4   0.817
20260407025202    121    170.0    185.0   20.0     54.3   1031.3    970.6   0.775
20260407025202    125   1295.0   1310.0   20.0     21.8   1082.9   1121.4   0.845
20260407025202    129   1235.0   1250.0   20.0     37.0    882.9    944.9   0.739
20260407025202    129   1305.0   1320.0   20.0     53.8    936.9   1039.8   0.705
20260407025202    129   1565.0   1580.0   20.0     20.4   1045.8   1058.1   0.663
20260407025202    129   1670.0   1685.0   20.0     37.2   1050.3   1091.4   0.791
20260407025202    129   1770.0   1785.0   20.0     28.4   1018.1   1021.7   0.830
20260407025202    130      0.0     10.0   20.0     28.7      0.0    943.2   0.781
20260407025202    130     95.0    345.0   20.0     52.2    958.1   1096.7   0.792
20260407025202    130    510.0    545.0   20.0     47.5   1114.2   1128.3   0.742
20260407025202    130   1095.0   1110.0   20.0     30.0   1176.6   1179.3   0.598
20260407025202    131    675.0    690.0   20.0     40.6    894.4    894.5   0.787
20260407025202    134     15.0     70.0   20.0     49.6   1049.3   1115.8   0.690
20260407025202    134    170.0    185.0   20.0     44.6   1127.2   1175.4   0.754
20260407025202    134    240.0    275.0   20.0     28.9   1177.1   1198.4   0.764
20260407025202    134    410.0    455.0   20.0     23.6   1198.1   1223.0   0.678
20260407025202    137    485.0    510.0   20.0     89.4    902.0    905.0   0.836
20260407025202    137   1120.0   1135.0   20.0     43.0    905.3    906.2   0.707
20260407025202    139    235.0    250.0   20.0     27.8   1248.9   1265.1   0.603
20260407025202    139   1035.0   1050.0   20.0     21.0   1269.8   1280.7   0.821
20260407025202    141   1205.0   1220.0   20.0     28.8   1123.0   1183.0   0.868
20260407025202    145    685.0    700.0   20.0     22.9    925.8    929.0   0.494
20260407025202    145    745.0    835.0   20.0     53.0    927.5   1079.7   0.805
20260407025202    145    995.0   1010.0   20.0     48.0   1088.4   1125.5   0.790
20260407025202    145   1110.0   1125.0   20.0     22.9   1136.2   1082.2   0.658
20260407025202    145   1370.0   1385.0   20.0     85.5   1137.7   1170.0   0.535
20260407025202    145   1500.0   1510.0   20.0     21.3   1147.5   1154.0   0.486
20260407025202    148      0.0     35.0   20.0     34.7      0.0   1097.3   0.824
20260407025202    148     95.0    120.0   20.0     31.8   1117.9   1143.1   0.679
20260407025202    148    455.0    470.0   20.0     21.5   1222.8   1229.1   0.666
20260407025202    149    385.0    400.0   20.0     24.5    944.0    945.5   0.674
20260407025202    149   1710.0   1725.0   20.0     22.8    951.4    927.3   0.815
20260407025202    155      0.0   1515.0   20.0    149.1      0.0   1656.1   0.842
20260407025202    155   1550.0   1795.0   20.0    116.0   1596.1   1597.9   0.753
20260407025202    156    115.0    130.0   20.0     61.4    949.4   1014.2   0.759
20260407025202    156    320.0    355.0   20.0     65.3   1081.4   1100.0   0.839
20260407025202    156    470.0    485.0   20.0     27.6   1126.9   1138.5   0.599
20260407025202    156    675.0    690.0   20.0     23.8   1138.3   1143.7   0.747
20260407025202    156    890.0    905.0   20.0     29.4   1165.1   1159.2   0.751
20260407025202    156   1085.0   1100.0   20.0     32.6   1169.8   1175.7   0.848
20260407025202    156   1195.0   1210.0   20.0     21.8   1161.5   1191.7   0.788
20260407025202    156   1245.0   1260.0   20.0     34.2   1189.4   1215.2   0.802
20260407025202    159   1270.0   1285.0   20.0     23.3    118.3    161.3   0.805
20260407025202    159   1455.0   1470.0   20.0     21.2    160.5    132.3   0.807
20260407025202    160    500.0    515.0   20.0     28.8   1173.7   1217.3   0.802
20260407025202    174    490.0    500.0   20.0     30.0   1055.9   1060.8   0.415
20260407025202    174    870.0    890.0   20.0     38.0   1098.4   1096.8   0.897
20260407025202    174   1550.0   1565.0   20.0     23.7   1196.6   1204.2   0.770
20260407025202    174   1645.0   1660.0   20.0     21.9   1206.5   1261.0   0.744
20260407025202    175   1190.0   1205.0   20.0     73.2    927.0    925.6   0.752
20260407025202    176    105.0    120.0   20.0     21.6   1074.7   1098.5   0.686
20260407025202    176    365.0    380.0   20.0     63.8   1188.6   1264.5   0.837
20260407025202    176    435.0    450.0   20.0     21.6   1266.9   1269.7   0.756
20260407025202    176    485.0    500.0   20.0     23.7   1274.6   1302.6   0.795
20260407025202    177     90.0    110.0   20.0     97.8    933.9    933.4   0.756
20260407025202    177    755.0    770.0   20.0     87.1    932.3    931.5   0.750
20260407025202    178    220.0    235.0   20.0     37.7   1194.7   1195.0   0.783
20260407025202    178    360.0    375.0   20.0     28.8   1214.2   1220.3   0.718
20260407025202    178    440.0    455.0   20.0     22.8   1204.6   1254.5   0.831
20260407025202    178   1550.0   1565.0   20.0     28.8   1260.7   1300.6   0.766
20260407025202    179    440.0    455.0   20.0     57.5    957.6    957.8   0.783
20260407025202    179   1545.0   1575.0   20.0    168.6    971.2    970.8   0.796
20260407025202    179   1660.0   1710.0   20.0     55.7    987.1   1126.6   0.839
20260407025202    180      0.0     10.0   20.0     80.5      0.0   1163.8   0.859
20260407025202    180    125.0    140.0   20.0     38.5   1204.5   1212.7   0.781
20260407025202    181     90.0    105.0   20.0     20.7    948.9    949.2   0.527
20260407025202    183     90.0    105.0   20.0    108.5    956.9   1190.9   0.841
20260407025202    183    150.0    165.0   20.0     27.5   1230.9   1246.2   0.814
20260407025202    189   1030.0   1050.0   20.0     71.4    952.4    952.9   0.777
20260407025202    191      0.0     10.0   20.0     89.3      0.0   1135.8   0.843
20260407025202    196    115.0    125.0   20.0     20.7   1030.4   1033.2   0.411
20260407025202    196    180.0    195.0   20.0     39.3   1030.6   1080.4   0.713
20260407025202    196    790.0    810.0   20.0    147.1   1150.7   1310.0   0.842
20260407025202    199    375.0    390.0   20.0     23.2    980.2    980.1   0.637
20260407025202    200      0.0     20.0   20.0    117.0      0.0   1292.4   0.806
20260407025202    200     65.0     80.0   20.0     31.9   1330.8   1372.1   0.606
20260407025202    200    330.0    345.0   20.0    146.5   1353.1   1507.8   0.797
20260407025202    200    610.0    625.0   20.0     23.8   1327.2   1340.5   0.731
20260407025202    203     10.0     65.0   20.0     27.6   1336.9   1339.1   0.794
20260407025202    204     15.0     80.0   20.0    176.5   1004.1   1114.4   0.838
20260407025202    204    145.0    160.0   20.0     37.1   1141.2   1206.1   0.758
20260407025202    204    330.0    345.0   20.0     21.0   1231.3   1250.3   0.793
20260407025202    204    455.0    470.0   20.0     20.1   1298.8   1293.9   0.685
20260407025202    204    505.0    520.0   20.0     39.7   1281.5   1324.0   0.785
20260407025202    204    620.0    660.0   20.0     23.7   1285.3   1303.3   0.665
20260407025202    204    825.0    840.0   20.0     26.2   1310.5   1330.1   0.796
20260407025202    204   1575.0   1590.0   20.0     23.2   1344.6   1382.1   0.753
20260407025202    205      0.0     10.0   20.0    118.3      0.0    990.9   0.755
20260407025202    206    990.0   1005.0   20.0     30.4   1429.7   1479.8   0.881
20260407025202    211     35.0     65.0   20.0    194.6   1012.7   1012.7   0.825
20260407025202    211    305.0    325.0   20.0    202.3   1018.1   1020.0   0.871
20260407025202    211    495.0    510.0   20.0     22.1   1019.6   1025.0   0.515
20260407025202    211   1140.0   1210.0   20.0    109.6   1015.7   1021.9   0.753
20260407025202    213    330.0    350.0   20.0    137.9   1020.4   1016.9   0.797
20260407025202    213   1700.0   1715.0   20.0     37.5   1023.4   1020.2   0.521
20260407025202    217     45.0    140.0   20.0     58.7   1741.1   1743.9   0.836
20260407025202    217    240.0    475.0   20.0     56.3   1745.0   1794.9   0.897
20260407025202    217    545.0    560.0   20.0     36.1   1799.4   1743.3   0.838
20260407025202    217    630.0    845.0   20.0     61.1   1739.3   1808.9   0.876
20260407025202    217    880.0   1105.0   20.0     62.1   1812.2   1747.6   0.917
20260407025202    217   1150.0   1545.0   20.0     68.1   1745.6   1829.8   0.898
20260407025202    217   1590.0   1800.0   20.0    113.5   1857.1   1876.6   0.893
20260407025202    219    900.0   1005.0   20.0     62.4   1038.1   1276.8   0.808
20260407025202    219   1045.0   1080.0   20.0     25.7   1293.5   1343.4   0.735
20260407025202    219   1180.0   1225.0   20.0     26.4   1368.6   1400.7   0.795
20260407025202    219   1430.0   1445.0   20.0     26.3   1411.5   1418.4   0.824
20260407025202    219   1515.0   1530.0   20.0     26.3   1426.2   1471.9   0.777
20260407025202    221    185.0    200.0   20.0     60.3   1178.4   1177.3   0.809
20260407025202    223      0.0     15.0   20.0     28.3      0.0   1095.5   0.757
20260407025202    223    195.0    230.0   20.0    118.2   1194.4   1031.8   0.855
20260407025202    224      0.0    420.0   20.0     92.9      0.0   1781.5   0.904
20260407025202    228   1545.0   1560.0   20.0     51.5   1769.7   1764.8   0.478
20260407025202    228   1650.0   1695.0   20.0     45.3   1762.9   1765.3   0.489
20260407025202    228   1740.0   1760.0   20.0     46.0   1765.4   1760.0   0.492
20260407025202    231   1420.0   1435.0   20.0     69.7   1049.9   1050.4   0.779
20260407025202    232    460.0    505.0   20.0     49.6   1460.2   1410.3   0.843
20260407025202    233    110.0    125.0   20.0     28.6   1064.2   1078.0   0.784
20260407025202    233    185.0    200.0   20.0     36.6   1073.2   1076.2   0.733
20260407025202    233    400.0    415.0   20.0     35.9   1071.2   1072.8   0.778
20260407025202    233    730.0    745.0   20.0     42.1   1068.9   1069.1   0.769
20260407025202    233    965.0    980.0   20.0     39.1   1071.3   1070.0   0.557
20260407025202    237   1345.0   1360.0   20.0     34.5   1171.3   1182.2   0.784
20260407025202    237   1745.0   1760.0   20.0     23.0   1181.9   1188.7   0.688
20260407025202    239     10.0     80.0   20.0     32.3   1537.1   1541.7   0.638
20260407025202    239    300.0    315.0   20.0     25.1   1603.2   1692.9   0.711
20260407025202    239    825.0    840.0   20.0     36.8   1761.6   1758.9   0.765
20260407025202    239    880.0   1800.0   20.0    133.1   1761.4   1782.5   0.834
20260407025202    242    205.0    220.0   20.0     23.4   1487.1   1451.0   0.805
20260407025202    243   1190.0   1205.0   20.0     28.0   1092.3   1091.1   0.773
20260407025202    244    240.0    295.0   20.0     29.7   2006.7   2009.3   0.541
20260407025202    249    895.0    930.0   20.0    214.3   1100.4   1101.3   0.822
20260407025202    249   1120.0   1135.0   20.0     93.7   1100.2   1100.0   0.706
20260407025202    249   1200.0   1215.0   20.0    249.4   1100.2   1578.3   0.912
20260407025202    249   1655.0   1670.0   20.0     49.8   1545.4   1626.9   0.839
20260407025202    251    115.0    135.0   20.0    115.5   1119.6   1118.6   0.760
20260407025202    253    610.0    625.0   20.0    132.8   1783.7   1792.9   0.493
20260407025202    253    890.0   1520.0   13.9    296.2   1835.6   1879.9   0.680
20260407025202    253   1560.0   1800.0   11.8    274.0   1881.0   1841.6   0.686
20260407025202    255     70.0     90.0   20.0     85.6   1779.1   1781.6   0.647
20260407025202    255    130.0    165.0   20.0     98.3   1777.8   1789.2   0.634
20260407025202    255    395.0    415.0    3.5     87.7   1782.6   1778.6   0.565
20260407025202    255    545.0    555.0    4.8     83.9   1785.6   1781.2   0.416
20260407025202    255    650.0    680.0    4.5     82.5   1784.0   1786.7   0.470
20260407025202    255   1205.0   1215.0    3.8     80.7   1784.8   1798.8   0.467
20260407025202    255   1275.0   1285.0    4.3     75.7   1783.5   1781.2   0.593
20260407025202    255   1335.0   1345.0    3.2     78.0   1783.1   1782.4   0.413
20260407025202    255   1455.0   1465.0    3.3    102.5   1815.5   1811.3   0.424
20260407025202    255   1505.0   1585.0    3.9    120.2   1815.6   1819.0   0.460
20260407025202    255   1630.0   1790.0    4.0    134.8   1811.9   1806.9   0.522
20260407032521      5     45.0     65.0   20.0     70.5   1011.0   1009.5   0.772
20260407032521      5    585.0    690.0   20.0    249.8   1021.1   1012.6   0.824
20260407032521      8   1415.0   1440.0   20.0    205.8    994.6    995.2   0.846
20260407032521     12     45.0   1800.0   20.0     89.7   1740.7   1731.7   0.913
20260407032521     13    155.0    205.0   20.0     87.1    992.0    993.5   0.771
20260407032521     13    595.0    610.0   20.0     42.9    989.2    999.2   0.796
20260407032521     14      0.0     25.0   20.0     57.2      0.0   1247.8   0.814
20260407032521     14    100.0    115.0   20.0     70.4   1245.3   1249.0   0.599
20260407032521     14    640.0    655.0   20.0     23.3   1223.2   1222.5   0.805
20260407032521     19    475.0    490.0   20.0     47.2    976.0    970.5   0.779
20260407032521     19   1090.0   1105.0   20.0     51.4    961.2    960.3   0.798
20260407032521     22    160.0    175.0   20.0     23.2   1342.4   1313.2   0.788
20260407032521     23    435.0    450.0   20.0     44.0    972.1    971.4   0.730
20260407032521     23    600.0    615.0   20.0    101.7    968.8    971.7   0.832
20260407032521     25    535.0    555.0   20.0     70.0   1009.1   1007.1   0.822
20260407032521     25   1390.0   1405.0   20.0     70.8   1024.3   1161.7   0.867
20260407032521     28   1330.0   1380.0   20.0    120.4    988.1   1176.9   0.790
20260407032521     28   1490.0   1500.0   20.0     27.5   1155.6   1172.6   0.471
20260407032521     28   1755.0   1770.0   20.0     24.6    989.3   1012.9   0.770
20260407032521     29    425.0    440.0   20.0     32.9    946.9   1001.2   0.721
20260407032521     29    475.0    490.0   20.0     20.1   1028.6   1024.9   0.863
20260407032521     29    725.0    740.0   20.0     20.4   1081.9   1061.0   0.684
20260407032521     29    925.0    940.0   20.0    106.3   1072.8    941.5   0.775
20260407032521     32    275.0    290.0   20.0     26.1   1052.5   1049.8   0.836
20260407032521     32    410.0    425.0   20.0     37.3   1104.2   1127.3   0.746
20260407032521     32    565.0    580.0   20.0     32.2   1110.9   1157.2   0.861
20260407032521     32    720.0    735.0   20.0     22.8   1197.4   1241.3   0.761
20260407032521     40     70.0    150.0   20.0     45.7    952.5   1144.3   0.901
20260407032521     40    235.0    250.0   20.0     29.9   1149.1   1162.1   0.559
20260407032521     40    310.0    335.0   20.0     52.2   1167.8   1197.7   0.859
20260407032521     40    425.0    440.0   20.0     24.0   1222.1   1237.5   0.674
20260407032521     40    785.0    795.0   20.0     20.2   1241.0   1262.4   0.819
20260407032521     41    605.0    620.0   20.0     23.3   1220.7   1237.5   0.762
20260407032521     41    670.0    685.0   20.0     29.3   1209.4   1197.7   0.804
20260407032521     41   1205.0   1230.0   20.0     42.2    939.1    936.5   0.767
20260407032521     42   1605.0   1620.0   20.0     21.5   1196.9   1183.4   0.753
20260407032521     43   1515.0   1530.0   20.0     51.9   1390.8   1407.2   0.682
20260407032521     45    400.0    430.0   20.0     30.9    938.3    935.0   0.819
20260407032521     46     75.0     90.0   20.0     35.2   1287.6   1317.7   0.855
20260407032521     48    255.0    270.0   20.0     30.1    925.3    973.3   0.750
20260407032521     48    345.0    360.0   20.0    156.8   1016.5    925.3   0.749
20260407032521     50    515.0    530.0   20.0     22.7   1148.7   1141.6   0.793
20260407032521     51   1250.0   1265.0   20.0    113.8    905.4    907.4   0.748
20260407032521     51   1320.0   1335.0   20.0    113.3    904.4   1178.9   0.858
20260407032521     52     90.0    105.0   20.0     21.5   1093.5   1093.7   0.714
20260407032521     52    155.0    190.0   20.0     34.2   1078.6   1131.5   0.757
20260407032521     52    230.0    245.0   20.0     30.5   1108.6   1107.6   0.560
20260407032521     52    375.0    425.0   20.0     77.9   1125.8   1145.3   0.854
20260407032521     52    500.0    515.0   20.0     23.4   1131.1   1171.9   0.775
20260407032521     52    550.0    565.0   20.0     26.4   1174.5   1183.0   0.648
20260407032521     53    555.0    570.0   20.0     23.9    926.9    929.1   0.775
20260407032521     53   1155.0   1170.0   20.0     29.7    938.0    930.3   0.811
20260407032521     53   1425.0   1440.0   20.0    121.9    931.7   1347.9   0.919
20260407032521     55    340.0    435.0   20.0     77.1    907.3    907.0   0.769
20260407032521     58    360.0    375.0   20.0     24.2   1222.9   1266.5   0.827
20260407032521     63     70.0    150.0   20.0    180.5   1069.1    949.4   0.907
20260407032521     63    880.0    920.0   20.0     32.0    934.8    934.7   0.775
20260407032521     63   1195.0   1215.0   20.0     30.8    933.2    934.2   0.824
20260407032521     65     10.0     25.0   20.0     29.6   1169.8   1226.7   0.438
20260407032521     65    155.0    170.0   20.0     45.0   1173.3   1271.6   0.751
20260407032521     65    245.0    260.0   20.0     28.0   1277.4   1301.2   0.689
20260407032521     67   1085.0   1105.0   20.0    136.6    881.0    882.3   0.794
20260407032521     68    200.0    215.0   20.0     24.2   1290.9   1330.2   0.812
20260407032521     71    975.0    990.0   20.0     84.5    893.5    989.9   0.788
20260407032521     71   1230.0   1240.0   20.0     23.4   1019.0   1003.5   0.445
20260407032521     73    660.0    675.0   20.0     35.8   1145.2   1030.5   0.781
20260407032521     75   1235.0   1250.0   20.0     22.9    887.3    887.4   0.636
20260407032521     85    360.0    375.0   20.0     20.3    916.4    963.4   0.815
20260407032521     85    455.0    490.0   20.0    150.4   1039.4   1083.9   0.868
20260407032521     85    690.0    740.0   20.0    125.4   1062.5   1087.0   0.823
20260407032521     85    900.0    915.0   20.0     36.6   1121.2   1145.3   0.750
20260407032521     85   1100.0   1165.0   20.0     42.0   1101.7   1111.9   0.821
20260407032521     85   1230.0   1265.0   20.0     55.8   1110.3   1205.7   0.789
20260407032521     85   1310.0   1325.0   20.0     33.5   1170.0   1135.3   0.870
20260407032521     85   1395.0   1410.0   20.0     20.1   1144.0   1124.7   0.421
20260407032521     85   1495.0   1510.0   20.0     30.4   1120.9   1127.9   0.687
20260407032521     85   1620.0   1635.0   20.0     21.8   1113.3   1115.1   0.724
20260407032521     85   1710.0   1760.0   20.0     51.7   1141.9   1171.2   0.807
20260407032521     87     85.0    100.0   20.0     66.1    883.6   1008.4   0.806
20260407032521     87    510.0    525.0   20.0     25.1   1080.9   1102.7   0.871
20260407032521     87    765.0    780.0   20.0     20.3   1109.2   1125.1   0.536
20260407032521     88     30.0     45.0   20.0     45.2    918.1   1039.6   0.755
20260407032521     88    110.0    270.0   20.0     54.3   1048.3   1158.5   0.853
20260407032521     88    375.0    390.0   20.0     43.3   1156.9   1159.3   0.736
20260407032521     88    610.0    625.0   20.0     24.2   1168.6   1177.1   0.722
20260407032521     96     20.0     35.0   20.0     46.5    914.4    983.5   0.731
20260407032521     96     70.0    110.0   20.0     32.3   1003.0   1040.3   0.624
20260407032521     96    740.0    755.0   20.0     26.8   1069.3   1057.9   0.601
20260407032521     96    900.0    915.0   20.0     44.8   1074.6   1085.5   0.705
20260407032521     96    960.0   1000.0   20.0     28.3   1096.9   1130.5   0.788
20260407032521     97    860.0    875.0   20.0     35.1    877.7    879.9   0.731
20260407032521     97   1785.0   1800.0   20.0     44.8    877.8    947.0   0.758
20260407032521     98     15.0     30.0   20.0     26.9   1130.2   1174.4   0.532
20260407032521     98    270.0    285.0   20.0     36.2   1207.0   1232.5   0.625
20260407032521     98    600.0    615.0   20.0     24.2   1223.8   1219.1   0.662
20260407032521    100    305.0    320.0   20.0     27.6   1142.3   1152.2   0.743
20260407032521    100    730.0    745.0   20.0     22.0   1109.8   1016.1   0.782
20260407032521    100   1115.0   1140.0   20.0     60.5    947.1    945.9   0.764
20260407032521    101    510.0    540.0   20.0     31.4   1295.6   1293.7   0.808
20260407032521    101    620.0    635.0   20.0     23.2   1284.1   1287.9   0.734
20260407032521    101    825.0    875.0   20.0     48.2   1293.6   1284.7   0.829
20260407032521    101    910.0   1465.0   20.0    116.2   1288.2   1310.0   0.898
20260407032521    101   1500.0   1515.0   20.0     77.4   1306.1   1311.7   0.807
20260407032521    101   1575.0   1590.0   20.0     63.0   1305.8   1306.2   0.881
20260407032521    101   1660.0   1680.0   20.0     66.5   1305.7   1302.8   0.836
20260407032521    101   1725.0   1755.0   20.0     63.0   1305.8   1307.5   0.860
20260407032521    103    260.0    345.0   20.0    180.7    905.1    907.5   0.798
20260407032521    103   1530.0   1545.0   20.0     64.9    919.7    919.7   0.787
20260407032521    103   1630.0   1645.0   20.0     37.2    919.9   1016.2   0.811
20260407032521    103   1785.0   1800.0   20.0     25.2   1015.3   1019.9   0.516
20260407032521    108     45.0     60.0   20.0     22.1   1369.5   1381.0   0.709
20260407032521    109   1035.0   1055.0   20.0     59.4    895.4    895.8   0.830
20260407032521    111    100.0    115.0   20.0     86.9    882.2   1005.2   0.741
20260407032521    111    180.0    200.0   20.0     76.5   1009.7   1054.9   0.820
20260407032521    111    245.0    275.0   20.0     45.2   1058.0   1108.3   0.799
20260407032521    111    320.0    360.0   20.0    162.4   1094.4    884.5   0.778
20260407032521    111   1530.0   1545.0   20.0     32.5    898.5    894.6   0.812
20260407032521    113   1670.0   1730.0   20.0    150.8    886.3    883.6   0.814
20260407032521    114    145.0    160.0   20.0     20.4   1147.8   1162.8   0.698
20260407032521    116   1305.0   1320.0   20.0     31.2   1090.7   1119.4   0.859
20260407032521    119    395.0    430.0   20.0    131.3    893.9    894.4   0.837
20260407032521    120    335.0    350.0   20.0     33.3   1026.9   1068.2   0.792
20260407032521    120   1250.0   1265.0   20.0     23.0   1062.6   1075.0   0.918
20260407032521    121    760.0    830.0   20.0     89.7    971.5    975.3   0.936
20260407032521    125    540.0    550.0   20.0     20.5   1128.1   1128.2   0.437
20260407032521    125    690.0    705.0   20.0     21.3   1146.7   1158.1   0.541
20260407032521    125   1225.0   1240.0   20.0    107.4   1199.7   1276.1   0.726
20260407032521    129    435.0    450.0   20.0     79.1    882.1    881.7   0.768
20260407032521    130    200.0    240.0   20.0     44.9   1060.3   1050.1   0.869
20260407032521    131    275.0    290.0   20.0     54.7    895.7    895.7   0.835
20260407032521    131   1325.0   1345.0   20.0     76.2    891.0    891.6   0.806
20260407032521    134    235.0    250.0   20.0     32.0   1151.7   1163.7   0.825
20260407032521    134    560.0    575.0   20.0     22.9   1174.2   1195.3   0.860
20260407032521    137   1415.0   1440.0   20.0    104.9    901.5    902.2   0.838
20260407032521    137   1505.0   1520.0   20.0     52.3    902.4    901.8   0.581
20260407032521    139    105.0    155.0   20.0     26.9   1295.3   1305.9   0.748
20260407032521    143    865.0    880.0   20.0     49.2   1008.4   1007.7   0.757
20260407032521    145     75.0    175.0   20.0     49.5   1074.5   1117.9   0.636
20260407032521    145    230.0    240.0   20.0     22.1   1151.1   1161.5   0.501
20260407032521    145    345.0    425.0   20.0     33.4   1152.8   1188.8   0.821
20260407032521    146     50.0    100.0   20.0     26.3   1094.7   1152.0   0.717
20260407032521    146    145.0    165.0   20.0     54.8   1138.0   1181.4   0.704
20260407032521    146    225.0    275.0   20.0     27.8   1172.8   1148.0   0.790
20260407032521    146    345.0    360.0   20.0     22.9   1158.8   1174.2   0.690
20260407032521    146    480.0    500.0   20.0     29.2   1176.5   1232.4   0.802
20260407032521    146    870.0    885.0   20.0     25.2   1237.9   1240.1   0.781
20260407032521    146   1535.0   1550.0   20.0     31.7   1217.3   1254.7   0.822
20260407032521    146   1750.0   1765.0   20.0     22.3   1222.7   1224.7   0.781
20260407032521    148    815.0    830.0   20.0     23.0   1104.9   1105.3   0.668
20260407032521    148   1230.0   1255.0   20.0     36.5   1122.1   1115.5   0.877
20260407032521    148   1435.0   1450.0   20.0     45.2   1115.5   1134.8   0.823
20260407032521    153    475.0    495.0   20.0     47.6   1025.5   1024.5   0.813
20260407032521    155      0.0    755.0   20.0     97.8      0.0   1572.3   0.867
20260407032521    155   1060.0   1120.0   20.0     76.4   1566.5   1558.0   0.895
20260407032521    155   1175.0   1800.0   20.0     84.7   1558.9   1548.6   0.867
20260407032521    158    945.0    960.0   20.0     24.3   1171.6   1180.5   0.684
20260407032521    159   1060.0   1075.0   20.0     23.3    115.0    149.8   0.805
20260407032521    167    690.0    705.0   20.0     40.2   1010.9   1010.4   0.838
20260407032521    169    335.0    350.0   20.0     66.2   1350.5   1410.3   0.696
20260407032521    173    975.0    990.0   20.0     59.0    927.7    927.9   0.808
20260407032521    176    260.0    270.0   20.0     20.6   1179.6   1192.6   0.528
20260407032521    176    425.0    460.0   20.0     23.9   1234.9   1234.5   0.676
20260407032521    176    510.0    545.0   20.0     31.3   1252.3   1299.8   0.717
20260407032521    176    650.0    670.0   20.0     22.7   1303.1   1297.3   0.814
20260407032521    177     50.0     80.0   20.0    251.7    932.1    933.8   0.817
20260407032521    177    385.0    395.0   20.0     20.9    932.6    933.0   0.456
20260407032521    179   1445.0   1460.0   20.0    119.6    956.3   1236.7   0.874
20260407032521    179   1670.0   1685.0   20.0     24.2   1279.8   1287.9   0.790
20260407032521    180     20.0     45.0   20.0     30.2   1102.4   1163.2   0.788
20260407032521    180    280.0    295.0   20.0     31.2   1193.5   1196.6   0.672
20260407032521    181    820.0    845.0   20.0     72.1    942.5    943.0   0.854
20260407032521    183    220.0    240.0   20.0     54.3    975.3    959.6   0.871
20260407032521    183    495.0    510.0   20.0     49.7    994.9   1029.6   0.741
20260407032521    183    640.0    660.0   20.0    123.2   1103.6    955.3   0.830
20260407032521    186    210.0    225.0   20.0     23.2   1485.7   1500.1   0.820
20260407032521    190    195.0    210.0   20.0     20.8   1093.1   1120.2   0.789
20260407032521    190    425.0    455.0   20.0     24.4   1142.4   1208.6   0.807
20260407032521    190    515.0    560.0   20.0     42.8   1178.7   1255.0   0.857
20260407032521    190    785.0    800.0   20.0     26.1   1255.7   1263.9   0.655
20260407032521    190    975.0    990.0   20.0     30.6   1289.7   1317.0   0.786
20260407032521    190   1530.0   1545.0   20.0    195.9   1338.3    973.7   0.871
20260407032521    193     60.0     70.0   20.0     20.2   1170.9   1298.9   0.614
20260407032521    193    145.0    175.0   20.0     23.4   1296.7   1325.0   0.563
20260407032521    193    300.0    350.0   20.0     37.2   1358.3   1396.6   0.832
20260407032521    193    650.0    665.0   20.0     22.8   1381.8   1405.7   0.773
20260407032521    193    865.0    880.0   20.0     52.0   1373.9   1420.1   0.811
20260407032521    195    555.0    570.0   20.0     21.9   1345.6   1367.7   0.794
20260407032521    195    750.0    765.0   20.0     21.6   1359.6   1387.2   0.790
20260407032521    196    215.0    230.0   20.0     23.4   1251.6   1280.3   0.581
20260407032521    196   1015.0   1030.0   20.0     22.4   1298.7   1311.8   0.684
20260407032521    198   1180.0   1195.0   20.0     33.2   1063.5   1105.7   0.798
20260407032521    198   1590.0   1670.0   20.0     93.9   1173.2   1355.0   0.848
20260407032521    198   1770.0   1785.0   20.0     20.3   1349.7   1314.4   0.656
20260407032521    205   1260.0   1275.0   20.0     22.5   1003.9   1037.5   0.788
20260407032521    205   1345.0   1365.0   20.0    125.4   1091.2   1006.4   0.764
20260407032521    209      0.0     15.0   20.0    139.8      0.0   1010.1   0.839
20260407032521    209   1070.0   1085.0   20.0     55.6   1008.0   1080.7   0.759
20260407032521    209   1170.0   1180.0   20.0     22.4   1114.5   1127.4   0.683
20260407032521    209   1450.0   1465.0   20.0     33.6   1127.0   1137.4   0.795
20260407032521    209   1650.0   1665.0   20.0     20.0   1191.5   1204.5   0.765
20260407032521    209   1745.0   1760.0   20.0     23.9   1176.5   1204.7   0.804
20260407032521    211    135.0    190.0   20.0     86.1   1013.0   1014.7   0.830
20260407032521    213   1345.0   1360.0   20.0    189.0   1008.5   1377.2   0.857
20260407032521    219     15.0     65.0   20.0     45.6   1031.7   1398.2   0.857
20260407032521    219    160.0    175.0   20.0     24.9   1424.2   1424.8   0.717
20260407032521    219    360.0    375.0   20.0     41.1   1465.5   1453.3   0.797
20260407032521    219    525.0    540.0   20.0     41.5   1455.4   1482.2   0.763
20260407032521    219   1695.0   1710.0   20.0     32.6   1342.0   1277.3   0.799
20260407032521    219   1775.0   1800.0   20.0     57.7   1408.8   1109.5   0.881
20260407032521    223    855.0    870.0   20.0    389.7   1026.6   1027.0   0.860
20260407032521    233    250.0    265.0   20.0     85.3   1060.6   1060.6   0.725
20260407032521    233   1680.0   1700.0   20.0     89.5   1060.5   1058.3   0.768
20260407032521    237    235.0    255.0   20.0     53.3   1292.2   1109.4   0.814
20260407032521    239    920.0   1055.0   20.0     37.1   1775.7   1798.6   0.692
20260407032521    239   1125.0   1800.0   10.6    153.3   1811.3   1824.3   0.864
20260407032521    243     70.0    100.0   20.0    118.0   1097.1   1107.0   0.731
20260407032521    243   1435.0   1450.0   20.0     55.3   1089.3   1088.4   0.758
20260407032521    243   1530.0   1550.0   20.0    368.8   1087.6   1090.1   0.852
20260407032521    245     25.0     40.0   20.0    148.0   1125.6   1542.2   0.817
20260407032521    249   1400.0   1480.0   20.0    210.2   1098.6   1100.9   0.807
20260407032521    251   1780.0   1800.0   20.0    277.4   1107.2   1105.1   0.825
20260407032521    253     65.0     85.0   20.0    207.3   1142.7   1655.6   0.931
20260407032521    253    415.0    430.0   20.0     23.8   1729.5   1735.7   0.476
20260407032521    253    580.0    605.0   20.0     30.9   1733.5   1748.1   0.484
20260407032521    253    655.0    710.0   20.0     38.7   1740.4   1750.6   0.506
20260407032521    253    750.0    805.0   17.4     80.1   1773.1   1760.2   0.685
20260407032521    253   1040.0   1095.0   20.0     36.2   1768.5   1771.8   0.573
20260407032521    253   1280.0   1315.0    9.1    103.6   1793.4   1793.5   0.505
20260407032521    253   1360.0   1800.0   12.4    144.5   1806.9   1823.8   0.851
20260407032521    255      0.0   1800.0   20.0    141.7      0.0   1787.5   0.875
20260407035840      3    590.0    610.0   20.0     55.6    991.8    991.7   0.836
20260407035840      3   1395.0   1420.0   20.0     65.1    988.0    987.9   0.763
20260407035840      5   1660.0   1680.0   20.0     29.0    994.6    994.5   0.743
20260407035840      8    360.0    440.0   20.0    336.4   1004.0   1006.9   0.792
20260407035840      8    715.0    730.0   20.0     39.4   1003.5   1092.3   0.756
20260407035840      8    920.0   1040.0   20.0     44.5   1131.8   1235.0   0.675
20260407035840      8   1090.0   1180.0   20.0     36.6   1227.1   1218.3   0.778
20260407035840      8   1330.0   1345.0   20.0    143.4   1191.1    997.6   0.794
20260407035840     13     15.0     55.0   20.0    301.7    976.3    983.2   0.840
20260407035840     13   1555.0   1570.0   20.0     60.9    983.1    981.6   0.667
20260407035840     13   1685.0   1725.0   20.0     72.2    980.3    980.4   0.740
20260407035840     14    420.0    435.0   20.0     49.8    974.5   1073.6   0.751
20260407035840     14    485.0    540.0   20.0     29.1   1107.3   1111.9   0.690
20260407035840     14    645.0    670.0   20.0     37.3   1120.1   1116.3   0.675
20260407035840     14    770.0    875.0   20.0     40.3   1136.7   1208.3   0.830
20260407035840     14    950.0    965.0   20.0     38.8   1240.7   1234.2   0.830
20260407035840     14   1015.0   1065.0   20.0     28.2   1233.6   1243.0   0.853
20260407035840     14   1100.0   1145.0   20.0     47.7   1243.4   1274.0   0.777
20260407035840     14   1225.0   1245.0   20.0     37.9   1243.4   1263.1   0.778
20260407035840     14   1285.0   1300.0   20.0     28.7   1257.7   1274.1   0.835
20260407035840     14   1375.0   1390.0   20.0     37.2   1263.1   1282.6   0.862
20260407035840     14   1465.0   1515.0   20.0     33.4   1268.8   1323.9   0.712
20260407035840     14   1555.0   1570.0   20.0     24.9   1319.6   1333.1   0.771
20260407035840     14   1635.0   1650.0   20.0     36.2   1318.2   1297.4   0.771
20260407035840     14   1775.0   1790.0   20.0     22.5   1297.7   1303.4   0.779
20260407035840     16     15.0     30.0   20.0     38.1   1117.8   1146.0   0.761
20260407035840     20     95.0    135.0   20.0     64.5   1061.4   1058.5   0.880
20260407035840     20   1505.0   1520.0   20.0     82.8   1045.7   1048.1   0.759
20260407035840     21    405.0    420.0   20.0     52.8   1016.6   1016.9   0.855
20260407035840     21   1210.0   1225.0   20.0    195.8   1012.3   1368.4   0.819
20260407035840     22    415.0    430.0   20.0     20.5   1298.4   1301.7   0.473
20260407035840     23   1145.0   1175.0   20.0    170.0    963.0    966.4   0.879
20260407035840     25   1015.0   1140.0   20.0     57.8   1002.8   1388.3   0.845
20260407035840     26    200.0    235.0   20.0     26.2   1096.2   1163.3   0.830
20260407035840     26    275.0    370.0   20.0     41.1   1199.1   1269.3   0.813
20260407035840     26    460.0    475.0   20.0     37.1   1255.6   1318.4   0.568
20260407035840     26    515.0    525.0   20.0     35.1   1267.4   1289.7   0.510
20260407035840     26    570.0    580.0   20.0     27.0   1286.7   1278.7   0.401
20260407035840     26    640.0    655.0   20.0     23.7   1258.0   1256.5   0.619
20260407035840     26    740.0    790.0   20.0     51.9   1263.3   1324.5   0.744
20260407035840     26    860.0    900.0   20.0     30.4   1328.6   1342.0   0.586
20260407035840     26   1260.0   1280.0   20.0     32.7   1363.7   1393.1   0.786
20260407035840     28    100.0    115.0   20.0     21.4   1109.5   1114.7   0.492
20260407035840     28    180.0    195.0   20.0    113.1   1122.0    963.2   0.763
20260407035840     28   1590.0   1610.0   20.0    397.0    970.0    958.0   0.798
20260407035840     31    335.0    350.0   20.0    108.2    998.5   1143.7   0.766
20260407035840     31    435.0    450.0   20.0     23.0   1148.7   1137.0   0.744
20260407035840     31    550.0    565.0   20.0     31.1   1151.1   1150.1   0.488
20260407035840     31    700.0    715.0   20.0     36.5   1159.1   1170.1   0.834
20260407035840     31    980.0   1020.0   20.0    100.8   1206.9   1003.2   0.917
20260407035840     32      0.0    130.0   20.0     30.7      0.0   1247.7   0.800
20260407035840     35      0.0     10.0   20.0    136.3      0.0    934.8   0.822
20260407035840     35    575.0    590.0   20.0     47.8    953.1    953.9   0.710
20260407035840     36    285.0    340.0   20.0     25.8   1314.8   1318.6   0.812
20260407035840     40    815.0    830.0   20.0     44.0    962.7   1014.0   0.762
20260407035840     40    915.0    930.0   20.0     20.2   1111.9   1141.3   0.702
20260407035840     40   1055.0   1140.0   20.0     48.8   1172.2   1190.1   0.882
20260407035840     40   1555.0   1570.0   20.0     25.2   1259.9   1236.3   0.821
20260407035840     40   1695.0   1705.0   20.0     20.5   1226.2   1221.3   0.715
20260407035840     41    750.0    780.0   20.0     33.0    941.8   1060.2   0.766
20260407035840     41   1200.0   1325.0   20.0    193.3   1133.8    938.7   0.815
20260407035840     41   1640.0   1675.0   20.0     67.7    931.2    926.7   0.786
20260407035840     43    990.0   1005.0   20.0     29.5   1404.1   1374.0   0.789
20260407035840     48    220.0    235.0   20.0     51.1    921.6    985.3   0.751
20260407035840     48    350.0    365.0   20.0     65.7    995.0    923.4   0.759
20260407035840     52    290.0    305.0   20.0     30.7   1080.6   1102.7   0.773
20260407035840     52    960.0    975.0   20.0     62.9   1180.8   1181.1   0.863
20260407035840     52   1170.0   1185.0   20.0     24.6   1192.5   1196.1   0.680
20260407035840     55    135.0    155.0   20.0    176.3    907.2    906.6   0.830
20260407035840     55    350.0    380.0   20.0     63.5    906.9    907.8   0.743
20260407035840     55   1185.0   1200.0   20.0     49.9    910.6    908.0   0.732
20260407035840     56    190.0    205.0   20.0     24.3   1169.3   1174.2   0.876
20260407035840     56   1395.0   1410.0   20.0     20.6   1182.5   1224.0   0.814
20260407035840     63    570.0    585.0   20.0     32.5    948.1   1036.5   0.756
20260407035840     63    665.0    700.0   20.0     56.9   1153.2   1011.9   0.955
20260407035840     63   1330.0   1345.0   20.0     41.8    944.6    989.9   0.786
20260407035840     63   1445.0   1465.0   20.0    115.6   1043.9    942.4   0.878
20260407035840     63   1565.0   1585.0   20.0     95.4    941.5   1092.9   0.850
20260407035840     64   1180.0   1195.0   20.0     21.1   1203.6   1203.6   0.881
20260407035840     67    975.0   1005.0   20.0    178.3    891.8    890.2   0.814
20260407035840     67   1240.0   1255.0   20.0     54.5    890.9    957.2   0.733
20260407035840     73    560.0    665.0   20.0     47.7    894.1   1186.1   0.838
20260407035840     75   1515.0   1530.0   20.0     40.5    896.5    897.6   0.731
20260407035840     77     10.0     25.0   20.0     30.7    921.2    957.9   0.777
20260407035840     81    650.0    665.0   20.0     61.8    905.7    905.1   0.728
20260407035840     81   1370.0   1385.0   20.0     56.2    906.2    905.9   0.593
20260407035840     85   1050.0   1085.0   20.0    208.6    895.7    894.6   0.909
20260407035840     87    335.0    350.0   20.0     22.7    895.2    896.5   0.709
20260407035840     87    560.0    575.0   20.0     45.8    903.7    992.7   0.886
20260407035840     87    640.0    685.0   20.0     25.1   1022.6   1025.8   0.861
20260407035840     87    730.0    820.0   20.0     32.6   1027.3   1099.2   0.909
20260407035840     88    300.0    315.0   20.0     32.9    906.3    942.1   0.747
20260407035840     88    580.0    590.0   20.0     21.4   1101.9   1150.8   0.747
20260407035840     92    940.0    955.0   20.0     32.2    988.2    987.9   0.781
20260407035840     95      0.0     15.0   20.0     39.4      0.0    939.8   0.883
20260407035840     95    130.0    145.0   20.0     31.3   1077.9   1062.5   0.918
20260407035840     95    455.0    465.0   20.0     23.1   1081.2   1082.8   0.648
20260407035840     96     35.0    125.0   20.0     74.9   1016.4   1130.8   0.678
20260407035840     96    355.0    370.0   20.0     27.4   1174.1   1181.5   0.818
20260407035840     96    410.0    425.0   20.0     21.0   1172.1   1173.5   0.737
20260407035840     97    215.0    265.0   20.0     35.7    882.0    957.7   0.906
20260407035840     97    315.0    330.0   20.0     56.4    954.6    882.8   0.762
20260407035840     98      0.0     20.0   20.0    134.8      0.0   1177.1   0.866
20260407035840     98    230.0    245.0   20.0     20.3   1247.3   1256.5   0.691
20260407035840     98    300.0    325.0   20.0     22.0   1250.6   1260.4   0.604
20260407035840     98    410.0    425.0   20.0     42.7   1265.1   1307.1   0.800
20260407035840     99   1085.0   1160.0   20.0    153.4    900.8    907.1   0.802
20260407035840    101    125.0    140.0   20.0     21.6   1209.6   1224.5   0.607
20260407035840    101    210.0    225.0   20.0     23.4   1234.0   1252.8   0.689
20260407035840    101   1675.0   1695.0   20.0     58.1   1348.6   1339.6   0.856
20260407035840    103    230.0    250.0   20.0    205.5    905.3    906.1   0.850
20260407035840    107    355.0    375.0   20.0     50.3    982.8    983.7   0.814
20260407035840    109    195.0    215.0   20.0     67.1    897.8   1001.8   0.777
20260407035840    109    340.0    355.0   20.0     22.4   1037.1   1046.1   0.664
20260407035840    109    390.0    405.0   20.0     40.0   1039.2   1039.1   0.699
20260407035840    109    505.0    600.0   20.0     93.5   1050.1   1051.5   0.799
20260407035840    109    765.0    780.0   20.0     34.9   1053.6   1092.9   0.473
20260407035840    109   1110.0   1125.0   20.0     26.2   1096.3   1149.5   0.821
20260407035840    109   1460.0   1475.0   20.0     21.7   1136.9   1174.2   0.749
20260407035840    109   1565.0   1665.0   20.0     27.1   1214.5   1228.5   0.819
20260407035840    109   1705.0   1790.0   20.0     45.9   1215.4   1232.9   0.777
20260407035840    111   1315.0   1335.0   20.0     59.3    890.9    888.6   0.760
20260407035840    111   1435.0   1525.0   20.0    161.9    914.2    891.3   0.823
20260407035840    113     40.0    130.0   20.0    124.5    841.7   1074.2   0.782
20260407035840    113    195.0    210.0   20.0     22.5   1091.4   1088.1   0.689
20260407035840    113    265.0    320.0   20.0     40.3   1082.9   1115.8   0.819
20260407035840    113    875.0    890.0   20.0     61.8   1212.5    952.6   0.867
20260407035840    116    565.0    580.0   20.0     21.9   1163.1   1154.6   0.657
20260407035840    120    885.0    895.0   20.0     20.3   1085.9   1084.6   0.797
20260407035840    120   1300.0   1310.0   20.0     20.1   1126.1   1151.6   0.848
20260407035840    125    435.0    450.0   20.0    183.3    900.2   1229.2   0.846
20260407035840    125   1360.0   1370.0   20.0     27.1   1251.9   1255.8   0.487
20260407035840    129   1505.0   1520.0   20.0     20.6    945.3    979.2   0.853
20260407035840    129   1560.0   1575.0   20.0     39.7    986.4   1025.2   0.749
20260407035840    129   1650.0   1665.0   20.0     21.8   1014.2   1030.4   0.808
20260407035840    130    440.0    455.0   20.0     30.3   1112.8   1160.6   0.803
20260407035840    130   1040.0   1055.0   20.0     28.9   1195.4   1225.9   0.761
20260407035840    131    660.0    675.0   20.0     31.0    901.3    899.8   0.679
20260407035840    133   1590.0   1605.0   20.0     72.0    958.3    958.1   0.709
20260407035840    137    895.0    970.0   20.0    105.8    907.1   1083.0   0.773
20260407035840    137   1205.0   1220.0   20.0     22.1   1145.6   1183.3   0.738
20260407035840    137   1275.0   1290.0   20.0     28.5   1164.1   1165.0   0.802
20260407035840    143    450.0    465.0   20.0     59.2   1001.2   1001.7   0.667
20260407035840    145    345.0    365.0   20.0     27.2   1217.2   1252.3   0.733
20260407035840    145    410.0    445.0   20.0     32.2   1289.4   1276.9   0.805
20260407035840    145    785.0    800.0   20.0     31.3   1331.7   1330.7   0.693
20260407035840    145   1415.0   1430.0   20.0     32.9   1360.7   1361.6   0.780
20260407035840    148    570.0    585.0   20.0     26.5   1084.6   1099.9   0.854
20260407035840    149   1745.0   1775.0   20.0     29.1    915.8    998.5   0.818
20260407035840    152    105.0    140.0   20.0     37.2   1015.4   1024.2   0.794
20260407035840    153   1070.0   1080.0   20.0     36.1   1007.6   1007.7   0.584
20260407035840    159    270.0    285.0   20.0     44.3    124.1    138.5   0.857
20260407035840    159   1235.0   1255.0   20.0     31.2    120.4    124.5   0.789
20260407035840    159   1470.0   1485.0   20.0     43.7    115.5    167.9   0.742
20260407035840    159   1705.0   1720.0   20.0     22.7    202.2    213.9   0.835
20260407035840    163    805.0    820.0   20.0     20.2   1260.3   1302.6   0.847
20260407035840    164     70.0     95.0   20.0     22.8   1474.0   1518.4   0.678
20260407035840    164   1055.0   1070.0   20.0     21.2   1530.5   1531.7   0.700
20260407035840    170    575.0    590.0   20.0     28.6   1405.5   1418.9   0.837
20260407035840    172    110.0    125.0   20.0     22.1   1126.6   1161.4   0.638
20260407035840    175    235.0    255.0   20.0     69.7    924.0    924.6   0.745
20260407035840    176    745.0    760.0   20.0     28.6   1407.6   1440.5   0.800
20260407035840    177    675.0    690.0   20.0     45.4    929.1    934.4   0.647
20260407035840    177   1185.0   1205.0   20.0    153.1    932.4   1415.4   0.954
20260407035840    180    340.0    375.0   20.0     31.0   1211.4   1230.0   0.763
20260407035840    180    580.0    595.0   20.0     26.5   1274.8   1312.6   0.752
20260407035840    180   1000.0   1015.0   20.0     28.6   1289.0   1290.6   0.762
20260407035840    180   1095.0   1110.0   20.0     23.6   1287.1   1321.4   0.827
20260407035840    181    965.0    980.0   20.0    134.5    949.7    946.8   0.804
20260407035840    183    525.0    545.0   20.0    177.3    959.6    976.9   0.766
20260407035840    183   1785.0   1800.0   20.0    107.8    961.7   1186.2   0.836
20260407035840    186    110.0    125.0   20.0     41.9   1428.1   1460.7   0.805
20260407035840    186    240.0    255.0   20.0     51.4   1425.9   1437.0   0.884
20260407035840    186    490.0    505.0   20.0     24.0   1439.2   1446.6   0.800
20260407035840    186    710.0    725.0   20.0     24.1   1445.0   1447.4   0.445
20260407035840    189     95.0    125.0   20.0     31.9   1082.2   1085.0   0.636
20260407035840    189    165.0    180.0   20.0     31.7   1093.5   1139.6   0.679
20260407035840    189    245.0    260.0   20.0     22.0   1136.5   1201.5   0.781
20260407035840    189    300.0    350.0   20.0     35.6   1210.9   1197.9   0.773
20260407035840    189    485.0    500.0   20.0     43.5   1204.9   1233.4   0.851
20260407035840    189    660.0    685.0   20.0     22.5   1231.2   1277.8   0.724
20260407035840    189   1265.0   1280.0   20.0     29.3   1222.4   1274.0   0.818
20260407035840    190    700.0    715.0   20.0     43.6    968.4   1018.1   0.756
20260407035840    190    885.0    905.0   20.0    128.5   1066.5    968.5   0.827
20260407035840    190    970.0    985.0   20.0     29.8    967.7   1011.7   0.754
20260407035840    190   1130.0   1170.0   20.0     91.1   1098.6    971.2   0.764
20260407035840    193    100.0    135.0   20.0     48.0   1281.1   1355.7   0.801
20260407035840    193    500.0    515.0   20.0     28.3   1429.5   1435.9   0.809
20260407035840    195   1775.0   1790.0   20.0     23.6   1466.5   1470.7   0.557
20260407035840    196    815.0    830.0   20.0     24.1   1252.2   1267.4   0.800
20260407035840    198    175.0    190.0   20.0     22.4   1159.4   1162.2   0.634
20260407035840    198    375.0    390.0   20.0     24.3   1221.6   1220.1   0.648
20260407035840    198    470.0    505.0   20.0     41.5   1249.9   1342.2   0.823
20260407035840    198    540.0    575.0   20.0     28.2   1308.8   1348.8   0.779
20260407035840    204   1255.0   1270.0   20.0     23.9   1363.9   1384.9   0.865
20260407035840    205    415.0    455.0   20.0    337.0    989.2    992.8   0.821
20260407035840    205    805.0    820.0   20.0     57.2    989.3   1000.5   0.757
20260407035840    209    255.0    270.0   20.0    174.2   1006.9   1010.2   0.811
20260407035840    209   1380.0   1430.0   20.0     98.6   1009.2   1090.2   0.883
20260407035840    209   1465.0   1480.0   20.0     26.2   1084.3   1097.6   0.857
20260407035840    209   1555.0   1570.0   20.0     59.9   1097.6   1010.4   0.779
20260407035840    209   1610.0   1635.0   20.0    102.0   1011.4   1015.3   0.770
20260407035840    211   1375.0   1390.0   20.0     74.2   1005.5   1008.6   0.806
20260407035840    213    460.0    515.0   20.0    206.3   1022.6   1492.4   0.859
20260407035840    219   1080.0   1095.0   20.0     95.6   1024.4   1125.6   0.750
20260407035840    219   1315.0   1335.0   20.0    150.8   1165.5   1024.6   0.816
20260407035840    221    465.0    480.0   20.0     89.1   1144.1   1144.0   0.759
20260407035840    221    605.0    620.0   20.0     42.6   1144.7   1214.1   0.884
20260407035840    221    655.0    670.0   20.0     50.1   1228.1   1246.2   0.563
20260407035840    224     60.0     75.0   20.0     50.4   1623.7   1734.9   0.819
20260407035840    224    130.0    150.0   20.0     56.8   1733.5   1725.6   0.848
20260407035840    224    215.0    255.0   20.0     45.5   1730.3   1727.6   0.822
20260407035840    224    335.0    350.0   20.0     55.9   1730.3   1727.9   0.813
20260407035840    224    545.0    900.0   20.0     68.5   1720.4   1727.0   0.884
20260407035840    224    935.0   1795.0   20.0     70.8   1729.2   1716.0   0.901
20260407035840    227    510.0    525.0   20.0     25.3   1769.2   1801.6   0.870
20260407035840    231      0.0     80.0   20.0    198.0      0.0   1170.9   0.937
20260407035840    231    290.0    305.0   20.0    136.3   1199.2   1051.9   0.753
20260407035840    231    370.0    385.0   20.0     72.6   1048.8   1155.7   0.772
20260407035840    231    420.0    520.0   20.0    107.2   1206.6   1053.5   0.890
20260407035840    233   1480.0   1500.0   20.0    148.8   1051.1   1052.2   0.892
20260407035840    237    860.0   1015.0   20.0    182.2   1072.4   1375.0   0.826
20260407035840    237   1070.0   1085.0   20.0     43.4   1376.6   1377.0   0.790
20260407035840    237   1470.0   1515.0   20.0     30.9   1374.4   1426.1   0.750
20260407035840    237   1550.0   1565.0   20.0    100.6   1429.5   1385.0   0.785
20260407035840    237   1605.0   1650.0   20.0     23.4   1382.3   1384.5   0.808
20260407035840    237   1785.0   1800.0   20.0     23.4   1445.3   1446.8   0.580
20260407035840    239    980.0    990.0   20.0    134.1   1834.3   1856.6   0.635
20260407035840    239   1155.0   1165.0   20.0    116.5   1828.0   1823.9   0.445
20260407035840    239   1475.0   1585.0   20.0    131.4   1840.3   1830.6   0.830
20260407035840    239   1625.0   1670.0   20.0     72.2   1831.8   1844.6   0.719
20260407035840    239   1705.0   1800.0   20.0     52.2   1849.6   1785.3   0.832
20260407035840    245    505.0    520.0   20.0    199.6   1155.4   1565.4   0.811
20260407035840    248    240.0    255.0   20.0     57.7   1150.3   1148.1   0.760
20260407035840    248   1330.0   1345.0   20.0     73.3   1141.0   1141.0   0.635
20260407035840    249     85.0    150.0   20.0    283.6   1104.3   1104.6   0.830
20260407035840    249    640.0    655.0   20.0     67.8   1102.4   1103.1   0.737
20260407035840    253     60.0     80.0   20.0     32.4   1315.0   1564.6   0.735
20260407035840    253    305.0    320.0   20.0     30.3   1695.8   1707.9   0.520
20260407035840    253    355.0    365.0   20.0     42.6   1712.2   1696.1   0.462
20260407035840    253    585.0    595.0   14.3    117.7   1742.9   1771.2   0.406
20260407035840    253    690.0    705.0   20.0     27.2   1754.0   1778.6   0.595
20260407035840    253    920.0    930.0   20.0     24.4   1794.3   1772.4   0.604
20260407035840    253    975.0   1555.0   20.0     35.9   1774.8   1796.5   0.821
20260407035840    255      0.0    355.0   20.0    117.4      0.0   1774.7   0.906
20260407035840    255    470.0    545.0   20.0    101.0   1782.8   1775.4   0.880
20260407035840    255    650.0    705.0   20.0     58.1   1772.5   1777.2   0.881
20260407035840    255    750.0    795.0   20.0     56.6   1775.1   1786.4   0.907
20260407035840    255    880.0   1135.0   20.0     85.9   1797.8   1795.9   0.901
20260407035840    255   1390.0   1470.0   20.0     79.8   1789.5   1776.3   0.922
20260407035840    255   1510.0   1595.0   20.0     56.5   1774.8   1777.9   0.892
20260407035840    255   1635.0   1800.0   20.0     85.6   1778.9   1745.0   0.924
20260407043158      2   1495.0   1510.0   20.0     93.2   1152.3   1246.1   0.767
20260407043158      5     45.0     60.0   20.0     38.9   1018.7   1020.9   0.729
20260407043158      8    375.0    390.0   20.0     43.9   1022.4   1089.0   0.733
20260407043158      8    785.0    845.0   20.0     31.7   1131.7   1131.8   0.732
20260407043158      8    920.0    935.0   20.0     20.8   1137.9   1147.5   0.523
20260407043158      8   1050.0   1065.0   20.0     25.0   1178.6   1199.5   0.761
20260407043158      8   1110.0   1125.0   20.0     20.6   1227.4   1238.1   0.772
20260407043158      8   1175.0   1205.0   20.0     32.7   1237.8   1270.5   0.787
20260407043158      8   1315.0   1330.0   20.0     27.2   1298.3   1292.4   0.745
20260407043158     12   1765.0   1780.0   20.0     24.2   1114.9   1142.9   0.742
20260407043158     13     60.0     75.0   20.0     25.2   1097.9   1128.8   0.656
20260407043158     13    140.0    155.0   20.0     21.3   1117.3   1112.6   0.678
20260407043158     13    630.0    645.0   20.0     25.1   1124.6   1128.6   0.698
20260407043158     13   1125.0   1140.0   20.0     26.0   1188.7   1201.2   0.672
20260407043158     14    985.0   1000.0   20.0     24.7   1331.8   1329.9   0.726
20260407043158     16     10.0     25.0   20.0     26.1   1098.9   1125.8   0.693
20260407043158     19    885.0    910.0   20.0    191.9    970.7    970.6   0.766
20260407043158     19   1565.0   1585.0   20.0     38.8    981.2    981.8   0.852
20260407043158     25     25.0     40.0   20.0     26.3   1252.3   1308.9   0.685
20260407043158     25     85.0    100.0   20.0     21.9   1319.9   1400.3   0.734
20260407043158     26     55.0     70.0   20.0     35.3   1518.9   1081.9   0.926
20260407043158     31     75.0     90.0   20.0     32.3   1187.6   1243.3   0.772
20260407043158     31    130.0    145.0   20.0    221.0   1308.9    997.5   0.832
20260407043158     31    230.0    245.0   20.0     80.4    997.6    997.1   0.732
20260407043158     32    490.0    505.0   20.0     33.1   1181.5   1169.9   0.584
20260407043158     40     25.0     40.0   20.0     23.1    968.5   1015.3   0.770
20260407043158     40    100.0    190.0   20.0     55.4   1071.3   1192.3   0.804
20260407043158     40    240.0    255.0   20.0     27.9   1184.4   1192.8   0.781
20260407043158     40    310.0    325.0   20.0     20.2   1182.8   1210.2   0.627
20260407043158     40    460.0    475.0   20.0     59.0   1244.9   1313.3   0.861
20260407043158     40    985.0   1000.0   20.0     25.2   1237.4   1255.8   0.776
20260407043158     41    850.0    875.0   20.0    153.6    925.4   1275.8   0.847
20260407043158     41    940.0    955.0   20.0     29.1   1262.2   1290.6   0.789
20260407043158     41   1035.0   1050.0   20.0     22.3   1294.0   1303.3   0.752
20260407043158     43    105.0    120.0   20.0     73.6   1330.6   1340.8   0.803
20260407043158     43    240.0    265.0   20.0     46.5   1337.3   1353.7   0.814
20260407043158     43    365.0    385.0   20.0     64.5   1352.3   1336.6   0.819
20260407043158     45    380.0    400.0   20.0     51.8    919.4    918.2   0.753
20260407043158     45   1160.0   1190.0   20.0     40.7    918.8    960.9   0.753
20260407043158     45   1320.0   1330.0   20.0     38.2   1024.3   1068.3   0.601
20260407043158     45   1370.0   1410.0   20.0     33.6   1081.6   1070.6   0.829
20260407043158     52      0.0     10.0   20.0     44.9      0.0   1025.8   0.781
20260407043158     52     55.0    145.0   20.0    101.1   1021.1    918.3   0.829
20260407043158     52    195.0    205.0   20.0     24.2    919.5    957.5   0.751
20260407043158     52    320.0    335.0   20.0     29.7   1008.7   1036.7   0.719
20260407043158     52    705.0    720.0   20.0     29.6   1056.7   1070.6   0.837
20260407043158     52   1430.0   1445.0   20.0     28.0   1060.8   1057.2   0.723
20260407043158     53   1270.0   1290.0   20.0    172.8    919.0    924.6   0.800
20260407043158     54   1345.0   1360.0   20.0     20.8   1202.8   1209.5   0.764
20260407043158     55     45.0    175.0   20.0     60.2    905.9   1057.9   0.845
20260407043158     55    240.0    255.0   20.0     22.0   1049.8   1059.1   0.644
20260407043158     55    430.0    440.0   20.0     28.0   1118.7   1066.2   0.710
20260407043158     55    715.0    730.0   20.0     24.1   1077.5   1107.0   0.665
20260407043158     55   1530.0   1545.0   20.0     34.9   1058.7   1065.7   0.741
20260407043158     55   1730.0   1745.0   20.0     30.4   1072.6   1128.5   0.872
20260407043158     56   1245.0   1260.0   20.0     29.2   1187.5   1188.4   0.769
20260407043158     61    850.0    955.0   20.0     68.9    926.9    921.9   0.844
20260407043158     61   1270.0   1290.0   20.0     36.5    916.0    916.1   0.775
20260407043158     63    680.0    710.0   20.0     79.7    933.9    934.5   0.872
20260407043158     69    385.0    400.0   20.0     70.3    887.2    986.0   0.817
20260407043158     69    465.0    480.0   20.0    152.8   1035.7    888.9   0.751
20260407043158     69   1195.0   1215.0   20.0     45.9    884.8    883.5   0.881
20260407043158     71    440.0    480.0   20.0     81.0    892.6   1128.8   0.875
20260407043158     71    625.0    640.0   20.0     39.3   1117.0   1164.4   0.697
20260407043158     71    820.0    835.0   20.0    100.0   1190.3   1150.7   0.694
20260407043158     71   1090.0   1105.0   20.0     27.7   1143.3   1164.8   0.666
20260407043158     73      0.0     35.0   20.0     58.9      0.0   1135.3   0.753
20260407043158     73    155.0    170.0   20.0     38.0   1174.0   1213.7   0.753
20260407043158     75    620.0    635.0   20.0     27.8    926.1    891.3   0.744
20260407043158     77    875.0    890.0   20.0     25.1   1290.6   1288.1   0.809
20260407043158     81     25.0     40.0   20.0     38.6    894.5    937.5   0.757
20260407043158     81    200.0    215.0   20.0    102.0   1018.1    902.3   0.796
20260407043158     85   1685.0   1700.0   20.0     90.4    884.6    884.2   0.630
20260407043158     87     20.0     35.0   20.0     65.1    892.0   1152.0   0.849
20260407043158     88    125.0    140.0   20.0     29.8   1120.6   1143.2   0.690
20260407043158     88    205.0    235.0   20.0     23.6   1154.8   1183.3   0.810
20260407043158     88    485.0    500.0   20.0     21.5   1175.5   1197.1   0.721
20260407043158     88    685.0    700.0   20.0     23.4   1184.7   1199.3   0.657
20260407043158     92     15.0     30.0   20.0     35.2    983.6   1027.8   0.771
20260407043158     92    590.0    605.0   20.0     29.3   1069.1   1118.5   0.762
20260407043158     93     60.0    105.0   20.0     64.6    886.6   1102.4   0.846
20260407043158     93    250.0    265.0   20.0    266.6   1121.4    888.8   0.784
20260407043158     93   1325.0   1340.0   20.0     51.7    883.9    937.9   0.762
20260407043158     95     90.0    105.0   20.0     75.0    977.6   1059.2   0.800
20260407043158     95    425.0    440.0   20.0     28.8   1109.2   1122.3   0.716
20260407043158     95    680.0    735.0   20.0     47.7   1129.1   1134.3   0.782
20260407043158     95   1025.0   1040.0   20.0     22.5   1136.6   1145.4   0.721
20260407043158     96    680.0    695.0   20.0     24.8   1024.7   1043.8   0.795
20260407043158     96    940.0    950.0   20.0     46.9   1062.0   1048.7   0.671
20260407043158     96   1170.0   1180.0   20.0     20.1   1067.1   1080.7   0.702
20260407043158     96   1245.0   1260.0   20.0     23.2   1056.3   1064.3   0.672
20260407043158     96   1550.0   1590.0   20.0     25.2   1081.3   1111.8   0.864
20260407043158     96   1780.0   1795.0   20.0     26.3   1104.4   1133.8   0.774
20260407043158    101    205.0   1800.0   20.0    125.8   1266.9   1355.3   0.895
20260407043158    103    325.0    365.0   20.0    138.4    904.4    909.1   0.786
20260407043158    107    945.0    970.0   20.0     46.0    981.3    980.2   0.810
20260407043158    109    190.0    205.0   20.0     82.7    898.2    998.3   0.744
20260407043158    109    265.0    285.0   20.0     37.7   1027.0   1021.5   0.808
20260407043158    109    400.0    415.0   20.0     25.3   1029.7   1027.1   0.808
20260407043158    109   1185.0   1195.0   20.0     29.5   1100.0   1093.1   0.715
20260407043158    109   1240.0   1255.0   20.0     27.4   1077.3   1081.4   0.521
20260407043158    109   1415.0   1430.0   20.0     37.5   1068.3   1072.7   0.812
20260407043158    109   1515.0   1530.0   20.0     87.4   1056.2   1216.3   0.813
20260407043158    112    255.0    270.0   20.0     52.1    906.1    905.8   0.802
20260407043158    113    530.0    545.0   20.0    165.8    889.2   1250.3   0.822
20260407043158    113   1575.0   1595.0   20.0    148.7   1250.0   1241.0   0.891
20260407043158    113   1635.0   1700.0   20.0    186.3   1241.7   1305.9   0.807
20260407043158    116    765.0    780.0   20.0     28.9   1255.9   1297.5   0.869
20260407043158    119    130.0    155.0   20.0    116.7    891.9    891.3   0.789
20260407043158    119    355.0    370.0   20.0     45.1    892.1    890.2   0.745
20260407043158    120    470.0    510.0   20.0     52.6    912.0   1134.5   0.819
20260407043158    120    580.0    630.0   20.0     44.2   1150.2   1160.2   0.711
20260407043158    120    730.0    740.0   20.0     22.3   1156.8   1158.2   0.718
20260407043158    120    815.0    830.0   20.0     20.2   1155.6   1171.1   0.757
20260407043158    120    980.0    995.0   20.0     30.8   1172.8   1190.9   0.821
20260407043158    121   1225.0   1240.0   20.0     31.9    952.7   1026.7   0.839
20260407043158    121   1405.0   1420.0   20.0     57.3   1080.7    950.1   0.836
20260407043158    126    240.0    255.0   20.0     96.8    980.7   1073.0   0.767
20260407043158    126    445.0    460.0   20.0     78.2   1062.3    980.6   0.782
20260407043158    126   1785.0   1800.0   20.0     31.7    970.3   1000.9   0.771
20260407043158    129      0.0     60.0   20.0     22.2      0.0   1109.4   0.740
20260407043158    129     95.0    115.0   20.0     36.1   1132.5   1185.7   0.782
20260407043158    129    245.0    350.0   20.0     29.2   1136.2   1128.2   0.812
20260407043158    129    445.0    460.0   20.0     25.3   1083.7   1080.2   0.743
20260407043158    129    795.0    810.0   20.0     20.6   1078.4   1132.8   0.899
20260407043158    129    855.0    880.0   20.0     79.1   1136.9   1221.1   0.798
20260407043158    130    105.0    160.0   20.0     40.5    994.9   1016.6   0.770
20260407043158    135    175.0    215.0   20.0    133.2    906.2    927.3   0.797
20260407043158    135    425.0    450.0   20.0    347.6    924.6    966.5   0.803
20260407043158    135    510.0    530.0   20.0    123.4    981.7    898.5   0.825
20260407043158    137     40.0     60.0   20.0    236.5    901.6    901.8   0.762
20260407043158    137    645.0    660.0   20.0    176.5    902.1    903.2   0.757
20260407043158    137    750.0    860.0   20.0     50.5    902.8   1210.9   0.760
20260407043158    137    920.0    935.0   20.0     22.5   1286.4   1327.3   0.810
20260407043158    143    975.0    995.0   20.0     49.2    994.9    995.2   0.808
20260407043158    143   1305.0   1340.0   20.0     54.3    993.7    991.7   0.794
20260407043158    145    215.0    230.0   20.0     20.7   1172.1   1169.2   0.628
20260407043158    148     75.0     90.0   20.0     26.3    931.7    970.9   0.756
20260407043158    149     60.0     75.0   20.0     50.8    905.7   1221.1   0.822
20260407043158    149    120.0    135.0   20.0     40.0   1279.7   1245.5   0.756
20260407043158    149   1385.0   1610.0   20.0     45.2   1440.2   1448.9   0.868
20260407043158    149   1750.0   1775.0   18.6     33.0   1445.9   1447.5   0.737
20260407043158    158   1505.0   1530.0   20.0    376.3   1034.4   1037.4   0.872
20260407043158    164    360.0    375.0   20.0     20.6   1532.0   1531.8   0.647
20260407043158    172    195.0    210.0   20.0     23.0   1151.7   1167.9   0.776
20260407043158    175     45.0     70.0   20.0    239.8    925.7    926.4   0.832
20260407043158    175    765.0    780.0   20.0     69.5    924.1    924.2   0.654
20260407043158    175    900.0    915.0   20.0     61.2    924.7    925.8   0.781
20260407043158    177    540.0    565.0   20.0    157.6    936.4    932.7   0.814
20260407043158    180     75.0     90.0   20.0     33.2   1182.9   1208.2   0.737
20260407043158    181    325.0    345.0   20.0    134.0    951.1    952.7   0.828
20260407043158    181    810.0    825.0   20.0     31.9    984.4    989.8   0.678
20260407043158    181   1320.0   1355.0   20.0    102.0    994.9   1278.9   0.729
20260407043158    181   1435.0   1450.0   20.0     24.4   1229.0   1216.5   0.828
20260407043158    181   1510.0   1525.0   20.0     21.0   1214.2   1217.4   0.604
20260407043158    183   1120.0   1135.0   20.0     73.3    992.9   1139.8   0.888
20260407043158    183   1180.0   1210.0   20.0    142.5   1140.2    972.5   0.825
20260407043158    183   1495.0   1515.0   20.0    103.4    969.4   1273.0   0.844
20260407043158    186   1695.0   1715.0   20.0     40.0   1068.0   1113.7   0.843
20260407043158    189      0.0     75.0   20.0     50.8      0.0   1198.9   0.718
20260407043158    189    265.0    275.0   20.0     33.8   1182.0   1200.4   0.443
20260407043158    189    310.0    395.0   20.0     40.2   1183.9   1236.2   0.784
20260407043158    189    430.0    450.0   20.0     32.1   1227.4   1243.2   0.632
20260407043158    189    595.0    610.0   20.0     31.2   1238.1   1252.5   0.652
20260407043158    190    110.0    195.0   20.0    105.6   1075.9    977.9   0.842
20260407043158    190    780.0    795.0   20.0     41.9    966.7   1034.4   0.739
20260407043158    190    840.0    860.0   20.0     33.4   1061.2   1095.3   0.579
20260407043158    190    930.0    945.0   20.0     22.5   1118.7   1097.0   0.566
20260407043158    190   1045.0   1065.0   20.0     46.4   1092.5   1126.1   0.699
20260407043158    190   1465.0   1480.0   20.0     20.6   1155.6   1157.3   0.692
20260407043158    190   1555.0   1575.0   20.0     98.3   1176.6   1243.7   0.820
20260407043158    199    555.0    570.0   20.0     73.4    976.2    975.0   0.695
20260407043158    199   1215.0   1235.0   20.0     25.7    973.7    974.6   0.747
20260407043158    202   1675.0   1720.0   20.0     23.6   1737.7   1736.5   0.783
20260407043158    203   1390.0   1405.0   20.0    147.5   1005.4   1007.3   0.712
20260407043158    205    565.0    585.0   20.0     62.6    996.1    999.2   0.842
20260407043158    205   1545.0   1560.0   20.0    329.6   1001.0    994.9   0.838
20260407043158    209   1145.0   1205.0   20.0    175.7   1008.8   1008.0   0.863
20260407043158    211    340.0    355.0   20.0     34.7   1013.3   1065.4   0.681
20260407043158    211    950.0    965.0   20.0     78.0   1087.9   1010.4   0.735
20260407043158    213   1430.0   1445.0   20.0     63.7   1034.4   1035.6   0.776
20260407043158    214    355.0    440.0   20.0     45.4   1396.3   1406.0   0.851
20260407043158    216   1705.0   1720.0   20.0     22.9   1869.4   1851.2   0.736
20260407043158    219     85.0    100.0   20.0     59.1   1032.9   1121.9   0.758
20260407043158    219    260.0    275.0   20.0     41.5   1154.2   1165.2   0.577
20260407043158    219    350.0    365.0   20.0     25.2   1189.4   1210.5   0.572
20260407043158    219    655.0    730.0   20.0     51.7   1223.3   1275.5   0.789
20260407043158    219   1130.0   1145.0   20.0     33.9   1284.6   1293.3   0.593
20260407043158    224      0.0     60.0   20.0     37.2      0.0   1800.0   0.886
20260407043158    224    205.0    255.0   20.0     28.8   1802.4   1801.2   0.895
20260407043158    224    395.0    410.0   20.0     30.4   1806.3   1757.3   0.759
20260407043158    224    450.0    480.0   20.0     30.4   1759.4   1802.2   0.856
20260407043158    224    530.0    570.0   20.0     28.7   1804.7   1802.1   0.866
20260407043158    224    785.0   1800.0   20.0     56.1   1811.4   1750.9   0.913
20260407043158    228    970.0    980.0    0.3     79.5   1797.4   1740.3   0.598
20260407043158    231      5.0     50.0   20.0    230.4   1340.2   1058.9   0.884
20260407043158    233   1135.0   1150.0   20.0     40.4   1058.2   1121.4   0.760
20260407043158    233   1185.0   1200.0   20.0     84.2   1152.3   1062.8   0.850
20260407043158    237   1390.0   1410.0   20.0    115.1   1071.4   1071.5   0.863
20260407043158    239      0.0    440.0   20.0    139.4      0.0   1749.3   0.868
20260407043158    239    490.0    560.0   20.0    167.6   1748.6   1746.1   0.834
20260407043158    239    730.0    815.0   20.0    161.8   1747.6   1754.6   0.867
20260407043158    239    870.0    935.0   20.0    158.0   1746.6   1754.3   0.831
20260407043158    239   1390.0   1405.0   20.0    158.9   1751.9   1750.5   0.820
20260407043158    239   1505.0   1520.0   20.0    144.9   1745.4   1764.0   0.835
20260407043158    239   1575.0   1800.0   20.0    147.8   1750.1   1743.0   0.852
20260407043158    245   1315.0   1420.0   20.0     37.1   1690.5   1692.6   0.867
20260407043158    245   1625.0   1640.0   20.0     31.7   1703.8   1695.2   0.847
20260407043158    248   1075.0   1155.0   20.0     91.4   1146.2   1337.2   0.841
20260407043158    248   1225.0   1240.0   20.0     44.7   1317.9   1398.8   0.862
20260407043158    248   1285.0   1300.0   20.0    134.8   1371.1   1491.6   0.842
20260407043158    248   1490.0   1545.0   20.0    281.6   1454.6   1150.7   0.829
20260407043158    249    100.0    115.0   20.0     21.1   1368.8   1428.1   0.790
20260407043158    249    160.0    175.0   20.0    265.4   1483.4   1111.6   0.822
20260407043158    249    675.0    695.0   20.0     94.7   1104.8   1105.7   0.743
20260407043158    249   1790.0   1800.0   20.0    187.0   1098.7   1431.9   0.745
20260407043158    251    830.0    845.0   20.0    117.1   1112.3   1115.8   0.755
20260407043158    251   1585.0   1675.0   20.0     57.4   1111.0   1257.7   0.863
20260407043158    251   1745.0   1780.0   20.0     89.8   1270.4   1201.4   0.900
20260407043158    253    170.0    185.0   20.0     23.5   1781.9   1792.3   0.546
20260407043158    253    570.0    610.0   20.0    222.6   1888.2   1888.7   0.573
20260407043158    253    645.0    655.0   16.7    214.4   1892.2   1890.7   0.448
20260407043158    253    815.0    825.0   20.0     22.6   1757.8   1779.0   0.400
20260407043158    253    930.0    965.0   20.0     21.9   1923.2   1782.0   0.690
20260407043158    253   1005.0   1020.0    8.3    322.6   1913.9   1744.6   0.463
20260407043158    253   1190.0   1280.0   19.8    337.3   1787.9   1936.3   0.750
20260407043158    253   1425.0   1490.0    4.7    329.6   1917.0   1903.9   0.659
20260407043158    253   1550.0   1610.0   17.8    329.6   1901.5   1919.0   0.655
20260407043158    253   1650.0   1660.0    2.2    308.4   1906.1   1904.7   0.559
20260407043158    253   1765.0   1800.0   20.0    355.3   1897.7   1896.9   0.666
20260407043158    255    380.0    395.0   20.0     45.9   1841.9   1841.1   0.898
20260407050517      3    410.0    535.0   20.0     56.1   1019.5   1253.7   0.866
20260407050517      3    635.0    650.0   20.0     68.0   1271.0   1316.2   0.412
20260407050517      3    815.0    875.0   20.0     38.7   1306.0   1368.8   0.838
20260407050517      5   1715.0   1730.0   20.0    178.6    993.5    995.5   0.801
20260407050517      6    745.0    765.0   20.0    211.9   1906.8   1722.7   0.871
20260407050517      8   1595.0   1615.0   20.0    179.7    997.3   1005.6   0.821
20260407050517     12     25.0     40.0   20.0    104.8   1222.3   1131.1   0.761
20260407050517     13    920.0    930.0   20.0     24.5   1003.5   1022.7   0.488
20260407050517     13   1145.0   1160.0   20.0     30.1   1029.7    990.4   0.704
20260407050517     14     35.0     75.0   20.0     20.9   1164.3   1201.8   0.707
20260407050517     14    115.0    185.0   20.0     26.3   1251.4   1286.4   0.768
20260407050517     14    235.0    250.0   20.0     27.5   1243.5   1269.1   0.851
20260407050517     14    290.0    305.0   20.0     32.4   1277.5   1285.0   0.766
20260407050517     14    375.0    430.0   20.0     26.6   1278.2   1310.0   0.780
20260407050517     14    520.0    535.0   20.0     32.5   1303.3   1356.2   0.887
20260407050517     14   1105.0   1120.0   20.0     42.9   1387.5   1428.3   0.839
20260407050517     16   1175.0   1190.0   20.0     36.3   1101.5   1133.0   0.761
20260407050517     17     40.0    330.0   20.0    146.6   1876.0   1878.5   0.878
20260407050517     17    530.0    575.0    4.2    135.4   1899.5   1898.6   0.456
20260407050517     17   1030.0   1060.0   20.0    135.1   1893.5   1886.4   0.734
20260407050517     17   1105.0   1120.0   20.0    134.3   1885.2   1889.1   0.702
20260407050517     17   1155.0   1490.0   20.0    142.1   1890.5   1886.6   0.831
20260407050517     17   1565.0   1675.0   20.0    135.9   1886.4   1880.3   0.730
20260407050517     17   1715.0   1785.0   20.0    137.9   1878.3   1877.2   0.757
20260407050517     19    285.0    315.0   20.0    155.7    974.6    975.1   0.838
20260407050517     28    910.0    930.0   20.0    255.0    967.3   1475.4   0.882
20260407050517     29    110.0    125.0   20.0    250.7    949.8    949.5   0.834
20260407050517     31     50.0     70.0   20.0    265.0   1454.1   1030.9   0.914
20260407050517     35    680.0    735.0   20.0     52.8    961.2    960.3   0.833
20260407050517     35   1775.0   1790.0   20.0    107.9    969.4   1290.8   0.844
20260407050517     37    465.0    490.0   20.0    150.8   1022.8   1022.8   0.796
20260407050517     40    465.0    480.0   20.0     28.9   1217.4   1258.9   0.756
20260407050517     41     30.0     45.0   20.0     84.8    941.7    941.7   0.740
20260407050517     41    305.0    320.0   20.0     47.6    942.4    943.1   0.614
20260407050517     41    460.0    475.0   20.0     51.0    947.0    948.0   0.789
20260407050517     41   1650.0   1675.0   20.0     42.4    939.7    933.1   0.778
20260407050517     42    215.0    230.0   20.0     39.9   1372.4   1379.4   0.850
20260407050517     43    175.0    185.0   20.0     23.7   1397.8   1379.5   0.849
20260407050517     45   1155.0   1225.0   20.0     58.3    946.5   1127.7   0.810
20260407050517     48   1160.0   1175.0   20.0     22.5    924.9    952.2   0.728
20260407050517     48   1635.0   1650.0   20.0     64.0    997.1    920.1   0.748
20260407050517     51    245.0    260.0   20.0     46.2    917.9    917.6   0.774
20260407050517     51    520.0    535.0   20.0     83.3    918.0    918.3   0.745
20260407050517     52    110.0    125.0   20.0     22.2   1043.3   1095.7   0.693
20260407050517     52    210.0    225.0   20.0     35.8   1079.9   1095.3   0.658
20260407050517     52    290.0    305.0   20.0     33.5   1134.8   1140.8   0.799
20260407050517     52    340.0    355.0   20.0     20.2   1127.8   1138.3   0.741
20260407050517     53   1330.0   1360.0   20.0     31.1    936.7    936.4   0.800
20260407050517     56    115.0    130.0   20.0     24.0   1235.0   1258.3   0.778
20260407050517     56    170.0    185.0   20.0     20.2   1249.7   1261.5   0.761
20260407050517     61   1685.0   1700.0   20.0    135.2    911.2   1162.9   0.810
20260407050517     67    760.0    805.0   20.0     96.8    899.0    898.8   0.782
20260407050517     67   1320.0   1335.0   20.0     48.0    899.7    900.6   0.759
20260407050517     69    210.0    230.0   20.0     44.1    902.8    904.6   0.785
20260407050517     69    500.0    530.0   20.0    142.0    905.7    906.7   0.826
20260407050517     69   1700.0   1715.0   20.0    121.2    900.8   1140.5   0.888
20260407050517     73    790.0    805.0   20.0     34.4    922.2    919.5   0.684
20260407050517     75    105.0    120.0   20.0    163.4    905.9    909.7   0.809
20260407050517     85    265.0    285.0   20.0     54.0    905.0    904.9   0.799
20260407050517     87      0.0     20.0   20.0    109.3      0.0   1069.0   0.926
20260407050517     87     65.0    175.0   20.0     33.4   1057.5   1189.4   0.844
20260407050517     87    420.0    435.0   20.0     35.2   1217.6   1254.1   0.814
20260407050517     87    755.0    770.0   20.0     21.1   1251.8   1278.9   0.822
20260407050517     88    845.0    860.0   20.0     21.8   1341.1   1347.3   0.817
20260407050517     96      0.0     15.0   20.0     25.3      0.0    975.3   0.819
20260407050517     97    140.0    670.0   20.0    111.2    891.6   1172.1   0.850
20260407050517     97    705.0    805.0   20.0    127.8   1139.8    893.9   0.761
20260407050517     98    780.0    795.0   20.0     21.9   1319.6   1315.0   0.573
20260407050517    101     30.0     45.0   20.0     27.9   1298.9   1291.5   0.706
20260407050517    101    515.0    530.0   20.0     23.3   1349.2   1355.9   0.681
20260407050517    101    760.0    775.0   20.0     43.2   1364.1   1379.6   0.878
20260407050517    109   1530.0   1550.0   20.0     55.6    907.4    908.8   0.783
20260407050517    112    120.0    135.0   20.0     51.0    917.8    978.3   0.774
20260407050517    112    665.0    745.0   20.0     33.9   1066.4   1150.5   0.788
20260407050517    112    780.0    795.0   20.0     20.5   1143.5   1114.4   0.721
20260407050517    112    875.0    890.0   20.0     26.2   1096.8   1083.7   0.822
20260407050517    112    935.0   1100.0   20.0     40.1   1070.6   1141.1   0.792
20260407050517    112   1185.0   1220.0   20.0     28.6   1114.1   1102.3   0.888
20260407050517    112   1345.0   1385.0   20.0     52.0   1113.0   1099.1   0.909
20260407050517    112   1425.0   1490.0   20.0     39.2   1113.9   1132.5   0.865
20260407050517    112   1690.0   1705.0   20.0     23.9   1123.2   1151.7   0.783
20260407050517    112   1740.0   1760.0   20.0    194.1   1125.5    915.5   0.798
20260407050517    113      5.0     65.0   20.0     56.2    992.9   1058.2   0.762
20260407050517    113    135.0    250.0   20.0     42.1   1072.8   1115.8   0.822
20260407050517    113    290.0    305.0   20.0     21.9   1112.5   1121.1   0.649
20260407050517    113    355.0    370.0   20.0     22.8   1123.2   1124.0   0.633
20260407050517    113    495.0    510.0   20.0     25.3   1164.7   1171.2   0.728
20260407050517    113    570.0    585.0   20.0     25.3   1160.8   1171.0   0.535
20260407050517    113    635.0    650.0   20.0     20.6   1182.8   1180.0   0.734
20260407050517    113    720.0    745.0   20.0     24.2   1198.6   1269.5   0.813
20260407050517    113    880.0    895.0   20.0     24.1   1273.3   1287.0   0.665
20260407050517    113   1755.0   1770.0   20.0     24.7   1326.2   1330.4   0.641
20260407050517    120     90.0    105.0   20.0     20.9    933.9    960.2   0.791
20260407050517    120    165.0    180.0   20.0     24.8   1019.0   1025.6   0.751
20260407050517    126   1545.0   1560.0   20.0     69.1    978.4    978.3   0.812
20260407050517    130    195.0    240.0   20.0     32.4   1071.3   1189.9   0.772
20260407050517    130    345.0    360.0   20.0     20.1   1172.1   1185.3   0.661
20260407050517    130    480.0    495.0   20.0     25.8   1172.4   1197.0   0.814
20260407050517    130    755.0    770.0   20.0     33.8   1166.3   1154.1   0.753
20260407050517    131    925.0    940.0   20.0     61.9    907.7    905.2   0.599
20260407050517    131   1335.0   1350.0   20.0     53.6    904.7    904.4   0.776
20260407050517    133   1465.0   1480.0   20.0     32.3    958.7    959.2   0.614
20260407050517    135      0.0     15.0   20.0     55.2      0.0    911.2   0.763
20260407050517    135   1420.0   1435.0   20.0    165.1    911.4    911.7   0.907
20260407050517    137    420.0    505.0   20.0     40.0    914.6   1127.2   0.711
20260407050517    137    560.0    625.0   20.0    201.9   1106.5    915.5   0.763
20260407050517    137    785.0    805.0   20.0     53.2    914.7    935.9   0.611
20260407050517    145    430.0    445.0   20.0     70.7   1314.4   1303.5   0.847
20260407050517    145    500.0    515.0   20.0     59.1   1309.6   1304.7   0.849
20260407050517    145    645.0    705.0   20.0     59.3   1303.2   1360.8   0.914
20260407050517    148     35.0     50.0   20.0     28.2   1104.2   1139.1   0.807
20260407050517    148    390.0    405.0   20.0     21.0   1145.4   1173.6   0.704
20260407050517    148    535.0    550.0   20.0     26.2   1181.8   1172.7   0.654
20260407050517    149      0.0    260.0   20.0     54.8      0.0   1428.1   0.858
20260407050517    149    715.0    730.0   20.0     21.3   1441.0   1432.7   0.572
20260407050517    149    795.0    905.0   16.9     24.1   1440.1   1433.4   0.696
20260407050517    153    785.0    840.0   20.0     66.6   1005.8   1108.6   0.872
20260407050517    155    815.0    830.0   20.0     20.6   1442.5   1442.4   0.806
20260407050517    158    195.0    215.0   20.0     46.8   1046.1   1048.1   0.769
20260407050517    158   1065.0   1080.0   20.0     60.1   1094.3   1037.6   0.766
20260407050517    164     35.0     70.0   20.0     25.2   1583.9   1576.4   0.767
20260407050517    164    345.0    360.0   20.0     21.9   1590.6   1579.4   0.788
20260407050517    175    855.0    875.0   20.0    105.9    932.5    933.5   0.797
20260407050517    179   1590.0   1645.0   20.0     39.7    968.5    962.6   0.723
20260407050517    181     10.0     90.0   20.0     37.0   1180.6   1372.7   0.741
20260407050517    181    405.0    420.0   20.0     22.4   1417.1   1434.9   0.777
20260407050517    187    265.0    280.0   20.0     24.2   1135.4   1115.9   0.657
20260407050517    189    110.0    145.0   20.0    170.6    967.3   1250.8   0.814
20260407050517    189    230.0    370.0   20.0     42.6   1250.1   1300.8   0.846
20260407050517    189    655.0    670.0   20.0     28.4   1353.3   1356.8   0.770
20260407050517    189    850.0    865.0   20.0     20.7   1366.9   1394.5   0.661
20260407050517    190   1370.0   1385.0   20.0     61.4    972.4    972.3   0.805
20260407050517    190   1650.0   1665.0   20.0     58.8    969.9    970.6   0.759
20260407050517    190   1750.0   1765.0   20.0     44.8    992.1    970.4   0.632
20260407050517    195   1620.0   1635.0   20.0     20.2   1510.3   1508.8   0.733
20260407050517    198    215.0    240.0   20.0     62.1   1089.9   1089.1   0.805
20260407050517    202      0.0    340.0   20.0     29.6      0.0   1761.0   0.826
20260407050517    202    380.0    395.0   20.0     20.8   1761.1   1763.7   0.733
20260407050517    202   1725.0   1740.0   20.0     25.8   1759.9   1777.1   0.787
20260407050517    209    395.0    410.0   20.0     54.7   1015.7   1017.2   0.709
20260407050517    211   1365.0   1380.0   20.0     47.7   1020.6   1019.3   0.781
20260407050517    213    950.0    990.0   20.0    226.2   1027.6   1031.2   0.796
20260407050517    218    750.0    825.0   20.0     55.8   1053.2   1221.1   0.809
20260407050517    218    870.0    910.0   20.0     95.3   1193.0   1343.6   0.813
20260407050517    218    945.0    965.0   20.0     27.8   1327.4   1456.8   0.847
20260407050517    218   1520.0   1600.0   20.0    235.3   1435.6   1055.5   0.885
20260407050517    219     40.0     55.0   20.0     23.7   1183.1   1211.2   0.573
20260407050517    219    755.0    805.0   20.0     44.3   1264.5   1322.2   0.787
20260407050517    219   1015.0   1030.0   20.0     64.3   1357.6   1412.9   0.745
20260407050517    221    840.0    855.0   20.0     59.7   1125.9   1210.2   0.803
20260407050517    221    910.0    925.0   20.0    322.0   1243.6   1125.3   0.866
20260407050517    223    625.0    640.0   20.0    107.1   1035.2   1035.8   0.753
20260407050517    223   1205.0   1225.0   20.0    202.0   1032.3   1034.7   0.799
20260407050517    225    405.0    420.0   20.0     21.3   1118.1   1196.0   0.703
20260407050517    225    495.0    510.0   20.0     29.8   1358.6   1452.2   0.772
20260407050517    225    685.0    810.0   20.0     36.7   1498.7   1535.5   0.827
20260407050517    225    955.0   1035.0   20.0     33.1   1511.0   1568.3   0.778
20260407050517    233    210.0    255.0   20.0    336.8   1072.4   1077.5   0.823
20260407050517    233   1610.0   1630.0   20.0     58.8   1057.3   1063.5   0.752
20260407050517    237    810.0    885.0   20.0    137.1   1080.1   1078.4   0.811
20260407050517    237   1095.0   1115.0   20.0     42.1   1078.8   1076.7   0.762
20260407050517    237   1430.0   1445.0   20.0     68.9   1076.3   1078.6   0.677
20260407050517    239      0.0     40.0   20.0    132.6      0.0   1781.0   0.828
20260407050517    239    310.0    380.0   20.0    148.4   1763.7   1768.6   0.852
20260407050517    239    525.0    545.0   20.0    149.8   1770.0   1769.5   0.809
20260407050517    239    580.0    635.0   20.0    161.2   1758.6   1771.5   0.878
20260407050517    239    750.0    815.0   20.0    112.6   1755.3   1786.5   0.752
20260407050517    239    850.0   1080.0   20.0    159.8   1757.0   1781.3   0.831
20260407050517    243   1305.0   1365.0   20.0     51.4   1094.7   1094.8   0.791
20260407050517    249   1505.0   1520.0   20.0     23.5   1106.5   1134.0   0.725
20260407050517    249   1620.0   1635.0   20.0     33.7   1201.0   1216.2   0.749
20260407050517    249   1730.0   1785.0   20.0    291.7   1214.5   1107.7   0.790
20260407050517    251     10.0     35.0   20.0     40.9   1124.1   1261.5   0.843
20260407050517    251    540.0    555.0   20.0     40.5   1289.5   1301.2   0.751
20260407050517    251    650.0    665.0   20.0     22.4   1307.8   1320.6   0.616
20260407050517    251    750.0    765.0   20.0     32.2   1307.5   1318.8   0.769
20260407050517    253    865.0    875.0   14.3     66.7   1824.0   1819.4   0.413
20260407050517    253    910.0    955.0   15.1     92.3   1823.1   1838.3   0.676
20260407050517    253    990.0   1730.0   13.9    135.2   1833.5   1863.2   0.800
20260407050517    255     55.0     70.0   20.0     28.3   1874.9   1857.5   0.910
20260407053836      2   1025.0   1040.0   20.0     23.8   1111.4   1111.2   0.658
20260407053836      3   1265.0   1295.0   20.0     47.5    995.2    995.9   0.809
20260407053836      5   1485.0   1500.0   20.0     20.5   1005.6   1004.8   0.436
20260407053836      8    860.0    875.0   20.0     27.7   1011.9   1046.0   0.757
20260407053836      8    935.0    950.0   20.0     26.4   1056.1   1100.9   0.823
20260407053836      8   1020.0   1080.0   20.0     37.6   1101.2   1171.7   0.784
20260407053836      8   1225.0   1240.0   20.0     97.3   1230.1   1402.4   0.837
20260407053836     13    730.0    760.0   20.0     37.8   1004.7    994.0   0.727
20260407053836     16    285.0    300.0   20.0     24.9   1198.3   1223.0   0.838
20260407053836     17      0.0   1780.0   20.0    171.3      0.0   1905.3   0.893
20260407053836     21   1580.0   1595.0   20.0     62.7   1021.5   1021.4   0.533
20260407053836     26    480.0    495.0   20.0     56.3   1067.1   1133.6   0.782
20260407053836     26    675.0    690.0   20.0     20.2   1098.5   1098.6   0.763
20260407053836     26   1375.0   1390.0   20.0     59.9   1095.3   1040.0   0.777
20260407053836     28     15.0     40.0   20.0    154.3    978.3    979.5   0.848
20260407053836     28   1160.0   1180.0   20.0     31.5    971.7    969.7   0.742
20260407053836     35    425.0    455.0   20.0    140.1    965.8    965.3   0.786
20260407053836     35    600.0    620.0   20.0     25.7    962.9    963.3   0.767
20260407053836     37   1745.0   1760.0   20.0     46.7   1010.4   1010.0   0.839
20260407053836     40    615.0    630.0   20.0     40.5   1248.2   1291.6   0.803
20260407053836     41    295.0    325.0   20.0    204.0    940.9    955.8   0.868
20260407053836     41    470.0    490.0   20.0    124.7    945.4    946.6   0.743
20260407053836     41    990.0   1065.0   20.0    155.9    954.3    949.2   0.867
20260407053836     41   1695.0   1710.0   20.0    139.3    937.3    937.0   0.776
20260407053836     45   1020.0   1035.0   20.0     62.3    943.9   1110.8   0.772
20260407053836     45   1105.0   1120.0   20.0    116.0   1139.6   1239.0   0.742
20260407053836     45   1435.0   1475.0   20.0     36.8   1367.8   1359.0   0.953
20260407053836     51    425.0    485.0   20.0    131.1    917.4    917.0   0.736
20260407053836     51    675.0    690.0   20.0     36.6    914.9    916.0   0.608
20260407053836     51    760.0    785.0   20.0    146.7    914.8    914.9   0.751
20260407053836     51   1410.0   1485.0   20.0    134.9    907.9    908.5   0.802
20260407053836     52     20.0     35.0   20.0     24.2    945.7   1032.8   0.810
20260407053836     52     95.0    110.0   20.0     22.3   1136.1   1163.8   0.586
20260407053836     52    285.0    315.0   20.0     34.3   1176.0   1262.6   0.788
20260407053836     52    430.0    475.0   20.0     30.3   1238.7   1260.1   0.905
20260407053836     53    465.0    510.0   20.0    246.6    934.5    936.1   0.868
20260407053836     55    910.0    930.0   20.0     56.6    923.1    926.3   0.838
20260407053836     55   1120.0   1135.0   20.0     32.5    924.4    976.2   0.745
20260407053836     55   1175.0   1190.0   20.0     63.2   1001.9    917.9   0.874
20260407053836     56    320.0    335.0   20.0     22.4   1279.6   1299.7   0.743
20260407053836     56    770.0    785.0   20.0     21.1   1270.4   1273.3   0.782
20260407053836     56    825.0    840.0   20.0     21.0   1294.3   1283.2   0.729
20260407053836     61   1190.0   1205.0   20.0     61.0    910.6    911.7   0.696
20260407053836     63   1425.0   1440.0   20.0     30.4    940.2    944.4   0.651
20260407053836     71     35.0     50.0   20.0     25.1   1255.0   1264.5   0.520
20260407053836     71    845.0    860.0   20.0     27.7   1349.6   1335.1   0.536
20260407053836     75   1075.0   1100.0   20.0     51.7    901.1    909.0   0.777
20260407053836     81    105.0    140.0   20.0    109.9    910.4    911.5   0.825
20260407053836     85    250.0    265.0   20.0     47.4    902.9    903.2   0.629
20260407053836     85    855.0    875.0   20.0    121.2    900.4    899.5   0.863
20260407053836     85   1395.0   1410.0   20.0     63.1    896.7    897.2   0.852
20260407053836     85   1740.0   1760.0   20.0     90.0    895.3    895.4   0.736
20260407053836     87      5.0     20.0   20.0     25.5   1294.4   1308.4   0.886
20260407053836     92    640.0    655.0   20.0     44.9   1249.9   1064.7   0.870
20260407053836     93    455.0    480.0   20.0     21.9   1170.7   1185.4   0.704
20260407053836     96    100.0    115.0   20.0     27.0    943.2   1012.9   0.728
20260407053836     96    345.0    360.0   20.0     21.0   1139.8   1151.5   0.827
20260407053836     97    955.0    975.0   20.0     48.5    890.4    890.1   0.769
20260407053836     98    500.0    515.0   20.0     33.6   1277.6   1289.2   0.706
20260407053836     99    505.0    520.0   20.0     26.8    926.0    902.9   0.735
20260407053836     99   1225.0   1240.0   20.0     38.1    896.7    951.6   0.734
20260407053836     99   1280.0   1295.0   20.0    115.7    962.5    897.4   0.818
20260407053836    101    110.0    165.0   20.0     24.7   1104.5   1149.3   0.602
20260407053836    101    200.0    210.0   20.0     21.9   1140.2   1146.0   0.516
20260407053836    101    255.0    295.0   20.0     29.4   1164.4   1195.3   0.679
20260407053836    101    330.0    375.0   20.0     23.1   1191.0   1209.0   0.546
20260407053836    101    435.0    450.0   20.0     30.9   1201.3   1218.8   0.665
20260407053836    101    530.0    545.0   20.0     36.4   1210.2   1211.3   0.763
20260407053836    101    750.0    760.0   20.0     21.5   1246.9   1266.7   0.483
20260407053836    103   1125.0   1140.0   20.0     67.5    912.6    914.6   0.808
20260407053836    107   1260.0   1285.0   20.0     46.5    984.8    984.5   0.790
20260407053836    111    165.0    180.0   20.0     49.9    896.1    895.7   0.654
20260407053836    111    355.0    405.0   20.0    288.5    896.5    899.3   0.829
20260407053836    111    865.0    880.0   20.0     39.0    894.0    893.4   0.787
20260407053836    111   1670.0   1685.0   20.0     38.7    889.1   1053.3   0.773
20260407053836    111   1725.0   1740.0   20.0     28.9   1068.0   1081.6   0.440
20260407053836    113    390.0    435.0   20.0     27.0   1081.3   1156.6   0.781
20260407053836    113    720.0    735.0   20.0     21.2   1222.0   1230.2   0.783
20260407053836    113    785.0    800.0   20.0     47.9   1226.8   1238.4   0.881
20260407053836    113    835.0    850.0   20.0     20.4   1235.1   1263.7   0.805
20260407053836    113    975.0    990.0   20.0     25.0   1254.1   1255.1   0.734
20260407053836    113   1030.0   1045.0   20.0     52.7   1239.1   1259.6   0.689
20260407053836    119    605.0    625.0   20.0    243.3    907.1    944.6   0.795
20260407053836    120     15.0     30.0   20.0     30.4    921.6   1016.6   0.832
20260407053836    120    995.0   1010.0   20.0     21.7   1126.4   1138.0   0.873
20260407053836    121    460.0    475.0   20.0     33.0    971.4   1011.3   0.797
20260407053836    121    535.0    550.0   20.0     65.0   1045.4   1077.4   0.772
20260407053836    121    595.0    625.0   20.0    195.4   1073.7    969.0   0.781
20260407053836    126   1335.0   1350.0   20.0     26.5    977.5   1002.9   0.775
20260407053836    131    130.0    185.0   20.0     91.5    908.7   1016.1   0.760
20260407053836    131    225.0    280.0   20.0     26.3   1012.4   1061.9   0.705
20260407053836    131    375.0    390.0   20.0    150.2   1055.8   1128.2   0.751
20260407053836    131    760.0    775.0   20.0     30.5   1119.0   1121.5   0.630
20260407053836    131   1775.0   1790.0   20.0    117.2   1137.6    907.5   0.851
20260407053836    137   1075.0   1130.0   20.0    139.0    912.1    912.3   0.830
20260407053836    137   1390.0   1410.0   20.0    121.7    910.9    912.0   0.771
20260407053836    141   1135.0   1160.0   20.0     67.2   1006.2   1004.7   0.845
20260407053836    143   1375.0   1425.0   20.0     79.5    996.1    995.6   0.832
20260407053836    148    185.0    225.0   20.0     53.8   1094.6   1174.8   0.794
20260407053836    153    185.0    200.0   20.0     43.5   1008.8   1008.7   0.822
20260407053836    173    440.0    455.0   20.0     32.4    944.3    993.3   0.740
20260407053836    173   1285.0   1300.0   20.0     20.5    969.8    993.2   0.735
20260407053836    175   1060.0   1095.0   20.0     55.6    930.6    931.8   0.802
20260407053836    179    365.0    435.0   20.0    216.1    963.7    970.3   0.869
20260407053836    179    610.0    625.0   20.0     43.2    968.2    966.6   0.794
20260407053836    180     85.0    100.0   20.0     21.9   1437.0   1457.1   0.809
20260407053836    186   1115.0   1130.0   20.0     59.2   1067.7   1126.8   0.788
20260407053836    186   1330.0   1345.0   20.0     63.4   1198.3   1174.2   0.885
20260407053836    186   1450.0   1515.0   20.0     64.5   1189.6   1286.2   0.897
20260407053836    186   1630.0   1645.0   20.0     23.5   1278.9   1303.1   0.771
20260407053836    186   1750.0   1765.0   20.0     21.7   1338.3   1351.9   0.580
20260407053836    188   1540.0   1570.0   20.0     45.8   1300.8   1297.8   0.923
20260407053836    188   1670.0   1685.0   20.0     22.4   1294.0   1324.7   0.811
20260407053836    189      0.0     15.0   20.0     23.4      0.0   1377.6   0.600
20260407053836    189    105.0    120.0   20.0     26.7   1374.6   1422.1   0.531
20260407053836    189    495.0    510.0   20.0     41.4   1335.6   1325.2   0.653
20260407053836    189    720.0    735.0   20.0     29.7   1306.8   1334.1   0.779
20260407053836    189    900.0    945.0   20.0     25.8   1209.8    984.0   0.882
20260407053836    189   1535.0   1560.0   20.0     75.6    964.8    965.2   0.903
20260407053836    190   1650.0   1665.0   20.0     57.4    979.3    973.8   0.797
20260407053836    194   1350.0   1365.0   20.0     27.9   1437.1   1466.4   0.760
20260407053836    194   1410.0   1420.0   20.0     20.1   1446.6   1411.5   0.551
20260407053836    199    680.0    695.0   20.0     75.6    996.8    984.5   0.714
20260407053836    202    105.0    135.0   20.0     22.9   1787.5   1784.3   0.711
20260407053836    202    225.0    275.0   20.0     22.4   1784.9   1784.9   0.649
20260407053836    202    345.0    360.0   20.0     22.0   1786.9   1789.3   0.610
20260407053836    202    455.0    485.0   20.0     23.3   1793.4   1791.8   0.722
20260407053836    202    600.0    615.0   20.0     20.6   1797.9   1795.0   0.684
20260407053836    202    675.0    735.0   20.0     35.7   1795.6   1800.7   0.756
20260407053836    202    780.0   1040.0   20.0     32.4   1801.7   1779.1   0.793
20260407053836    202   1075.0   1610.0   20.0     37.3   1776.1   1787.5   0.830
20260407053836    203     80.0     95.0   20.0    113.8   1018.6   1018.3   0.708
20260407053836    205    225.0    245.0   20.0     36.9   1003.9   1055.7   0.760
20260407053836    205    375.0    450.0   20.0     96.0   1171.9   1177.2   0.883
20260407053836    205    530.0    575.0   20.0    134.0   1207.2   1003.5   0.774
20260407053836    209      0.0     20.0   20.0    257.1      0.0   1023.7   0.846
20260407053836    211      5.0     25.0   20.0    325.8   1404.1   1025.8   0.854
20260407053836    218    700.0    715.0   20.0    107.1   1056.7   1054.9   0.797
20260407053836    218   1185.0   1200.0   20.0    132.1   1052.8   1312.2   0.877
20260407053836    218   1255.0   1335.0   20.0     49.3   1324.4   1323.3   0.722
20260407053836    218   1530.0   1635.0   20.0     35.4   1345.5   1393.9   0.799
20260407053836    218   1760.0   1775.0   20.0     29.9   1358.1   1378.1   0.770
20260407053836    219      0.0     10.0   20.0     24.4      0.0   1223.3   0.521
20260407053836    219    240.0    255.0   20.0     29.7   1314.9   1293.5   0.667
20260407053836    219    895.0    905.0   20.0     21.6   1268.7   1265.9   0.472
20260407053836    219   1160.0   1175.0   20.0     22.0   1271.6   1279.1   0.625
20260407053836    221   1275.0   1295.0   20.0     70.7   1111.4   1110.5   0.853
20260407053836    222     20.0     75.0   20.0     23.0   2055.0   2048.5   0.899
20260407053836    222   1350.0   1365.0   20.0     21.4   2027.4   2026.8   0.899
20260407053836    222   1620.0   1635.0   20.0     29.3   2031.4   2028.8   0.885
20260407053836    223    910.0    925.0   20.0    138.1   1033.5   1033.8   0.760
20260407053836    223   1285.0   1330.0   20.0    179.2   1031.0   1031.7   0.755
20260407053836    223   1515.0   1560.0   20.0     72.5   1030.9   1029.4   0.773
20260407053836    226   1405.0   1420.0   20.0     56.1   1106.3   1171.3   0.803
20260407053836    228    735.0    745.0   20.0     26.4   1872.6   1875.3   0.547
20260407053836    232    295.0    310.0   20.0     97.7   1185.1   1264.5   0.712
20260407053836    232    490.0    570.0   20.0     50.7   1288.6   1332.8   0.789
20260407053836    232    670.0    685.0   20.0     36.5   1337.6   1398.0   0.648
20260407053836    232    885.0    940.0   20.0     28.5   1379.4   1400.0   0.781
20260407053836    233    145.0    160.0   20.0    132.6   1069.1   1070.0   0.822
20260407053836    233   1505.0   1535.0   20.0     82.3   1056.0   1055.9   0.831
20260407053836    237   1225.0   1255.0   20.0     98.2   1074.7   1075.1   0.756
20260407053836    239      0.0     15.0   20.0     78.6      0.0   1801.4   0.692
20260407053836    239    140.0    200.0   20.0    174.0   1787.3   1817.2   0.875
20260407053836    239    260.0    275.0   20.0    139.6   1794.1   1946.4   0.846
20260407053836    239    365.0    445.0   20.0     81.3   1934.6   1822.4   0.794
20260407053836    239    560.0    575.0   20.0    114.7   1793.3   1931.3   0.787
20260407053836    239   1515.0   1535.0   20.0     47.6   1922.4   1821.7   0.885
20260407053836    239   1605.0   1620.0   20.0     72.8   1794.2   1817.1   0.659
20260407053836    243    100.0    270.0   20.0     78.1   1121.7   1103.7   0.823
20260407053836    243    715.0    750.0   20.0     84.6   1097.4   1099.5   0.790
20260407053836    248   1245.0   1305.0   20.0     57.8   1140.0   1140.4   0.792
20260407053836    251    675.0    700.0   20.0     44.5   1400.9   1466.3   0.832
20260407053836    251    835.0    855.0   20.0     38.0   1261.0   1271.4   0.781
20260407053836    251    895.0    955.0   20.0     48.5   1263.1   1277.5   0.838
20260407053836    251   1175.0   1190.0   20.0     30.3   1281.2   1283.7   0.791
20260407053836    251   1585.0   1600.0   20.0     29.0   1290.7   1306.0   0.824
20260407053836    253      0.0     25.0   20.0     36.6      0.0   1808.3   0.737
20260407053836    253    100.0    140.0   20.0     30.7   1803.8   1809.8   0.742
20260407053836    253    180.0    195.0   20.0     25.3   1811.9   1803.8   0.791
20260407053836    253    280.0    295.0   20.0     23.5   1818.4   1810.6   0.575
20260407053836    253    345.0    360.0   20.0     22.4   1808.6   1810.1   0.613
20260407053836    253    515.0    530.0   20.0     44.8   1807.7   1827.7   0.764
20260407053836    253    905.0    920.0   20.0     29.5   1801.6   1803.3   0.814
20260407053836    255   1215.0   1235.0   20.0     38.6   1883.1   1859.7   0.919
20260407053836    255   1465.0   1485.0   20.0     55.5   1860.0   1857.7   0.913
20260407061154      2    710.0    740.0   20.0     25.5   1111.0   1175.1   0.810
20260407061154      2    905.0    920.0   20.0     81.1   1238.0   1231.2   0.743
20260407061154      2    975.0   1215.0   20.0    111.0   1276.4   1468.0   0.943
20260407061154      3     70.0     85.0   20.0    201.4   1006.5   1005.9   0.633
20260407061154      5    200.0    215.0   20.0     71.0   1222.3   1015.7   0.832
20260407061154      5    275.0    290.0   20.0    241.2   1014.8   1016.6   0.746
20260407061154      5    665.0    690.0   20.0     83.1   1010.7   1011.0   0.818
20260407061154      8     90.0    105.0   20.0     79.8   1019.9   1021.9   0.645
20260407061154      8    600.0    615.0   20.0     22.9   1014.2   1063.6   0.749
20260407061154      8    675.0    735.0   20.0     89.9   1149.3   1272.5   0.694
20260407061154      8    790.0    850.0   20.0    245.0   1303.4   1013.6   0.829
20260407061154     11    200.0    255.0   20.0     56.0   1059.4   1057.9   0.789
20260407061154     11    315.0    330.0   20.0     65.2   1057.7   1057.6   0.675
20260407061154     13   1440.0   1475.0   20.0     51.2    982.8    986.9   0.712
20260407061154     16    200.0    215.0   20.0     27.2   1186.0   1225.1   0.773
20260407061154     16    735.0    750.0   20.0     26.5   1326.2   1372.1   0.742
20260407061154     17      0.0    710.0   20.0    134.9      0.0   1911.6   0.906
20260407061154     18    615.0    630.0   20.0     52.8   1273.7   1145.2   0.934
20260407061154     20    780.0    795.0   20.0    119.0   1045.6   1162.7   0.758
20260407061154     20   1005.0   1020.0   20.0     37.0   1187.6   1165.0   0.894
20260407061154     20   1625.0   1645.0   20.0     25.1   1173.7   1178.7   0.821
20260407061154     28    485.0    500.0   20.0     58.0    976.9    975.0   0.748
20260407061154     28   1120.0   1135.0   20.0     31.0    979.5   1011.1   0.743
20260407061154     31    420.0    435.0   20.0     27.2   1001.5   1033.4   0.797
20260407061154     31    715.0    730.0   20.0     66.0   1062.2    997.9   0.778
20260407061154     40    675.0    690.0   20.0     22.3   1313.7   1323.3   0.694
20260407061154     40   1060.0   1075.0   20.0     20.6   1326.7   1332.0   0.624
20260407061154     41    635.0    655.0   20.0     94.2    947.1    947.6   0.772
20260407061154     41   1465.0   1495.0   18.1    110.8    943.9   1152.7   0.836
20260407061154     41   1545.0   1560.0   20.0     72.8   1206.5   1278.9   0.864
20260407061154     45     80.0    125.0   20.0     42.2    963.7    956.2   0.908
20260407061154     45    435.0    480.0   20.0     36.7    964.0   1090.2   0.758
20260407061154     45    525.0    645.0   20.0     50.6   1102.8   1279.8   0.784
20260407061154     48    375.0    395.0   20.0     60.8    933.6    933.6   0.728
20260407061154     50   1000.0   1015.0   20.0     36.2   1030.0    996.1   0.739
20260407061154     50   1265.0   1280.0   20.0     44.8    994.5    998.5   0.754
20260407061154     51   1165.0   1205.0   20.0    133.5    955.8    954.5   0.806
20260407061154     52    500.0    555.0   20.0    138.3    958.1   1053.4   0.921
20260407061154     52    635.0    650.0   20.0     88.0   1088.7    959.1   0.791
20260407061154     52   1255.0   1270.0   20.0     34.8    963.9   1005.9   0.761
20260407061154     52   1305.0   1320.0   20.0     29.6   1023.4   1029.0   0.761
20260407061154     52   1355.0   1370.0   20.0     40.7   1022.5    968.5   0.849
20260407061154     52   1455.0   1470.0   20.0     39.0    965.8   1010.6   0.759
20260407061154     53    650.0    665.0   20.0     31.0    967.1    948.6   0.791
20260407061154     55   1530.0   1560.0   20.0    127.9    913.4    918.0   0.771
20260407061154     61    440.0    460.0   20.0     65.8    923.1    923.4   0.841
20260407061154     61    630.0    645.0   20.0     58.5    922.5    991.7   0.744
20260407061154     61    725.0    740.0   20.0     27.6   1027.1   1045.1   0.670
20260407061154     61   1210.0   1225.0   20.0     27.3   1061.8   1061.8   0.710
20260407061154     61   1660.0   1675.0   20.0     46.8   1055.8   1078.2   0.648
20260407061154     63    550.0    565.0   20.0     53.9    952.8   1047.3   0.849
20260407061154     63   1295.0   1305.0   20.0     20.5   1178.3   1188.8   0.745
20260407061154     63   1465.0   1480.0   20.0     29.1   1223.5   1260.5   0.708
20260407061154     63   1725.0   1740.0   20.0     95.4   1211.5    948.7   0.835
20260407061154     71    155.0    170.0   20.0     41.7   1201.1   1231.3   0.482
20260407061154     75    770.0    785.0   20.0     52.2    949.8    912.3   0.730
20260407061154     75   1775.0   1795.0   20.0     50.7    909.2   1062.3   0.752
20260407061154     85    200.0    215.0   20.0     90.8    908.5    907.9   0.742
20260407061154     92    250.0    265.0   20.0     61.7   1020.3   1086.8   0.760
20260407061154     92    620.0    635.0   20.0     92.8   1104.3   1013.0   0.762
20260407061154     92   1475.0   1490.0   20.0     29.8   1008.9   1037.0   0.762
20260407061154     93    430.0    455.0   20.0     35.7   1138.0   1133.2   0.761
20260407061154     93    690.0    705.0   20.0     37.6   1190.3   1230.3   0.683
20260407061154     96     10.0     25.0   20.0     33.3   1068.6   1085.6   0.579
20260407061154     96     60.0     90.0   20.0     27.2   1073.9   1077.7   0.851
20260407061154     96    385.0    400.0   20.0     27.7   1163.1   1174.7   0.823
20260407061154     99     40.0     55.0   20.0     24.7   1052.2   1086.9   0.644
20260407061154     99    205.0    220.0   20.0     49.7   1051.3   1109.5   0.841
20260407061154     99    260.0    360.0   20.0     30.3   1109.6   1142.8   0.817
20260407061154     99    960.0    970.0   20.0     28.4   1113.3   1113.3   0.568
20260407061154     99   1005.0   1020.0   20.0     27.1   1117.1   1132.9   0.690
20260407061154     99   1485.0   1500.0   20.0     26.8   1123.9   1133.0   0.762
20260407061154     99   1685.0   1700.0   20.0     46.9   1130.5   1161.2   0.792
20260407061154    100   1325.0   1340.0   20.0     50.6    947.9    996.2   0.767
20260407061154    100   1790.0   1800.0   20.0     24.8   1035.8   1031.3   0.789
20260407061154    107   1230.0   1245.0   20.0     57.9    984.3   1043.0   0.783
20260407061154    107   1300.0   1315.0   20.0     90.6   1064.7    984.6   0.758
20260407061154    109    835.0    850.0   20.0     97.9    911.5   1017.7   0.752
20260407061154    109    895.0    910.0   20.0    118.3   1018.6    913.2   0.839
20260407061154    113     75.0     85.0   20.0     50.6   1199.8   1205.1   0.579
20260407061154    113    235.0    280.0   20.0     40.8   1203.9   1214.3   0.877
20260407061154    113    335.0    375.0   20.0     48.3   1246.8   1307.3   0.862
20260407061154    113    435.0    470.0   20.0     21.4   1285.3   1298.1   0.781
20260407061154    119      5.0     25.0   20.0    352.9    912.4    913.9   0.851
20260407061154    119   1645.0   1675.0   20.0     76.7    907.5    909.0   0.809
20260407061154    120    470.0    485.0   20.0     22.2   1077.6   1099.8   0.799
20260407061154    121   1605.0   1620.0   20.0     37.2    959.9    962.9   0.751
20260407061154    130    870.0    885.0   20.0     22.9   1238.4   1240.4   0.786
20260407061154    135    215.0    250.0   20.0     64.6    917.9    929.3   0.872
20260407061154    135    690.0    705.0   20.0     64.4    917.4    917.8   0.797
20260407061154    137    900.0    915.0   20.0     87.9    916.3    916.3   0.689
20260407061154    137   1400.0   1495.0   20.0     52.0    920.9   1219.2   0.833
20260407061154    137   1535.0   1575.0   20.0    127.6   1217.4    924.5   0.898
20260407061154    141    960.0    985.0   20.0     46.1   1004.3   1004.0   0.792
20260407061154    141   1040.0   1055.0   20.0     40.7   1003.2   1003.6   0.755
20260407061154    143   1590.0   1605.0   20.0     44.0    999.8    999.7   0.832
20260407061154    145    410.0    425.0   20.0     23.5   1244.6   1265.0   0.832
20260407061154    148     30.0     45.0   20.0     32.9    976.0    951.7   0.807
20260407061154    148    290.0    305.0   20.0     42.7    960.4    953.2   0.722
20260407061154    148   1520.0   1535.0   20.0     33.0    956.1   1013.3   0.766
20260407061154    148   1590.0   1605.0   20.0     46.7   1013.6    960.1   0.767
20260407061154    148   1650.0   1670.0   20.0     34.4    959.0    956.8   0.881
20260407061154    158     85.0    100.0   20.0     45.4   1120.3   1207.1   0.910
20260407061154    158    170.0    185.0   20.0     20.4   1263.5   1222.9   0.749
20260407061154    158    360.0    375.0   20.0     24.3   1217.0   1232.4   0.504
20260407061154    167    195.0    210.0   20.0     32.6   1010.8   1052.1   0.781
20260407061154    167    255.0    270.0   20.0     22.5   1030.3   1009.0   0.778
20260407061154    168      0.0   1800.0   20.0    103.0      0.0   1768.3   0.864
20260407061154    170     55.0    100.0   20.0     49.3   1077.2   1144.2   0.777
20260407061154    170    355.0    370.0   20.0     20.0   1176.3   1154.0   0.726
20260407061154    170    435.0    450.0   20.0     72.4   1156.0   1070.3   0.764
20260407061154    177    170.0    185.0   20.0     49.6    949.5    949.0   0.625
20260407061154    177    660.0    705.0   20.0    109.2    950.7   1236.3   0.853
20260407061154    179    510.0    525.0   20.0     95.9    975.7    972.1   0.789
20260407061154    179   1155.0   1205.0   20.0     38.6    964.7   1073.7   0.776
20260407061154    179   1470.0   1485.0   20.0     44.0   1094.4   1109.9   0.633
20260407061154    183   1130.0   1145.0   20.0     69.6    968.6    965.2   0.747
20260407061154    183   1640.0   1655.0   20.0     31.0    981.6    981.1   0.828
20260407061154    186    680.0    700.0   20.0     36.4   1222.6   1218.2   0.884
20260407061154    186   1050.0   1065.0   20.0     23.7   1230.1   1255.8   0.723
20260407061154    186   1225.0   1240.0   20.0     25.8   1271.3   1292.4   0.747
20260407061154    188    240.0    255.0   20.0     46.8   1202.1   1299.6   0.807
20260407061154    188    325.0    340.0   20.0     41.6   1229.0   1133.2   0.840
20260407061154    188    720.0    735.0   20.0     26.4   1110.0   1129.3   0.710
20260407061154    188   1545.0   1560.0   20.0     47.3   1182.7   1187.7   0.879
20260407061154    190    230.0    295.0   20.0     89.4    982.2    982.6   0.807
20260407061154    194     40.0     50.0   20.0     25.7   1384.6   1384.0   0.810
20260407061154    194    120.0    135.0   20.0     21.5   1412.7   1454.8   0.871
20260407061154    194    240.0    255.0   20.0     24.0   1456.9   1488.9   0.752
20260407061154    202      0.0    255.0   20.0     33.9      0.0   1807.7   0.798
20260407061154    202    295.0    305.0   20.0     20.1   1805.3   1803.4   0.682
20260407061154    202    370.0    395.0   20.0     21.7   1804.2   1803.1   0.737
20260407061154    202    555.0    770.0   20.0     29.2   1806.7   1806.0   0.778
20260407061154    202    810.0    870.0   20.0     31.9   1810.5   1804.4   0.793
20260407061154    203   1260.0   1275.0   20.0    223.9   1016.6   1369.4   0.879
20260407061154    203   1650.0   1665.0   20.0     26.0   1363.7   1351.6   0.745
20260407061154    205   1245.0   1270.0   20.0    151.6   1008.6   1012.4   0.776
20260407061154    209    105.0    145.0   20.0    178.7   1025.1   1024.3   0.856
20260407061154    211   1615.0   1670.0   20.0    122.2   1028.1   1022.8   0.855
20260407061154    213    300.0    335.0   20.0    193.6   1027.8   1032.7   0.818
20260407061154    218    225.0    285.0   20.0     65.9   1062.3   1216.1   0.875
20260407061154    218    440.0    455.0   20.0     25.9   1262.2   1237.4   0.819
20260407061154    218    705.0    720.0   20.0     22.3   1254.0   1283.6   0.734
20260407061154    218    825.0    840.0   20.0     55.1   1276.8   1303.3   0.659
20260407061154    218    955.0    965.0   20.0     21.6   1291.3   1279.7   0.679
20260407061154    218   1080.0   1095.0   20.0     55.0   1281.5   1301.2   0.798
20260407061154    218   1140.0   1170.0   20.0     31.8   1286.4   1324.2   0.798
20260407061154    218   1230.0   1245.0   20.0     39.7   1328.4   1381.4   0.770
20260407061154    219     20.0     35.0   20.0     54.6   1044.1   1043.0   0.650
20260407061154    219    160.0    175.0   20.0     58.6   1042.0   1043.0   0.764
20260407061154    219    295.0    425.0   20.0     72.3   1041.5   1374.9   0.786
20260407061154    219    470.0    560.0   20.0     47.5   1377.2   1432.2   0.745
20260407061154    219    625.0    670.0   20.0    238.4   1432.2   1052.7   0.874
20260407061154    219   1460.0   1475.0   20.0     57.7   1034.7   1034.4   0.663
20260407061154    223   1460.0   1575.0   20.0    142.2   1044.5   1388.7   0.824
20260407061154    223   1625.0   1640.0   20.0     26.8   1425.1   1413.0   0.686
20260407061154    223   1735.0   1750.0   20.0     34.1   1442.8   1440.1   0.770
20260407061154    225    370.0    385.0   20.0     30.8   1464.6   1497.1   0.818
20260407061154    232    650.0    665.0   20.0     21.5   1382.3   1392.6   0.798
20260407061154    232    755.0    770.0   20.0     21.8   1421.8   1423.9   0.701
20260407061154    232   1245.0   1260.0   20.0     23.8   1457.8   1477.2   0.753
20260407061154    233   1695.0   1710.0   20.0     24.0   1074.5   1065.7   0.708
20260407061154    237    235.0    250.0   20.0     32.2   1085.7   1085.9   0.743
20260407061154    237    935.0   1015.0   20.0    108.0   1078.4   1143.0   0.851
20260407061154    239     10.0     25.0   20.0     78.6   1821.5   1836.2   0.743
20260407061154    239    890.0    905.0   20.0    175.7   1787.0   1920.2   0.744
20260407061154    243    305.0    380.0   20.0    195.5   1101.4   1103.0   0.797
20260407061154    248   1730.0   1745.0   20.0     69.8   1136.8   1136.5   0.750
20260407061154    249   1470.0   1510.0   20.0    419.4   1103.9   1105.1   0.785
20260407061154    251   1100.0   1115.0   20.0     42.4   1114.3   1185.4   0.763
20260407061154    251   1190.0   1230.0   20.0     64.5   1282.3   1353.8   0.725
20260407061154    251   1265.0   1320.0   20.0     60.4   1333.1   1441.5   0.789
20260407061154    251   1355.0   1375.0   20.0     37.6   1449.4   1458.8   0.828
20260407061154    251   1480.0   1495.0   20.0     25.4   1480.4   1443.2   0.775
20260407061154    251   1530.0   1545.0   20.0     23.4   1412.3   1432.9   0.651
20260407061154    251   1580.0   1595.0   20.0     21.1   1421.8   1457.7   0.713
20260407061154    251   1775.0   1790.0   20.0     20.8   1555.2   1556.4   0.834
20260407061154    253    430.0    445.0   20.0    184.4   1815.1   1831.9   0.711
20260407061154    253    685.0    705.0   20.0    167.5   1828.3   1811.9   0.825
20260407061154    253    775.0    790.0   20.0    184.0   1806.1   1809.3   0.811
20260407061154    253    845.0    860.0   20.0    168.5   1941.9   1862.1   0.717
20260407061154    253    905.0    915.0   20.0     20.5   1925.6   1821.2   0.794
20260407061154    253   1015.0   1030.0   20.0    169.8   1927.4   1921.9   0.604
20260407061154    253   1135.0   1165.0    0.3    135.0   1951.6   1926.8   0.599
20260407061154    253   1240.0   1455.0   20.0    174.8   1923.3   1943.5   0.838
20260407061154    253   1490.0   1800.0   20.0    170.2   1943.4   1803.9   0.875
20260407064513      2      0.0     35.0   20.0     54.6      0.0   1641.2   0.839
20260407064513      3    780.0    795.0   20.0     22.2   1022.2    996.6   0.784
20260407064513      3   1005.0   1020.0   20.0     38.4    992.0    991.5   0.789
20260407064513      3   1690.0   1725.0   20.0     71.8    982.4    981.8   0.854
20260407064513      5   1770.0   1785.0   20.0     31.2   1004.6   1152.8   0.784
20260407064513      8   1075.0   1090.0   20.0     28.6   1011.2   1040.7   0.784
20260407064513      8   1155.0   1170.0   20.0     21.8   1050.1   1074.8   0.704
20260407064513      8   1265.0   1280.0   20.0     20.0   1078.1   1087.6   0.656
20260407064513     10     80.0     95.0   20.0     31.8   1429.1   1415.9   0.783
20260407064513     10    155.0    170.0   20.0     32.9   1356.7   1345.7   0.664
20260407064513     11    340.0    355.0   20.0     52.2   1057.8   1058.4   0.772
20260407064513     17      0.0    770.0   20.0    125.0      0.0   1908.4   0.905
20260407064513     18    255.0    275.0   20.0     27.1   1191.9   1231.4   0.791
20260407064513     18    570.0    585.0   20.0     21.9   1278.8   1330.4   0.840
20260407064513     18   1360.0   1375.0   20.0     41.2   1419.0   1428.8   0.675
20260407064513     19    465.0    480.0   20.0     72.2    979.2    978.9   0.622
20260407064513     20    310.0    425.0   20.0     44.5   1251.7   1376.7   0.796
20260407064513     20    475.0    565.0   20.0     26.9   1358.3   1379.5   0.776
20260407064513     20    670.0    690.0   20.0     27.5   1375.0   1401.6   0.643
20260407064513     20    730.0    745.0   20.0     24.6   1391.3   1429.7   0.735
20260407064513     20    800.0    815.0   20.0     45.9   1399.9   1412.9   0.768
20260407064513     20    850.0    865.0   20.0     26.8   1423.3   1439.3   0.701
20260407064513     20    920.0    935.0   20.0     20.5   1455.4   1479.7   0.724
20260407064513     20   1625.0   1640.0   20.0     49.3   1095.6   1100.0   0.715
20260407064513     20   1755.0   1775.0   20.0     52.4   1106.2   1140.5   0.803
20260407064513     23   1230.0   1250.0   20.0     46.9    967.7    967.3   0.818
20260407064513     23   1450.0   1465.0   20.0     53.6    964.5    963.1   0.795
20260407064513     26    280.0    295.0   20.0     20.8   1130.0   1145.4   0.604
20260407064513     26    330.0    345.0   20.0     25.1   1158.2   1177.5   0.689
20260407064513     28    125.0    170.0   20.0     35.9    975.8    977.1   0.750
20260407064513     29    435.0    455.0   20.0     88.1    951.3    953.1   0.826
20260407064513     29    885.0    910.0   20.0    168.6    961.4    954.6   0.837
20260407064513     29   1035.0   1050.0   20.0     24.6    951.9    953.1   0.772
20260407064513     35    650.0    665.0   20.0     36.7    962.7    963.4   0.728
20260407064513     35   1120.0   1140.0   20.0    106.2    963.1    960.8   0.868
20260407064513     35   1520.0   1535.0   20.0     63.1    951.7    952.2   0.761
20260407064513     36    375.0    390.0   20.0     26.7   1564.6   1533.1   0.848
20260407064513     37      0.0     10.0   20.0     39.2      0.0   1030.0   0.794
20260407064513     37    510.0    555.0   20.0    104.7   1024.6   1023.0   0.914
20260407064513     37   1115.0   1140.0   20.0     51.0   1016.8   1017.1   0.805
20260407064513     38     95.0    110.0   20.0     26.8   1308.5   1382.3   0.814
20260407064513     38    150.0    165.0   20.0     55.1   1348.5   1388.2   0.789
20260407064513     38    515.0    530.0   20.0     21.7   1396.0   1426.9   0.855
20260407064513     39    470.0    485.0   20.0     55.3   1058.5   1057.5   0.760
20260407064513     41    305.0    460.0   20.0    105.8    947.7   1081.9   0.761
20260407064513     41    505.0    520.0   20.0     49.8   1022.4    946.5   0.760
20260407064513     41   1430.0   1445.0   20.0     39.6    935.2   1078.3   0.755
20260407064513     41   1485.0   1590.0   20.0     38.6   1107.7   1143.7   0.811
20260407064513     43     15.0     40.0   20.0     59.7   1418.1   1413.7   0.876
20260407064513     43    290.0    315.0   20.0     76.2   1410.6   1412.5   0.883
20260407064513     43    860.0    885.0   20.0     30.2   1404.2   1412.1   0.889
20260407064513     43   1625.0   1645.0   20.0     57.1   1392.7   1393.8   0.888
20260407064513     45    480.0    550.0   20.0     40.9    960.2   1095.0   0.804
20260407064513     45    710.0    725.0   20.0     25.1   1093.7   1113.8   0.866
20260407064513     45   1655.0   1670.0   20.0     20.0   1265.5   1272.5   0.658
20260407064513     50   1710.0   1745.0   20.0     83.0    977.5    976.5   0.791
20260407064513     52    230.0    245.0   20.0     20.7   1019.3   1035.6   0.723
20260407064513     52    355.0    370.0   20.0     29.8   1084.2   1121.8   0.710
20260407064513     53    890.0    905.0   20.0     38.3    940.6   1020.7   0.789
20260407064513     53   1010.0   1020.0   20.0     25.2   1027.6   1044.8   0.572
20260407064513     53   1055.0   1070.0   20.0     21.4   1039.8   1014.3   0.838
20260407064513     53   1465.0   1485.0   20.0    217.6   1026.0    933.4   0.880
20260407064513     55    655.0    735.0   20.0    287.2    921.6    920.1   0.837
20260407064513     56    535.0    550.0   20.0     24.3   1364.8   1383.9   0.819
20260407064513     61    215.0    230.0   20.0     41.7    927.2    927.3   0.745
20260407064513     61   1350.0   1365.0   20.0     26.6    919.2    917.9   0.781
20260407064513     63    770.0    790.0   20.0    113.6    948.0   1134.6   0.819
20260407064513     63    860.0    875.0   20.0     23.0   1154.7   1200.9   0.729
20260407064513     67    470.0    485.0   20.0     26.2    903.6    904.6   0.696
20260407064513     69    300.0    315.0   20.0     54.9    909.3    909.1   0.551
20260407064513     69    885.0    900.0   20.0     48.4    907.0    906.3   0.717
20260407064513     69   1690.0   1705.0   20.0     60.7    907.0    895.7   0.748
20260407064513     71    555.0    585.0   20.0     25.3   1403.3   1406.3   0.692
20260407064513     71    620.0    630.0   20.0     21.7   1407.2   1404.6   0.514
20260407064513     71    760.0    775.0   20.0     33.9   1413.7   1409.6   0.659
20260407064513     71    995.0   1450.0   19.9     74.7   1407.0   1425.6   0.800
20260407064513     71   1525.0   1665.0    2.9     79.5   1432.2   1431.0   0.633
20260407064513     71   1710.0   1790.0   19.7     80.2   1435.6   1429.6   0.742
20260407064513     75   1195.0   1210.0   20.0     58.7    912.6    911.2   0.827
20260407064513     92    255.0    270.0   20.0     36.3   1126.6   1174.2   0.837
20260407064513     96     85.0    100.0   20.0     23.6    980.5   1043.5   0.848
20260407064513    100   1420.0   1435.0   20.0     35.8    952.2    985.2   0.757
20260407064513    100   1665.0   1680.0   20.0     30.7   1027.0   1085.5   0.884
20260407064513    109   1540.0   1610.0   20.0     98.3    907.7   1244.7   0.757
20260407064513    109   1685.0   1700.0   20.0     25.6   1239.7   1269.8   0.754
20260407064513    109   1765.0   1780.0   20.0     36.2   1267.7   1291.6   0.747
20260407064513    111     15.0     40.0   20.0     44.7    903.3    902.4   0.802
20260407064513    111    420.0    440.0   20.0    110.2    901.1    901.1   0.846
20260407064513    111    610.0    625.0   20.0     76.1    902.0    902.2   0.808
20260407064513    112    910.0    930.0   20.0     45.2    920.4    919.9   0.773
20260407064513    112   1035.0   1050.0   20.0     32.7    919.1    918.4   0.802
20260407064513    120    245.0    260.0   20.0     20.4   1138.2   1178.5   0.694
20260407064513    121    895.0    910.0   20.0     60.4    960.8    960.1   0.767
20260407064513    121   1135.0   1160.0   20.0     64.1    957.9    957.3   0.870
20260407064513    126    275.0    290.0   20.0     24.1    987.1   1006.7   0.825
20260407064513    126    880.0    895.0   20.0     99.0   1030.3   1158.2   0.907
20260407064513    131    675.0    695.0   20.0     57.8    912.8    912.1   0.873
20260407064513    133    105.0    120.0   20.0     37.2    966.5    965.5   0.763
20260407064513    135   1110.0   1125.0   20.0     81.3    914.1    914.6   0.761
20260407064513    135   1765.0   1780.0   20.0     56.1    913.4   1009.2   0.824
20260407064513    137    140.0    155.0   20.0     26.0   1098.0   1126.0   0.684
20260407064513    137    225.0    275.0   20.0     89.5   1176.5    922.8   0.820
20260407064513    137    785.0    815.0   20.0     68.5    919.0    918.7   0.748
20260407064513    137   1385.0   1545.0   19.9    109.1    914.3   1147.7   0.776
20260407064513    137   1580.0   1750.0   20.0     75.2   1124.1   1126.7   0.825
20260407064513    144    270.0    285.0   20.0     20.9   1039.8   1082.5   0.818
20260407064513    148    315.0    330.0   20.0     45.5    947.4    998.9   0.734
20260407064513    148    630.0    645.0   20.0     22.3   1179.4   1202.6   0.772
20260407064513    148    710.0    730.0   20.0     31.5   1200.5   1242.1   0.750
20260407064513    148   1020.0   1035.0   20.0     95.0   1245.8    952.7   0.907
20260407064513    149   1190.0   1205.0   20.0     35.1   1019.8   1019.0   0.818
20260407064513    153    115.0    145.0   20.0     71.8   1009.4   1008.6   0.846
20260407064513    159     50.0     65.0   20.0     22.9    180.9    166.2   0.764
20260407064513    168      0.0   1800.0   20.0    121.9      0.0   1792.5   0.809
20260407064513    175   1010.0   1055.0   20.0     82.6    938.8   1138.9   0.770
20260407064513    175   1095.0   1115.0   20.0     49.9   1158.5   1159.3   0.865
20260407064513    175   1225.0   1240.0   20.0     20.4   1005.5    983.6   0.776
20260407064513    175   1480.0   1495.0   20.0     31.4    975.4   1022.9   0.729
20260407064513    175   1565.0   1580.0   20.0     24.0   1049.8    974.5   0.814
20260407064513    175   1670.0   1685.0   20.0     29.5    972.8    931.4   0.817
20260407064513    177    645.0    665.0   20.0     79.4    945.6    946.4   0.773
20260407064513    179    995.0   1010.0   20.0    138.9    979.7   1125.3   0.748
20260407064513    179   1390.0   1405.0   20.0    151.1   1124.1    963.8   0.752
20260407064513    183     10.0     95.0   20.0     38.7   1037.0   1319.1   0.805
20260407064513    184     25.0    105.0   20.0     53.9   1823.4   1840.6   0.933
20260407064513    184    250.0    265.0   20.0     65.9   1797.3   1807.7   0.784
20260407064513    188   1120.0   1140.0   20.0     27.5   1321.0   1324.1   0.571
20260407064513    188   1320.0   1335.0   20.0     34.9   1354.9   1317.3   0.631
20260407064513    188   1770.0   1785.0   20.0     24.8   1333.6   1358.9   0.781
20260407064513    199    110.0    135.0   20.0    153.2    992.5    993.6   0.793
20260407064513    202    745.0    760.0   20.0     22.7   1817.2   1834.8   0.777
20260407064513    202    850.0    865.0   20.0     22.8   1819.6   1821.0   0.789
20260407064513    209    180.0    200.0   20.0    149.9   1024.0   1024.6   0.876
20260407064513    213   1150.0   1190.0   20.0    133.7   1021.0   1026.7   0.819
20260407064513    213   1530.0   1555.0   20.0     71.4   1018.0   1018.9   0.818
20260407064513    221    195.0    210.0   20.0     25.9   1124.6   1168.3   0.823
20260407064513    221    885.0    905.0   20.0     29.5   1209.2   1205.5   0.864
20260407064513    221   1015.0   1025.0   20.0     20.9   1202.4   1205.3   0.677
20260407064513    222    105.0   1570.0   20.0    132.9   2069.7   2066.3   0.947
20260407064513    222   1610.0   1790.0   20.0    163.4   2066.8   2057.4   0.887
20260407064513    223    260.0    275.0   20.0     75.2   1044.5   1043.9   0.795
20260407064513    223    455.0    470.0   20.0     44.8   1045.2   1114.0   0.754
20260407064513    223    540.0    555.0   20.0     44.5   1180.8   1200.1   0.837
20260407064513    223    620.0    675.0   20.0     22.5   1230.6   1261.3   0.807
20260407064513    223    950.0    965.0   20.0     23.3   1292.4   1312.5   0.854
20260407064513    223   1105.0   1120.0   20.0     22.2   1313.1   1344.0   0.803
20260407064513    228      0.0     10.0   20.0    194.2      0.0   1905.6   0.590
20260407064513    243     75.0    105.0   20.0    195.6   1112.4   1112.5   0.839
20260407064513    247   1215.0   1230.0   20.0     45.1   1317.3   1270.7   0.709
20260407064513    247   1490.0   1505.0   20.0     45.3   1307.5   1267.4   0.692
20260407064513    249    425.0    440.0   20.0     38.8   1118.7   1117.0   0.785
20260407064513    253     85.0    105.0   20.0    192.9   1820.8   1831.6   0.799
20260407064513    253    450.0    470.0   20.0    183.2   1814.0   1824.1   0.824
20260407064513    253    990.0   1010.0   20.0    172.3   1803.9   1820.8   0.831
20260407064513    253   1465.0   1485.0   20.0    160.5   1801.4   1811.7   0.863
20260407064513    253   1775.0   1795.0   20.0    164.5   1797.9   1817.4   0.868
20260407071832      2     10.0     25.0   20.0     21.8   1825.3   1831.5   0.534
20260407071832      5    205.0    250.0   20.0    216.3   1025.2   1028.2   0.802
20260407071832      8      5.0    155.0   20.0     54.5   1275.8   1409.3   0.802
20260407071832      8    195.0    225.0   20.0     36.6   1415.3   1428.3   0.857
20260407071832      8    290.0    305.0   20.0     23.7   1424.9   1437.1   0.870
20260407071832     10    440.0    455.0   20.0     24.1   1206.8   1222.4   0.873
20260407071832     10    540.0    560.0   20.0     98.2   1208.4   1110.4   0.809
20260407071832     17     25.0     90.0   20.0     92.2   1991.9   1994.2   0.933
20260407071832     17    125.0   1800.0   20.0    224.4   1994.8   1909.3   0.900
20260407071832     19    575.0    590.0   20.0     26.1    992.8   1027.2   0.761
20260407071832     19    630.0    645.0   20.0     70.7   1042.4    992.0   0.762
20260407071832     19    955.0    970.0   20.0    163.3    991.3    991.2   0.719
20260407071832     20    205.0    250.0   20.0     91.2   1075.1   1074.3   0.844
20260407071832     26    295.0    310.0   20.0     21.9   1468.7   1477.6   0.645
20260407071832     35   1005.0   1020.0   20.0     20.7    983.6    983.6   0.819
20260407071832     35   1115.0   1160.0   20.0    156.5    982.6    981.9   0.751
20260407071832     37   1615.0   1635.0   20.0     68.2   1030.7   1030.2   0.758
20260407071832     41     45.0     60.0   20.0     26.7   1267.8   1316.7   0.647
20260407071832     41    190.0    225.0   20.0     42.3   1336.6   1355.6   0.761
20260407071832     41    830.0    845.0   20.0     20.4   1444.9   1451.2   0.727
20260407071832     41    905.0    990.0   20.0     29.9   1435.1   1458.6   0.858
20260407071832     42   1085.0   1100.0   20.0     51.4   1474.0   1494.3   0.619
20260407071832     45    135.0    210.0   20.0     28.5   1058.8   1096.8   0.703
20260407071832     51    540.0    555.0   20.0     54.9    948.3    968.0   0.767
20260407071832     52     70.0     85.0   20.0     29.4    979.3   1057.2   0.897
20260407071832     52    135.0    145.0   20.0     25.5   1100.6   1155.2   0.608
20260407071832     52    275.0    290.0   20.0     34.2   1193.5   1245.9   0.749
20260407071832     52    350.0    365.0   20.0     42.4   1240.5   1250.1   0.741
20260407071832     52    475.0    490.0   20.0     24.3   1248.0   1251.1   0.760
20260407071832     67    550.0    565.0   20.0     52.8    861.9    845.0   0.757
20260407071832     67    695.0    715.0   20.0     39.7    845.3    845.0   0.760
20260407071832     71    120.0    135.0   20.0     21.2   1192.0   1220.8   0.755
20260407071832     71    240.0    255.0   20.0     45.6   1234.0   1312.0   0.847
20260407071832     71    660.0    675.0   20.0     22.0   1297.7   1294.7   0.794
20260407071832     71   1130.0   1145.0   20.0     21.9   1300.7   1300.1   0.807
20260407071832     75   1230.0   1305.0   20.0     30.4    849.1    978.7   0.851
20260407071832     75   1350.0   1375.0   20.0    113.3    995.8    849.2   0.740
20260407071832     81     65.0     85.0   20.0     64.2    870.7    871.0   0.765
20260407071832     81    140.0    155.0   20.0     59.9    869.1    868.1   0.772
20260407071832     81   1555.0   1570.0   20.0     36.1    852.2    852.3   0.773
20260407071832     85    215.0    240.0   20.0     69.4    856.4    855.9   0.758
20260407071832     97     35.0     60.0   20.0     27.2    857.2    857.9   0.768
20260407071832     97   1080.0   1095.0   20.0     51.7    844.7    845.2   0.802
20260407071832     97   1395.0   1415.0   20.0     42.6    840.7    915.1   0.785
20260407071832     97   1570.0   1590.0   20.0    101.6    942.7    839.8   0.804
20260407071832    103    380.0    405.0   20.0     99.3    874.1    882.1   0.879
20260407071832    111    975.0    990.0   20.0    182.1    852.6   1217.9   0.822
20260407071832    113    200.0    210.0   20.0     21.0   1316.6   1319.1   0.815
20260407071832    113    245.0    260.0   20.0     80.9   1320.1   1300.4   0.808
20260407071832    113    495.0    515.0   20.0     47.5   1314.3   1307.0   0.827
20260407071832    113    575.0    590.0   20.0     33.2   1308.5   1315.3   0.890
20260407071832    113   1345.0   1360.0   20.0     53.4   1316.8   1313.5   0.853
20260407071832    113   1615.0   1635.0   20.0     30.3   1310.2   1314.8   0.924
20260407071832    121    235.0    260.0   20.0     65.1    919.7    919.6   0.859
20260407071832    128    545.0    560.0   20.0     24.9   1211.9   1249.9   0.822
20260407071832    135     10.0     25.0   20.0     20.7   1079.5   1067.1   0.745
20260407071832    135     60.0     90.0   20.0    121.4   1094.9    886.9   0.846
20260407071832    137     10.0     40.0   20.0    164.5   1107.7    891.4   0.811
20260407071832    137   1130.0   1145.0   20.0     51.4    878.6    878.7   0.801
20260407071832    137   1525.0   1540.0   20.0     56.6    874.1    944.5   0.757
20260407071832    137   1705.0   1715.0   20.0    123.1    994.4    992.0   0.559
20260407071832    137   1760.0   1775.0   20.0     21.2    998.8   1020.3   0.661
20260407071832    141      5.0     20.0   20.0     87.0   1049.5    970.3   0.767
20260407071832    148      0.0     20.0   20.0     46.0      0.0    910.9   0.736
20260407071832    148     85.0    100.0   20.0     34.7    910.2    976.5   0.778
20260407071832    148    135.0    170.0   20.0     56.3    992.8   1069.3   0.785
20260407071832    148    215.0    235.0   20.0    172.5   1078.6    912.6   0.851
20260407071832    153    455.0    475.0   20.0     35.9    966.5   1014.5   0.887
20260407071832    153    550.0    570.0   20.0    106.9   1051.7    965.6   0.784
20260407071832    153   1620.0   1635.0   20.0     55.8    954.6    954.0   0.745
20260407071832    159    370.0    385.0   20.0     36.9     80.5    121.3   0.758
20260407071832    159    515.0    530.0   20.0     29.8    193.0     97.4   0.854
20260407071832    159    950.0    965.0   20.0     23.8     77.6     79.5   0.692
20260407071832    160    780.0    795.0   20.0     22.8   1298.3   1297.9   0.715
20260407071832    168      0.0   1800.0   20.0    105.7      0.0   1686.9   0.876
20260407071832    173     70.0     85.0   20.0     23.7    925.8    958.2   0.732
20260407071832    173   1180.0   1195.0   20.0    121.1   1068.9    914.5   0.808
20260407071832    175    390.0    405.0   20.0    127.1    914.5    915.8   0.797
20260407071832    183    585.0    630.0   20.0     81.3    959.1   1406.0   0.844
20260407071832    188    105.0    120.0   20.0     43.4   1166.3   1170.0   0.904
20260407071832    188    230.0    245.0   20.0     75.7   1260.6   1395.7   0.797
20260407071832    190   1025.0   1110.0   20.0     88.9    953.4    953.6   0.809
20260407071832    199   1765.0   1780.0   20.0     27.7    987.8    956.2   0.750
20260407071832    207   1340.0   1355.0   20.0     20.8   1087.6   1078.8   0.536
20260407071832    211    465.0    480.0   20.0     46.0   1005.2   1005.1   0.722
20260407071832    213    325.0    355.0   20.0    103.9   1011.1   1012.0   0.791
20260407071832    221    840.0    855.0   20.0     22.3   1173.8   1198.7   0.785
20260407071832    222      5.0     20.0   20.0    125.8   2120.1   1743.6   0.911
20260407071832    223    255.0    270.0   20.0     69.3   1030.2   1029.7   0.597
20260407071832    223    515.0    530.0   20.0     42.3   1026.0   1025.5   0.653
20260407071832    223    730.0    750.0   20.0    262.4   1023.8   1024.0   0.731
20260407071832    224   1735.0   1750.0   20.0     44.0   1113.4   1157.1   0.765
20260407071832    233     10.0     45.0   20.0     23.8   1187.8   1261.0   0.697
20260407071832    233     80.0    205.0   20.0    122.0   1262.4   1060.3   0.848
20260407071832    233   1695.0   1800.0   20.0     53.3   1042.1   1434.5   0.813
20260407071832    237      0.0     35.0   20.0    259.8      0.0   1436.1   0.831
20260407071832    237    215.0    250.0   20.0     44.0   1458.9   1530.3   0.730
20260407071832    237    315.0    325.0   20.0     36.5   1522.9   1509.5   0.403
20260407071832    237    500.0    515.0   20.0     27.4   1522.7   1529.4   0.648
20260407071832    237    750.0    760.0   20.0     37.9   1549.2   1543.8   0.407
20260407071832    237   1045.0   1065.0   20.0     48.9   1610.9   1613.8   0.612
20260407071832    237   1255.0   1300.0   20.0     30.6   1655.0   1669.6   0.636
20260407071832    237   1565.0   1575.0   11.1    259.8   1711.4   1723.6   0.405
20260407071832    237   1740.0   1755.0   20.0     29.3   1403.2   1426.8   0.568
20260407071832    243    120.0    135.0   20.0    152.0   1361.8   1100.5   0.828
20260407071832    243    390.0    420.0   20.0     67.4   1094.7   1094.6   0.758
20260407071832    243    950.0    965.0   20.0     87.7   1087.7   1188.8   0.748
20260407071832    243   1140.0   1155.0   20.0     63.0   1230.9   1243.0   0.839
20260407071832    243   1325.0   1340.0   20.0     21.0   1216.8   1233.1   0.717
20260407071832    243   1395.0   1425.0   20.0     35.4   1244.5   1303.3   0.802
20260407071832    243   1465.0   1480.0   20.0     26.0   1279.9   1288.6   0.795
20260407071832    243   1570.0   1625.0   20.0    101.6   1344.0   1410.2   0.745
20260407071832    247   1330.0   1345.0   20.0     35.7   1262.6   1251.1   0.794
20260407071832    247   1480.0   1495.0   20.0     37.2   1272.2   1250.6   0.723
20260407071832    249    745.0    765.0   20.0     58.2   1103.6   1103.5   0.742
20260407071832    249   1700.0   1715.0   20.0     27.6   1092.0   1126.7   0.730
20260407071832    249   1765.0   1780.0   20.0     32.9   1157.4   1156.0   0.586
20260407071832    253     40.0     65.0   20.0    156.6   1822.4   1835.0   0.866
20260407075150      4    710.0    725.0   20.0     35.1   1398.8   1417.4   0.892
20260407075150      4   1330.0   1350.0   20.0     52.6   1448.8   1495.0   0.846
20260407075150     11   1260.0   1275.0   20.0     69.8   1004.8   1004.1   0.778
20260407075150     16   1165.0   1205.0   20.0     61.9   1036.8   1035.6   0.770
20260407075150     16   1685.0   1735.0   20.0     77.6   1025.4   1023.0   0.790
20260407075150     17     85.0    100.0   20.0     42.1   1892.5   1889.4   0.914
20260407075150     17    185.0    245.0   20.0     45.0   1886.2   1877.8   0.918
20260407075150     17    285.0    455.0   20.0     55.7   1877.0   1856.5   0.921
20260407075150     17    590.0    605.0   20.0     26.2   1847.3   1848.1   0.890
20260407075150     19   1620.0   1635.0   20.0     69.2    921.5    998.2   0.745
20260407075150     23   1390.0   1405.0   20.0     20.2    932.3    929.6   0.679
20260407075150     23   1535.0   1555.0   20.0    132.5    921.2    921.6   0.862
20260407075150     28    285.0    300.0   20.0     39.8    931.8    986.0   0.739
20260407075150     28    625.0    650.0   20.0     49.6   1025.7   1073.9   0.763
20260407075150     28    765.0    780.0   20.0     35.8   1061.0   1051.6   0.516
20260407075150     28    900.0    915.0   20.0     78.8   1014.8    928.6   0.887
20260407075150     28   1170.0   1185.0   20.0     27.6    914.9    955.5   0.730
20260407075150     28   1350.0   1365.0   20.0     35.3   1019.0   1040.0   0.754
20260407075150     28   1565.0   1580.0   20.0     80.7   1100.4    923.6   0.902
20260407075150     31    440.0    455.0   20.0     65.5    956.9    949.7   0.879
20260407075150     31   1550.0   1570.0   20.0     83.9    924.9    924.0   0.810
20260407075150     41    585.0    600.0   20.0     34.7   1183.5   1171.4   0.754
20260407075150     45     45.0     60.0   20.0     53.1   1038.5    892.9   0.912
20260407075150     45    105.0    140.0   20.0     41.9    891.8   1064.4   0.824
20260407075150     45    460.0    475.0   20.0     21.7   1093.8   1115.3   0.800
20260407075150     48   1735.0   1750.0   20.0     50.8    843.9    842.6   0.788
20260407075150     50     60.0     75.0   20.0     34.7    928.8    958.7   0.758
20260407075150     51    610.0    630.0   20.0    164.3    856.4    857.0   0.812
20260407075150     51    870.0    885.0   20.0    168.4    848.3    847.7   0.818
20260407075150     51    985.0   1000.0   20.0     63.8    845.4    914.4   0.740
20260407075150     51   1075.0   1095.0   20.0    127.6    951.2    842.3   0.841
20260407075150     52     65.0     80.0   20.0     22.2    881.5    924.2   0.739
20260407075150     52    115.0    140.0   20.0     59.6    935.8    961.8   0.788
20260407075150     52    790.0    805.0   20.0     91.0   1034.7    868.4   0.891
20260407075150     52    925.0    940.0   20.0     27.2    868.5    896.9   0.742
20260407075150     61    745.0    765.0   20.0     61.8    846.1    844.3   0.822
20260407075150     67    710.0    725.0   20.0     20.8    824.0    873.2   0.758
20260407075150     67    825.0    850.0   20.0    148.3    962.6    821.6   0.876
20260407075150     67   1195.0   1210.0   20.0    114.9    811.5    811.0   0.809
20260407075150     69   1415.0   1435.0   20.0     96.7    814.4   1075.5   0.856
20260407075150     72    270.0    285.0   20.0     20.5   1219.1   1230.3   0.796
20260407075150     73     45.0     70.0   20.0    183.9    835.8    834.7   0.803
20260407075150     73    380.0    395.0   20.0     59.6    828.8    828.5   0.762
20260407075150     73    805.0    840.0   20.0     41.3    818.0    827.8   0.808
20260407075150     73    970.0    990.0   20.0     51.9    812.2    811.0   0.768
20260407075150     75    125.0    145.0   20.0    113.5    955.2    836.3   0.813
20260407075150     75   1140.0   1190.0   20.0    284.3    825.1    823.9   0.801
20260407075150     75   1650.0   1665.0   20.0    102.8    810.6   1045.5   0.901
20260407075150     81    500.0    520.0   20.0     71.0    829.9    828.6   0.748
20260407075150     81    870.0    885.0   20.0     29.1    819.2    819.1   0.728
20260407075150     85    405.0    425.0   20.0     80.5    820.8    819.2   0.772
20260407075150     96      5.0     20.0   20.0     33.2    844.7    880.9   0.771
20260407075150     96    655.0    670.0   20.0     24.2   1000.5   1062.9   0.849
20260407075150     97    620.0    635.0   20.0     32.8    795.1    794.5   0.608
20260407075150     97    950.0    965.0   20.0     40.7    785.6    784.6   0.811
20260407075150     97   1495.0   1515.0   20.0    132.6    777.1    775.5   0.779
20260407075150    107    250.0    265.0   20.0     34.4    868.5    868.1   0.784
20260407075150    107   1685.0   1700.0   20.0     46.1    831.7    876.3   0.766
20260407075150    107   1740.0   1755.0   20.0     43.3    875.4    826.9   0.781
20260407075150    112    435.0    450.0   20.0     36.1    804.4    802.9   0.895
20260407075150    113     10.0     30.0   20.0     77.2   1214.6   1215.4   0.839
20260407075150    113     80.0     95.0   20.0     57.2   1211.3   1211.8   0.836
20260407075150    113    135.0    155.0   20.0     48.1   1214.1   1210.2   0.889
20260407075150    113    190.0    260.0   20.0     49.6   1214.9   1204.8   0.863
20260407075150    113    310.0    325.0   20.0     49.2   1212.8   1210.5   0.877
20260407075150    113    405.0    440.0   20.0     49.8   1215.7   1207.8   0.868
20260407075150    113    610.0    635.0   20.0     55.7   1200.4   1196.6   0.798
20260407075150    113    785.0    820.0   20.0     57.2   1197.9   1192.9   0.827
20260407075150    113    970.0    985.0   20.0     41.4   1195.0   1187.0   0.855
20260407075150    113   1210.0   1260.0   20.0     65.2   1190.0   1174.8   0.905
20260407075150    113   1300.0   1450.0   20.0     59.1   1183.4   1175.3   0.864
20260407075150    113   1535.0   1780.0   20.0     64.6   1172.5   1164.7   0.899
20260407075150    119    225.0    245.0   20.0     94.8    908.5    794.0   0.775
20260407075150    119   1170.0   1185.0   20.0     59.2    772.3    851.4   0.801
20260407075150    119   1370.0   1405.0   20.0     81.3    853.6    769.6   0.790
20260407075150    120     70.0     85.0   20.0     38.2    979.0    981.0   0.809
20260407075150    121    355.0    375.0   20.0     53.9    827.3    827.1   0.808
20260407075150    121   1085.0   1100.0   20.0     43.1    804.6    804.6   0.628
20260407075150    131   1625.0   1645.0   20.0     46.7    754.8    753.9   0.870
20260407075150    135    475.0    505.0   20.0     28.9    778.8    818.3   0.765
20260407075150    135    655.0    670.0   20.0     29.2    814.8    771.3   0.757
20260407075150    137     10.0     25.0   20.0     36.0    942.1    944.9   0.575
20260407075150    137     90.0    125.0   20.0     97.4    972.4    952.1   0.810
20260407075150    137    170.0    230.0   20.0    106.4    951.0   1091.6   0.813
20260407075150    137   1075.0   1125.0   20.0     31.2   1049.7   1087.6   0.724
20260407075150    164    725.0    740.0   20.0     24.2    965.6    971.0   0.864
20260407075150    168      0.0   1800.0   20.0     81.9      0.0   1367.9   0.934
20260407075150    170    770.0    785.0   20.0     27.2    835.0    833.7   0.808
20260407075150    175   1575.0   1590.0   20.0     55.9    736.7    736.1   0.773
20260407075150    175   1650.0   1685.0   20.0     45.5    735.1    732.8   0.797
20260407075150    179     75.0    120.0   20.0     92.6    792.0    792.8   0.766
20260407075150    183      0.0     15.0   20.0     37.5      0.0   1164.7   0.684
20260407075150    190    150.0    165.0   20.0     29.0    775.0    806.0   0.740
20260407075150    190    630.0    645.0   20.0     21.1    912.7    908.9   0.809
20260407075150    190    855.0    870.0   20.0     21.8    959.4    950.9   0.840
20260407075150    190    940.0    955.0   20.0     23.4    960.4    981.5   0.762
20260407075150    190   1185.0   1200.0   20.0     81.0    970.6    745.3   0.919
20260407075150    198   1675.0   1690.0   20.0     34.5    762.6    801.0   0.787
20260407075150    199    185.0    200.0   20.0     25.2    776.0    794.0   0.667
20260407075150    199    415.0    440.0   20.0     39.6    763.4    760.4   0.742
20260407075150    199   1200.0   1215.0   20.0     36.3    734.3    733.4   0.774
20260407075150    199   1270.0   1285.0   20.0     45.4    733.0    807.6   0.754
20260407075150    199   1690.0   1705.0   20.0     23.3    872.7    865.0   0.728
20260407075150    209    790.0    835.0   20.0    151.4    760.5    771.3   0.823
20260407075150    218    530.0    555.0   20.0     89.6    797.8    797.3   0.812
20260407075150    219    150.0    165.0   20.0     57.9   1041.5   1047.4   0.852
20260407075150    219    260.0    275.0   20.0     22.6   1042.1   1042.8   0.793
20260407075150    221    725.0    740.0   20.0     53.4    807.3    806.0   0.832
20260407075150    224    700.0    715.0   20.0     42.6    974.5   1039.2   0.777
20260407075150    225      0.0     15.0   20.0     44.8      0.0    976.0   0.774
20260407075150    225    365.0    410.0   20.0     48.7    974.2    883.8   0.824
20260407075150    233      0.0     10.0   20.0     21.9      0.0   1026.2   0.640
20260407075150    233    155.0    170.0   20.0     43.6   1073.0   1067.0   0.831
20260407075150    237     80.0     95.0   20.0     25.2   1095.3   1078.3   0.430
20260407075150    237    290.0    305.0   20.0     24.2   1151.1   1155.5   0.588
20260407075150    237    520.0    535.0   20.0     21.8   1160.3   1159.6   0.632
20260407075150    243     60.0     75.0   20.0     20.3   1064.8   1081.6   0.736
20260407075150    246      0.0     35.0   20.0     35.7      0.0   1611.8   0.872
20260407075150    249   1060.0   1080.0   20.0     71.1    791.3    790.7   0.815
20260407075150    253    850.0    865.0   20.0     75.9   1331.0   1431.6   0.901
20260407082507      5   1170.0   1230.0   20.0     50.2    718.2    851.3   0.767
20260407082507      5   1305.0   1320.0   20.0    100.6    836.4    712.5   0.781
20260407082507     12    350.0    365.0   20.0     27.8    823.0    870.6   0.820
20260407082507     19    170.0    185.0   20.0     59.7    742.9    803.8   0.747
20260407082507     19    705.0    725.0   20.0     51.1    800.9    810.9   0.846
20260407082507     19   1635.0   1650.0   20.0     22.1    809.2    803.6   0.651
20260407082507     20   1670.0   1690.0   20.0     79.8    736.4    738.1   0.837
20260407082507     21   1215.0   1230.0   20.0     41.9    732.1    730.6   0.825
20260407082507     23    690.0    705.0   20.0     43.6    733.0    731.3   0.770
20260407082507     28    620.0    635.0   20.0     60.8    889.2    781.8   0.909
20260407082507     28   1020.0   1040.0   20.0     55.4    798.1    889.6   0.867
20260407082507     28   1195.0   1210.0   20.0     76.8    824.2    704.6   0.801
20260407082507     35   1205.0   1220.0   20.0    107.5    778.7    709.0   0.694
20260407082507     53   1725.0   1750.0   20.0     52.7    695.4    690.6   0.778
20260407082507     61    595.0    620.0   20.0    100.4    725.0    876.5   0.797
20260407082507     61    665.0    680.0   20.0     33.4    871.4    893.4   0.674
20260407082507     61    765.0    790.0   20.0     42.0    895.2    885.7   0.787
20260407082507     61    845.0    860.0   20.0     75.6    880.6    915.9   0.426
20260407082507     61    960.0   1055.0   20.0     44.2    939.9    978.3   0.782
20260407082507     61   1115.0   1150.0   20.0     26.2    967.6    975.0   0.709
20260407082507     61   1340.0   1355.0   20.0     20.4    959.4    962.9   0.725
20260407082507     61   1505.0   1520.0   20.0     28.2    969.5    975.0   0.722
20260407082507     61   1560.0   1575.0   20.0     31.6    984.2   1016.2   0.780
20260407082507     73   1085.0   1100.0   20.0     45.0    701.6    700.7   0.750
20260407082507     81    530.0    545.0   20.0     25.8    739.0    738.1   0.772
20260407082507     85   1525.0   1540.0   20.0     79.2    709.5    710.8   0.794
20260407082507     92    630.0    645.0   20.0     23.3    957.5   1004.4   0.869
20260407082507     92   1160.0   1175.0   20.0     25.0    962.0    964.4   0.692
20260407082507     96     95.0    140.0   20.0     87.3    829.2    810.3   0.815
20260407082507     96    685.0    700.0   20.0     21.1    867.5    874.7   0.750
20260407082507    100   1045.0   1060.0   20.0     39.1    767.3    762.3   0.714
20260407082507    109     15.0     75.0   20.0     94.5    792.2    780.6   0.809
20260407082507    112    895.0    910.0   20.0     49.5    753.9    809.1   0.754
20260407082507    112   1455.0   1470.0   20.0     61.2    802.0    740.0   0.753
20260407082507    113     30.0     45.0   20.0     47.3   1219.2   1250.5   0.839
20260407082507    113    150.0    160.0   20.0     20.7   1229.5   1235.7   0.427
20260407082507    119    360.0    375.0   20.0     74.1    767.5    791.3   0.700
20260407082507    120    385.0    400.0   20.0     21.0    956.2    964.8   0.699
20260407082507    121    265.0    305.0   20.0     39.8    812.3    811.6   0.796
20260407082507    121    505.0    540.0   20.0     45.9    806.7    807.1   0.801
20260407082507    121   1385.0   1430.0   20.0     29.5    780.2    783.5   0.782
20260407082507    131    640.0    655.0   20.0    103.7    793.8    793.4   0.642
20260407082507    137   1130.0   1145.0   20.0     34.3    819.6    818.0   0.721
20260407082507    137   1330.0   1350.0   20.0     55.9    815.5    815.4   0.794
20260407082507    149    845.0    880.0   20.0     58.6    885.7    945.7   0.862
20260407082507    149    985.0   1000.0   20.0     23.9    959.0    936.5   0.814
20260407082507    149   1050.0   1065.0   20.0     64.5    953.6    883.9   0.786
20260407082507    149   1365.0   1380.0   20.0    111.2    875.2    874.7   0.694
20260407082507    150    110.0    125.0   20.0     21.1   1707.7   1616.0   0.831
20260407082507    153    920.0    945.0   20.0    153.7    908.6    908.2   0.803
20260407082507    164    180.0    195.0   20.0     27.8   1051.7   1066.1   0.743
20260407082507    168      0.0   1800.0   20.0    105.7      0.0   1602.6   0.843
20260407082507    169     30.0     45.0   20.0     31.3   1022.8   1047.4   0.761
20260407082507    169    400.0    415.0   20.0     77.2   1106.8   1002.6   0.760
20260407082507    175    540.0    595.0   20.0    175.1    878.0    879.0   0.886
20260407082507    179    290.0    305.0   20.0     32.1    912.4    913.2   0.722
20260407082507    179    595.0    670.0   20.0    238.1    911.3   1373.4   0.811
20260407082507    190    810.0    840.0   20.0    203.0    922.2    922.6   0.803
20260407082507    190   1515.0   1535.0   20.0     38.4    915.7    915.7   0.751
20260407082507    190   1665.0   1680.0   20.0     22.7    915.1    949.3   0.747
20260407082507    198    110.0    175.0   20.0     28.4   1142.5   1111.9   0.898
20260407082507    198    735.0    750.0   20.0     21.7   1147.7   1203.3   0.758
20260407082507    198    860.0    875.0   20.0     23.8   1192.3   1210.4   0.723
20260407082507    198   1010.0   1025.0   20.0     21.9   1175.4   1163.2   0.799
20260407082507    198   1165.0   1185.0   20.0    109.4   1155.0   1232.6   0.831
20260407082507    199    115.0    130.0   20.0     24.5   1116.9   1125.8   0.587
20260407082507    199    195.0    280.0   20.0     32.5   1165.8   1201.0   0.800
20260407082507    199    565.0    580.0   20.0     26.0   1200.7   1211.9   0.771
20260407082507    199    655.0    670.0   20.0     20.8   1212.2   1230.7   0.747
20260407082507    199   1005.0   1025.0   20.0     63.1   1255.1   1289.7   0.770
20260407082507    199   1165.0   1180.0   20.0     20.8   1290.2   1325.3   0.770
20260407082507    199   1215.0   1230.0   20.0     23.6   1334.6   1351.8   0.803
20260407082507    205   1210.0   1225.0   20.0    118.8    949.8    949.3   0.741
20260407082507    211   1490.0   1550.0   20.0    529.4    985.5    972.3   0.834
20260407082507    213    300.0    320.0   20.0     32.3   1001.2   1001.1   0.787
20260407082507    213    505.0    570.0   20.0     94.5   1000.3    998.7   0.870
20260407082507    213   1045.0   1070.0   20.0     84.0    991.1    989.0   0.787
20260407082507    216   1095.0   1110.0   20.0     20.8   1190.0   1190.6   0.793
20260407082507    219    845.0    860.0   20.0     23.7   1331.2   1337.1   0.508
20260407082507    221   1120.0   1135.0   20.0     70.4   1059.1   1058.2   0.780
20260407082507    223   1240.0   1260.0   20.0     40.2   1000.8   1001.5   0.745
20260407082507    224    190.0    205.0   20.0     24.2   1237.2   1296.9   0.763
20260407082507    224    580.0    595.0   20.0     21.6   1354.7   1362.4   0.658
20260407082507    228      0.0   1800.0   20.0    114.6      0.0   1802.5   0.860
20260407082507    233    555.0    570.0   20.0     53.5   1551.8   1546.5   0.597
20260407082507    233   1105.0   1120.0   20.0     37.0   1546.2   1539.5   0.618
20260407082507    234    400.0    410.0   20.0     24.3   1951.5   1950.5   0.462
20260407082507    234    975.0    990.0   20.0     27.8   1950.1   1950.5   0.653
20260407082507    237    285.0    295.0   20.0     25.4   1469.8   1482.9   0.443
20260407082507    237    335.0    350.0   20.0     20.5   1501.1   1539.1   0.625
20260407082507    243   1275.0   1290.0   20.0     33.0   1087.0   1072.2   0.692
20260407082507    246      0.0   1800.0   20.0     89.3      0.0   2054.8   0.950
20260407082507    249    860.0    870.0   20.0     25.7   1094.7   1095.0   0.588
20260407085825      5    715.0    750.0   20.0    280.5   1016.1   1013.3   0.812
20260407085825      5   1395.0   1415.0   20.0     88.7   1009.5   1007.9   0.789
20260407085825      5   1650.0   1665.0   20.0    139.4   1009.8   1332.5   0.880
20260407085825     10    105.0    120.0   20.0     21.4   1095.6   1119.6   0.750
20260407085825     10   1020.0   1035.0   20.0     67.2   1170.4   1163.8   0.917
20260407085825     10   1240.0   1270.0   20.0     96.6   1176.8   1088.3   0.911
20260407085825     11   1045.0   1060.0   20.0     49.3   1144.3   1143.3   0.726
20260407085825     11   1130.0   1160.0   20.0     92.9   1180.6   1216.4   0.892
20260407085825     12     90.0    105.0   20.0     20.1   1255.9   1238.9   0.625
20260407085825     13    165.0    190.0   20.0     59.2   1002.5   1003.8   0.741
20260407085825     19    130.0    190.0   20.0     68.5    992.0   1242.8   0.809
20260407085825     19    590.0    605.0   20.0     22.8   1249.4   1238.0   0.802
20260407085825     20    355.0    370.0   20.0     41.0   1049.9   1049.1   0.798
20260407085825     20    720.0    735.0   20.0     72.0   1042.1   1043.0   0.773
20260407085825     23   1630.0   1655.0   20.0     71.3    992.9    956.6   0.798
20260407085825     28    125.0    145.0   20.0     79.7   1155.6    975.7   0.844
20260407085825     31   1695.0   1710.0   20.0     38.6    975.6   1026.0   0.798
20260407085825     31   1750.0   1765.0   20.0     75.2   1042.2    974.4   0.785
20260407085825     35    940.0    960.0   20.0     85.4    950.4    949.9   0.779
20260407085825     35   1645.0   1660.0   20.0    206.0    939.7   1398.2   0.900
20260407085825     39    160.0    175.0   20.0     25.2   1044.5   1043.1   0.628
20260407085825     53     95.0    110.0   20.0     53.5    936.4    923.7   0.819
20260407085825     53   1720.0   1735.0   20.0     83.6    917.0   1043.0   0.850
20260407085825     61     20.0     40.0   20.0     33.4   1094.0   1110.4   0.700
20260407085825     61    400.0    410.0   20.0     34.7   1190.9   1188.4   0.428
20260407085825     61    755.0    775.0   20.0     56.3   1201.5   1180.7   0.877
20260407085825     61   1615.0   1630.0   20.0     26.8   1202.2   1207.8   0.667
20260407085825     63    745.0    760.0   20.0     98.6    884.2    882.6   0.766
20260407085825     67    305.0    360.0   20.0    150.6    853.8    854.9   0.797
20260407085825     69    240.0    275.0   20.0    122.0    855.4    961.1   0.856
20260407085825     69    325.0    355.0   20.0     76.4    948.3    856.4   0.759
20260407085825     69   1360.0   1375.0   20.0     66.9    955.8   1091.1   0.901
20260407085825     69   1690.0   1800.0   20.0     58.3   1021.4    845.4   0.915
20260407085825     72    195.0    210.0   20.0     23.0   1059.3   1065.0   0.667
20260407085825     72   1045.0   1060.0   20.0     57.2   1037.4   1072.4   0.754
20260407085825     75    720.0    735.0   20.0     37.1    854.4    854.8   0.631
20260407085825     75    975.0    990.0   20.0     20.4    856.7    881.7   0.670
20260407085825     75   1060.0   1075.0   20.0     53.4    887.7    850.7   0.772
20260407085825     75   1170.0   1185.0   20.0     45.3    860.3    850.7   0.596
20260407085825     81    200.0    215.0   20.0     50.8    859.7    857.6   0.798
20260407085825     81   1720.0   1735.0   20.0    116.7    931.6    844.4   0.752
20260407085825     96      5.0     60.0   20.0     73.9    963.6   1156.1   0.747
20260407085825     96    170.0    185.0   20.0     39.6   1074.2   1119.6   0.839
20260407085825     99    940.0    960.0   20.0    169.3    834.8    838.2   0.818
20260407085825    103    910.0   1000.0   20.0     56.1    869.5    867.2   0.863
20260407085825    103   1630.0   1645.0   20.0    124.9    861.5    858.7   0.787
20260407085825    108    830.0    845.0   20.0     24.0   1156.3   1017.2   0.847
20260407085825    109   1365.0   1380.0   20.0     21.0    837.4    858.4   0.696
20260407085825    109   1530.0   1545.0   20.0     86.8    876.8   1048.8   0.809
20260407085825    109   1635.0   1650.0   20.0     21.4   1007.2    996.0   0.544
20260407085825    109   1685.0   1700.0   20.0     32.2   1002.8   1007.1   0.634
20260407085825    109   1755.0   1790.0   20.0     22.6    993.1   1000.0   0.603
20260407085825    111    790.0    850.0   20.0    207.7    833.2   1007.3   0.891
20260407085825    113    135.0    150.0   20.0     56.1   1324.2   1362.4   0.696
20260407085825    113    320.0    375.0   20.0     28.6   1371.9   1355.2   0.586
20260407085825    113   1135.0   1150.0   20.0     22.7   1348.0   1347.4   0.659
20260407085825    113   1360.0   1420.0   20.0     25.2   1360.9   1361.0   0.781
20260407085825    118   1245.0   1260.0   20.0     30.1    915.1    915.0   0.570
20260407085825    119    530.0    545.0   20.0     24.0    893.2    925.2   0.691
20260407085825    120    180.0    295.0   20.0     90.9   1037.8   1117.8   0.863
20260407085825    131    525.0    540.0   20.0     21.8    826.0    868.7   0.745
20260407085825    131    695.0    710.0   20.0    173.8    899.5    823.3   0.850
20260407085825    133     20.0     35.0   20.0     50.7    867.7    866.6   0.712
20260407085825    135    810.0    830.0   20.0    133.4    826.8    828.0   0.833
20260407085825    135   1280.0   1295.0   20.0     61.4    822.2    823.3   0.472
20260407085825    135   1680.0   1695.0   20.0     42.6    819.5    818.7   0.675
20260407085825    137    695.0    720.0   20.0     96.3    832.3   1031.7   0.865
20260407085825    148    485.0    505.0   20.0     44.8    878.1    877.6   0.765
20260407085825    148    955.0   1000.0   20.0    103.7    869.5    877.6   0.872
20260407085825    149     25.0     40.0   20.0    128.8    887.7    886.9   0.837
20260407085825    150   1330.0   1345.0   20.0     28.8   1194.4   1198.6   0.767
20260407085825    156    795.0    810.0   20.0     25.6    917.5    946.6   0.776
20260407085825    156    900.0    915.0   20.0     42.2    956.6    917.2   0.820
20260407085825    164   1110.0   1125.0   20.0     29.9    978.3    977.7   0.751
20260407085825    167   1580.0   1610.0   20.0    263.8    869.4    874.2   0.787
20260407085825    168      0.0   1800.0   20.0     80.4      0.0   1612.6   0.955
20260407085825    169    565.0    585.0   20.0     84.9    957.2    955.2   0.875
20260407085825    170    290.0    325.0   20.0     61.0    927.4    925.1   0.792
20260407085825    170    835.0    850.0   20.0     61.0    917.6    916.6   0.825
20260407085825    175    755.0    770.0   20.0     32.9    836.2    837.7   0.607
20260407085825    177    590.0    605.0   20.0    103.5    835.5    835.3   0.722
20260407085825    179   1005.0   1035.0   20.0    273.2    876.5    858.5   0.768
20260407085825    179   1080.0   1100.0   20.0     59.8    856.9   1074.8   0.838
20260407085825    181    650.0    665.0   20.0     33.1   1288.5   1314.9   0.836
20260407085825    184    875.0    900.0   20.0     26.3    972.5    972.7   0.696
20260407085825    188   1605.0   1620.0   20.0     27.8    941.7    973.6   0.744
20260407085825    189     35.0     50.0   20.0    147.0    858.7    856.6   0.582
20260407085825    189   1115.0   1125.0   20.0     25.2    845.7    849.2   0.548
20260407085825    190    180.0    285.0   20.0     40.7    868.5   1139.2   0.761
20260407085825    190    325.0    340.0   20.0     21.7   1126.7   1161.1   0.785
20260407085825    190    380.0    395.0   20.0     62.4   1157.3    866.5   0.942
20260407085825    190    695.0    710.0   20.0     31.6    862.5    956.7   0.787
20260407085825    190    790.0    800.0   20.0     20.3    955.9    954.9   0.463
20260407085825    190    870.0    925.0   20.0     62.5    959.6    862.3   0.860
20260407085825    190   1100.0   1120.0   20.0    153.2    863.1    865.5   0.858
20260407085825    194    625.0    640.0   20.0     26.6   1235.4   1283.5   0.897
20260407085825    211   1290.0   1305.0   20.0     39.0   1051.6   1046.9   0.763
20260407085825    213    640.0    690.0   20.0    217.2   1054.0   1059.7   0.807
20260407085825    216    275.0    290.0   20.0     20.3   1292.9   1292.7   0.753
20260407085825    218    550.0    565.0   20.0     36.9   1084.1   1144.8   0.752
20260407085825    218   1180.0   1195.0   20.0     30.7   1208.2   1271.4   0.705
20260407085825    218   1245.0   1260.0   20.0     27.2   1296.4   1369.6   0.757
20260407085825    224     55.0     70.0   20.0     56.2   1356.2   1543.2   0.913
20260407085825    224    175.0    190.0   20.0     23.6   1430.9   1490.5   0.805
20260407085825    224    765.0    815.0   20.0     50.3   1535.2   1537.8   0.876
20260407085825    225     30.0     45.0   20.0     62.2   1209.3   1312.0   0.885
20260407085825    225    120.0    135.0   20.0     60.6   1318.2   1343.6   0.875
20260407085825    225    215.0    230.0   20.0     66.7   1382.5   1387.5   0.900
20260407085825    225    265.0    340.0   20.0     24.6   1396.2   1506.9   0.663
20260407085825    225    490.0    525.0   20.0     49.4   1405.3   1377.1   0.835
20260407085825    225    565.0    615.0   20.0     64.3   1378.8   1394.8   0.919
20260407085825    225    655.0    705.0   20.0     27.8   1372.8   1361.8   0.833
20260407085825    225    860.0    870.0   20.0     26.7   1359.9   1410.5   0.445
20260407085825    225    945.0    960.0   20.0     24.7   1411.5   1459.3   0.680
20260407085825    225   1000.0   1050.0   20.0     24.2   1456.9   1464.1   0.675
20260407085825    225   1085.0   1100.0   20.0     35.9   1476.0   1487.9   0.801
20260407085825    226      0.0     10.0   20.0     21.0      0.0   1139.7   0.601
20260407085825    228      0.0    220.0   20.0     32.7      0.0   2008.8   0.888
20260407085825    228    280.0    330.0   20.0     27.9   2012.9   2013.3   0.861
20260407085825    228    390.0    470.0   20.0     28.5   2014.1   2010.2   0.841
20260407085825    228    505.0    545.0   20.0     25.8   2008.4   2006.5   0.800
20260407085825    238    500.0    515.0   20.0     20.5   1829.0   1777.8   0.897
20260407085825    238   1345.0   1360.0   20.0     23.7   1836.3   1779.8   0.877
20260407085825    246      0.0   1790.0   20.0    105.3      0.0   2131.0   0.941
20260407085825    247   1685.0   1700.0   20.0     21.0   1282.3   1271.0   0.536
20260407085825    249   1145.0   1175.0   20.0    282.7   1138.2   1121.7   0.799
20260407093144      1     35.0     50.0   20.0     21.2   1996.7   1994.9   0.905
20260407093144      5    310.0    325.0   20.0     82.6   1035.0   1032.0   0.800
20260407093144      5    695.0    710.0   20.0    111.9   1027.6   1165.1   0.736
20260407093144      5    775.0    790.0   20.0     45.1   1171.6   1173.7   0.760
20260407093144      5    890.0    900.0   20.0     20.8   1199.7   1206.9   0.491
20260407093144      5    975.0    990.0   20.0     33.8   1209.1   1217.9   0.744
20260407093144      5   1085.0   1100.0   20.0     50.0   1238.8   1233.7   0.744
20260407093144      5   1285.0   1350.0   20.0    182.4   1257.6   1028.4   0.857
20260407093144      5   1510.0   1530.0   20.0    283.9   1024.3   1024.1   0.744
20260407093144     10   1425.0   1440.0   20.0     32.4   1094.7   1123.3   0.759
20260407093144     10   1635.0   1650.0   20.0     26.3   1162.0   1166.5   0.709
20260407093144     10   1725.0   1740.0   20.0     23.9   1164.3   1166.7   0.727
20260407093144     19    120.0    135.0   20.0     39.9   1005.7   1013.0   0.806
20260407093144     19    310.0    330.0   20.0    143.7   1009.6   1005.5   0.887
20260407093144     19   1560.0   1595.0   20.0    143.8   1002.3   1353.0   0.867
20260407093144     19   1740.0   1755.0   20.0     29.4   1362.4   1380.5   0.768
20260407093144     20   1130.0   1145.0   20.0     58.1   1069.2   1069.1   0.722
20260407093144     29    255.0    270.0   20.0     54.1    978.3    977.7   0.758
20260407093144     35   1270.0   1310.0   20.0    237.1    984.3    984.8   0.808
20260407093144     36    945.0    960.0   20.0     41.4   1651.9   1608.3   0.836
20260407093144     41    775.0    790.0   20.0     27.8   1304.6   1334.6   0.845
20260407093144     41   1415.0   1430.0   20.0     64.4   1316.5   1408.3   0.919
20260407093144     46    105.0    120.0   20.0     30.0   1599.7   1606.9   0.879
20260407093144     52   1535.0   1550.0   20.0     27.1    966.4   1029.0   0.864
20260407093144     52   1640.0   1655.0   20.0     36.7   1071.5   1057.5   0.778
20260407093144     52   1780.0   1795.0   20.0     27.6   1106.3   1103.4   0.793
20260407093144     55    405.0    425.0   20.0     76.7    955.0    955.1   0.773
20260407093144     55   1760.0   1800.0   20.0     35.8    947.4   1036.2   0.777
20260407093144     61    670.0    715.0   20.0     27.3   1429.4   1454.8   0.844
20260407093144     61   1450.0   1465.0   20.0     61.9   1121.1    980.2   0.817
20260407093144     63    670.0    690.0   20.0     54.8    978.0    977.9   0.785
20260407093144     69      0.0     15.0   20.0     23.8      0.0   1167.7   0.480
20260407093144     69     55.0    105.0   20.0    132.2   1165.9    947.7   0.807
20260407093144     71    355.0    370.0   20.0     36.0   1524.2   1604.3   0.868
20260407093144     73    145.0    165.0   20.0     84.9    946.5    945.9   0.795
20260407093144     75    925.0    970.0   20.0     71.9    951.2    951.3   0.933
20260407093144     75   1245.0   1260.0   20.0     26.7    950.4    951.2   0.436
20260407093144     99   1525.0   1545.0   20.0     42.1    858.3    858.4   0.769
20260407093144    100      0.0     10.0   20.0     33.8      0.0    951.0   0.764
20260407093144    100    190.0    210.0   20.0     29.5    974.4    980.6   0.818
20260407093144    100    530.0    545.0   20.0    133.2   1057.4    910.7   0.789
20260407093144    103     45.0    115.0   20.0    101.1    884.0    881.6   0.798
20260407093144    112   1260.0   1275.0   20.0     27.8    886.0    886.2   0.767
20260407093144    113    180.0    195.0   20.0     25.1   1453.9   1462.2   0.602
20260407093144    119    480.0    500.0   20.0     38.6    879.2    881.5   0.749
20260407093144    120    155.0    195.0   20.0     36.4    967.8   1105.2   0.881
20260407093144    131    130.0    175.0   20.0     34.5    878.0    877.6   0.730
20260407093144    131    920.0    940.0   20.0     59.5    872.3    872.7   0.883
20260407093144    141     25.0     45.0   20.0     83.4   1048.1    958.9   0.816
20260407093144    148     25.0     40.0   20.0     23.7    959.0    989.1   0.766
20260407093144    148    305.0    320.0   20.0     20.5    995.5   1017.8   0.850
20260407093144    156    320.0    375.0   20.0    105.2   1006.9   1005.7   0.858
20260407093144    159    835.0    850.0   20.0     53.5     93.4    102.9   0.689
20260407093144    168      0.0   1800.0   20.0    103.8      0.0   1807.9   0.940
20260407093144    175    680.0    695.0   20.0     76.0    925.8    924.3   0.694
20260407093144    179     50.0     65.0   20.0     46.0    965.8    993.1   0.733
20260407093144    179   1540.0   1555.0   20.0     44.5    954.5    954.8   0.629
20260407093144    179   1605.0   1625.0   20.0    167.2    955.2    962.3   0.814
20260407093144    188     15.0     30.0   20.0     79.0   1114.4   1142.2   0.861
20260407093144    188    660.0    675.0   20.0     20.6   1230.6   1227.7   0.585
20260407093144    188    985.0   1000.0   20.0     24.9   1220.2   1231.8   0.745
20260407093144    188   1300.0   1350.0   20.0     33.8   1260.9   1291.2   0.766
20260407093144    189    125.0    150.0   20.0    137.7    960.4    963.7   0.802
20260407093144    189   1315.0   1375.0   20.0     92.5    952.9   1239.2   0.885
20260407093144    189   1425.0   1470.0   20.0     54.9   1262.3   1338.4   0.848
20260407093144    189   1535.0   1550.0   20.0     22.6   1322.5   1345.2   0.834
20260407093144    190     10.0     60.0   20.0     26.8   1097.8   1038.5   0.782
20260407093144    190    345.0    375.0   20.0     41.8   1152.7   1193.9   0.889
20260407093144    190    440.0    455.0   20.0     38.8   1083.5   1130.0   0.789
20260407093144    190    620.0    635.0   20.0     86.7   1189.1   1260.7   0.755
20260407093144    194    995.0   1010.0   20.0     28.2   1398.4   1407.1   0.736
20260407093144    209      0.0     15.0   20.0     64.6      0.0   1020.7   0.736
20260407093144    209    610.0    625.0   20.0    128.4   1011.7   1011.9   0.781
20260407093144    209    835.0    850.0   20.0     88.6   1009.5   1009.4   0.641
20260407093144    211   1175.0   1360.0   20.0     33.7   1012.5   1241.6   0.839
20260407093144    211   1415.0   1610.0   20.0     50.8   1222.3   1339.8   0.812
20260407093144    211   1650.0   1665.0   20.0     20.5   1341.0   1332.3   0.579
20260407093144    211   1715.0   1725.0   20.0     21.9   1362.4   1362.3   0.523
20260407093144    211   1765.0   1780.0   20.0     23.0   1380.5   1374.3   0.731
20260407093144    213    370.0    395.0   20.0    148.6   1022.1   1050.9   0.841
20260407093144    213    525.0    545.0   20.0    179.7   1045.1   1046.3   0.685
20260407093144    213    610.0    630.0   20.0    185.8   1044.9   1288.5   0.847
20260407093144    213    675.0    715.0   20.0    138.3   1259.0   1018.6   0.836
20260407093144    216    860.0    875.0   20.0     22.0   1230.3   1251.7   0.747
20260407093144    216    935.0    950.0   20.0     39.4   1274.3   1227.2   0.832
20260407093144    218    425.0    440.0   20.0     65.7   1050.6   1240.2   0.758
20260407093144    223   1110.0   1125.0   20.0     60.1   1029.1   1028.4   0.589
20260407093144    226   1705.0   1720.0   20.0     32.1   1088.3   1108.3   0.815
20260407093144    231   1205.0   1230.0   20.0     64.4   1052.0   1508.2   0.750
20260407093144    233     40.0     75.0   20.0     67.7   1519.2   1598.7   0.920
20260407093144    237      0.0     15.0    2.2    217.5      0.0   1937.0   0.448
20260407093144    237     55.0     65.0    0.9    220.9   1935.9   1937.3   0.471
20260407093144    237    320.0    355.0    7.5    189.6   1913.5   1911.9   0.528
20260407093144    237    395.0   1800.0   11.1    167.3   1885.9   1852.9   0.782
20260407093144    238    160.0    175.0   20.0     54.1   1821.7   1752.3   0.878
20260407093144    238    880.0    895.0   20.0     36.2   1818.3   1749.8   0.872
20260407093144    238    935.0    950.0   20.0     93.7   1852.1   1713.3   0.768
20260407093144    238   1225.0   1280.0   20.0     71.1   1742.4   1750.1   0.873
20260407093144    238   1360.0   1445.0   20.0    104.8   1787.3   1715.9   0.893
20260407093144    248    195.0    210.0   20.0     50.2   1135.3   1134.0   0.815
20260407093144    249   1060.0   1080.0   20.0     63.7   1106.0   1105.5   0.816
20260407100504      1      0.0     10.0   20.0     21.3      0.0   1976.3   0.921
20260407100504      1     85.0    100.0   20.0     20.4   1971.7   1969.6   0.909
20260407100504      3      5.0     20.0   20.0     38.5   1009.3   1011.9   0.471
20260407100504      3    440.0    455.0   20.0     20.4   1021.7   1007.3   0.757
20260407100504     10      5.0     20.0   20.0     88.9   1197.6   1417.6   0.898
20260407100504     10    115.0    130.0   20.0     26.1   1397.2   1387.8   0.800
20260407100504     10    190.0    200.0   20.0     22.2   1374.8   1380.8   0.595
20260407100504     13    335.0    355.0   20.0     57.7   1009.7   1009.1   0.846
20260407100504     19     35.0     85.0   20.0     50.3   1149.3   1213.4   0.750
20260407100504     19    165.0    180.0   20.0     25.8   1215.2   1209.7   0.740
20260407100504     19    295.0    310.0   20.0     29.9   1203.5   1236.0   0.772
20260407100504     21    505.0    535.0   20.0     53.6   1040.3   1038.9   0.804
20260407100504     28    410.0    425.0   20.0     29.0   1002.4   1048.1   0.720
20260407100504     28    505.0    535.0   20.0     68.9   1059.3   1201.2   0.883
20260407100504     43     15.0     30.0   20.0     84.3   1455.2   1540.5   0.810
20260407100504     51    435.0    515.0   20.0     64.9    932.0    944.8   0.947
20260407100504     52     70.0     85.0   20.0     23.4   1032.0   1118.9   0.810
20260407100504     55    235.0    330.0   20.0     73.4    931.1    931.1   0.829
20260407100504     67    345.0    360.0   20.0     78.7    911.5    910.9   0.733
20260407100504     69    100.0    135.0   20.0     47.3   1125.2   1138.1   0.566
20260407100504     69    200.0    355.0   20.0    198.7   1209.9    916.0   0.858
20260407100504     75    125.0    145.0   20.0    156.6    918.6    919.2   0.799
20260407100504     99    335.0    385.0   20.0    250.5    930.9    916.6   0.812
20260407100504    100    220.0    235.0   20.0     35.1    959.6   1013.1   0.747
20260407100504    100    415.0    435.0   20.0     41.5   1061.9   1172.5   0.878
20260407100504    120      0.0     15.0   20.0     26.0      0.0   1194.1   0.798
20260407100504    120     55.0     70.0   20.0     31.9   1211.6   1179.1   0.913
20260407100504    135    270.0    285.0   20.0     42.0    928.2    979.5   0.858
20260407100504    135    335.0    435.0   20.0    190.3    986.3    924.5   0.846
20260407100504    144    365.0    380.0   20.0     22.8   1012.4   1011.8   0.695
20260407100504    149    475.0    490.0   20.0    180.8    973.6    971.4   0.657
20260407100504    168      0.0    530.0   20.0     95.3      0.0   1850.2   0.960
20260407100504    169    325.0    370.0   20.0    153.9   1077.9   1077.5   0.797
20260407100504    177    285.0    315.0   20.0    129.4    955.2    957.1   0.798
20260407100504    188    485.0    500.0   20.0     21.7   1336.3   1339.8   0.812
20260407100504    199    100.0    115.0   20.0     23.1   1659.0   1650.8   0.594
20260407100504    208      0.0     10.0   20.0     71.9      0.0   1871.5   0.804
20260407100504    211     25.0     35.0   20.0     35.1   1393.3   1371.7   0.405
20260407100504    211     90.0    120.0   20.0    133.4   1435.1   1033.5   0.823
20260407100504    213     15.0     80.0   20.0    349.3   1039.9   1062.9   0.843
20260407100504    221    280.0    295.0   20.0     95.6   1114.6   1217.6   0.857
20260407100504    226    495.0    510.0   20.0     40.2   1135.2   1160.9   0.791
20260407100504    231     50.0     70.0   20.0    123.9   1077.2   1366.4   0.833
20260407100504    231    110.0    120.0   20.0     20.6   1462.5   1511.2   0.606
20260407100504    231    220.0    235.0   20.0     30.7   1427.9   1443.5   0.859
20260407100504    231    380.0    395.0   20.0    239.3   1092.3   1580.9   0.869
20260407100504    231    450.0    470.0   20.0    232.4   1606.3   1122.1   0.872
20260407100504    233     90.0    130.0   20.0     64.5   1596.1   1590.3   0.881
20260407100504    233    270.0    285.0   20.0     38.7   1602.4   1669.9   0.929
20260407100504    237      5.0     20.0   20.0    245.1   1761.0   1779.5   0.779
20260407100504    237     95.0    115.0   20.0    252.6   1760.4   1788.4   0.784
20260407100504    237    315.0    335.0   20.0    246.9   1755.6   1774.1   0.773
20260407100504    237    440.0    455.0   20.0    248.1   1764.4   1773.8   0.696
20260407100504    238     45.0     60.0   20.0    142.4   1736.2   1733.8   0.797
20260407100504    244     95.0    110.0   20.0     21.7   2161.5   2164.5   0.887
20260407100504    248     65.0     80.0   20.0     25.5   1147.0   1150.1   0.472

========================================================================
  End of report
========================================================================
