========================================================================
  STEP NOISE FINDER — SCAN REPORT
========================================================================

Date:       2026-04-22 14:08:22
Folder:     D:/Data/Complete_Runs\KSH01-010E-02L66628w01-237F07a
Files:      18
            - KSH01-010E-02L66628w01-237F07a-OHMX237-237_20260406172307_Baseline.tdd
            - KSH01-010E-02L66628w01-237F07a-OHMX237-237_20260406172830_Baseline.tdd
            - KSH01-010E-02L66628w01-237F07a-OHMX237-237_20260406180157_Baseline.tdd
            - KSH01-010E-02L66628w01-237F07a-OHMX237-237_20260406183522_Baseline.tdd
            - KSH01-010E-02L66628w01-237F07a-OHMX237-237_20260406190846_Baseline.tdd
            - KSH01-010E-02L66628w01-237F07a-OHMX237-237_20260406194207_Baseline.tdd
            - KSH01-010E-02L66628w01-237F07a-OHMX237-237_20260406201528_Baseline.tdd
            - KSH01-010E-02L66628w01-237F07a-OHMX237-237_20260406204854_Baseline.tdd
            - KSH01-010E-02L66628w01-237F07a-OHMX237-237_20260406212217_Baseline.tdd
            - KSH01-010E-02L66628w01-237F07a-OHMX237-237_20260406215542_Baseline.tdd
            - KSH01-010E-02L66628w01-237F07a-OHMX237-237_20260406222905_Baseline.tdd
            - KSH01-010E-02L66628w01-237F07a-OHMX237-237_20260406230228_Baseline.tdd
            - KSH01-010E-02L66628w01-237F07a-OHMX237-237_20260406233549_Baseline.tdd
            - KSH01-010E-02L66628w01-237F07a-OHMX237-237_20260407000912_Baseline.tdd
            - KSH01-010E-02L66628w01-237F07a-OHMX237-237_20260407004237_Baseline.tdd
            - KSH01-010E-02L66628w01-237F07a-OHMX237-237_20260407011558_Baseline.tdd
            - KSH01-010E-02L66628w01-237F07a-OHMX237-237_20260407014921_Baseline.tdd
            - KSH01-010E-02L66628w01-237F07a-OHMX237-237_20260407022244_Baseline.tdd

Parameters:
  Amplitude  >= 20.0 mV
  Frequency     0.1 - 20.0 Hz
  Periodicity >= 0.4
  Gap merge  <= 30.0 s

========================================================================
  SUMMARY
========================================================================

  Channels with step noise: 2569
  Total segments detected:  5617
  Files with detections:    18

========================================================================
  DETECTIONS
========================================================================

File               Ch    Start      End   Freq      Amp    PreBL   PostBL  Period
---------------------------------------------------------------------------------
20260406172307     10     25.0     40.0   20.0     45.1    928.7    927.9   0.670
20260406172307     35     30.0     45.0   20.0     61.6    879.6    954.0   0.755
20260406172307     49     55.0     70.0   20.0     83.4    870.3   1027.3   0.861
20260406172307    180     20.0     35.0   20.0     44.0    851.0    851.8   0.809
20260406172307    221      0.0     10.0   20.0    104.4      0.0    958.7   0.774
20260406172307    222     65.0    115.0   20.0    102.1    952.9   1087.7   0.780
20260406172307    239     80.0    100.0   20.0    155.3   1010.3   1009.2   0.866
20260406172830      1    825.0    840.0   20.0     95.8    987.5   1133.6   0.848
20260406172830      1    880.0    900.0   20.0    173.1   1147.8    988.7   0.863
20260406172830      3   1275.0   1320.0   20.0     88.7    994.2    994.8   0.776
20260406172830      4    165.0    175.0   20.0     29.0    972.8    976.9   0.474
20260406172830      4    945.0    960.0   20.0     21.3    983.2    984.2   0.485
20260406172830      6    365.0    380.0   20.0    105.2    968.0    967.1   0.823
20260406172830      6    545.0    605.0   20.0    167.1    970.3    959.5   0.766
20260406172830      7   1705.0   1740.0   20.0    140.9    952.0    952.6   0.872
20260406172830      8   1245.0   1310.0   20.0    118.6    952.8    952.9   0.820
20260406172830      8   1735.0   1750.0   20.0     21.2    944.7    943.5   0.542
20260406172830      9    125.0    155.0   20.0     90.2    943.3   1066.0   0.763
20260406172830      9    190.0    205.0   20.0    127.2   1083.8    945.6   0.746
20260406172830      9   1715.0   1735.0   20.0     59.6    938.6    938.8   0.739
20260406172830     10    180.0    230.0   20.0    122.2    950.5    950.6   0.760
20260406172830     10    680.0    695.0   20.0     24.1    960.0   1027.7   0.798
20260406172830     10    995.0   1055.0   20.0     42.4   1086.7   1163.8   0.777
20260406172830     10   1170.0   1195.0   20.0    125.2   1161.7    958.3   0.884
20260406172830     12    210.0    225.0   20.0    101.1    935.4   1109.2   0.844
20260406172830     12    275.0    290.0   20.0     27.0   1139.6   1162.7   0.739
20260406172830     12    350.0    365.0   20.0     20.0   1168.3   1180.5   0.725
20260406172830     12    545.0    560.0   20.0     28.4   1189.6   1195.9   0.659
20260406172830     12    640.0    655.0   20.0     20.7   1191.5   1219.4   0.845
20260406172830     12    720.0    775.0   20.0     27.2   1217.3   1227.6   0.742
20260406172830     12    880.0    895.0   20.0     33.0   1242.2   1272.7   0.879
20260406172830     14   1040.0   1065.0   20.0     73.8    938.0    936.7   0.743
20260406172830     14   1465.0   1535.0   20.0    122.1    938.6    936.2   0.870
20260406172830     14   1650.0   1665.0   20.0     62.5    936.9    938.0   0.583
20260406172830     15    140.0    180.0   20.0    161.8    942.6   1130.1   0.770
20260406172830     15    215.0    375.0   20.0     48.9   1122.0   1289.3   0.779
20260406172830     15    430.0    445.0   20.0     20.8   1269.5   1291.0   0.733
20260406172830     15    595.0    610.0   20.0     33.3   1277.3   1284.7   0.773
20260406172830     15    660.0    680.0   20.0    131.2   1292.7    935.2   0.914
20260406172830     15   1130.0   1145.0   20.0     56.2    936.6    936.6   0.839
20260406172830     15   1255.0   1270.0   20.0    166.6    940.7   1341.9   0.871
20260406172830     16    950.0    995.0   20.0    146.6    940.8    938.2   0.774
20260406172830     16   1250.0   1265.0   20.0    272.1    937.9    937.9   0.823
20260406172830     17   1380.0   1395.0   20.0     29.1    936.7    931.4   0.585
20260406172830     17   1480.0   1495.0   20.0    181.4    939.1   1174.5   0.768
20260406172830     17   1540.0   1560.0   20.0    145.3   1184.8   1203.8   0.646
20260406172830     17   1595.0   1620.0   20.0     98.8   1198.0   1323.6   0.763
20260406172830     17   1715.0   1795.0   20.0     51.8   1340.8   1197.1   0.752
20260406172830     18    470.0    490.0   20.0    108.3    931.1    928.7   0.739
20260406172830     19   1365.0   1470.0   20.0    213.5    924.5    923.1   0.781
20260406172830     19   1615.0   1690.0   20.0    156.3    926.7    931.4   0.856
20260406172830     20   1180.0   1195.0   20.0     86.6    932.3    932.7   0.642
20260406172830     21    455.0    470.0   20.0     45.1    981.3    932.3   0.773
20260406172830     21   1335.0   1390.0   20.0     88.7    936.0   1146.0   0.758
20260406172830     21   1475.0   1490.0   20.0     35.3   1175.8   1189.4   0.905
20260406172830     21   1535.0   1550.0   20.0     50.7   1137.3   1159.9   0.817
20260406172830     21   1645.0   1685.0   20.0     74.2   1172.8   1275.8   0.805
20260406172830     23   1755.0   1770.0   20.0     20.2    935.8    931.6   0.670
20260406172830     24   1770.0   1785.0   20.0    146.3    903.1    903.2   0.798
20260406172830     25    680.0    695.0   20.0    101.6    921.8    920.7   0.659
20260406172830     26   1690.0   1755.0   20.0    145.9    914.1    913.0   0.794
20260406172830     27     60.0     75.0   20.0     25.0    914.8    951.3   0.748
20260406172830     27    285.0    300.0   20.0     66.8    987.9    912.6   0.756
20260406172830     28     80.0     95.0   20.0     77.5    915.4    915.1   0.657
20260406172830     28   1200.0   1215.0   20.0     35.2    923.5    992.4   0.785
20260406172830     28   1290.0   1305.0   20.0     59.3   1058.0   1059.3   0.743
20260406172830     28   1355.0   1415.0   20.0     26.8   1079.5   1156.3   0.768
20260406172830     28   1490.0   1505.0   20.0     32.4   1170.8   1172.3   0.839
20260406172830     29   1400.0   1415.0   20.0    191.7    899.5   1276.4   0.841
20260406172830     30    305.0    320.0   20.0     47.1    911.7    907.1   0.644
20260406172830     30   1080.0   1095.0   20.0     46.4    914.9    996.1   0.813
20260406172830     31     40.0     55.0   20.0     55.7    901.1    900.8   0.629
20260406172830     33    960.0    975.0   20.0     69.7    909.4    904.9   0.713
20260406172830     34    900.0    960.0   20.0    134.0    895.7    899.3   0.810
20260406172830     34   1635.0   1650.0   20.0     30.2    895.2    939.4   0.755
20260406172830     35      0.0     20.0   20.0     44.8      0.0   1097.4   0.787
20260406172830     35     85.0    100.0   20.0     21.2   1109.2   1126.4   0.820
20260406172830     35    145.0    160.0   20.0     34.2   1143.7   1167.1   0.743
20260406172830     35    205.0    220.0   20.0     38.2   1170.1   1191.7   0.852
20260406172830     35    410.0    425.0   20.0     24.6   1177.6   1219.9   0.848
20260406172830     36   1180.0   1200.0   20.0     85.4    885.5    887.8   0.825
20260406172830     36   1600.0   1615.0   20.0     60.7    888.9    969.3   0.742
20260406172830     36   1670.0   1685.0   20.0     26.6    980.8    987.1   0.623
20260406172830     37   1220.0   1235.0   20.0     36.6    950.1    892.6   0.808
20260406172830     37   1445.0   1460.0   20.0     21.0    896.2    896.7   0.694
20260406172830     38    855.0    870.0   20.0     66.7    895.0    895.6   0.756
20260406172830     38   1285.0   1310.0   20.0    156.2    890.6    892.8   0.828
20260406172830     39   1150.0   1165.0   20.0     33.7    906.7    952.1   0.736
20260406172830     39   1290.0   1340.0   20.0     25.7    981.1   1065.9   0.867
20260406172830     39   1380.0   1395.0   20.0     36.0   1069.1   1152.9   0.780
20260406172830     39   1525.0   1540.0   20.0     27.0   1176.9   1199.7   0.774
20260406172830     42   1340.0   1355.0   20.0     94.7    886.1    881.1   0.779
20260406172830     43    390.0    405.0   20.0     20.1    882.2    904.2   0.744
20260406172830     43    460.0    475.0   20.0    104.9    950.0    880.9   0.780
20260406172830     45    155.0    170.0   20.0     94.0    888.9    887.8   0.604
20260406172830     45    215.0    230.0   20.0     49.4    888.8    887.0   0.774
20260406172830     48    175.0    195.0   20.0    117.1    885.1   1210.3   0.929
20260406172830     48    270.0    285.0   20.0     72.2   1173.8   1255.2   0.780
20260406172830     49    260.0    275.0   20.0     29.9    894.9    946.3   0.822
20260406172830     49    325.0    380.0   20.0     75.0    979.7   1043.3   0.727
20260406172830     49    795.0    810.0   20.0     29.8   1009.6   1040.6   0.811
20260406172830     49   1105.0   1120.0   20.0     33.0   1094.6   1122.3   0.838
20260406172830     49   1280.0   1320.0   20.0     64.8   1111.3    888.5   0.838
20260406172830     51    380.0    395.0   20.0     23.2    876.2    911.9   0.746
20260406172830     51    435.0    465.0   20.0     22.9    944.3    976.2   0.529
20260406172830     51    645.0    695.0   20.0     33.3   1061.1   1090.0   0.792
20260406172830     51    820.0    835.0   20.0     63.4   1143.9   1144.5   0.672
20260406172830     52   1510.0   1560.0   20.0    193.7    866.7    867.2   0.787
20260406172830     53   1350.0   1380.0   20.0    194.3    874.1   1168.1   0.772
20260406172830     53   1415.0   1500.0   20.0     94.6   1147.4   1286.2   0.765
20260406172830     53   1545.0   1575.0   20.0     47.9   1358.1   1289.7   0.799
20260406172830     54    525.0    540.0   20.0     46.2    877.7    876.9   0.768
20260406172830     54   1040.0   1080.0   20.0    215.0    876.9    877.5   0.812
20260406172830     54   1710.0   1730.0   20.0     93.4    874.9    997.5   0.841
20260406172830     55   1425.0   1445.0   20.0     86.6    871.6   1065.8   0.804
20260406172830     55   1580.0   1595.0   20.0     21.4   1112.4   1140.7   0.919
20260406172830     56    230.0    295.0   20.0     75.4    861.1    963.8   0.792
20260406172830     56    465.0    490.0   20.0     36.4   1039.5   1117.9   0.890
20260406172830     56    605.0    620.0   20.0     21.2   1127.7   1155.6   0.840
20260406172830     56   1040.0   1055.0   20.0     24.7   1174.0   1168.9   0.867
20260406172830     57    790.0    805.0   20.0     53.0    859.1    856.6   0.662
20260406172830     57   1295.0   1350.0   20.0     52.5    907.5    856.9   0.775
20260406172830     58     20.0     95.0   20.0    125.4    870.6   1120.8   0.819
20260406172830     58    140.0    155.0   20.0     41.8   1060.2   1084.3   0.701
20260406172830     58    205.0    220.0   20.0     67.9   1086.1   1177.4   0.847
20260406172830     58    370.0    400.0   20.0     34.1   1211.6   1235.5   0.830
20260406172830     58    600.0    615.0   20.0     29.5   1221.1   1235.5   0.674
20260406172830     58    900.0    915.0   20.0     60.3   1226.1   1230.6   0.683
20260406172830     58   1375.0   1390.0   20.0     31.9   1270.7   1262.3   0.675
20260406172830     64    180.0    200.0   20.0     45.4    855.0    854.8   0.812
20260406172830     64   1565.0   1580.0   20.0     23.1    858.3    856.8   0.758
20260406172830     64   1645.0   1660.0   20.0     37.2    859.0    935.0   0.715
20260406172830     64   1735.0   1750.0   20.0     37.8    953.1    981.0   0.678
20260406172830     65    310.0    335.0   20.0     86.5    857.8    859.6   0.796
20260406172830     66    895.0    915.0   20.0    139.1    866.2    864.8   0.805
20260406172830     67   1545.0   1585.0   20.0     56.6    851.0    941.7   0.838
20260406172830     69    340.0    365.0   20.0    273.2    840.4    845.7   0.918
20260406172830     69    540.0    555.0   20.0     69.7    841.4    841.0   0.699
20260406172830     69   1600.0   1615.0   20.0     30.0    844.0    844.2   0.741
20260406172830     70    360.0    385.0   20.0     52.9    846.0    972.4   0.877
20260406172830     70    965.0    980.0   20.0     27.6   1096.8    928.9   0.874
20260406172830     70   1070.0   1085.0   20.0     64.2    913.1    839.9   0.754
20260406172830     71    705.0    720.0   20.0     47.7    844.1    844.0   0.795
20260406172830     73    115.0    130.0   20.0     59.5    843.1    842.6   0.754
20260406172830     73   1535.0   1575.0   20.0    197.5    844.6    847.2   0.770
20260406172830     73   1635.0   1650.0   20.0     39.9    845.2    900.2   0.723
20260406172830     74    650.0    670.0   20.0     99.9    879.5    879.7   0.803
20260406172830     76    100.0    115.0   20.0     36.5   1128.0   1174.6   0.768
20260406172830     76    150.0    195.0   20.0     24.0   1193.8   1207.2   0.876
20260406172830     76    275.0    290.0   20.0     39.1   1195.5   1258.5   0.783
20260406172830     76    590.0    615.0   20.0     24.4   1232.1   1234.0   0.858
20260406172830     76    650.0    710.0   20.0     66.7   1241.4   1233.2   0.858
20260406172830     76    770.0    875.0   20.0    149.7   1262.1   1353.3   0.895
20260406172830     76    990.0   1725.0   20.0    174.0   1322.6   1344.5   0.896
20260406172830     77   1070.0   1085.0   20.0     58.3    846.5    844.7   0.772
20260406172830     78     95.0    110.0   20.0     48.6    856.3    856.6   0.728
20260406172830     79    520.0    545.0   20.0    130.6    853.0    851.8   0.822
20260406172830     81    225.0    240.0   20.0     29.4    845.3    844.1   0.636
20260406172830     81    785.0    800.0   20.0     90.8    842.1    842.4   0.826
20260406172830     82   1585.0   1605.0   20.0     97.8    841.2    843.5   0.851
20260406172830     82   1720.0   1735.0   20.0    103.2    842.1    956.2   0.765
20260406172830     82   1780.0   1800.0   20.0    204.2    968.8    841.1   0.781
20260406172830     83    880.0    895.0   20.0     28.1    838.3    914.3   0.768
20260406172830     83   1285.0   1300.0   20.0     34.2   1086.4   1136.8   0.833
20260406172830     84    965.0    990.0   20.0    173.0    870.6    843.1   0.860
20260406172830     84   1700.0   1715.0   20.0     95.6    845.3    844.4   0.721
20260406172830     85    395.0    410.0   20.0     84.0    839.3    839.7   0.785
20260406172830     85    720.0    745.0   20.0    136.1    834.1    837.9   0.822
20260406172830     85    915.0    930.0   20.0    259.0    837.6   1301.4   0.860
20260406172830     87    660.0    675.0   20.0     63.3    836.4    836.7   0.603
20260406172830     87   1610.0   1625.0   20.0     42.9    840.6    840.4   0.792
20260406172830     88   1455.0   1480.0   20.0    130.0    833.4    836.4   0.855
20260406172830     90   1445.0   1480.0   20.0    130.8    864.8    860.5   0.930
20260406172830     90   1625.0   1650.0   20.0    172.2    863.6    862.2   0.832
20260406172830     91     35.0     55.0   20.0     86.4    841.6    841.5   0.719
20260406172830     91   1215.0   1230.0   20.0     91.4    877.7    842.7   0.744
20260406172830     92    205.0    220.0   20.0     33.4    839.5    841.0   0.808
20260406172830     93   1150.0   1170.0   20.0     83.8    839.7    841.5   0.810
20260406172830     93   1490.0   1510.0   20.0     45.2    842.1    841.9   0.762
20260406172830     93   1765.0   1785.0   20.0     39.6    844.4    917.2   0.807
20260406172830     94    670.0    685.0   20.0     57.0    852.8    850.1   0.752
20260406172830     94   1640.0   1695.0   20.0     54.4    835.0    832.8   0.762
20260406172830     95    335.0    350.0   20.0     21.7    832.3    833.6   0.562
20260406172830     95    665.0    680.0   20.0     72.4    836.1    836.1   0.814
20260406172830     95    975.0    990.0   20.0    113.5    834.2    833.7   0.805
20260406172830     96    960.0    975.0   20.0     54.0    832.6    834.2   0.779
20260406172830     99    625.0    650.0   20.0    150.0    840.8    842.9   0.763
20260406172830     99    985.0   1000.0   20.0     20.2    839.2    841.7   0.681
20260406172830     99   1355.0   1370.0   20.0     20.9    839.4    841.7   0.706
20260406172830    100   1685.0   1700.0   20.0     28.0    834.6    831.1   0.630
20260406172830    101      0.0     15.0   20.0     33.8      0.0    832.3   0.767
20260406172830    101    360.0    375.0   20.0     48.3    833.1    934.8   0.836
20260406172830    101    455.0    470.0   20.0     24.8    934.4    938.8   0.573
20260406172830    101    725.0    740.0   20.0     21.7    928.7    952.6   0.815
20260406172830    101    825.0    880.0   20.0    125.4    937.4   1176.2   0.760
20260406172830    103    670.0    720.0   20.0     84.9    843.2    843.5   0.794
20260406172830    103   1580.0   1595.0   20.0     57.4    843.8    965.6   0.878
20260406172830    105    215.0    230.0   20.0     38.5    831.3    883.8   0.765
20260406172830    105    340.0    355.0   20.0     21.4    889.1    908.4   0.599
20260406172830    105    555.0    595.0   20.0    131.5    964.0    828.9   0.817
20260406172830    105   1350.0   1370.0   20.0     53.1    835.2    838.5   0.749
20260406172830    107     90.0    105.0   20.0     28.6    850.5    959.2   0.769
20260406172830    107    205.0    220.0   20.0    141.3    979.7    851.9   0.760
20260406172830    107   1370.0   1385.0   20.0     21.0    871.5    853.8   0.736
20260406172830    107   1755.0   1770.0   20.0     38.4    853.7    999.6   0.772
20260406172830    109    870.0    905.0   20.0     29.7    836.1    973.4   0.783
20260406172830    110    470.0    485.0   20.0     32.6    841.7    840.9   0.449
20260406172830    110    795.0    810.0   20.0     76.1    843.5   1032.6   0.773
20260406172830    111   1370.0   1390.0   20.0     77.5    835.6    836.5   0.776
20260406172830    112    200.0    255.0   20.0    216.3    823.0    823.3   0.817
20260406172830    112   1170.0   1185.0   20.0    106.8    831.5    830.2   0.703
20260406172830    115    120.0    135.0   20.0     40.8    825.4    827.6   0.720
20260406172830    116    775.0    800.0   20.0     57.0    859.9    859.7   0.801
20260406172830    117    380.0    410.0   20.0     80.4    834.0    833.7   0.769
20260406172830    117    850.0    880.0   20.0     79.2    835.2    835.4   0.769
20260406172830    117    940.0    955.0   20.0     63.1    842.3    836.5   0.831
20260406172830    118    155.0    170.0   20.0     68.7    836.1    835.6   0.753
20260406172830    122    480.0    495.0   20.0     48.3    850.5    847.7   0.774
20260406172830    122    825.0    840.0   20.0     63.2    849.4    932.9   0.766
20260406172830    122   1055.0   1085.0   20.0    218.9    959.1    849.1   0.778
20260406172830    122   1235.0   1270.0   20.0     51.2    847.7    852.5   0.750
20260406172830    122   1395.0   1410.0   20.0     33.0    849.0    849.0   0.807
20260406172830    123   1185.0   1195.0   20.0     21.6    857.5    838.6   0.654
20260406172830    124    620.0    635.0   20.0     32.7    834.9    883.3   0.755
20260406172830    124    775.0    790.0   20.0     24.9    884.9    900.8   0.746
20260406172830    124   1025.0   1040.0   20.0     92.8    929.9    837.0   0.778
20260406172830    125    275.0    290.0   20.0     77.6    832.3    832.7   0.771
20260406172830    126    300.0    315.0   20.0     75.5    836.8    913.0   0.751
20260406172830    127   1670.0   1685.0   20.0    221.2    854.5    851.3   0.853
20260406172830    129    680.0    695.0   20.0     43.7    840.3    981.2   0.778
20260406172830    129   1215.0   1230.0   20.0     33.6   1111.6   1120.2   0.757
20260406172830    129   1465.0   1480.0   20.0     30.7   1164.4   1162.4   0.763
20260406172830    130    230.0    245.0   20.0     42.6    828.0    908.9   0.758
20260406172830    130    290.0    320.0   20.0     35.5    938.6    827.5   0.811
20260406172830    132   1285.0   1315.0   20.0    221.1    839.5    840.6   0.901
20260406172830    134    340.0    445.0   20.0    156.7    845.9    845.0   0.817
20260406172830    134   1105.0   1120.0   20.0     36.8    850.8    850.1   0.732
20260406172830    134   1160.0   1175.0   20.0     90.0    874.9   1127.3   0.928
20260406172830    136    560.0    575.0   20.0    160.3    839.7   1208.7   0.864
20260406172830    138   1415.0   1465.0   20.0     42.5    843.9    940.3   0.761
20260406172830    140    935.0    960.0   20.0    147.4    845.3    844.2   0.847
20260406172830    141   1750.0   1765.0   20.0     71.4    858.4    879.3   0.759
20260406172830    145    975.0    990.0   20.0     51.2    852.9    854.3   0.768
20260406172830    147    325.0    345.0   20.0     62.7    852.2    849.5   0.839
20260406172830    147    700.0    715.0   20.0     32.2    847.4    893.1   0.757
20260406172830    148   1225.0   1240.0   20.0     53.1    872.9    877.7   0.639
20260406172830    151   1340.0   1405.0   20.0    109.4    879.7    873.2   0.841
20260406172830    151   1525.0   1560.0   20.0     50.1    884.2    887.4   0.787
20260406172830    153    440.0    455.0   20.0     81.3    868.3   1018.7   0.883
20260406172830    153    835.0    850.0   20.0     34.3   1065.5   1104.2   0.712
20260406172830    153   1070.0   1085.0   20.0     20.6   1111.7   1136.2   0.860
20260406172830    153   1500.0   1515.0   20.0     43.6   1078.2    871.2   0.947
20260406172830    154   1205.0   1225.0   20.0    219.3    875.7    876.6   0.777
20260406172830    155    330.0    390.0   20.0     51.3    862.4   1039.6   0.771
20260406172830    155    585.0    600.0   20.0     31.4   1063.4   1197.7   0.851
20260406172830    155   1275.0   1290.0   20.0     52.2   1206.9   1270.2   0.779
20260406172830    156    830.0    850.0   20.0     88.7    867.5   1025.2   0.849
20260406172830    156   1340.0   1355.0   20.0     26.4   1140.3   1166.2   0.818
20260406172830    156   1470.0   1485.0   20.0     20.8   1160.9   1183.5   0.821
20260406172830    157   1705.0   1755.0   20.0     22.8    632.7    663.2   0.813
20260406172830    161    755.0    775.0   20.0     44.8    858.1    857.8   0.785
20260406172830    162    630.0    675.0   20.0    190.2    878.3    879.0   0.858
20260406172830    162   1320.0   1335.0   20.0     23.5    901.7    876.1   0.767
20260406172830    162   1670.0   1690.0   20.0    158.0    883.6    880.9   0.791
20260406172830    163   1500.0   1560.0   20.0     84.3    872.9    873.2   0.774
20260406172830    164   1295.0   1315.0   20.0     48.0    930.5    929.8   0.851
20260406172830    165    125.0    135.0   20.0     36.7    880.2    881.1   0.570
20260406172830    165    440.0    460.0   20.0     26.1    880.4    933.1   0.730
20260406172830    165    590.0    605.0   20.0     62.9    931.3    879.1   0.731
20260406172830    167    630.0    650.0   20.0     75.0    888.7    888.4   0.811
20260406172830    168    585.0    600.0   20.0     79.5    875.9    876.3   0.687
20260406172830    168    720.0    765.0   20.0     39.1    875.6   1026.8   0.761
20260406172830    168   1050.0   1065.0   20.0     25.2   1028.4   1039.8   0.855
20260406172830    168   1395.0   1415.0   20.0     58.4   1077.6   1138.6   0.918
20260406172830    168   1520.0   1535.0   20.0     21.5   1187.8   1207.2   0.666
20260406172830    168   1695.0   1710.0   20.0    123.5   1117.5    874.4   0.821
20260406172830    169   1085.0   1100.0   20.0     40.2    870.5    870.3   0.784
20260406172830    170   1650.0   1665.0   20.0    198.8    877.9   1259.0   0.854
20260406172830    173     20.0     35.0   20.0     74.2    894.4    891.6   0.803
20260406172830    174   1555.0   1570.0   20.0    103.3    899.3    909.6   0.815
20260406172830    175    455.0    475.0   20.0     34.3    888.7    888.1   0.746
20260406172830    176   1410.0   1430.0   20.0     99.1    888.9    889.6   0.841
20260406172830    177     20.0     35.0   20.0     33.9    889.8    926.1   0.743
20260406172830    177    435.0    450.0   20.0     47.0   1052.8   1049.9   0.725
20260406172830    177    925.0    940.0   20.0     48.6   1049.1   1121.9   0.781
20260406172830    178     25.0     40.0   20.0    207.1    892.6    894.4   0.895
20260406172830    180    885.0    905.0   20.0     57.4    893.0    895.7   0.771
20260406172830    184   1135.0   1235.0   20.0     94.5    908.4   1174.5   0.838
20260406172830    184   1440.0   1455.0   20.0     24.1   1205.1   1227.0   0.858
20260406172830    184   1780.0   1795.0   20.0     21.2   1235.2   1237.7   0.710
20260406172830    185    995.0   1010.0   20.0     41.3    918.6    914.5   0.538
20260406172830    187    690.0    710.0   20.0     78.4    913.1    915.1   0.776
20260406172830    190    670.0    685.0   20.0     22.0    936.5    917.5   0.762
20260406172830    190   1575.0   1590.0   20.0     60.5    926.7    926.8   0.811
20260406172830    194   1610.0   1625.0   20.0    101.9    910.2    911.8   0.785
20260406172830    197   1715.0   1775.0   20.0    231.7    929.2    928.2   0.770
20260406172830    198    615.0    630.0   20.0     37.9   1455.9   1462.8   0.615
20260406172830    198    875.0    910.0   20.0     28.8   1458.6   1449.1   0.824
20260406172830    198    945.0    980.0   20.0     47.7   1448.8   1483.6   0.832
20260406172830    198   1035.0   1145.0   20.0     53.7   1490.2   1480.5   0.846
20260406172830    198   1220.0   1235.0   20.0     34.9   1492.2   1483.5   0.794
20260406172830    198   1325.0   1355.0   20.0     34.9   1495.7   1508.6   0.917
20260406172830    198   1535.0   1550.0   20.0     20.9   1499.9   1499.6   0.876
20260406172830    198   1700.0   1715.0   20.0     21.1   1503.7   1510.2   0.803
20260406172830    199   1570.0   1585.0   20.0     29.3    959.0    949.5   0.784
20260406172830    200    605.0    635.0   20.0    116.2    933.5    931.5   0.814
20260406172830    201    725.0    825.0   20.0     78.7    931.1   1248.5   0.900
20260406172830    202    210.0    225.0   20.0    158.3    936.2    935.1   0.834
20260406172830    202    615.0    635.0   20.0    104.6    936.7    935.6   0.746
20260406172830    202   1350.0   1380.0   20.0    187.7    936.9    937.9   0.811
20260406172830    204   1300.0   1315.0   20.0     26.7    954.9    941.6   0.492
20260406172830    205     75.0     90.0   20.0    102.7    952.8    951.6   0.702
20260406172830    206    325.0    340.0   20.0     22.3    959.4    951.0   0.601
20260406172830    206   1790.0   1800.0   20.0     98.7    961.5    958.8   0.820
20260406172830    207      0.0     10.0   20.0    287.6      0.0    951.4   0.820
20260406172830    207   1065.0   1120.0   20.0     96.9    957.0   1167.6   0.868
20260406172830    208    365.0    380.0   20.0     95.1   1384.5   1332.6   0.766
20260406172830    208    720.0    735.0   20.0    132.6   1322.7   1578.9   0.876
20260406172830    208    825.0    845.0   20.0    102.2   1574.6   1320.0   0.945
20260406172830    209   1685.0   1705.0   20.0    128.6    953.1   1172.7   0.763
20260406172830    209   1760.0   1780.0   20.0     91.7   1185.2   1174.9   0.831
20260406172830    210   1160.0   1185.0   20.0    106.5    974.3    980.9   0.810
20260406172830    210   1325.0   1340.0   20.0     22.0    983.1    985.7   0.814
20260406172830    213     85.0    105.0   20.0     87.6    957.2    957.5   0.803
20260406172830    213    155.0    175.0   20.0     77.4    957.1    958.3   0.774
20260406172830    213   1225.0   1240.0   20.0    227.6    955.8   1382.3   0.802
20260406172830    214   1255.0   1275.0   20.0     76.1    561.5    579.3   0.828
20260406172830    217    760.0    775.0   20.0     30.0    995.5    970.6   0.713
20260406172830    218    975.0    990.0   20.0    177.2    990.8    966.8   0.742
20260406172830    219    745.0    760.0   20.0     38.8    972.8    971.9   0.743
20260406172830    219   1590.0   1605.0   20.0    210.6    978.8   1344.7   0.847
20260406172830    221    535.0    555.0   20.0    112.8    992.5    996.7   0.819
20260406172830    222   1515.0   1630.0   20.0    138.3    985.4   1129.7   0.838
20260406172830    222   1695.0   1795.0   20.0    182.9   1173.8    979.6   0.807
20260406172830    223    200.0    215.0   20.0    110.2    994.3    994.4   0.767
20260406172830    225   1315.0   1340.0   20.0     69.1    664.4    677.0   0.746
20260406172830    226   1445.0   1460.0   20.0     75.9    983.7    983.6   0.717
20260406172830    227   1235.0   1245.0   20.0     20.2   1023.9    996.3   0.766
20260406172830    227   1375.0   1455.0   20.0     50.5    996.7   1147.3   0.819
20260406172830    227   1495.0   1515.0   20.0     62.9   1160.2   1177.0   0.824
20260406172830    227   1555.0   1570.0   20.0     21.1   1177.4   1181.1   0.716
20260406172830    227   1625.0   1640.0   20.0     20.7   1191.2   1201.9   0.425
20260406172830    228   1455.0   1470.0   20.0     22.4   1001.2   1000.6   0.522
20260406172830    229    655.0    670.0   20.0     36.0   1005.1   1005.1   0.504
20260406172830    229   1635.0   1695.0   20.0    147.2   1019.0   1459.8   0.789
20260406172830    230   1285.0   1345.0   20.0    158.4   1030.8   1418.4   0.845
20260406172830    231   1060.0   1080.0   20.0    175.9   1020.7   1034.5   0.886
20260406172830    232   1015.0   1030.0   20.0     48.1   1016.2   1014.5   0.703
20260406172830    232   1245.0   1260.0   20.0     46.7   1011.3   1082.0   0.754
20260406172830    232   1315.0   1395.0   20.0    223.4   1101.2    995.9   0.834
20260406172830    233   1415.0   1535.0   20.0    138.0   1012.7   1221.1   0.791
20260406172830    233   1680.0   1695.0   20.0     87.7   1165.6   1186.9   0.692
20260406172830    233   1770.0   1780.0   20.0     27.3   1176.9   1197.2   0.583
20260406172830    234    540.0    555.0   20.0     34.9   1020.6   1021.6   0.745
20260406172830    236    350.0    365.0   20.0     50.8   1024.5   1025.2   0.676
20260406172830    237   1750.0   1765.0   20.0     35.8   1037.3   1084.7   0.746
20260406172830    238   1440.0   1460.0   20.0    112.6   1027.2   1030.4   0.815
20260406172830    239   1345.0   1360.0   20.0     35.1   1038.6   1102.2   0.776
20260406172830    239   1405.0   1435.0   20.0    141.3   1133.2   1045.4   0.790
20260406172830    239   1705.0   1740.0   20.0    110.0   1048.0   1306.0   0.848
20260406172830    240   1270.0   1290.0   20.0    195.6   1030.3   1580.9   0.906
20260406172830    241    935.0    950.0   20.0     40.8   1051.4   1107.4   0.766
20260406172830    241   1025.0   1040.0   20.0     77.8   1124.6   1050.0   0.767
20260406172830    242    655.0    665.0   20.0     37.4   1038.5   1055.0   0.573
20260406172830    242   1150.0   1170.0   20.0    550.2   1053.1   1030.7   0.867
20260406172830    242   1440.0   1475.0   20.0    150.1   1032.5   1031.3   0.787
20260406172830    244     40.0     70.0   20.0    183.9   1097.2   1443.5   0.870
20260406172830    244    140.0    170.0   20.0     34.4   1428.1   1426.8   0.449
20260406172830    244    210.0    245.0   20.0     29.4   1428.9   1421.8   0.472
20260406172830    244    280.0    350.0   20.0     30.0   1448.9   1486.5   0.502
20260406172830    244    405.0    425.0   20.0     51.8   1530.5   1525.7   0.621
20260406172830    244    490.0    520.0   20.0     27.4   1509.4   1531.0   0.431
20260406172830    244    820.0    830.0   20.0     22.2   1556.6   1563.9   0.401
20260406172830    244   1175.0   1190.0   20.0    209.4   1597.9   1562.9   0.537
20260406172830    245     45.0    100.0   20.0    129.6   1061.4   1314.4   0.819
20260406172830    245    190.0    205.0   20.0     23.4   1316.0   1350.3   0.756
20260406172830    245    300.0    315.0   20.0     29.8   1378.2   1394.0   0.793
20260406172830    245    865.0    875.0   20.0     21.4   1423.0   1423.4   0.642
20260406172830    245   1130.0   1145.0   20.0     21.8   1404.7   1474.0   0.823
20260406172830    249    445.0    460.0   20.0     79.4   1072.0   1071.5   0.735
20260406172830    250    455.0    610.0   20.0     53.3   1080.2   1312.3   0.796
20260406172830    250    715.0    790.0   20.0     88.0   1305.2   1514.1   0.881
20260406172830    251   1420.0   1445.0   20.0    184.4   1078.5   1077.2   0.901
20260406172830    252    160.0    210.0   20.0    119.1   1083.0   1229.0   0.900
20260406172830    252    340.0    425.0   20.0     74.3   1292.4   1337.5   0.800
20260406172830    252    545.0    560.0   20.0     35.1   1331.9   1337.1   0.680
20260406172830    252    685.0    730.0   20.0     46.8   1342.6   1413.2   0.822
20260406172830    252    790.0    805.0   20.0     35.5   1383.3   1391.9   0.485
20260406172830    252    945.0    960.0   20.0     26.7   1395.8   1407.4   0.735
20260406172830    252   1185.0   1200.0   20.0     32.2   1417.7   1432.3   0.733
20260406172830    252   1490.0   1505.0   20.0     62.2   1409.9   1431.1   0.617
20260406172830    253   1020.0   1070.0   20.0    275.7   1078.8   1077.6   0.818
20260406172830    255   1395.0   1410.0   20.0     75.0   1095.5   1096.4   0.692
20260406172830    256    790.0    805.0   20.0     43.0    296.8    287.2   0.693
20260406180157      1     80.0     95.0   20.0     45.1    980.9   1052.4   0.748
20260406180157      1    170.0    190.0   20.0     77.4   1057.8    979.2   0.839
20260406180157      2    325.0    340.0   20.0     36.1    980.0   1029.5   0.866
20260406180157      2    375.0    465.0   20.0    138.5   1041.7    974.6   0.817
20260406180157      2    555.0    570.0   20.0     25.0    975.8    975.2   0.644
20260406180157      4    275.0    290.0   20.0     55.5    963.6    968.1   0.705
20260406180157      5    705.0    720.0   20.0    102.7    962.9    961.8   0.789
20260406180157      5   1030.0   1055.0   20.0    194.5    967.0    965.4   0.826
20260406180157      5   1430.0   1445.0   20.0     30.6    967.6   1060.0   0.794
20260406180157      5   1545.0   1585.0   20.0     24.1   1072.1   1091.3   0.725
20260406180157      5   1635.0   1700.0   20.0     37.1   1101.8   1110.1   0.771
20260406180157     10   1475.0   1535.0   20.0     52.6    936.6    996.7   0.861
20260406180157     11    700.0    890.0   20.0    113.7    949.4   1329.5   0.828
20260406180157     11    995.0   1010.0   20.0     33.7   1334.5   1346.4   0.723
20260406180157     11   1050.0   1065.0   20.0     26.1   1365.1   1324.3   0.583
20260406180157     11   1170.0   1185.0   20.0    106.9   1315.3   1389.9   0.705
20260406180157     12    630.0    670.0   20.0     44.1    939.4    932.6   0.762
20260406180157     14   1755.0   1770.0   20.0     28.2    931.6    931.0   0.766
20260406180157     16   1045.0   1060.0   20.0    206.7    928.9   1499.6   0.877
20260406180157     17   1210.0   1235.0   20.0    157.7    930.9    928.8   0.831
20260406180157     17   1405.0   1460.0   20.0     93.8    925.3   1092.1   0.769
20260406180157     17   1715.0   1740.0   20.0     23.6   1119.5   1190.3   0.783
20260406180157     18   1510.0   1530.0   20.0     76.2    919.6    920.4   0.763
20260406180157     20    340.0    355.0   20.0     71.4    932.2    931.8   0.716
20260406180157     20    730.0    745.0   20.0     49.0    928.7    983.2   0.756
20260406180157     20   1005.0   1025.0   20.0    145.3    993.6    990.8   0.856
20260406180157     21   1655.0   1670.0   20.0     62.5    936.7   1024.3   0.787
20260406180157     23   1205.0   1220.0   20.0     35.2    935.4    921.0   0.550
20260406180157     23   1730.0   1745.0   20.0     53.0    919.3    922.3   0.651
20260406180157     24   1615.0   1630.0   20.0     44.8    899.4    977.4   0.853
20260406180157     24   1665.0   1680.0   20.0     36.7    978.9   1070.3   0.886
20260406180157     25   1755.0   1770.0   20.0     88.5    919.4    919.1   0.759
20260406180157     26     80.0    110.0   20.0    152.7    913.0    918.9   0.794
20260406180157     27   1160.0   1175.0   20.0     52.5    904.7    904.3   0.720
20260406180157     29   1430.0   1445.0   20.0     25.8    894.9    930.7   0.722
20260406180157     29   1615.0   1665.0   20.0     76.5    945.7    896.7   0.879
20260406180157     31    420.0    445.0   20.0    114.7    895.5    896.0   0.798
20260406180157     32   1400.0   1415.0   20.0    113.8    895.9   1119.6   0.830
20260406180157     32   1465.0   1480.0   20.0     31.5   1132.4   1144.6   0.740
20260406180157     33    255.0    270.0   20.0     50.5    900.3    899.3   0.657
20260406180157     33   1190.0   1205.0   20.0    131.6    896.4    896.8   0.794
20260406180157     34   1340.0   1395.0   20.0     65.2    892.0   1022.8   0.781
20260406180157     34   1430.0   1450.0   20.0    143.7   1026.5   1116.8   0.817
20260406180157     34   1545.0   1560.0   20.0     32.5   1163.0   1168.2   0.772
20260406180157     37    290.0    360.0   20.0    204.2    895.1    895.0   0.812
20260406180157     37   1105.0   1120.0   20.0     25.8    900.9    934.5   0.740
20260406180157     37   1165.0   1180.0   20.0     78.9    937.6    900.5   0.855
20260406180157     38   1515.0   1565.0   20.0     30.0    891.4   1031.4   0.745
20260406180157     39   1710.0   1735.0   20.0    123.2    892.8    893.9   0.867
20260406180157     41   1700.0   1745.0   20.0    124.6    885.6    884.1   0.838
20260406180157     42    980.0   1010.0   20.0     82.0    898.2   1014.4   0.848
20260406180157     42   1070.0   1090.0   20.0    137.4   1046.1    878.6   0.822
20260406180157     43    125.0    140.0   20.0     33.1    881.1    930.3   0.752
20260406180157     43    250.0    265.0   20.0     30.2    945.1   1002.7   0.792
20260406180157     43    355.0    370.0   20.0     35.5   1016.7   1042.4   0.865
20260406180157     43    470.0    485.0   20.0     24.7   1049.8   1069.4   0.765
20260406180157     44    585.0    600.0   20.0    111.4    878.0    877.3   0.768
20260406180157     46    725.0    740.0   20.0    172.4    879.3   1276.1   0.849
20260406180157     47   1550.0   1565.0   20.0     44.6    878.4    874.8   0.752
20260406180157     50      0.0     15.0   20.0    145.5      0.0    870.8   0.762
20260406180157     52    895.0    925.0   20.0    123.9    883.9    879.4   0.839
20260406180157     53     35.0     50.0   20.0     21.2   1030.6   1062.5   0.804
20260406180157     53    130.0    145.0   20.0     29.3   1117.8   1151.3   0.755
20260406180157     53    205.0    220.0   20.0     40.5   1176.0   1201.7   0.741
20260406180157     53    280.0    320.0   20.0     50.0   1210.2   1218.2   0.782
20260406180157     53    405.0    420.0   20.0     80.8   1210.5   1220.6   0.698
20260406180157     53    510.0    580.0   20.0     91.7   1232.2   1239.1   0.783
20260406180157     53    645.0    660.0   20.0     24.2   1245.1   1241.0   0.707
20260406180157     53    725.0    740.0   20.0     82.3   1260.3   1362.1   0.750
20260406180157     53    820.0    930.0   20.0    109.1   1334.3   1290.6   0.880
20260406180157     53   1085.0   1100.0   20.0     53.0   1272.9   1348.2   0.736
20260406180157     53   1185.0   1220.0   20.0    167.7   1282.6   1382.8   0.762
20260406180157     54     15.0     30.0   20.0     77.3    872.8    873.3   0.738
20260406180157     54   1425.0   1440.0   20.0    126.6    869.7    870.3   0.706
20260406180157     55     85.0    370.0   20.0    103.9    866.4   1038.3   0.787
20260406180157     55    410.0    425.0   20.0     25.7   1014.4   1018.3   0.766
20260406180157     55    540.0    585.0   20.0     32.1   1008.8   1004.8   0.709
20260406180157     55    645.0    670.0   20.0     59.9    993.6    997.5   0.820
20260406180157     55    715.0    730.0   20.0     30.4   1008.7   1011.6   0.448
20260406180157     55    885.0    920.0   20.0     54.4   1004.1   1099.5   0.809
20260406180157     55    980.0   1035.0   20.0     34.5   1099.6   1093.0   0.824
20260406180157     55   1190.0   1205.0   20.0     26.6   1128.5   1118.0   0.829
20260406180157     55   1260.0   1275.0   20.0    175.4   1052.6   1177.8   0.800
20260406180157     55   1725.0   1740.0   20.0     23.8   1064.7   1070.7   0.614
20260406180157     56   1005.0   1025.0   20.0     56.0    849.7    925.1   0.787
20260406180157     56   1385.0   1410.0   20.0     37.6    952.9   1053.3   0.860
20260406180157     56   1625.0   1640.0   20.0     29.2   1169.5   1204.8   0.781
20260406180157     58   1035.0   1050.0   20.0     57.7    868.2    868.1   0.579
20260406180157     59    295.0    310.0   20.0     41.5    849.7    952.8   0.828
20260406180157     59    350.0    380.0   20.0    174.6    977.3    852.8   0.870
20260406180157     61   1595.0   1615.0   20.0     36.4    852.0   1065.0   0.783
20260406180157     62    450.0    470.0   20.0    105.4    847.4    847.5   0.779
20260406180157     62   1210.0   1230.0   20.0     99.5    847.8    846.9   0.754
20260406180157     63    160.0    175.0   20.0     64.5    628.4    626.4   0.749
20260406180157     63   1260.0   1275.0   20.0     27.8    628.9    694.2   0.796
20260406180157     64    355.0    380.0   20.0    151.3    886.0    851.2   0.904
20260406180157     64    475.0    490.0   20.0     25.6    850.4    895.8   0.790
20260406180157     64    540.0    555.0   20.0     29.7    920.8    940.4   0.895
20260406180157     64    675.0    705.0   20.0     25.7    995.0   1146.7   0.897
20260406180157     64    775.0    795.0   20.0    122.4   1148.4    849.5   0.868
20260406180157     64    840.0    910.0   20.0     53.7    850.7   1080.1   0.829
20260406180157     64    985.0   1020.0   20.0     86.4   1057.8   1174.5   0.764
20260406180157     64   1390.0   1425.0   20.0     40.8   1259.2   1272.5   0.745
20260406180157     64   1510.0   1520.0   20.0     27.6   1252.6   1258.8   0.461
20260406180157     65   1290.0   1305.0   20.0     45.5    855.4    855.3   0.782
20260406180157     66     70.0     85.0   20.0    182.8    863.6    861.6   0.824
20260406180157     66   1545.0   1560.0   20.0     72.5    855.7   1002.6   0.820
20260406180157     68   1035.0   1050.0   20.0     46.6    849.2    849.0   0.619
20260406180157     69    415.0    430.0   20.0     31.6    839.3   1004.1   0.732
20260406180157     69    590.0    605.0   20.0     21.0   1053.4   1082.7   0.907
20260406180157     72    360.0    375.0   20.0     69.7    845.7    845.9   0.677
20260406180157     73    955.0    975.0   20.0    119.9    839.1   1153.1   0.860
20260406180157     73   1370.0   1385.0   20.0     23.5   1108.7   1125.7   0.845
20260406180157     79    165.0    185.0   20.0     72.6    843.3    844.2   0.786
20260406180157     80    880.0    895.0   20.0     88.6    847.4    945.7   0.747
20260406180157     80   1255.0   1270.0   20.0     42.5   1128.4   1114.4   0.560
20260406180157     80   1370.0   1385.0   20.0    189.9   1087.9    844.0   0.790
20260406180157     81   1435.0   1455.0   20.0    121.9    839.1    856.3   0.779
20260406180157     82    150.0    200.0   20.0     60.3    838.7    840.2   0.764
20260406180157     83      5.0     20.0   20.0     40.9    836.7    883.3   0.749
20260406180157     83     70.0     80.0   20.0     22.7    889.3    920.6   0.569
20260406180157     83    235.0    260.0   20.0    130.6    928.6    836.0   0.772
20260406180157     84      0.0     15.0   20.0     29.6      0.0    840.5   0.706
20260406180157     84    775.0    790.0   20.0     33.4    838.8    837.9   0.656
20260406180157     84   1515.0   1530.0   20.0     48.2    844.1    900.8   0.771
20260406180157     84   1610.0   1625.0   20.0     20.5    931.4    950.7   0.480
20260406180157     84   1670.0   1685.0   20.0     23.8    952.2    984.5   0.650
20260406180157     84   1730.0   1780.0   20.0     37.2    994.0   1046.3   0.663
20260406180157     85   1095.0   1115.0   20.0     53.9    829.5    836.7   0.768
20260406180157     85   1450.0   1465.0   20.0     72.7    829.8    985.7   0.823
20260406180157     85   1520.0   1535.0   20.0    164.6   1016.9    828.4   0.798
20260406180157     91   1645.0   1660.0   20.0     88.8    840.4    840.9   0.829
20260406180157     92    295.0    345.0   20.0    150.7    829.0    828.6   0.831
20260406180157     92    670.0    780.0   20.0    150.8    825.9   1036.3   0.838
20260406180157     92    845.0    860.0   20.0     35.8   1024.2   1094.7   0.759
20260406180157     92    895.0    910.0   20.0    144.0   1067.7    830.3   0.928
20260406180157     92   1225.0   1265.0   20.0     53.1    829.9    896.0   0.825
20260406180157     92   1750.0   1765.0   20.0     46.9    932.0    991.8   0.879
20260406180157     94   1595.0   1610.0   20.0     68.7    975.4   1032.8   0.748
20260406180157     99   1675.0   1695.0   20.0     88.0    831.3    834.0   0.778
20260406180157    102    925.0    945.0   20.0    108.8    826.3    826.3   0.850
20260406180157    103   1215.0   1230.0   20.0     34.3    837.1    884.2   0.755
20260406180157    103   1315.0   1330.0   20.0     74.5    917.7    837.1   0.745
20260406180157    103   1700.0   1715.0   20.0     34.6    837.8    837.6   0.702
20260406180157    104   1165.0   1180.0   20.0     40.5    121.3    122.5   0.794
20260406180157    105    580.0    595.0   20.0     39.3    826.6    828.3   0.749
20260406180157    105   1090.0   1175.0   20.0     82.1    828.2    978.2   0.750
20260406180157    105   1390.0   1405.0   20.0     29.2   1019.1   1024.0   0.774
20260406180157    105   1530.0   1550.0   20.0    105.2   1053.5   1051.5   0.791
20260406180157    106   1680.0   1695.0   20.0     35.8    831.2    830.6   0.765
20260406180157    107    195.0    210.0   20.0    144.7    842.4    846.3   0.834
20260406180157    108   1145.0   1160.0   20.0     89.0     71.1     59.9   0.668
20260406180157    110    270.0    385.0   20.0    123.9    832.9   1011.9   0.835
20260406180157    110    445.0    485.0   20.0     43.8   1016.3   1122.3   0.829
20260406180157    110    610.0    625.0   20.0     26.1   1137.1   1162.6   0.746
20260406180157    110    820.0    835.0   20.0     34.0   1170.4   1209.0   0.787
20260406180157    111   1050.0   1070.0   20.0     73.0    823.9   1038.7   0.810
20260406180157    111   1720.0   1735.0   20.0     24.8   1110.1   1113.4   0.757
20260406180157    112    440.0    465.0   20.0     34.4    818.0    817.2   0.749
20260406180157    113    155.0    170.0   20.0     59.0    825.8    891.6   0.724
20260406180157    113    930.0    970.0   20.0    165.4    968.1    821.5   0.839
20260406180157    115   1595.0   1610.0   20.0     29.4    819.9    888.8   0.888
20260406180157    116    115.0    130.0   20.0     72.8    833.4    833.4   0.815
20260406180157    116    530.0    545.0   20.0     54.4    829.9    830.7   0.786
20260406180157    116    885.0    910.0   20.0    195.0    828.3    829.0   0.842
20260406180157    117    345.0    360.0   20.0     60.6    830.5    831.1   0.698
20260406180157    117    835.0    865.0   20.0    114.6    826.6   1012.4   0.740
20260406180157    117    925.0    970.0   20.0     24.8    987.6   1002.0   0.639
20260406180157    117   1105.0   1120.0   20.0     30.4    981.9   1003.0   0.695
20260406180157    117   1260.0   1295.0   20.0     49.2    985.0   1034.3   0.827
20260406180157    117   1335.0   1400.0   20.0     56.5   1058.8   1053.3   0.714
20260406180157    117   1505.0   1520.0   20.0     48.2   1065.7   1020.8   0.794
20260406180157    117   1705.0   1720.0   20.0     48.2   1022.5   1051.0   0.547
20260406180157    117   1770.0   1785.0   20.0     36.1   1003.3   1066.4   0.832
20260406180157    118    690.0    745.0   20.0     76.5    829.1   1087.8   0.816
20260406180157    118   1690.0   1705.0   20.0     38.7   1167.4   1158.2   0.592
20260406180157    119    910.0    980.0   20.0    118.6    831.1   1066.2   0.788
20260406180157    119   1070.0   1090.0   20.0    216.8   1023.4    832.7   0.808
20260406180157    119   1730.0   1745.0   20.0     71.5    838.8    898.8   0.732
20260406180157    121   1405.0   1420.0   20.0     38.6    832.0    831.9   0.732
20260406180157    124    905.0    920.0   20.0     85.8    820.7    818.8   0.763
20260406180157    130    275.0    290.0   20.0     63.4    820.7    820.9   0.744
20260406180157    131     15.0     30.0   20.0     44.9    772.9    730.3   0.766
20260406180157    131     70.0     85.0   20.0     68.5    838.8    743.9   0.857
20260406180157    133   1575.0   1590.0   20.0     70.8    830.2    828.2   0.771
20260406180157    133   1640.0   1660.0   20.0    102.6    828.9   1211.9   0.809
20260406180157    134   1080.0   1100.0   20.0     62.1    836.7    835.3   0.782
20260406180157    136   1055.0   1070.0   20.0     64.5    829.9    978.9   0.848
20260406180157    137      0.0     35.0   20.0    168.0      0.0    828.7   0.773
20260406180157    138     70.0     85.0   20.0     90.4    837.2   1130.3   0.931
20260406180157    140    530.0    550.0   20.0     54.3    833.5    874.4   0.787
20260406180157    141     85.0    180.0   20.0    103.8    845.8   1114.6   0.860
20260406180157    141    290.0    305.0   20.0    105.3   1101.5    844.2   0.874
20260406180157    141    505.0    520.0   20.0     65.8    843.8    843.8   0.683
20260406180157    143    990.0   1010.0   20.0    117.4    837.6   1165.9   0.857
20260406180157    146   1390.0   1405.0   20.0    184.5    845.6   1116.3   0.789
20260406180157    147   1175.0   1190.0   20.0     58.0    845.5    926.0   0.748
20260406180157    147   1300.0   1315.0   20.0    182.2    968.5    844.9   0.802
20260406180157    148   1105.0   1120.0   20.0     48.1    853.8    853.2   0.778
20260406180157    149   1200.0   1220.0   20.0     84.4    848.4    848.7   0.786
20260406180157    153     50.0     70.0   20.0    176.2    851.5    853.4   0.812
20260406180157    153    390.0    435.0   20.0    203.4    851.5    853.2   0.798
20260406180157    155     35.0     50.0   20.0     22.3    944.9    998.0   0.695
20260406180157    156    270.0    285.0   20.0     37.1    851.8    910.8   0.774
20260406180157    156    330.0    350.0   20.0    118.4    935.1    845.6   0.773
20260406180157    156   1700.0   1715.0   20.0     45.2    845.3    909.2   0.781
20260406180157    157    310.0    325.0   20.0     26.8    638.3    672.6   0.747
20260406180157    157    420.0    435.0   20.0     22.7    700.6    727.1   0.715
20260406180157    159   1345.0   1360.0   20.0     34.5    899.3    937.7   0.814
20260406180157    163    740.0    755.0   20.0     68.4    860.2    936.7   0.777
20260406180157    163    800.0    840.0   20.0     82.4    964.6    857.6   0.806
20260406180157    168    100.0    115.0   20.0    136.4    867.9   1125.4   0.816
20260406180157    168    205.0    220.0   20.0    168.3   1113.9    865.1   0.817
20260406180157    168    890.0    905.0   20.0     84.9    862.8    860.8   0.779
20260406180157    169   1045.0   1090.0   20.0     94.6    862.2    864.8   0.744
20260406180157    170     55.0    105.0   20.0     51.2    870.0    937.6   0.741
20260406180157    170    175.0    195.0   20.0     77.0    927.2    922.9   0.829
20260406180157    170   1060.0   1090.0   20.0     73.5    864.0    942.1   0.808
20260406180157    170   1270.0   1305.0   20.0     33.6   1012.0   1008.4   0.807
20260406180157    170   1395.0   1410.0   20.0     21.7    996.3   1036.0   0.815
20260406180157    170   1680.0   1695.0   20.0     24.5   1045.4   1035.3   0.730
20260406180157    174    220.0    235.0   20.0     57.0    877.2    877.0   0.638
20260406180157    174    725.0    740.0   20.0     41.5    875.1    875.8   0.729
20260406180157    175   1660.0   1675.0   20.0     81.8    877.0    876.7   0.616
20260406180157    177     75.0     90.0   20.0     55.6    880.3    881.4   0.723
20260406180157    177   1735.0   1750.0   20.0     26.1   1055.7   1078.8   0.785
20260406180157    180    665.0    695.0   20.0    111.6    873.8   1005.7   0.757
20260406180157    180    740.0    770.0   20.0    178.5   1045.0    875.4   0.754
20260406180157    181    780.0    810.0   20.0     88.9    885.1    882.4   0.832
20260406180157    185    140.0    155.0   20.0     57.1    908.9    983.1   0.743
20260406180157    185    310.0    325.0   20.0     70.4    997.3   1017.5   0.833
20260406180157    185    655.0    670.0   20.0     24.6   1059.6   1058.0   0.614
20260406180157    185    765.0    780.0   20.0     21.3   1093.5   1098.8   0.491
20260406180157    185   1280.0   1295.0   20.0     20.7   1124.5   1129.9   0.573
20260406180157    185   1330.0   1365.0   20.0     26.4   1138.3   1136.2   0.725
20260406180157    185   1400.0   1415.0   20.0     23.7   1153.1   1163.6   0.701
20260406180157    185   1465.0   1505.0   20.0     41.1   1155.4   1108.3   0.815
20260406180157    185   1680.0   1790.0   20.0     27.5   1114.5   1136.5   0.599
20260406180157    186    200.0    215.0   20.0     25.3    766.3    798.4   0.759
20260406180157    186    425.0    440.0   20.0     44.6    879.4    801.7   0.793
20260406180157    187   1520.0   1535.0   20.0     55.3    899.3    897.8   0.729
20260406180157    188   1620.0   1645.0   20.0    174.4    892.7    893.1   0.855
20260406180157    190   1725.0   1745.0   20.0    195.9    902.1   1169.8   0.774
20260406180157    191    665.0    680.0   20.0     41.1    896.3    896.1   0.818
20260406180157    191   1010.0   1025.0   20.0     34.9    895.7    893.8   0.723
20260406180157    195    685.0    700.0   20.0     67.3    918.0   1022.5   0.760
20260406180157    195    740.0    810.0   20.0     44.4   1061.2   1180.4   0.799
20260406180157    195    855.0    890.0   20.0    221.6   1187.1    917.7   0.814
20260406180157    196    930.0    960.0   20.0    187.2    912.1    907.8   0.816
20260406180157    197     20.0     35.0   20.0    204.6    923.1   1313.6   0.825
20260406180157    198    875.0    890.0   20.0     43.0    917.2    916.6   0.540
20260406180157    199   1125.0   1150.0   20.0     48.3    930.2    929.5   0.776
20260406180157    202   1365.0   1385.0   20.0     92.5    926.8    929.6   0.857
20260406180157    203    600.0    680.0   20.0     70.9    942.7   1248.4   0.870
20260406180157    203    750.0    780.0   20.0     34.3   1233.6   1240.4   0.775
20260406180157    203    975.0    990.0   20.0     89.8   1201.2    939.6   0.912
20260406180157    204    540.0    555.0   20.0    191.2    948.8    946.2   0.769
20260406180157    204   1495.0   1545.0   20.0     62.2    941.8    942.4   0.784
20260406180157    205    740.0    755.0   20.0     69.8    957.0    957.3   0.799
20260406180157    206    745.0    760.0   20.0     42.0    946.5    944.7   0.636
20260406180157    207      0.0     15.0   20.0     82.6      0.0    956.6   0.774
20260406180157    207   1175.0   1190.0   20.0     42.6    949.4    949.5   0.742
20260406180157    208    330.0    345.0   20.0     41.1   1329.2   1328.0   0.681
20260406180157    210    240.0    255.0   20.0     57.3    957.6    957.1   0.718
20260406180157    211    125.0    140.0   20.0     65.5    961.3    962.8   0.807
20260406180157    212    100.0    120.0   20.0    158.4    964.1    964.9   0.889
20260406180157    213   1555.0   1575.0   20.0     91.8    951.0    951.9   0.856
20260406180157    214   1520.0   1535.0   20.0     28.0    567.7    545.8   0.688
20260406180157    214   1580.0   1595.0   20.0     27.9    539.5    541.9   0.813
20260406180157    215    905.0    920.0   20.0    123.6    981.3    981.5   0.707
20260406180157    217   1785.0   1800.0   20.0     51.7    974.3   1060.9   0.757
20260406180157    219    930.0    960.0   20.0     82.7    977.5    975.9   0.756
20260406180157    220     50.0     70.0   20.0     52.0    986.6    986.8   0.746
20260406180157    221     25.0     45.0   20.0    116.3    999.8    999.1   0.702
20260406180157    221    280.0    295.0   20.0     65.9    997.9    997.0   0.749
20260406180157    221    700.0    715.0   20.0     83.3    993.7    995.7   0.708
20260406180157    223   1005.0   1020.0   20.0    161.6    992.6    993.1   0.798
20260406180157    224   1525.0   1600.0   20.0     50.6    977.2   1178.5   0.812
20260406180157    224   1635.0   1685.0   20.0     57.4   1182.2   1294.2   0.874
20260406180157    225    470.0    485.0   20.0     39.4    759.2    685.9   0.788
20260406180157    225   1730.0   1745.0   20.0     29.7    661.4    680.6   0.733
20260406180157    227    115.0    130.0   20.0     26.5   1170.1   1163.5   0.788
20260406180157    227    285.0    300.0   20.0     82.2   1181.0   1249.8   0.689
20260406180157    227    350.0    365.0   20.0     22.8   1248.9   1272.4   0.753
20260406180157    227   1170.0   1190.0   20.0     48.1   1345.1   1401.6   0.794
20260406180157    228    940.0    960.0   20.0     60.5   1004.2   1004.4   0.766
20260406180157    229     60.0    100.0   20.0    182.5   1058.4   1009.9   0.886
20260406180157    231     10.0     35.0   20.0    149.4   1011.5   1013.0   0.759
20260406180157    231   1065.0   1100.0   20.0     80.7   1006.9   1009.5   0.835
20260406180157    232   1500.0   1515.0   20.0     23.7   1006.0   1002.0   0.716
20260406180157    234     40.0     55.0   20.0    157.5   1029.3   1028.8   0.790
20260406180157    234   1065.0   1080.0   20.0     65.9   1020.8   1018.7   0.778
20260406180157    237    490.0    505.0   20.0     44.2   1041.2   1040.1   0.698
20260406180157    237   1715.0   1735.0   20.0    170.2   1035.6   1032.3   0.781
20260406180157    238     50.0     70.0   20.0     55.6   1079.4   1204.2   0.893
20260406180157    238    120.0    135.0   20.0     20.1   1171.1   1164.1   0.611
20260406180157    238    285.0    305.0   20.0    187.2   1162.5   1333.4   0.761
20260406180157    240     65.0     80.0   20.0     67.7   1037.8   1038.3   0.815
20260406180157    240    785.0    800.0   20.0    291.8   1032.5   1031.3   0.789
20260406180157    243     30.0     45.0   20.0     56.8   1049.4   1050.1   0.783
20260406180157    244     10.0     30.0   20.0     82.3   1072.8   1072.8   0.852
20260406180157    245   1115.0   1135.0   20.0     44.8   1067.4   1148.0   0.760
20260406180157    245   1305.0   1320.0   20.0     23.7   1235.6   1247.2   0.771
20260406180157    245   1485.0   1500.0   20.0    244.4   1312.3   1052.2   0.791
20260406180157    246   1205.0   1220.0   20.0     73.8   1038.6   1117.9   0.746
20260406180157    246   1390.0   1405.0   20.0     32.3   1173.9   1186.4   0.780
20260406180157    246   1470.0   1535.0   20.0     46.6   1207.5   1345.5   0.744
20260406180157    246   1790.0   1800.0   20.0     20.8   1351.9   1353.6   0.620
20260406180157    248    380.0    395.0   20.0    117.5   1077.2   1074.1   0.802
20260406180157    248   1315.0   1330.0   20.0    273.7   1077.2   1533.0   0.872
20260406180157    248   1470.0   1485.0   20.0     31.9   1645.9   1721.3   0.580
20260406180157    249    695.0    710.0   20.0     82.4   1074.5   1073.9   0.726
20260406180157    250   1410.0   1445.0   20.0     97.0   1071.2   1231.4   0.848
20260406180157    251    390.0    405.0   20.0     47.5   1085.5   1085.2   0.613
20260406180157    253     90.0    170.0   20.0     71.1   1084.5   1409.1   0.882
20260406180157    253    490.0    505.0   20.0     67.6   1446.3   1468.5   0.895
20260406180157    253    725.0    740.0   20.0     27.0   1504.3   1550.1   0.824
20260406180157    253   1360.0   1375.0   20.0     34.8   1327.4   1388.1   0.825
20260406180157    253   1615.0   1630.0   20.0     21.7   1335.6   1340.8   0.658
20260406180157    253   1710.0   1725.0   20.0     22.2   1340.5   1337.3   0.690
20260406180157    254   1150.0   1165.0   20.0    125.5   1070.8   1070.9   0.619
20260406180157    254   1640.0   1660.0   20.0    183.3   1069.8   1622.0   0.878
20260406180157    256   1605.0   1620.0   20.0     38.8    291.1    284.4   0.743
20260406183522      1    185.0    225.0   20.0    132.0    983.8    980.3   0.856
20260406183522      1   1400.0   1420.0   20.0     73.1    979.7    982.8   0.818
20260406183522      3    135.0    155.0   20.0    142.3   1007.7   1006.9   0.842
20260406183522      3   1500.0   1540.0   20.0     69.4   1014.4   1009.2   0.859
20260406183522      7    880.0    895.0   20.0     46.5    953.1    953.4   0.750
20260406183522      7    985.0   1015.0   20.0    166.0    953.6    954.0   0.836
20260406183522      8    530.0    550.0   20.0     90.4    943.4    943.6   0.820
20260406183522      9    525.0    545.0   20.0    107.7    944.8    942.2   0.737
20260406183522     10   1620.0   1635.0   20.0     40.2    946.5    946.3   0.756
20260406183522     10   1770.0   1785.0   20.0     51.7    945.1    945.0   0.729
20260406183522     11     20.0     60.0   20.0     35.5   1192.2   1225.2   0.770
20260406183522     11    635.0    645.0   20.0     21.4   1365.3   1380.2   0.759
20260406183522     11    785.0    800.0   20.0     21.3   1393.4   1390.3   0.723
20260406183522     11   1350.0   1670.0   20.0     52.9   1366.9   1357.8   0.817
20260406183522     11   1725.0   1740.0   20.0     22.8   1355.9   1357.1   0.715
20260406183522     11   1790.0   1800.0   20.0     20.5   1354.4   1352.9   0.565
20260406183522     12   1560.0   1575.0   20.0     63.6    931.8   1006.2   0.757
20260406183522     13   1475.0   1610.0   20.0    175.5    934.1    926.9   0.945
20260406183522     13   1735.0   1750.0   20.0    156.4    930.2   1319.1   0.863
20260406183522     17     10.0     30.0   20.0     78.9    931.9   1015.4   0.790
20260406183522     17    150.0    165.0   20.0     24.4   1087.7   1113.3   0.803
20260406183522     17   1140.0   1160.0   20.0    264.3   1066.5   1373.0   0.805
20260406183522     19    330.0    345.0   20.0     96.3    927.6    926.1   0.600
20260406183522     20   1140.0   1240.0   20.0     32.8    936.7   1070.3   0.758
20260406183522     21    675.0    775.0   20.0     79.1    935.6    939.1   0.816
20260406183522     21   1160.0   1180.0   20.0     79.0    936.9   1053.2   0.838
20260406183522     21   1330.0   1340.0   20.0     25.1   1086.0   1128.9   0.569
20260406183522     21   1560.0   1590.0   20.0     35.3   1249.3   1271.9   0.703
20260406183522     22    980.0   1015.0   20.0     62.5    929.9    971.5   0.766
20260406183522     22   1265.0   1280.0   20.0     36.4   1046.5   1167.5   0.692
20260406183522     22   1365.0   1380.0   20.0     33.8   1191.7   1230.0   0.761
20260406183522     22   1495.0   1510.0   20.0    102.4   1251.8   1315.8   0.869
20260406183522     22   1720.0   1770.0   20.0    101.3   1238.0    928.9   0.869
20260406183522     23   1225.0   1285.0   20.0     62.0    993.7   1097.9   0.845
20260406183522     23   1345.0   1380.0   20.0    130.7   1095.8    921.0   0.818
20260406183522     24     75.0     95.0   20.0     33.6   1075.2   1098.1   0.869
20260406183522     25     25.0     90.0   20.0     40.0   1164.1   1198.9   0.705
20260406183522     25    655.0    670.0   20.0     21.9   1326.3   1309.9   0.650
20260406183522     25   1470.0   1800.0   20.0    111.8   1330.0   1376.9   0.884
20260406183522     27    695.0    710.0   20.0    159.1    912.6    911.5   0.762
20260406183522     27   1680.0   1800.0   20.0    136.0    912.4   1128.7   0.790
20260406183522     29    670.0    725.0   20.0    161.0    899.4    900.0   0.810
20260406183522     30     40.0     60.0   20.0     77.0    947.7   1356.5   0.916
20260406183522     30   1765.0   1800.0   20.0     84.3   1470.8   1437.0   0.743
20260406183522     31    525.0    540.0   20.0     51.4    897.5    897.8   0.756
20260406183522     31    770.0    860.0   20.0     62.0    943.9   1014.2   0.810
20260406183522     31   1045.0   1115.0   20.0    152.2   1062.4    896.1   0.885
20260406183522     32    160.0    175.0   20.0     36.1    903.2    944.2   0.745
20260406183522     32    220.0    235.0   20.0     50.1    955.9    902.8   0.743
20260406183522     33    190.0    210.0   20.0     77.2    902.8    902.4   0.786
20260406183522     34   1020.0   1035.0   20.0     86.7    895.5    894.6   0.759
20260406183522     34   1505.0   1545.0   20.0    118.7    896.7    896.8   0.779
20260406183522     37   1090.0   1105.0   20.0     29.6    898.2    949.8   0.765
20260406183522     37   1165.0   1180.0   20.0    140.8    958.4    898.7   0.667
20260406183522     37   1530.0   1580.0   20.0     83.2    903.1    901.5   0.782
20260406183522     38     60.0     75.0   20.0     20.7   1110.2   1123.2   0.808
20260406183522     38    225.0    240.0   20.0    111.5   1176.3    892.2   0.883
20260406183522     38   1360.0   1420.0   20.0     88.2    893.4    895.3   0.762
20260406183522     38   1595.0   1615.0   20.0     69.9    894.0    894.0   0.753
20260406183522     40    345.0    470.0   20.0    172.1    880.8    881.8   0.795
20260406183522     41    635.0    645.0   20.0     26.2    888.2    885.7   0.473
20260406183522     42   1390.0   1405.0   20.0    138.2    880.1   1309.3   0.938
20260406183522     44     10.0     30.0   20.0    122.7    879.9    880.9   0.785
20260406183522     45    435.0    450.0   20.0     36.9    890.0    950.7   0.748
20260406183522     45    545.0    560.0   20.0     21.0    970.0    988.9   0.716
20260406183522     45    640.0    655.0   20.0     29.2   1023.0   1069.9   0.683
20260406183522     45    760.0    775.0   20.0     21.0   1106.5   1134.5   0.781
20260406183522     46    750.0    790.0   20.0    143.1    882.9    881.5   0.817
20260406183522     46    900.0    915.0   20.0     38.1    880.5    880.9   0.751
20260406183522     46   1025.0   1080.0   20.0    220.5    883.3    881.5   0.841
20260406183522     47   1385.0   1400.0   20.0     61.7    879.5    880.8   0.755
20260406183522     48    215.0    345.0   20.0     36.4   1233.3   1256.9   0.634
20260406183522     48    385.0   1185.0   20.0    123.2   1284.9   1358.2   0.918
20260406183522     48   1390.0   1405.0   20.0     21.0   1331.6   1331.0   0.792
20260406183522     52   1790.0   1800.0   20.0     36.5    877.5    922.4   0.755
20260406183522     53     75.0     90.0   20.0     41.2    874.7    874.6   0.811
20260406183522     53    360.0    375.0   20.0     37.8    875.2    875.8   0.724
20260406183522     53   1615.0   1630.0   20.0    116.7    886.6   1239.2   0.926
20260406183522     55    235.0    250.0   20.0     24.8   1074.6   1096.0   0.792
20260406183522     55    305.0    320.0   20.0     39.6   1104.2   1152.9   0.757
20260406183522     56     25.0     40.0   20.0     57.1    849.8    971.2   0.743
20260406183522     61   1035.0   1050.0   20.0     33.4   1163.5   1267.7   0.837
20260406183522     61   1750.0   1765.0   20.0     30.0   1244.4   1240.8   0.739
20260406183522     62      0.0     10.0   20.0    143.2      0.0    846.8   0.610
20260406183522     62    615.0    640.0   20.0    116.0    848.1    850.7   0.748
20260406183522     63     10.0     30.0   20.0     47.3    682.1    710.0   0.748
20260406183522     63    310.0    325.0   20.0     52.7    738.6    639.1   0.864
20260406183522     63    945.0    960.0   20.0     34.2    629.2    696.6   0.876
20260406183522     63   1445.0   1460.0   20.0     24.4    711.7    638.7   0.897
20260406183522     64     10.0     25.0   20.0     27.2    992.4   1003.8   0.873
20260406183522     65   1690.0   1710.0   20.0     80.4    854.5    854.8   0.808
20260406183522     66    960.0    980.0   20.0     35.4    864.7    954.0   0.868
20260406183522     66   1065.0   1090.0   20.0    115.7    973.1    861.8   0.764
20260406183522     67    145.0    195.0   20.0    266.5    848.2    847.6   0.815
20260406183522     67   1420.0   1440.0   20.0    145.0    851.8   1337.1   0.883
20260406183522     69      5.0     25.0   20.0     34.0    837.0    838.2   0.756
20260406183522     69   1275.0   1290.0   20.0     47.3    841.2    845.3   0.737
20260406183522     69   1515.0   1530.0   20.0     28.9    844.9    883.0   0.742
20260406183522     69   1565.0   1580.0   20.0    102.0    903.1    843.8   0.748
20260406183522     71    385.0    410.0   20.0    117.5    844.6    848.0   0.884
20260406183522     71   1660.0   1675.0   20.0     42.4    857.8    918.9   0.772
20260406183522     71   1735.0   1750.0   20.0     61.0    927.2    856.0   0.767
20260406183522     72   1695.0   1710.0   20.0     68.3    849.8   1145.2   0.839
20260406183522     72   1745.0   1760.0   20.0    100.3   1138.6    848.9   0.880
20260406183522     73    135.0    170.0   20.0     65.9    839.3    959.6   0.805
20260406183522     73    665.0    680.0   20.0     31.4   1058.7   1084.9   0.686
20260406183522     73    930.0    960.0   20.0     28.4   1135.1   1203.9   0.819
20260406183522     73   1040.0   1065.0   20.0     29.0   1213.7   1212.5   0.780
20260406183522     73   1330.0   1345.0   20.0     21.7   1272.5   1270.5   0.686
20260406183522     74    400.0    425.0   20.0    156.7    871.1    872.0   0.817
20260406183522     75   1150.0   1165.0   20.0     58.7    847.9   1018.5   0.794
20260406183522     75   1200.0   1215.0   20.0     21.6   1027.8   1030.0   0.679
20260406183522     78    540.0    555.0   20.0     67.3    848.4    850.8   0.791
20260406183522     78   1690.0   1705.0   20.0     20.7    953.4   1017.1   0.722
20260406183522     78   1745.0   1770.0   20.0    206.9   1071.5    854.2   0.809
20260406183522     79   1165.0   1180.0   20.0     46.9    845.9    846.5   0.723
20260406183522     81    230.0    245.0   20.0     36.5    841.0    937.8   0.769
20260406183522     81    295.0    315.0   20.0    165.9    970.3    840.7   0.773
20260406183522     82    165.0    180.0   20.0     56.4    837.0    916.3   0.751
20260406183522     82    245.0    260.0   20.0     30.6    965.5    996.4   0.820
20260406183522     82    475.0    490.0   20.0     21.9    961.3    963.5   0.663
20260406183522     82    725.0    740.0   20.0     22.9    991.4   1003.2   0.800
20260406183522     82    865.0    910.0   20.0     54.5   1038.6   1065.9   0.874
20260406183522     82   1365.0   1380.0   20.0     62.7   1053.2   1058.9   0.540
20260406183522     82   1510.0   1530.0   20.0     32.2   1060.8   1090.7   0.886
20260406183522     84   1505.0   1520.0   20.0     22.0    844.4    845.7   0.641
20260406183522     87     25.0     40.0   20.0     34.8    831.9    832.5   0.756
20260406183522     87   1280.0   1300.0   20.0     90.4    839.2   1193.2   0.674
20260406183522     88    555.0    575.0   20.0     68.9    830.6    830.7   0.769
20260406183522     88   1030.0   1045.0   20.0     51.4    834.0    832.2   0.784
20260406183522     88   1160.0   1190.0   20.0     87.8    834.5    837.7   0.775
20260406183522     89    185.0    200.0   20.0     48.3    829.9    829.4   0.690
20260406183522     90    205.0    225.0   20.0     82.6    838.0    998.8   0.819
20260406183522     91      0.0     10.0   20.0     37.5      0.0    836.0   0.735
20260406183522     91    180.0    195.0   20.0     45.8    838.3    837.0   0.634
20260406183522     91   1440.0   1540.0   20.0     98.1    838.4    838.8   0.909
20260406183522     92   1470.0   1485.0   20.0     45.1    832.5    834.0   0.651
20260406183522     93   1375.0   1455.0   20.0     54.8    840.5    939.1   0.882
20260406183522     93   1520.0   1535.0   20.0    106.5    930.8    842.5   0.707
20260406183522     94    280.0    295.0   20.0    157.8    828.7    828.9   0.835
20260406183522     95    190.0    205.0   20.0     58.0    827.2    827.4   0.793
20260406183522     98    895.0    910.0   20.0     54.8    912.4    980.1   0.779
20260406183522     98    955.0    970.0   20.0     60.0   1003.8   1128.5   0.790
20260406183522     98   1320.0   1335.0   20.0     23.4   1181.8   1214.3   0.737
20260406183522     99    135.0    150.0   20.0     44.3    827.1   1037.6   0.813
20260406183522    101     15.0     35.0   20.0    188.5    823.9   1118.5   0.913
20260406183522    101   1685.0   1700.0   20.0     85.5   1302.8   1296.2   0.730
20260406183522    101   1785.0   1800.0   20.0     51.2   1229.2   1300.7   0.814
20260406183522    102    775.0    795.0   20.0    144.1    826.2    826.6   0.828
20260406183522    103    120.0    135.0   20.0     47.3    833.4   1024.7   0.816
20260406183522    103    170.0    185.0   20.0     23.7   1037.7   1031.1   0.652
20260406183522    103    220.0    235.0   20.0    165.2   1052.4    835.2   0.816
20260406183522    103    770.0    785.0   20.0     61.5    836.4    917.2   0.822
20260406183522    103    880.0    930.0   20.0     55.4    943.8    998.0   0.794
20260406183522    103   1005.0   1025.0   20.0     71.4   1005.3    985.7   0.888
20260406183522    103   1335.0   1350.0   20.0     35.6   1027.5   1016.2   0.819
20260406183522    103   1510.0   1540.0   20.0     30.0   1221.4   1232.1   0.827
20260406183522    103   1685.0   1700.0   20.0     22.6   1232.2   1232.4   0.555
20260406183522    104   1470.0   1485.0   20.0     35.3    119.6    117.1   0.824
20260406183522    105    495.0    510.0   20.0     93.9    826.1   1032.6   0.871
20260406183522    105    550.0    565.0   20.0     28.9   1049.0   1051.4   0.624
20260406183522    106    470.0    485.0   20.0    203.9    825.8    828.1   0.753
20260406183522    106   1225.0   1255.0   20.0    146.3    830.1    832.3   0.762
20260406183522    107    220.0    235.0   20.0     41.8    842.9    840.8   0.731
20260406183522    107   1455.0   1475.0   20.0     48.4    849.4    848.7   0.736
20260406183522    108    720.0    735.0   20.0     21.5     65.8     63.6   0.750
20260406183522    108   1075.0   1090.0   20.0     31.9     67.1     63.9   0.757
20260406183522    109    805.0    825.0   20.0     26.9    829.8    831.5   0.725
20260406183522    109   1630.0   1685.0   20.0     67.9    837.3   1042.7   0.849
20260406183522    110    565.0    580.0   20.0    103.2    828.6   1123.2   0.812
20260406183522    110   1455.0   1470.0   20.0     30.4   1244.2   1233.6   0.785
20260406183522    111     80.0    120.0   20.0     56.5    821.3    822.8   0.741
20260406183522    115   1585.0   1600.0   20.0     84.5    823.0    988.1   0.863
20260406183522    116   1565.0   1610.0   20.0     30.9    831.5    966.3   0.774
20260406183522    117   1295.0   1320.0   20.0     54.1    831.9    832.5   0.751
20260406183522    118    965.0   1025.0   20.0    138.1    827.3    828.3   0.861
20260406183522    118   1490.0   1515.0   20.0    105.9    830.5    833.4   0.770
20260406183522    119    930.0    950.0   20.0     45.0    860.6   1064.7   0.852
20260406183522    119   1035.0   1085.0   20.0    184.8   1045.3    834.4   0.814
20260406183522    119   1390.0   1405.0   20.0     63.9    837.3    838.4   0.815
20260406183522    122   1305.0   1320.0   20.0     26.2    904.9    882.8   0.736
20260406183522    123    830.0    845.0   20.0     53.3    823.6    827.2   0.745
20260406183522    125    520.0    535.0   20.0     34.8    824.5    891.9   0.750
20260406183522    125    645.0    660.0   20.0     28.7    945.7    904.1   0.675
20260406183522    125    725.0    755.0   20.0    128.5    922.4    825.4   0.793
20260406183522    128    960.0    975.0   20.0     61.4    828.3    829.6   0.801
20260406183522    128   1735.0   1750.0   20.0     30.4    829.8    887.2   0.771
20260406183522    128   1785.0   1800.0   20.0     41.5    923.1    946.3   0.644
20260406183522    130    120.0    135.0   20.0     23.5    819.9    820.1   0.551
20260406183522    131   1430.0   1445.0   20.0     53.6    803.0    745.2   0.806
20260406183522    132    800.0    820.0   20.0    115.9    825.7    826.2   0.802
20260406183522    132   1005.0   1025.0   20.0     82.5    827.5   1070.1   0.913
20260406183522    133    635.0    705.0   20.0    153.0    827.4   1098.7   0.846
20260406183522    134    540.0    555.0   20.0     38.5    866.2    844.5   0.691
20260406183522    134   1075.0   1090.0   20.0    122.8    846.1   1142.5   0.872
20260406183522    136    240.0    265.0   20.0    127.4    828.9   1294.5   0.872
20260406183522    137    620.0    650.0   20.0     59.9    828.1    831.4   0.799
20260406183522    138   1145.0   1175.0    8.9    215.9   1247.7   1270.4   0.510
20260406183522    138   1210.0   1760.0   19.9    227.2   1293.4   1267.4   0.832
20260406183522    140   1080.0   1095.0   20.0     66.7    840.9    909.1   0.722
20260406183522    142    875.0    890.0   20.0    146.6    840.9    835.3   0.715
20260406183522    142   1780.0   1795.0   20.0     46.5    839.3    840.6   0.778
20260406183522    143     45.0    105.0   20.0     29.3    836.3    976.2   0.864
20260406183522    143    230.0    285.0   20.0     29.9   1056.0   1178.0   0.864
20260406183522    143   1560.0   1575.0   20.0     24.9    997.6    841.7   0.941
20260406183522    143   1785.0   1800.0   20.0     78.3    842.0    841.7   0.630
20260406183522    144   1275.0   1290.0   20.0     29.0    834.9    920.4   0.757
20260406183522    144   1330.0   1345.0   20.0    160.5    989.3    836.4   0.757
20260406183522    145    825.0    885.0   20.0    161.0    838.0    838.5   0.852
20260406183522    146    135.0    150.0   20.0     31.8    832.5    941.3   0.774
20260406183522    146    695.0    710.0   20.0     27.1    999.1   1039.5   0.843
20260406183522    147    895.0    910.0   20.0     31.4    840.9    842.2   0.741
20260406183522    148   1785.0   1800.0   20.0     35.9    851.8    914.2   0.726
20260406183522    149    365.0    380.0   20.0     66.8    852.7    851.6   0.791
20260406183522    150   1000.0   1015.0   20.0     61.2    842.6    843.9   0.756
20260406183522    151   1100.0   1115.0   20.0    141.3    856.9   1158.1   0.802
20260406183522    152     90.0    105.0   20.0     79.9    851.9    852.8   0.818
20260406183522    154    520.0    535.0   20.0     46.9    851.0    853.6   0.787
20260406183522    155     35.0     55.0   20.0     55.5    854.8   1027.6   0.827
20260406183522    156    835.0    870.0   20.0     85.0    853.8    852.8   0.880
20260406183522    156   1745.0   1785.0   20.0    118.1    855.8   1084.9   0.772
20260406183522    157     50.0     65.0   20.0     37.4    624.9    730.5   0.842
20260406183522    159   1115.0   1145.0   20.0    210.8    865.4    864.3   0.825
20260406183522    161   1775.0   1800.0   20.0     83.9    863.1    861.8   0.863
20260406183522    162      0.0     10.0   20.0     84.9      0.0    873.9   0.805
20260406183522    162    955.0    975.0   20.0     46.1    872.0    872.6   0.798
20260406183522    163    800.0    820.0   20.0    128.2    863.8   1292.1   0.895
20260406183522    165    905.0    920.0   20.0     71.6    872.9    955.7   0.753
20260406183522    165    975.0    990.0   20.0     24.0   1020.1    967.4   0.728
20260406183522    165   1125.0   1140.0   20.0    115.0    980.1    875.3   0.753
20260406183522    166    445.0    460.0   20.0     26.5    870.8    912.4   0.759
20260406183522    166   1215.0   1230.0   20.0     68.6    947.8    869.8   0.776
20260406183522    168   1205.0   1220.0   20.0     65.1    877.4    981.1   0.758
20260406183522    168   1295.0   1310.0   20.0     28.1    955.4   1032.9   0.786
20260406183522    168   1425.0   1440.0   20.0     28.2   1082.8   1095.5   0.480
20260406183522    168   1475.0   1495.0   20.0    180.7   1074.7    878.2   0.805
20260406183522    169   1130.0   1145.0   20.0    110.5    882.3   1129.4   0.820
20260406183522    169   1215.0   1235.0   20.0     88.2   1123.3    878.4   0.867
20260406183522    170   1380.0   1400.0   20.0     70.0    886.5    885.5   0.824
20260406183522    171    505.0    530.0   20.0    136.5    892.7    893.0   0.820
20260406183522    171    640.0    655.0   20.0     27.5    892.5    936.1   0.778
20260406183522    171    720.0    735.0   20.0     54.5    944.3    893.9   0.741
20260406183522    173    685.0    735.0   20.0    123.2    900.6    904.0   0.706
20260406183522    173   1400.0   1505.0   20.0     48.2    902.9   1278.1   0.740
20260406183522    173   1670.0   1710.0   20.0     21.2   1289.4   1291.5   0.675
20260406183522    174   1410.0   1455.0   20.0     89.6    898.4   1050.4   0.848
20260406183522    174   1505.0   1615.0   20.0     48.5   1070.9   1133.6   0.843
20260406183522    174   1665.0   1680.0   20.0     24.5   1146.1   1208.1   0.768
20260406183522    174   1720.0   1735.0   20.0    276.9   1210.6    900.0   0.824
20260406183522    179     15.0     35.0   20.0     54.8    912.1    911.5   0.768
20260406183522    179   1010.0   1030.0   20.0    125.6    911.6   1236.9   0.878
20260406183522    181    395.0    415.0   20.0     78.1    905.8    906.5   0.743
20260406183522    182   1450.0   1470.0   20.0    137.6    898.1    898.0   0.741
20260406183522    183    970.0    985.0   20.0     50.1    913.3    976.5   0.868
20260406183522    183   1025.0   1065.0   20.0    141.9   1018.7    914.6   0.766
20260406183522    184    700.0    755.0   20.0    157.9    915.3    913.3   0.855
20260406183522    184    915.0    930.0   20.0     47.0    912.1    912.4   0.758
20260406183522    185    100.0    115.0   20.0     28.9   1126.2   1203.6   0.598
20260406183522    185    185.0    785.0   20.0    288.2   1244.9   1409.7   0.890
20260406183522    185    870.0   1220.0    5.0    304.5   1417.4   1443.6   0.683
20260406183522    185   1260.0   1800.0   19.9    294.8   1433.4   1451.8   0.819
20260406183522    186    205.0    220.0   20.0     24.2    794.1    771.0   0.725
20260406183522    186   1055.0   1070.0   20.0     22.4    755.4    778.3   0.726
20260406183522    186   1210.0   1260.0   20.0     49.2    788.8    771.6   0.833
20260406183522    186   1620.0   1635.0   20.0     62.0    800.4    772.5   0.769
20260406183522    187   1240.0   1280.0   20.0     75.8    926.9   1049.1   0.912
20260406183522    187   1320.0   1335.0   20.0     56.6   1072.1   1048.6   0.849
20260406183522    187   1640.0   1655.0   20.0     25.1   1118.6   1161.3   0.704
20260406183522    189   1250.0   1270.0   20.0    127.8    932.6    931.4   0.797
20260406183522    190    710.0    760.0   20.0     54.5    927.2   1058.6   0.863
20260406183522    190    905.0    920.0   20.0     58.9   1157.0   1197.4   0.805
20260406183522    190    985.0   1000.0   20.0     20.3   1209.8   1159.2   0.785
20260406183522    190   1075.0   1095.0   20.0    104.7   1185.6   1306.3   0.839
20260406183522    191   1065.0   1080.0   20.0     70.4    920.4   1038.3   0.770
20260406183522    191   1135.0   1160.0   20.0    192.6   1088.2    922.0   0.856
20260406183522    191   1300.0   1330.0   20.0    126.8    921.3    921.3   0.853
20260406183522    195    205.0    220.0   20.0     66.7   1020.9    939.4   0.777
20260406183522    197    405.0    420.0   20.0     26.8    943.2    978.1   0.751
20260406183522    197    610.0    670.0   20.0    107.8   1073.0   1145.8   0.823
20260406183522    197    960.0    975.0   20.0    146.1   1177.6    942.1   0.861
20260406183522    197   1055.0   1070.0   20.0     58.4    942.5    941.8   0.739
20260406183522    197   1190.0   1205.0   20.0    115.2    943.9    943.9   0.770
20260406183522    199    320.0    345.0   20.0    236.7    952.8    951.7   0.884
20260406183522    200    960.0   1060.0   20.0    332.1    941.8    941.5   0.859
20260406183522    201    110.0    155.0   20.0     87.1    948.7   1171.7   0.765
20260406183522    201    190.0    215.0   20.0     33.7   1153.2   1215.8   0.752
20260406183522    201    280.0    295.0   20.0     28.4   1229.5   1282.9   0.793
20260406183522    201    785.0    800.0   20.0     44.9   1324.5   1350.9   0.815
20260406183522    202    595.0    615.0   20.0     53.6    945.1   1035.6   0.798
20260406183522    202    700.0    750.0   20.0     39.4   1083.1   1144.7   0.744
20260406183522    202    785.0    800.0   20.0     32.9   1123.5   1156.7   0.748
20260406183522    202    990.0   1005.0   20.0     78.3   1221.1   1338.1   0.751
20260406183522    203    275.0    330.0   20.0    130.3    958.2    959.6   0.818
20260406183522    203   1695.0   1710.0   20.0    111.9    954.6    954.5   0.812
20260406183522    205     70.0     90.0   20.0    113.0    962.9    962.9   0.789
20260406183522    205   1495.0   1520.0   20.0     35.6    961.8   1062.8   0.813
20260406183522    205   1560.0   1575.0   20.0     94.1   1094.6    960.3   0.862
20260406183522    207   1645.0   1660.0   20.0     55.2    961.1    963.3   0.781
20260406183522    208   1245.0   1260.0   20.0    115.2   1348.6   1541.3   0.839
20260406183522    209   1690.0   1710.0   20.0    123.5    972.1    968.4   0.824
20260406183522    209   1755.0   1775.0   20.0    100.1    967.7    968.3   0.747
20260406183522    214    200.0    215.0   20.0     49.8    558.5    561.5   0.726
20260406183522    215    690.0    740.0   20.0     59.2    990.9   1095.0   0.834
20260406183522    215    880.0    895.0   20.0     22.7   1134.1   1173.9   0.824
20260406183522    216   1500.0   1530.0   20.0     47.5    977.2   1204.7   0.780
20260406183522    216   1615.0   1670.0   20.0     55.8   1196.6   1265.7   0.685
20260406183522    218    400.0    415.0   20.0    206.1    977.5   1418.2   0.824
20260406183522    220    225.0    245.0   20.0    115.9    990.0    989.9   0.755
20260406183522    220   1725.0   1745.0   20.0    164.5    985.1   1541.7   0.926
20260406183522    221   1545.0   1560.0   20.0     23.2   1001.6   1026.8   0.756
20260406183522    221   1635.0   1705.0   20.0     56.1   1060.5   1286.4   0.855
20260406183522    223    105.0    120.0   20.0    100.1   1005.7   1008.3   0.782
20260406183522    223    390.0    410.0   20.0    114.0   1019.3   1003.4   0.799
20260406183522    223    690.0    720.0   20.0    261.0   1005.0   1004.3   0.787
20260406183522    227    680.0    695.0   20.0     67.4   1322.2   1460.4   0.817
20260406183522    228   1505.0   1530.0   20.0     62.6   1002.9   1004.0   0.761
20260406183522    232    420.0    435.0   20.0     77.1   1005.6   1008.3   0.720
20260406183522    233    175.0    235.0   20.0     66.2   1036.4   1386.8   0.873
20260406183522    235    945.0    960.0   20.0     39.6   1024.7   1024.7   0.756
20260406183522    237   1000.0   1020.0   20.0     24.3   1043.6   1143.1   0.761
20260406183522    237   1240.0   1260.0   20.0    155.3   1135.9   1041.9   0.826
20260406183522    238     50.0     75.0   20.0    111.6   1043.3   1041.4   0.847
20260406183522    239      5.0     25.0   20.0    106.4   1053.9   1055.9   0.818
20260406183522    239    820.0    885.0   20.0    166.3   1053.1   1054.8   0.806
20260406183522    239   1130.0   1260.0   20.0    180.6   1052.5   1051.6   0.812
20260406183522    241    105.0    120.0   20.0     84.3   1052.5   1414.5   0.921
20260406183522    241    220.0    235.0   20.0    191.5   1372.8   1051.7   0.763
20260406183522    243     65.0    170.0   19.6    150.1   1053.8   1385.7   0.784
20260406183522    243    250.0    300.0   20.0     37.8   1368.1   1396.8   0.642
20260406183522    243    370.0    480.0   20.0     66.4   1519.5   1492.6   0.726
20260406183522    243    855.0    870.0   20.0     30.8   1561.3   1560.2   0.758
20260406183522    244   1615.0   1630.0   20.0     69.2   1065.6   1320.9   0.924
20260406183522    244   1695.0   1760.0   20.0     55.4   1368.1   1459.8   0.789
20260406183522    247    585.0    605.0   20.0     87.0   1078.2   1077.5   0.780
20260406183522    247   1320.0   1340.0   20.0    110.0   1073.9   1379.1   0.934
20260406183522    247   1555.0   1570.0   20.0    129.3   1441.2   1069.4   0.877
20260406183522    248   1225.0   1240.0   20.0     32.5   1078.8   1122.0   0.786
20260406183522    249    495.0    510.0   20.0    181.4   1080.4   1435.7   0.788
20260406183522    249    660.0    675.0   20.0     57.3   1489.7   1475.1   0.622
20260406183522    249    735.0    765.0   20.0    188.2   1551.6   1077.8   0.931
20260406183522    249    910.0    940.0   20.0    131.3   1079.3   1078.8   0.754
20260406183522    250   1275.0   1290.0   20.0    152.9   1076.0   1299.9   0.769
20260406183522    250   1515.0   1530.0   20.0     30.3   1368.7   1407.0   0.842
20260406183522    251    395.0    410.0   20.0     58.3   1091.3   1161.5   0.770
20260406183522    251    595.0    615.0   20.0     45.9   1171.3   1091.0   0.831
20260406183522    252   1445.0   1460.0   20.0    283.7   1075.1   1077.8   0.759
20260406183522    253    540.0    600.0   20.0     72.5   1082.5   1164.3   0.743
20260406183522    253   1575.0   1595.0   20.0    123.7   1178.9   1365.0   0.812
20260406183522    254    590.0    610.0   20.0    167.9   1081.4   1081.0   0.709
20260406183522    255    420.0    435.0   20.0     72.4   1110.8   1198.9   0.758
20260406183522    255   1005.0   1020.0   20.0     62.2   1294.9   1297.0   0.819
20260406183522    255   1410.0   1425.0   20.0     28.1   1441.8   1434.6   0.670
20260406183522    255   1715.0   1750.0   20.0     32.6   1511.2   1539.4   0.707
20260406183522    256    240.0    255.0   20.0     53.9    312.7    294.0   0.505
20260406183522    256    310.0    325.0   20.0     31.0    301.3    374.5   0.820
20260406183522    256    385.0    400.0   20.0     46.4    394.3    387.9   0.618
20260406183522    256    590.0    605.0   20.0     23.1    421.9    428.8   0.610
20260406190846      1   1690.0   1710.0   20.0     97.2    997.2    996.5   0.854
20260406190846      1   1760.0   1780.0   20.0     43.8   1006.3   1001.1   0.772
20260406190846      2    195.0    215.0   20.0    211.7    992.6    992.1   0.885
20260406190846      3    670.0    705.0   20.0    239.8   1010.1   1498.4   0.866
20260406190846      3    820.0    860.0   20.0     29.6   1497.0   1501.6   0.470
20260406190846      5     30.0     55.0   20.0    159.6    978.1    978.3   0.853
20260406190846      6   1315.0   1330.0   20.0     60.7    972.6    971.2   0.670
20260406190846      8   1035.0   1065.0   20.0    123.0    956.6    956.0   0.768
20260406190846      9    440.0    460.0   20.0    116.2    954.1   1245.2   0.832
20260406190846      9    610.0    625.0   20.0     73.0   1243.5   1298.9   0.820
20260406190846      9   1245.0   1260.0   20.0     65.2   1266.1   1263.4   0.810
20260406190846      9   1295.0   1310.0   20.0     24.2   1234.3   1245.1   0.817
20260406190846      9   1560.0   1575.0   20.0     24.0   1217.0   1202.7   0.606
20260406190846      9   1620.0   1635.0   20.0     42.6   1159.2    950.9   0.859
20260406190846     11     40.0     55.0   20.0    179.9    967.8   1348.8   0.890
20260406190846     12    175.0    275.0   20.0     51.6   1185.4   1258.7   0.773
20260406190846     12    665.0    680.0   20.0     39.3   1332.3   1352.8   0.510
20260406190846     12   1305.0   1365.0   20.0     31.8   1372.8   1375.3   0.830
20260406190846     12   1585.0   1600.0   20.0     35.3   1396.5   1420.7   0.845
20260406190846     12   1695.0   1710.0   20.0     28.1   1418.6   1440.2   0.859
20260406190846     13    290.0    310.0   20.0     76.6    944.4    942.0   0.869
20260406190846     13   1425.0   1450.0   20.0    148.9    942.9   1454.4   0.840
20260406190846     14    740.0    755.0   20.0    104.7    948.5    949.7   0.662
20260406190846     15    310.0    325.0   20.0    161.1    952.5    952.9   0.767
20260406190846     15   1625.0   1640.0   20.0     60.9    952.1    952.2   0.827
20260406190846     17    170.0    190.0   20.0    183.4    945.7   1258.0   0.915
20260406190846     17    385.0    405.0   20.0     30.1   1255.6   1272.1   0.792
20260406190846     17    485.0    595.0   20.0     27.6   1284.3   1249.9   0.862
20260406190846     18    105.0    120.0   20.0     23.3    937.9    938.7   0.773
20260406190846     18   1455.0   1470.0   20.0     72.4    939.9    940.1   0.809
20260406190846     19    570.0    595.0   20.0    232.9    936.4    936.8   0.871
20260406190846     19    745.0    760.0   20.0     50.8    936.7    938.5   0.757
20260406190846     19   1650.0   1670.0   20.0    134.5    937.6    937.6   0.772
20260406190846     21    275.0    290.0   20.0     39.8    938.9    946.1   0.729
20260406190846     21    570.0    585.0   20.0     37.2    942.8   1024.6   0.726
20260406190846     21   1655.0   1670.0   20.0     24.0   1221.7   1232.9   0.769
20260406190846     22   1565.0   1620.0   20.0    226.1    937.8    938.8   0.822
20260406190846     23    930.0    950.0   20.0     63.8    926.4   1007.2   0.838
20260406190846     23   1100.0   1120.0   20.0     44.7   1015.3   1142.5   0.935
20260406190846     23   1165.0   1195.0   20.0     47.7   1157.3   1227.2   0.916
20260406190846     25     40.0     55.0   20.0     48.5   1178.1   1243.7   0.860
20260406190846     25    180.0    190.0   20.0     30.2   1279.6   1267.7   0.577
20260406190846     27   1210.0   1225.0   20.0     37.7    896.7    987.2   0.747
20260406190846     27   1350.0   1365.0   20.0     31.1    973.0    972.7   0.762
20260406190846     28   1325.0   1340.0   20.0     36.9    899.9    940.1   0.760
20260406190846     28   1560.0   1575.0   20.0     29.5   1015.7   1081.2   0.823
20260406190846     30    825.0    845.0   20.0    170.3    889.7    891.6   0.803
20260406190846     30   1275.0   1290.0   20.0     67.0    896.1    894.5   0.737
20260406190846     30   1345.0   1365.0   20.0     78.2    899.9    987.8   0.820
20260406190846     30   1490.0   1505.0   20.0     26.9   1001.6   1007.1   0.779
20260406190846     31    470.0    525.0   20.0     86.7    884.1    884.0   0.776
20260406190846     31    610.0    690.0   20.0     68.2    884.5   1187.9   0.750
20260406190846     31   1765.0   1780.0   20.0     36.2    914.5    993.7   0.559
20260406190846     32   1630.0   1645.0   20.0     83.6    891.4   1192.9   0.819
20260406190846     33    800.0    810.0   20.0     63.2    888.7    889.5   0.566
20260406190846     33   1310.0   1325.0   20.0     67.0    888.1    891.0   0.802
20260406190846     33   1620.0   1635.0   20.0    141.8    892.6    892.0   0.806
20260406190846     34     75.0     90.0   20.0     25.1   1071.5   1085.0   0.573
20260406190846     34    125.0    140.0   20.0     40.6   1088.2   1111.9   0.844
20260406190846     34    270.0    285.0   20.0    111.1   1122.4   1112.9   0.549
20260406190846     34    390.0    405.0   20.0    105.0   1110.3    881.9   0.857
20260406190846     35   1390.0   1410.0   20.0     59.0    885.9    932.4   0.864
20260406190846     35   1785.0   1800.0   20.0     61.6    887.8    886.8   0.771
20260406190846     36    780.0    795.0   20.0    124.1    873.5   1040.9   0.808
20260406190846     36    895.0    910.0   20.0     30.2   1079.2   1065.6   0.550
20260406190846     36    945.0    995.0   20.0    100.9   1074.3   1075.3   0.789
20260406190846     36   1120.0   1135.0   20.0     20.3   1053.8   1055.1   0.640
20260406190846     36   1370.0   1410.0   20.0     38.0   1058.5   1119.0   0.888
20260406190846     36   1470.0   1485.0   20.0     21.4   1138.7   1148.6   0.599
20260406190846     38   1075.0   1180.0   20.0     77.0    880.6   1076.3   0.790
20260406190846     38   1215.0   1230.0   20.0     96.7   1073.5    983.6   0.760
20260406190846     38   1300.0   1370.0   20.0     71.3    982.6   1013.0   0.784
20260406190846     38   1405.0   1430.0   20.0    118.2   1035.5   1028.6   0.822
20260406190846     38   1480.0   1495.0   20.0     39.8   1063.2   1071.3   0.675
20260406190846     38   1585.0   1670.0   20.0     66.0   1035.3   1047.5   0.848
20260406190846     38   1725.0   1740.0   20.0     44.0   1025.8    997.3   0.630
20260406190846     38   1775.0   1790.0   20.0     21.5    998.0   1028.0   0.696
20260406190846     39   1390.0   1425.0   20.0    143.9    884.0   1211.4   0.893
20260406190846     42    850.0    865.0   20.0     20.6    869.1    894.1   0.731
20260406190846     42    960.0   1175.0   20.0     71.6    899.1    983.6   0.753
20260406190846     42   1240.0   1250.0   20.0     20.8    986.0   1005.2   0.739
20260406190846     42   1525.0   1570.0   20.0     25.2   1026.1   1040.8   0.731
20260406190846     42   1605.0   1630.0   20.0     73.0   1042.0   1101.9   0.855
20260406190846     42   1740.0   1755.0   20.0     28.7   1009.8    988.8   0.419
20260406190846     43    270.0    290.0   20.0     70.8    867.5    873.3   0.745
20260406190846     44    390.0    405.0   20.0    194.4    867.1   1215.8   0.846
20260406190846     45    775.0    790.0   20.0     44.2    874.9    997.3   0.833
20260406190846     45    850.0    865.0   20.0     20.9   1047.7   1091.6   0.823
20260406190846     45    910.0    925.0   20.0     22.8   1118.2   1145.4   0.825
20260406190846     47   1120.0   1135.0   20.0     51.7    868.5    868.6   0.682
20260406190846     48      0.0     10.0   20.0    124.6      0.0   1145.4   0.861
20260406190846     48    985.0   1000.0   20.0     29.9   1211.6   1215.2   0.854
20260406190846     48   1495.0   1510.0   20.0     47.8   1218.8   1245.9   0.773
20260406190846     54    760.0    775.0   20.0     42.2    862.1    863.3   0.768
20260406190846     54   1610.0   1625.0   20.0     47.5    869.4    866.1   0.672
20260406190846     56    105.0    120.0   20.0    149.7    837.0   1170.9   0.933
20260406190846     57    255.0    295.0   20.0     51.8    840.3    994.7   0.750
20260406190846     58   1410.0   1435.0   20.0    190.5    857.8    859.1   0.830
20260406190846     60   1150.0   1165.0   20.0     44.7    855.7    971.5   0.721
20260406190846     60   1410.0   1530.0   20.0     44.4   1002.3   1025.2   0.773
20260406190846     60   1655.0   1670.0   20.0     84.1   1003.4    981.3   0.662
20260406190846     60   1770.0   1785.0   20.0     22.4   1013.9   1019.2   0.664
20260406190846     62     20.0     40.0   20.0    157.0    833.7    834.3   0.857
20260406190846     64    690.0    720.0   20.0    221.6    849.2   1098.5   0.871
20260406190846     65     20.0     45.0   20.0     56.5    834.6    836.2   0.754
20260406190846     65   1695.0   1730.0   20.0    108.2    843.5    846.2   0.773
20260406190846     67    590.0    605.0   20.0    160.6    839.7   1235.0   0.867
20260406190846     68    745.0    770.0   20.0     50.2    843.5    929.5   0.873
20260406190846     68    870.0    915.0   20.0    172.3    946.4    844.7   0.944
20260406190846     68   1325.0   1340.0   20.0     74.4    850.7    958.7   0.743
20260406190846     68   1430.0   1445.0   20.0     21.3    994.6   1008.7   0.758
20260406190846     68   1510.0   1525.0   20.0     26.9   1019.7   1024.2   0.560
20260406190846     68   1575.0   1700.0   20.0    131.1   1028.2    945.8   0.864
20260406190846     70    920.0    940.0   20.0     48.5    835.2   1015.7   0.807
20260406190846     74   1295.0   1310.0   20.0     74.4    865.4    937.6   0.736
20260406190846     74   1590.0   1615.0   20.0     43.0   1000.8    977.9   0.872
20260406190846     75   1045.0   1095.0   20.0    142.5    843.2    903.1   0.861
20260406190846     78   1000.0   1015.0   20.0     46.7    845.7    844.4   0.743
20260406190846     81    255.0    285.0   20.0    124.7    830.0    831.6   0.847
20260406190846     82    585.0    600.0   20.0     22.1   1174.6   1166.1   0.738
20260406190846     83   1790.0   1800.0   20.0     26.4    833.4    867.7   0.695
20260406190846     85    895.0    910.0   20.0     45.5    827.1    825.4   0.765
20260406190846     85   1080.0   1095.0   20.0    149.0    828.1    826.2   0.798
20260406190846     85   1245.0   1260.0   20.0     64.0    826.8    826.5   0.699
20260406190846     85   1485.0   1505.0   20.0     82.4    828.7    829.8   0.755
20260406190846     87      5.0     35.0   20.0    157.5    824.5    824.7   0.787
20260406190846     87   1220.0   1235.0   20.0     35.5    830.2    834.5   0.709
20260406190846     88     10.0     25.0   20.0     22.4    998.3   1051.3   0.739
20260406190846     88    120.0    140.0   20.0    154.0   1044.5    821.4   0.857
20260406190846     90   1355.0   1370.0   20.0     47.6    836.2    835.5   0.677
20260406190846     92    545.0    565.0   20.0     69.5    822.2   1001.2   0.908
20260406190846     93   1370.0   1385.0   20.0     72.5    833.5    834.1   0.790
20260406190846     96   1170.0   1185.0   20.0     26.8    824.8    871.5   0.738
20260406190846     96   1265.0   1280.0   20.0    112.6    888.5    824.8   0.695
20260406190846     96   1315.0   1330.0   20.0     46.8    824.4    824.2   0.819
20260406190846     98    165.0    220.0   20.0     27.3   1062.2   1136.0   0.826
20260406190846     98    270.0    325.0   20.0     85.1   1136.5   1194.4   0.879
20260406190846    100    900.0    920.0   20.0     29.2    822.9    823.2   0.751
20260406190846    100   1295.0   1310.0   20.0     88.7    822.8    822.9   0.708
20260406190846    101    925.0    940.0   20.0    120.8    826.3   1112.2   0.913
20260406190846    101   1515.0   1530.0   20.0     70.7   1157.0   1259.4   0.802
20260406190846    101   1595.0   1695.0   20.0     66.1   1268.5   1282.5   0.858
20260406190846    101   1740.0   1785.0   20.0     51.7   1286.1   1298.9   0.845
20260406190846    102   1620.0   1635.0   20.0     22.1    834.7    832.3   0.567
20260406190846    103    640.0    655.0   20.0     27.8    959.8    969.6   0.824
20260406190846    103    805.0    820.0   20.0     20.1    991.2   1004.7   0.795
20260406190846    103    905.0    920.0   20.0     36.1   1046.6   1092.9   0.820
20260406190846    105   1415.0   1430.0   20.0     87.7    826.8    827.9   0.732
20260406190846    107   1775.0   1795.0   20.0     91.1    842.7   1035.9   0.867
20260406190846    109   1625.0   1640.0   20.0     42.9    829.4    827.2   0.781
20260406190846    110      0.0     10.0   20.0     23.5      0.0   1100.4   0.642
20260406190846    112   1300.0   1315.0   20.0     41.4    815.1    814.4   0.693
20260406190846    112   1415.0   1430.0   20.0    116.0    815.0   1209.3   0.880
20260406190846    113    265.0    280.0   20.0     43.2    817.1    818.1   0.701
20260406190846    116    120.0    155.0   20.0     41.0    822.3   1020.8   0.842
20260406190846    116   1100.0   1115.0   20.0     25.6   1099.1   1141.3   0.783
20260406190846    119     20.0     35.0   20.0     21.4    825.1    857.4   0.786
20260406190846    119    290.0    305.0   20.0    100.0   1084.8    825.6   0.841
20260406190846    120      0.0     15.0   20.0    122.7      0.0    829.3   0.731
20260406190846    120   1015.0   1030.0   20.0     74.5    834.2    920.0   0.759
20260406190846    120   1185.0   1200.0   20.0     26.1    938.8    925.2   0.535
20260406190846    120   1275.0   1290.0   20.0     32.9    945.5    968.2   0.758
20260406190846    120   1475.0   1515.0   20.0     28.4    991.7   1023.7   0.804
20260406190846    121   1220.0   1235.0   20.0     59.5    831.5    985.6   0.911
20260406190846    121   1285.0   1300.0   20.0     35.4    997.7   1045.8   0.894
20260406190846    121   1415.0   1430.0   20.0     73.7   1012.1    834.0   0.918
20260406190846    122   1730.0   1760.0   20.0    128.9    839.1    838.7   0.801
20260406190846    124    285.0    300.0   20.0     80.6    891.6    986.2   0.818
20260406190846    124    535.0    550.0   20.0     37.3   1051.9   1126.2   0.830
20260406190846    126   1750.0   1770.0   20.0     89.2    834.1    833.4   0.785
20260406190846    127   1785.0   1800.0   20.0    103.7    840.6    979.6   0.787
20260406190846    129   1355.0   1370.0   20.0     61.5    836.3    837.3   0.744
20260406190846    132   1480.0   1515.0   20.0     44.9    829.9    948.0   0.764
20260406190846    132   1555.0   1655.0   20.0     36.5    954.3   1065.9   0.853
20260406190846    133    320.0    335.0   20.0     60.1    828.2    962.3   0.765
20260406190846    134   1580.0   1595.0   20.0     29.2    884.5    853.0   0.816
20260406190846    135    870.0    885.0   20.0     61.4    832.2    831.7   0.722
20260406190846    135   1170.0   1185.0   20.0     20.4    833.7    926.4   0.777
20260406190846    135   1225.0   1255.0   20.0     43.8    979.0   1008.8   0.925
20260406190846    136   1470.0   1490.0   20.0     48.8    832.8    833.4   0.659
20260406190846    136   1595.0   1615.0   20.0    170.2    835.2    834.9   0.877
20260406190846    137   1740.0   1765.0   20.0    154.4    833.3    831.6   0.781
20260406190846    138     70.0     85.0   20.0     42.1    830.4    987.8   0.808
20260406190846    138    150.0    165.0   20.0    101.1    987.9   1112.6   0.735
20260406190846    139    155.0    185.0   20.0    106.9    840.1   1304.0   0.877
20260406190846    140    265.0    285.0   20.0     70.1    834.5   1056.2   0.859
20260406190846    140    325.0    340.0   20.0     23.2   1053.0   1106.8   0.871
20260406190846    140   1245.0   1265.0   20.0     43.6   1110.7   1110.1   0.920
20260406190846    140   1725.0   1740.0   20.0     24.8   1119.6   1160.0   0.896
20260406190846    141    365.0    395.0   20.0    156.5    845.3    846.5   0.818
20260406190846    141    620.0    635.0   20.0     69.7    847.2    846.6   0.772
20260406190846    142   1185.0   1205.0   20.0     48.4    836.6    836.1   0.740
20260406190846    142   1460.0   1525.0   20.0     47.2    837.0    945.5   0.807
20260406190846    142   1560.0   1575.0   20.0     22.5    932.4    964.3   0.705
20260406190846    143    245.0    260.0   20.0     29.4   1021.8   1034.7   0.525
20260406190846    143   1230.0   1245.0   20.0     39.2   1055.4   1085.5   0.689
20260406190846    146   1250.0   1265.0   20.0     31.7    855.1    842.8   0.487
20260406190846    146   1355.0   1375.0   20.0    162.3    840.0   1159.7   0.889
20260406190846    148   1480.0   1540.0   20.0    177.5    851.9    854.8   0.781
20260406190846    150    610.0    625.0   20.0     32.2    842.2    841.5   0.787
20260406190846    150    885.0    900.0   20.0     26.5    842.5    845.4   0.751
20260406190846    151    315.0    375.0   20.0     77.2    855.4   1103.0   0.778
20260406190846    151    645.0    670.0   20.0    108.6   1109.6    857.5   0.949
20260406190846    151   1755.0   1775.0   20.0     61.7    857.5    858.0   0.757
20260406190846    152    580.0    605.0   20.0     84.5    854.4    855.6   0.828
20260406190846    152   1625.0   1640.0   20.0     39.9    856.7    870.5   0.662
20260406190846    156   1760.0   1775.0   20.0     52.0    861.7    866.5   0.749
20260406190846    160   1300.0   1320.0   20.0     70.8    870.0    870.3   0.739
20260406190846    160   1755.0   1770.0   20.0     52.2    871.8    928.4   0.742
20260406190846    161    650.0    665.0   20.0     45.0    866.8   1024.9   0.792
20260406190846    161    865.0    880.0   20.0     59.5   1031.5    866.0   0.739
20260406190846    162   1605.0   1630.0   20.0     96.0    887.2    884.8   0.838
20260406190846    164    105.0    120.0   20.0     69.7    923.6    924.9   0.812
20260406190846    165    500.0    525.0   20.0    112.2    880.5    880.5   0.794
20260406190846    166    960.0    975.0   20.0     71.9    879.8    876.7   0.741
20260406190846    166   1290.0   1310.0   20.0     49.0    875.3    874.6   0.748
20260406190846    169   1695.0   1765.0   20.0     90.9    883.9   1132.5   0.849
20260406190846    170    775.0    790.0   20.0     49.3    883.6    955.2   0.750
20260406190846    170    905.0    925.0   20.0    216.7   1029.4   1295.3   0.792
20260406190846    172    720.0    740.0   20.0     63.1    874.4    872.0   0.752
20260406190846    172   1665.0   1700.0   20.0    117.4    877.9    877.5   0.810
20260406190846    173    105.0    120.0   20.0     21.5   1057.9   1099.1   0.750
20260406190846    173    285.0    300.0   20.0     47.2   1168.6   1185.5   0.797
20260406190846    173    345.0    400.0   20.0    163.1   1230.7   1368.4   0.871
20260406190846    173    795.0   1145.0   20.0    150.1   1437.5   1419.4   0.836
20260406190846    173   1635.0   1800.0   20.0     34.3   1422.8   1429.2   0.855
20260406190846    175   1770.0   1790.0   20.0    144.4    890.7    893.3   0.878
20260406190846    179   1315.0   1330.0   20.0    140.9    902.9   1232.5   0.872
20260406190846    181    730.0    745.0   20.0     92.5    897.9    897.4   0.738
20260406190846    182   1105.0   1125.0   20.0     60.8    890.5    890.3   0.707
20260406190846    183    565.0    580.0   20.0     55.5    905.1    905.6   0.744
20260406190846    184    105.0    120.0   20.0     60.7    904.1   1119.6   0.778
20260406190846    184    160.0    215.0   20.0     29.2   1107.0   1165.6   0.677
20260406190846    184    295.0    310.0   20.0     21.0   1141.9   1171.8   0.647
20260406190846    184    360.0    415.0   20.0    158.6   1163.3   1197.0   0.801
20260406190846    184    500.0    555.0   20.0     56.7   1216.4   1197.4   0.698
20260406190846    184    660.0    680.0   20.0    154.3   1226.6   1243.1   0.863
20260406190846    184    735.0    785.0   20.0     45.3   1244.9   1326.2   0.812
20260406190846    184   1085.0   1110.0   20.0    156.3   1288.5   1382.0   0.817
20260406190846    184   1150.0   1215.0   20.0     54.5   1394.8   1408.0   0.825
20260406190846    184   1345.0   1360.0   20.0     35.6   1279.2   1239.5   0.638
20260406190846    184   1420.0   1435.0   20.0     57.5   1237.0   1284.9   0.683
20260406190846    185    610.0    620.0   14.3    161.7   1389.9   1389.8   0.461
20260406190846    185    690.0    700.0    9.1    172.1   1391.9   1394.8   0.457
20260406190846    185    915.0    950.0    5.2    174.1   1405.5   1400.7   0.512
20260406190846    185    990.0   1650.0    2.5    179.2   1406.1   1416.2   0.643
20260406190846    185   1705.0   1770.0    2.2    149.4   1418.7   1418.1   0.616
20260406190846    190    245.0    280.0   20.0     60.7    920.6   1284.0   0.831
20260406190846    190   1290.0   1300.0   20.0     35.2   1409.0   1410.1   0.850
20260406190846    190   1390.0   1575.0   20.0    220.5   1383.9   1370.5   0.756
20260406190846    190   1665.0   1680.0   20.0     93.4   1372.4   1373.1   0.705
20260406190846    190   1715.0   1765.0   20.0    112.7   1378.8   1382.6   0.774
20260406190846    191    575.0    595.0   20.0     77.7    912.6    914.2   0.745
20260406190846    196   1000.0   1015.0   20.0     22.5    929.0    979.8   0.764
20260406190846    196   1080.0   1110.0   20.0     34.4    985.2   1109.1   0.801
20260406190846    196   1280.0   1295.0   20.0     23.4   1235.6   1254.6   0.780
20260406190846    196   1435.0   1495.0   20.0    155.4   1252.6    923.5   0.870
20260406190846    200    320.0    335.0   20.0     26.8    939.7    940.5   0.582
20260406190846    200    575.0    625.0   20.0    156.4    939.4    939.0   0.831
20260406190846    201    370.0    385.0   20.0     22.4   1277.5   1269.8   0.778
20260406190846    202    355.0    390.0   20.0     81.6    940.7   1074.2   0.832
20260406190846    202    495.0    510.0   20.0     21.5   1086.6   1114.4   0.809
20260406190846    202    895.0    910.0   20.0     21.8   1102.7   1123.5   0.695
20260406190846    202    955.0    970.0   20.0     76.2   1109.0   1135.3   0.717
20260406190846    202   1125.0   1140.0   20.0     21.1   1116.2   1124.9   0.645
20260406190846    206   1085.0   1120.0   20.0     61.7    956.9    955.9   0.770
20260406190846    210    215.0    230.0   20.0     78.8    957.1    956.6   0.788
20260406190846    212    230.0    250.0   20.0     79.6    962.3   1045.9   0.829
20260406190846    212    290.0    330.0   20.0     25.7   1066.6   1139.8   0.688
20260406190846    212    480.0    495.0   20.0     63.3   1128.3   1222.3   0.783
20260406190846    212    535.0    645.0   20.0     47.4   1231.1   1231.7   0.812
20260406190846    212   1475.0   1490.0   20.0     32.5   1223.5   1233.3   0.676
20260406190846    215   1230.0   1245.0   20.0     89.5    984.8   1201.8   0.875
20260406190846    216      0.0     40.0   20.0     92.2      0.0   1179.4   0.701
20260406190846    216    120.0    135.0   20.0     20.8   1242.5   1255.7   0.589
20260406190846    216    180.0    225.0   20.0     26.8   1250.3   1248.3   0.740
20260406190846    216    275.0    290.0   20.0     21.4   1275.9   1295.7   0.502
20260406190846    216    545.0    560.0   20.0     30.0   1376.4   1392.5   0.795
20260406190846    217   1505.0   1535.0   20.0    117.2    976.2   1262.9   0.870
20260406190846    218    850.0    955.0   20.0    130.0    972.4   1362.2   0.836
20260406190846    218    990.0   1005.0   20.0     20.2   1359.3   1362.5   0.589
20260406190846    218   1050.0   1065.0   20.0     25.9   1369.1   1379.6   0.734
20260406190846    218   1345.0   1360.0   20.0     21.3   1354.2   1376.3   0.677
20260406190846    218   1575.0   1590.0   20.0     29.3   1369.7   1397.3   0.775
20260406190846    222   1385.0   1405.0   20.0    176.8    981.9   1332.0   0.889
20260406190846    222   1465.0   1480.0   20.0     23.1   1255.8   1276.4   0.720
20260406190846    222   1715.0   1765.0   20.0     50.3   1269.7   1337.9   0.855
20260406190846    224   1620.0   1750.0   20.0    167.4    983.0    982.8   0.767
20260406190846    225    655.0    670.0   20.0     32.7    694.3    679.8   0.765
20260406190846    227     35.0     50.0   20.0     81.8   1119.1   1274.9   0.940
20260406190846    227     95.0    105.0   20.0     20.4   1322.7   1354.7   0.511
20260406190846    227   1590.0   1605.0   20.0     23.1   1554.5   1546.4   0.590
20260406190846    227   1655.0   1690.0   20.0     30.7   1534.8   1539.7   0.689
20260406190846    231   1660.0   1720.0   20.0    276.3   1006.6   1015.3   0.792
20260406190846    234   1525.0   1540.0   20.0    166.2   1039.8   1357.5   0.817
20260406190846    236   1390.0   1420.0   20.0    286.4   1017.8   1017.5   0.842
20260406190846    237    255.0    335.0   20.0    178.5   1045.1   1044.5   0.827
20260406190846    238    125.0    145.0   20.0    123.2   1035.8   1034.4   0.760
20260406190846    238   1565.0   1590.0   20.0    226.6   1027.1   1024.5   0.787
20260406190846    244   1520.0   1540.0   20.0    222.1   1161.5   1379.2   0.767
20260406190846    245    545.0    560.0   20.0    315.6   1064.3   1065.6   0.697
20260406190846    246    120.0    135.0   20.0    225.2   1055.5   1057.3   0.786
20260406190846    247   1700.0   1715.0   20.0    317.8   1078.8   1608.1   0.836
20260406190846    248      0.0     10.0   20.0     36.5      0.0   1425.0   0.854
20260406190846    248    660.0    670.0   20.0     31.5   1511.8   1510.9   0.560
20260406190846    248    800.0    815.0   20.0     22.0   1515.7   1500.3   0.510
20260406190846    248   1175.0   1190.0   20.0     47.7   1469.2   1430.4   0.616
20260406190846    249    625.0    640.0   20.0     68.6   1078.1   1079.6   0.745
20260406190846    251     95.0    125.0   20.0    228.9   1110.2   1091.8   0.821
20260406190846    251    550.0    570.0   20.0    133.6   1089.3   1090.9   0.864
20260406190846    251   1290.0   1305.0   20.0    134.3   1083.5   1083.3   0.759
20260406190846    252    665.0    680.0   20.0     22.9   1081.6   1081.6   0.454
20260406190846    252   1285.0   1300.0   20.0     78.2   1100.3   1084.9   0.804
20260406190846    253    150.0    210.0   20.0     89.0   1081.0   1392.3   0.829
20260406190846    253    455.0    470.0   20.0     60.6   1379.4   1345.5   0.776
20260406190846    253    590.0    630.0   20.0     79.6   1342.6   1378.2   0.618
20260406190846    253    690.0    705.0   20.0     22.8   1317.4   1079.2   0.892
20260406190846    254    175.0    200.0   20.0    215.3   1082.8   1105.2   0.838
20260406190846    254   1780.0   1800.0   20.0     57.9   1068.6   1283.7   0.839
20260406190846    256    790.0    805.0   20.0     52.3    369.4    294.8   0.757
20260406194207      3    600.0    615.0   20.0     32.0   1028.6   1385.9   0.715
20260406194207      4    925.0    940.0   20.0     58.7    994.8    987.0   0.783
20260406194207      6    925.0    950.0   20.0     66.2    970.0    967.9   0.852
20260406194207      8   1325.0   1345.0   20.0    145.4    946.5    946.8   0.814
20260406194207     11    965.0    980.0   20.0     21.7   1364.9   1346.2   0.734
20260406194207     11   1555.0   1570.0   20.0     26.0   1392.9   1358.3   0.759
20260406194207     12     35.0     55.0   20.0     39.4   1379.1   1373.6   0.826
20260406194207     12    220.0    235.0   20.0     34.2   1345.4   1348.2   0.811
20260406194207     12    275.0    330.0   20.0     25.9   1349.5   1330.2   0.843
20260406194207     12    390.0    410.0   20.0     44.0   1414.0   1338.8   0.849
20260406194207     12    460.0    475.0   20.0     45.8   1400.1   1333.1   0.930
20260406194207     12    570.0    585.0   20.0    111.6   1335.7   1334.5   0.880
20260406194207     12    650.0    660.0   20.0     20.4   1336.7   1370.9   0.744
20260406194207     12    700.0    715.0   20.0     20.3   1341.7   1360.4   0.799
20260406194207     12    905.0    920.0   20.0     29.7   1339.8   1351.5   0.791
20260406194207     12   1310.0   1325.0   20.0    128.9   1324.0   1367.3   0.656
20260406194207     12   1520.0   1590.0   20.0    138.3   1341.4   1450.6   0.691
20260406194207     12   1630.0   1665.0   17.6     83.6   1428.4   1350.8   0.638
20260406194207     12   1700.0   1740.0   20.0     26.6   1333.1   1340.8   0.751
20260406194207     16   1320.0   1370.0   20.0     73.9    941.1    939.1   0.548
20260406194207     17    275.0    470.0   20.0    279.9    936.8   1411.9   0.785
20260406194207     17    630.0    800.0   18.9    201.3   1395.8   1291.4   0.767
20260406194207     17    865.0    925.0   20.0     58.4   1286.7   1211.3   0.753
20260406194207     18   1295.0   1310.0   20.0     38.5    930.2    930.4   0.581
20260406194207     19   1535.0   1550.0   20.0     46.4    925.6    925.5   0.678
20260406194207     20     30.0    115.0   20.0     32.1   1153.7   1193.5   0.814
20260406194207     20    185.0    195.0   20.0     24.1   1241.6   1241.6   0.483
20260406194207     20    245.0    260.0   20.0     38.1   1263.8   1262.5   0.859
20260406194207     20    890.0    905.0   20.0     25.4   1323.5   1316.6   0.812
20260406194207     20   1125.0   1140.0   20.0     24.3   1336.0   1333.6   0.642
20260406194207     20   1200.0   1215.0   20.0     25.0   1333.1   1301.2   0.707
20260406194207     23    955.0    970.0   20.0     35.2    926.9    977.7   0.747
20260406194207     24    110.0    145.0   20.0     31.1   1100.0   1132.5   0.747
20260406194207     24    260.0    275.0   20.0     27.1   1141.3   1170.7   0.704
20260406194207     24    335.0    350.0   20.0     21.0   1181.4   1215.9   0.756
20260406194207     24    670.0    685.0   20.0     56.1   1233.9   1337.3   0.800
20260406194207     26   1530.0   1545.0   20.0     63.8    917.7    916.5   0.722
20260406194207     27   1560.0   1575.0   20.0     58.2    911.3    911.3   0.799
20260406194207     31   1595.0   1610.0   20.0     29.2    902.4    901.3   0.780
20260406194207     32    860.0    880.0   20.0     69.5    912.5    911.8   0.840
20260406194207     33    865.0    875.0   20.0     24.6    909.6    908.7   0.418
20260406194207     33   1415.0   1430.0   20.0     77.0    906.8    905.7   0.731
20260406194207     35    280.0    295.0   20.0     83.4    904.5   1023.9   0.748
20260406194207     35   1455.0   1470.0   20.0    151.4   1177.3   1272.4   0.683
20260406194207     35   1590.0   1605.0   20.0     73.7   1268.2   1366.0   0.762
20260406194207     36     35.0    150.0   20.0    131.7    891.0   1199.0   0.749
20260406194207     36    225.0    240.0   20.0     20.3   1187.0   1165.1   0.766
20260406194207     36    285.0    310.0   20.0     99.3   1163.2   1191.5   0.690
20260406194207     36    375.0    390.0   20.0    104.0   1227.0   1342.9   0.763
20260406194207     39   1740.0   1755.0   20.0     44.7    903.3   1043.0   0.891
20260406194207     40   1555.0   1585.0   20.0     92.5    887.2    888.7   0.848
20260406194207     41    640.0    700.0   20.0    127.6    896.7    895.5   0.813
20260406194207     42   1230.0   1245.0   20.0     31.2    888.1    888.9   0.640
20260406194207     44    290.0    305.0   20.0     21.6   1194.9   1233.6   0.696
20260406194207     44    760.0    775.0   20.0     24.9   1123.3    891.0   0.937
20260406194207     45    965.0   1005.0   20.0     82.5    893.7   1153.8   0.804
20260406194207     45   1040.0   1055.0   20.0     26.2   1185.1   1190.3   0.613
20260406194207     45   1090.0   1105.0   20.0     20.9   1174.5   1209.3   0.878
20260406194207     45   1210.0   1225.0   20.0     28.8   1247.0   1243.8   0.766
20260406194207     46    325.0    340.0   20.0     31.5   1039.7   1118.2   0.660
20260406194207     46    385.0    540.0   20.0     77.2   1119.0   1116.4   0.869
20260406194207     46    650.0    665.0   20.0     25.0   1100.4   1101.8   0.523
20260406194207     46    920.0    965.0   20.0     60.5   1147.8   1219.9   0.788
20260406194207     46   1030.0   1090.0   20.0     73.9   1233.0   1222.3   0.712
20260406194207     46   1500.0   1515.0   20.0     33.3   1316.3   1388.6   0.799
20260406194207     47     20.0     40.0   20.0     72.4    882.6    883.0   0.756
20260406194207     47    685.0    710.0   20.0     82.4    888.2    889.3   0.740
20260406194207     48    960.0    975.0   20.0     34.0   1265.9   1284.9   0.886
20260406194207     49    470.0    545.0   20.0     82.9    900.7   1034.1   0.895
20260406194207     49    590.0    605.0   20.0     30.0    996.3   1073.8   0.722
20260406194207     51    185.0    225.0   20.0     64.6    879.1    877.4   0.784
20260406194207     52   1270.0   1285.0   20.0     63.8    876.1    876.5   0.763
20260406194207     52   1345.0   1360.0   20.0     77.2    876.0    875.1   0.771
20260406194207     56     55.0     75.0   20.0     28.0    968.2   1119.0   0.861
20260406194207     56    155.0    170.0   20.0     21.8   1135.0   1193.5   0.770
20260406194207     56    800.0    815.0   20.0     32.1   1233.4   1232.8   0.562
20260406194207     56   1085.0   1165.0   20.0     29.8   1242.8   1245.1   0.760
20260406194207     56   1220.0   1240.0   20.0     25.1   1251.3   1249.1   0.743
20260406194207     56   1705.0   1770.0   20.0     29.0   1262.2   1258.7   0.841
20260406194207     57    470.0    485.0   20.0     52.5    864.5   1010.7   0.832
20260406194207     57    525.0    540.0   20.0     29.3   1016.5   1021.4   0.794
20260406194207     58    185.0    200.0   20.0     39.4    874.3   1002.8   0.754
20260406194207     58    235.0    250.0   20.0     23.1   1023.1   1047.0   0.874
20260406194207     58    380.0    395.0   20.0     51.1   1051.1   1093.9   0.731
20260406194207     60      0.0     30.0   20.0     82.6      0.0   1026.4   0.742
20260406194207     60    165.0    185.0   20.0    101.9   1067.1   1053.3   0.827
20260406194207     60    240.0    255.0   20.0     35.3   1076.3   1072.8   0.729
20260406194207     60    360.0    375.0   20.0     20.7   1082.3   1074.1   0.821
20260406194207     60    485.0    505.0   20.0     74.3   1074.2   1035.6   0.802
20260406194207     60    640.0    710.0   20.0     49.8   1050.7   1092.9   0.844
20260406194207     60    870.0    885.0   20.0    110.7   1119.6   1102.0   0.783
20260406194207     60    965.0    980.0   20.0     40.1   1118.4   1123.0   0.767
20260406194207     60   1175.0   1190.0   20.0     24.1   1153.2   1185.6   0.778
20260406194207     60   1495.0   1510.0   20.0     25.6   1181.2   1216.9   0.777
20260406194207     61    745.0    805.0   20.0    154.2    862.8    864.1   0.813
20260406194207     61   1420.0   1435.0   20.0     41.5    859.6    858.6   0.706
20260406194207     63   1770.0   1785.0   20.0     26.3    546.1    541.0   0.771
20260406194207     64     80.0     95.0   20.0     25.6   1039.8   1068.3   0.734
20260406194207     65     10.0     30.0   20.0     52.5    854.2    853.9   0.774
20260406194207     65   1735.0   1775.0   20.0     43.8    861.1   1010.9   0.881
20260406194207     70   1160.0   1180.0   20.0     74.9    849.1    849.8   0.768
20260406194207     70   1305.0   1320.0   20.0     75.7    854.2    869.5   0.650
20260406194207     73     70.0     85.0   20.0     20.4   1123.6   1123.5   0.809
20260406194207     74    325.0    340.0   20.0     53.7   1031.3   1039.5   0.876
20260406194207     74    430.0    445.0   20.0     27.6   1084.3   1126.7   0.774
20260406194207     74   1100.0   1115.0   20.0     31.6   1108.1   1139.3   0.738
20260406194207     75   1395.0   1420.0   20.0    115.2    855.3    855.4   0.769
20260406194207     81   1495.0   1515.0   20.0     82.0    852.0    849.2   0.756
20260406194207     82    630.0    640.0   20.0     31.4   1155.5   1147.2   0.412
20260406194207     82    750.0    760.0   20.0     37.7   1161.4   1159.6   0.505
20260406194207     83   1510.0   1535.0   20.0     77.7    846.3    845.6   0.830
20260406194207     83   1575.0   1600.0   20.0    105.3    845.3    845.8   0.769
20260406194207     86    515.0    530.0   20.0     42.8    843.0    890.1   0.747
20260406194207     86    580.0    595.0   20.0     37.1    933.5    946.8   0.645
20260406194207     86    650.0    690.0   20.0     30.9    944.8    924.1   0.822
20260406194207     86    815.0    830.0   20.0    104.3    951.8    838.4   0.756
20260406194207     87    415.0    435.0   20.0    136.3    846.1    847.0   0.787
20260406194207     88   1270.0   1285.0   20.0     36.9    841.6    841.5   0.662
20260406194207     89   1055.0   1070.0   20.0    155.4    838.8    839.7   0.690
20260406194207     91    560.0    600.0   20.0    147.8    849.1    847.8   0.811
20260406194207     92    205.0    220.0   20.0     33.5    839.8    840.5   0.736
20260406194207     92    420.0    465.0   20.0     57.6    841.5    841.1   0.794
20260406194207     94   1175.0   1220.0   20.0    126.8    853.3   1006.2   0.848
20260406194207     94   1255.0   1335.0   20.0     31.7   1020.5   1026.1   0.798
20260406194207     94   1380.0   1430.0   20.0     49.6   1037.4    970.0   0.890
20260406194207     94   1490.0   1520.0   20.0    144.5   1011.1   1164.4   0.723
20260406194207     94   1735.0   1795.0   20.0     48.8   1151.6   1238.6   0.767
20260406194207     96    435.0    450.0   20.0     58.0    841.1    841.4   0.792
20260406194207     97    520.0    545.0   20.0    137.2    834.8    836.7   0.788
20260406194207     97   1725.0   1740.0   20.0    161.4    834.0    833.4   0.774
20260406194207     98    130.0    150.0   20.0    163.7    926.4   1232.7   0.874
20260406194207     98    615.0    655.0   20.0     58.8   1300.9   1304.6   0.601
20260406194207     98    810.0    865.0   20.0     35.7   1299.3   1296.8   0.607
20260406194207     98    920.0    945.0   20.0     22.3   1302.7   1306.6   0.645
20260406194207     98   1000.0   1120.0   20.0     30.2   1307.5   1315.3   0.773
20260406194207     98   1295.0   1310.0   20.0     27.4   1319.2   1316.5   0.778
20260406194207     98   1410.0   1420.0   20.0     20.6   1319.1   1319.6   0.744
20260406194207     98   1530.0   1545.0   20.0     26.5   1325.6   1327.0   0.842
20260406194207     98   1585.0   1800.0   20.0     70.4   1330.1   1334.0   0.863
20260406194207     99   1605.0   1620.0   20.0     48.9    837.9    839.4   0.696
20260406194207    100   1305.0   1320.0   20.0     71.7    891.9   1028.9   0.801
20260406194207    101    965.0    980.0   20.0     25.0    870.1    852.7   0.658
20260406194207    101   1145.0   1160.0   20.0     31.9    913.9    848.3   0.818
20260406194207    101   1230.0   1250.0   20.0     45.8    849.1   1077.1   0.904
20260406194207    103    105.0    120.0   20.0     21.0   1035.3   1047.5   0.742
20260406194207    105   1150.0   1190.0   20.0     97.2    839.4    838.8   0.768
20260406194207    105   1240.0   1320.0   20.0    163.8    839.3    840.1   0.842
20260406194207    106     95.0    115.0   20.0    193.4    839.3    839.4   0.815
20260406194207    106    575.0    590.0   20.0     57.0    842.4    842.9   0.740
20260406194207    107     60.0     75.0   20.0     20.5   1128.8   1081.8   0.798
20260406194207    107    175.0    265.0   20.0     69.8   1142.8   1161.1   0.671
20260406194207    107    430.0    475.0   20.0     27.9   1190.8   1184.9   0.692
20260406194207    107    620.0    635.0   20.0     20.7   1177.1   1172.8   0.465
20260406194207    107    675.0    700.0   20.0     50.7   1176.7   1201.9   0.794
20260406194207    107    795.0    810.0   20.0    154.7   1196.5    953.0   0.739
20260406194207    107   1105.0   1155.0   20.0     93.7    853.3    927.1   0.739
20260406194207    107   1195.0   1215.0   20.0    170.5    940.5    854.9   0.781
20260406194207    108     65.0     80.0   20.0     20.8    186.3    232.4   0.739
20260406194207    108    450.0    460.0   20.0     20.2    335.6    338.0   0.784
20260406194207    108    630.0    830.0   20.0     52.2    330.6    402.7   0.884
20260406194207    108   1260.0   1270.0   20.0     21.2    341.5    339.8   0.598
20260406194207    108   1620.0   1635.0   20.0     65.3    374.8    350.9   0.413
20260406194207    111   1535.0   1550.0   20.0     50.0    835.8    835.5   0.789
20260406194207    114     80.0     95.0   20.0    153.0    840.6    840.9   0.779
20260406194207    114    305.0    320.0   20.0     20.0    845.6    871.9   0.720
20260406194207    114    525.0    540.0   20.0    102.6    963.2    845.5   0.732
20260406194207    116    865.0    915.0   20.0    172.0    844.6    843.2   0.806
20260406194207    116   1205.0   1335.0   20.0     87.0    843.9    845.6   0.814
20260406194207    117     70.0     90.0   20.0     76.0    836.7    840.3   0.776
20260406194207    117    360.0    375.0   20.0     36.4    844.1    842.4   0.766
20260406194207    118     60.0    115.0   20.0    112.7    838.1   1097.5   0.764
20260406194207    118    460.0    475.0   20.0     29.7   1149.0   1183.6   0.780
20260406194207    122   1670.0   1710.0   20.0     85.3    851.3    852.3   0.795
20260406194207    123    930.0    955.0   20.0     44.7    833.8    834.2   0.739
20260406194207    124    750.0    795.0   20.0     43.0    837.0   1000.1   0.740
20260406194207    124   1020.0   1035.0   20.0     70.6   1135.0    836.7   0.929
20260406194207    125   1255.0   1270.0   20.0     84.0    840.4    837.8   0.763
20260406194207    125   1620.0   1635.0   20.0     49.9    837.3    838.7   0.666
20260406194207    126    770.0    805.0   20.0    107.7    846.1    846.5   0.803
20260406194207    127    795.0    810.0   20.0     55.0    852.9    850.7   0.809
20260406194207    127   1620.0   1645.0   20.0    176.5    852.7   1355.3   0.940
20260406194207    129    740.0    755.0   20.0     88.3    848.4    849.0   0.759
20260406194207    129    990.0   1010.0   20.0     65.9    845.6    846.5   0.818
20260406194207    129   1255.0   1285.0   20.0     68.9    846.0    847.1   0.742
20260406194207    130   1130.0   1145.0   20.0     27.0    834.5    868.0   0.771
20260406194207    131    345.0    360.0   20.0     84.9    874.4    743.9   0.880
20260406194207    131   1000.0   1015.0   20.0     27.4    745.9    726.3   0.750
20260406194207    132    225.0    245.0   20.0     55.9    842.0   1002.0   0.815
20260406194207    132    340.0    355.0   20.0     55.7   1073.9    842.3   0.842
20260406194207    132   1540.0   1590.0   20.0    146.1    845.5    845.6   0.838
20260406194207    133    660.0    685.0   20.0     66.6    841.6    843.7   0.816
20260406194207    135    165.0    195.0   20.0    161.6    846.1    847.1   0.840
20260406194207    135   1190.0   1205.0   20.0     20.6    847.1    844.7   0.783
20260406194207    136   1640.0   1655.0   20.0    134.9    852.9    861.5   0.824
20260406194207    136   1725.0   1755.0   20.0     58.4    860.3    861.6   0.740
20260406194207    139    785.0    810.0   20.0    293.1    858.0    859.2   0.855
20260406194207    140   1220.0   1235.0   20.0    128.6    850.4    851.0   0.724
20260406194207    142   1435.0   1450.0   20.0     28.1    848.8    882.4   0.738
20260406194207    142   1495.0   1510.0   20.0     95.9    913.4    850.0   0.693
20260406194207    143   1595.0   1610.0   20.0     20.9    850.1   1030.6   0.762
20260406194207    143   1655.0   1725.0   20.0     39.4   1035.7   1044.5   0.716
20260406194207    146     25.0     40.0   20.0     71.9    847.4    995.6   0.786
20260406194207    147   1390.0   1410.0   20.0     86.9    853.3    859.1   0.790
20260406194207    148   1340.0   1390.0   20.0     57.0    862.4    862.8   0.845
20260406194207    149    180.0    195.0   20.0     20.8   1198.9   1214.6   0.724
20260406194207    149    400.0    415.0   20.0     25.2   1249.1   1254.8   0.641
20260406194207    149    480.0    810.0   20.0    100.1   1264.9   1310.2   0.878
20260406194207    149    875.0    905.0   20.0     33.3   1287.9   1104.5   0.882
20260406194207    152   1040.0   1055.0   20.0     41.1    862.0    861.9   0.632
20260406194207    154    135.0    150.0   20.0     36.8    860.7    863.7   0.657
20260406194207    154    995.0   1010.0   20.0     29.8    860.5    962.0   0.772
20260406194207    154   1055.0   1070.0   20.0     32.6   1063.7   1046.4   0.535
20260406194207    154   1270.0   1285.0   20.0     21.1   1078.9   1090.5   0.744
20260406194207    154   1380.0   1400.0   20.0     45.0   1112.2   1133.9   0.927
20260406194207    154   1505.0   1520.0   20.0     20.3   1143.6   1133.9   0.870
20260406194207    156   1325.0   1340.0   20.0    131.7    862.9   1227.7   0.869
20260406194207    158     70.0    130.0   20.0    125.4    863.1   1025.6   0.757
20260406194207    158    180.0    220.0   20.0     68.8   1032.3    995.0   0.711
20260406194207    158    320.0    335.0   20.0     22.4    992.9   1000.0   0.748
20260406194207    158    615.0    630.0   20.0     24.6    992.3   1034.3   0.754
20260406194207    158    740.0    870.0   20.0     66.5   1038.0   1055.9   0.818
20260406194207    158   1075.0   1090.0   20.0     27.8   1044.3   1045.4   0.574
20260406194207    158   1215.0   1310.0   20.0     59.6   1062.4   1076.7   0.841
20260406194207    158   1380.0   1390.0   20.0     27.2   1063.7   1068.6   0.752
20260406194207    158   1425.0   1510.0   20.0     67.7   1075.3   1124.0   0.823
20260406194207    158   1615.0   1655.0   20.0     25.3   1103.0   1121.1   0.673
20260406194207    158   1705.0   1730.0   20.0    157.7   1101.7   1209.3   0.781
20260406194207    160   1645.0   1695.0   20.0    188.2    871.9    871.3   0.850
20260406194207    162    220.0    235.0   20.0     68.4    882.2    881.8   0.766
20260406194207    164    145.0    160.0   20.0     36.9    931.1    999.0   0.779
20260406194207    164    225.0    275.0   20.0     92.7   1032.2    932.3   0.889
20260406194207    165    120.0    175.0   20.0    182.7    880.9    882.7   0.832
20260406194207    165    445.0    460.0   20.0     54.9    881.2    880.0   0.657
20260406194207    167   1605.0   1620.0   20.0     49.2    884.8    884.2   0.760
20260406194207    173     35.0     50.0   20.0    240.5    893.9   1345.6   0.871
20260406194207    173    415.0    460.0   20.0     31.0   1376.5   1371.4   0.829
20260406194207    173    570.0    585.0   20.0     20.5   1374.6   1380.8   0.729
20260406194207    174   1675.0   1690.0   20.0     31.1    896.1    893.1   0.733
20260406194207    175   1270.0   1285.0   20.0     33.0    895.1    890.4   0.454
20260406194207    176   1395.0   1410.0   20.0     68.9    889.5    999.5   0.838
20260406194207    178    655.0    685.0   20.0     39.1    897.0   1133.0   0.837
20260406194207    178   1070.0   1085.0   20.0     36.3   1204.9   1269.2   0.906
20260406194207    179   1185.0   1205.0   20.0    172.3    900.2    901.2   0.801
20260406194207    180    105.0    125.0   20.0    110.3    890.6    890.6   0.788
20260406194207    180    800.0    860.0   20.0     34.9    930.2   1126.7   0.791
20260406194207    180    960.0    980.0   20.0     34.5   1131.9   1146.5   0.909
20260406194207    180   1190.0   1205.0   20.0     21.1   1145.7   1155.5   0.807
20260406194207    181    495.0    530.0   20.0     89.7    897.0    896.7   0.853
20260406194207    181    755.0    795.0   20.0    163.5    898.2    897.5   0.753
20260406194207    181    935.0    950.0   20.0     28.3    896.4    943.3   0.811
20260406194207    181   1010.0   1080.0   20.0     37.8    975.8   1149.9   0.741
20260406194207    182    415.0    430.0   20.0     53.8    891.8    892.8   0.750
20260406194207    185     15.0     40.0   20.0     24.1   1404.6   1410.2   0.529
20260406194207    185    130.0    150.0   20.0     25.7   1411.4   1411.3   0.481
20260406194207    185    185.0    230.0   20.0     32.7   1411.8   1417.1   0.506
20260406194207    185    265.0    275.0   20.0     30.7   1412.9   1419.0   0.457
20260406194207    185    490.0    500.0   20.0     26.0   1484.4   1442.1   0.525
20260406194207    185    645.0    660.0   20.0     38.6   1437.2   1439.9   0.487
20260406194207    185   1260.0   1270.0    3.4     61.3   1449.0   1448.5   0.445
20260406194207    185   1335.0   1735.0    2.7     89.5   1462.8   1489.9   0.715
20260406194207    185   1770.0   1800.0   11.1    104.2   1490.5   1487.4   0.758
20260406194207    186    740.0    755.0   20.0     32.7    831.0    783.5   0.778
20260406194207    186   1340.0   1355.0   20.0     23.1    767.8    775.7   0.802
20260406194207    187    895.0    915.0   20.0     62.4    919.1    917.6   0.760
20260406194207    190    135.0    150.0   20.0     93.5    920.8   1247.7   0.882
20260406194207    190    210.0    250.0   20.0     37.6   1291.9   1315.2   0.510
20260406194207    190   1315.0   1330.0   20.0    149.0   1400.7   1407.7   0.692
20260406194207    190   1400.0   1430.0   20.0    142.4   1408.2   1402.4   0.766
20260406194207    190   1490.0   1500.0   20.0    143.4   1399.5   1399.5   0.641
20260406194207    191    605.0    625.0   20.0     79.5    913.4    911.8   0.828
20260406194207    192   1215.0   1245.0   20.0    124.6    920.7    920.3   0.862
20260406194207    195   1455.0   1495.0   20.0    240.0    929.0    930.2   0.837
20260406194207    197    590.0    605.0   20.0     29.5    934.2    979.8   0.773
20260406194207    197    805.0    820.0   20.0     23.8   1077.5   1081.6   0.494
20260406194207    197   1015.0   1045.0   20.0     36.8   1158.8   1188.4   0.691
20260406194207    197   1135.0   1150.0   20.0     36.0   1221.2   1223.9   0.708
20260406194207    198   1055.0   1070.0   20.0     43.6    927.2    927.0   0.625
20260406194207    198   1160.0   1195.0   20.0    107.9    927.3    926.2   0.833
20260406194207    199    380.0    395.0   20.0     41.3    943.5    944.5   0.761
20260406194207    199    525.0    540.0   20.0     82.1    943.2    944.3   0.739
20260406194207    201     50.0     65.0   20.0     32.4   1045.4   1190.0   0.897
20260406194207    203   1095.0   1110.0   20.0     65.5    943.9    943.3   0.675
20260406194207    204    210.0    230.0   20.0     44.2    954.2    952.7   0.756
20260406194207    204   1570.0   1585.0   20.0     80.6    946.1   1154.3   0.873
20260406194207    205   1545.0   1560.0   20.0     41.7    972.2    948.7   0.818
20260406194207    206   1650.0   1665.0   20.0     25.3    998.2   1025.2   0.656
20260406194207    207    275.0    305.0   20.0    152.9    954.3    958.8   0.824
20260406194207    207   1685.0   1710.0   20.0    119.1    949.5    949.2   0.740
20260406194207    209    945.0    985.0   20.0    208.1    957.2    957.6   0.823
20260406194207    209   1410.0   1430.0   20.0    113.1    956.0    955.9   0.776
20260406194207    209   1600.0   1620.0   20.0    100.1    954.9   1099.0   0.834
20260406194207    209   1705.0   1760.0   20.0     92.0   1140.9   1272.2   0.826
20260406194207    210    180.0    195.0   20.0    166.0    958.1    959.0   0.758
20260406194207    210    320.0    335.0   20.0     74.2    958.4    958.4   0.789
20260406194207    210   1000.0   1020.0   20.0    247.5    954.0    952.4   0.885
20260406194207    212    165.0    180.0   20.0     33.8   1202.7   1212.9   0.707
20260406194207    212    635.0    650.0   20.0     21.0   1311.4   1325.9   0.777
20260406194207    212   1010.0   1055.0   20.0     39.7   1326.2   1395.1   0.849
20260406194207    213    985.0   1005.0   20.0     77.1    954.3    954.8   0.809
20260406194207    213   1685.0   1700.0   20.0    116.1    951.9   1076.0   0.809
20260406194207    217    980.0    995.0   20.0     54.8    973.9    973.1   0.737
20260406194207    217   1575.0   1605.0   20.0    189.0    971.4    972.3   0.785
20260406194207    218    275.0    290.0   20.0     28.0   1111.1   1121.4   0.881
20260406194207    218    430.0    485.0   20.0     20.5   1120.8   1135.0   0.709
20260406194207    218    525.0    540.0   20.0     46.6   1160.1   1232.4   0.858
20260406194207    220   1080.0   1095.0   20.0     38.9    979.5   1087.2   0.753
20260406194207    220   1165.0   1230.0   20.0    166.2   1066.7    979.8   0.820
20260406194207    220   1380.0   1395.0   20.0     38.2    979.9    980.9   0.777
20260406194207    221    900.0    915.0   20.0     43.7   1031.4    990.4   0.739
20260406194207    222    410.0    460.0   20.0     91.7    989.9    989.3   0.771
20260406194207    222    830.0    860.0   20.0    116.4    991.7    997.3   0.810
20260406194207    223   1520.0   1535.0   20.0     51.1    989.8   1043.6   0.772
20260406194207    223   1650.0   1665.0   20.0     31.2   1045.0   1048.4   0.632
20260406194207    224    580.0    595.0   20.0     33.4   1012.7    984.6   0.755
20260406194207    224   1580.0   1595.0   20.0     91.9    981.7    981.6   0.698
20260406194207    227    560.0    580.0   20.0    125.9   1018.1   1426.6   0.906
20260406194207    227   1005.0   1020.0   20.0     52.8   1464.9   1496.9   0.721
20260406194207    227   1615.0   1630.0   20.0     25.6   1494.5   1500.4   0.547
20260406194207    229   1690.0   1710.0   20.0    204.6    999.6    998.6   0.735
20260406194207    230    840.0    855.0   20.0     69.3   1015.9   1016.9   0.772
20260406194207    230   1535.0   1550.0   20.0     70.5   1108.6   1022.0   0.812
20260406194207    231    800.0    815.0   20.0     51.7   1004.1   1004.0   0.796
20260406194207    233   1480.0   1495.0   20.0     23.0   1016.8   1067.3   0.727
20260406194207    233   1570.0   1595.0   20.0     91.4   1188.9   1154.0   0.696
20260406194207    236   1620.0   1640.0   20.0     48.1   1021.6   1019.0   0.830
20260406194207    237   1465.0   1485.0   20.0    125.8   1025.2   1026.7   0.853
20260406194207    237   1770.0   1800.0   20.0    108.8   1024.2   1023.6   0.804
20260406194207    239    330.0    345.0   20.0     69.1   1064.1   1142.5   0.756
20260406194207    239   1310.0   1325.0   20.0     22.2   1257.1   1287.5   0.871
20260406194207    240   1570.0   1585.0   20.0     55.9   1021.1   1021.1   0.628
20260406194207    242   1325.0   1340.0   20.0    232.5   1034.5   1477.0   0.809
20260406194207    246   1515.0   1530.0   20.0     31.3   1062.9   1043.8   0.747
20260406194207    248    385.0    400.0   20.0     35.2   1491.9   1509.4   0.689
20260406194207    249    955.0    970.0   20.0     37.4   1106.8   1089.4   0.627
20260406194207    250    575.0    590.0   20.0     26.4   1380.5   1382.3   0.451
20260406194207    250   1620.0   1635.0   20.0     42.5   1642.6   1645.3   0.859
20260406194207    252    925.0    940.0   20.0    126.9   1078.4   1078.6   0.793
20260406194207    254     40.0     65.0   20.0    204.6   1310.2   1078.9   0.820
20260406194207    254    120.0    135.0   20.0    182.6   1079.6   1079.6   0.796
20260406194207    255   1110.0   1160.0   20.0    100.1   1103.0   1101.6   0.795
20260406201528      3    760.0    775.0   20.0     30.3   1033.5   1030.4   0.824
20260406201528      3   1460.0   1475.0   20.0     48.2   1083.2   1366.6   0.910
20260406201528      4    270.0    290.0   20.0     51.2    982.8   1208.7   0.898
20260406201528      4    325.0    340.0   20.0     53.4   1149.9   1115.5   0.747
20260406201528      4    580.0    595.0   20.0    139.0   1041.4   1184.6   0.790
20260406201528      4    845.0    865.0   20.0     28.0   1044.4   1323.8   0.869
20260406201528      4   1180.0   1195.0   20.0     20.3   1375.5   1382.8   0.770
20260406201528      4   1640.0   1655.0   20.0     21.8   1392.4   1397.4   0.481
20260406201528      5   1030.0   1075.0   20.0    148.4    974.7   1264.2   0.748
20260406201528      5   1190.0   1205.0   20.0     51.1   1325.3   1371.6   0.878
20260406201528      6    655.0    695.0   20.0     76.5    970.7    969.8   0.788
20260406201528      6   1325.0   1350.0   20.0    149.3    967.3    970.2   0.796
20260406201528      9    970.0   1035.0   20.0    173.5    948.2    950.1   0.800
20260406201528     11    155.0    170.0   20.0     29.7   1412.1   1366.0   0.730
20260406201528     11    245.0    260.0   20.0     37.9   1363.9   1365.2   0.804
20260406201528     11    295.0    580.0   20.0     36.0   1365.1   1375.0   0.837
20260406201528     11    625.0    640.0   20.0     30.6   1411.6   1372.6   0.651
20260406201528     11    675.0    780.0   20.0     51.4   1375.2   1371.3   0.879
20260406201528     11    855.0    870.0   20.0     30.0   1415.8   1371.7   0.800
20260406201528     11    920.0    940.0   20.0     38.1   1372.8   1370.5   0.859
20260406201528     11   1010.0   1075.0   20.0     37.3   1376.1   1372.9   0.849
20260406201528     11   1140.0   1155.0   20.0     33.1   1371.6   1375.1   0.835
20260406201528     11   1210.0   1225.0   20.0     36.7   1414.4   1374.0   0.781
20260406201528     11   1360.0   1375.0   20.0     33.4   1378.8   1377.4   0.776
20260406201528     15    475.0    710.0   20.0    135.5    952.3    947.7   0.941
20260406201528     16    245.0    260.0   20.0     34.9    944.3   1016.6   0.737
20260406201528     16    300.0    320.0   20.0    129.9   1050.4    946.3   0.808
20260406201528     17    120.0    135.0   20.0    163.5    948.5   1296.9   0.877
20260406201528     17    260.0    270.0   20.0     23.1   1235.9   1225.3   0.661
20260406201528     17    730.0    745.0   20.0     20.6   1282.5   1249.6   0.838
20260406201528     17   1485.0   1500.0   20.0     24.1   1282.9   1291.8   0.830
20260406201528     18    690.0    730.0   20.0    154.7    934.0    935.0   0.833
20260406201528     20    520.0    535.0   20.0     64.7    946.8   1102.7   0.830
20260406201528     20   1330.0   1345.0   20.0     23.3   1215.2   1235.1   0.859
20260406201528     21    250.0    320.0   20.0     53.9   1391.2   1395.4   0.772
20260406201528     21    620.0    715.0   20.0     32.2   1401.0   1396.0   0.831
20260406201528     22    295.0    310.0   20.0    221.1    942.1    941.4   0.781
20260406201528     24    240.0    265.0   20.0     77.8    914.8    915.6   0.768
20260406201528     24   1350.0   1365.0   20.0    160.1    923.0   1319.5   0.801
20260406201528     28    710.0    725.0   20.0     37.5    922.3    924.7   0.745
20260406201528     29    525.0    585.0   20.0    195.3    911.1    913.3   0.838
20260406201528     30    320.0    335.0   20.0     65.4    914.6    913.9   0.860
20260406201528     30   1750.0   1770.0   20.0     64.6    915.8   1147.6   0.849
20260406201528     32    745.0    760.0   20.0     35.8    915.9    915.8   0.758
20260406201528     33    105.0    125.0   20.0    129.5    911.8    912.7   0.858
20260406201528     34    770.0    785.0   20.0     65.1    908.5    913.3   0.819
20260406201528     35    835.0    860.0   20.0     77.6    914.1    913.9   0.743
20260406201528     36     45.0     65.0   20.0    104.6    895.2   1300.6   0.851
20260406201528     36    620.0    650.0   20.0     31.4   1339.3   1362.7   0.745
20260406201528     36    695.0    775.0   20.0    215.3   1371.3   1372.0   0.846
20260406201528     36    890.0    985.0   20.0    164.3   1351.6   1337.8   0.876
20260406201528     36   1260.0   1415.0   20.0     97.0   1341.7   1346.9   0.864
20260406201528     36   1465.0   1540.0   20.0    122.1   1344.9   1336.5   0.862
20260406201528     36   1695.0   1775.0   20.0    119.2   1348.4   1341.6   0.878
20260406201528     39   1575.0   1590.0   20.0     37.0    905.2    905.6   0.796
20260406201528     39   1750.0   1765.0   20.0    107.5    905.8    912.1   0.708
20260406201528     40    905.0    940.0   20.0    204.7    893.4    894.5   0.808
20260406201528     41    875.0    935.0   20.0     51.9    896.8   1133.9   0.759
20260406201528     41    980.0   1020.0   20.0     31.1   1157.9   1149.6   0.606
20260406201528     41   1075.0   1090.0   20.0     20.5   1143.1   1143.3   0.579
20260406201528     41   1360.0   1375.0   20.0     99.4   1103.1   1152.6   0.770
20260406201528     44     95.0    115.0   20.0     45.2    893.4    893.4   0.816
20260406201528     45    250.0    265.0   20.0     47.7    896.4   1092.1   0.866
20260406201528     54   1020.0   1075.0   20.0    110.7    889.4   1169.8   0.848
20260406201528     56    705.0    720.0   20.0     84.5    873.7   1175.7   0.869
20260406201528     56   1145.0   1160.0   20.0     24.9   1239.7   1229.9   0.707
20260406201528     56   1360.0   1375.0   20.0     46.9   1207.7   1229.7   0.765
20260406201528     58     40.0     75.0   20.0     62.5    875.2   1175.5   0.769
20260406201528     59    855.0    890.0   20.0    124.9    866.1    865.5   0.776
20260406201528     61    310.0    360.0   20.0    192.7    866.7    867.1   0.791
20260406201528     64   1690.0   1720.0   20.0     26.9   1337.0   1334.1   0.877
20260406201528     64   1760.0   1800.0   20.0     34.9   1330.1   1338.6   0.854
20260406201528     67   1200.0   1215.0   20.0     83.5    864.3   1098.7   0.802
20260406201528     68    980.0   1005.0   20.0     71.7    866.8    867.4   0.788
20260406201528     69   1295.0   1310.0   20.0     54.9    858.0    855.1   0.768
20260406201528     69   1570.0   1625.0   20.0    218.5    853.7    856.8   0.841
20260406201528     71      0.0     30.0   20.0    119.6      0.0    855.6   0.804
20260406201528     72    695.0    710.0   20.0     31.3    863.4    910.1   0.734
20260406201528     72   1435.0   1450.0   20.0     24.5    944.8    949.0   0.925
20260406201528     72   1535.0   1550.0   20.0    135.7    988.8   1104.5   0.749
20260406201528     74    285.0    305.0   20.0    108.9    920.1   1092.9   0.884
20260406201528     81    405.0    420.0   20.0     40.5    909.6    926.1   0.747
20260406201528     81    460.0    475.0   20.0    122.6    963.7    858.1   0.769
20260406201528     81   1250.0   1270.0   20.0     53.6    856.6    856.6   0.777
20260406201528     82     20.0     35.0   20.0     46.2   1220.6   1214.7   0.862
20260406201528     83    985.0   1025.0   20.0    113.6    855.7    853.6   0.793
20260406201528     87    120.0    135.0   20.0     51.7    849.0    915.9   0.741
20260406201528     87    460.0    475.0   20.0     25.3    952.8   1025.8   0.754
20260406201528     88    245.0    320.0   20.0     65.1    844.8   1155.4   0.762
20260406201528     88   1110.0   1125.0   20.0     48.2   1257.0   1270.1   0.750
20260406201528     88   1625.0   1680.0   20.0     39.4   1325.8   1300.8   0.884
20260406201528     89    690.0    705.0   20.0     24.7    844.6    882.2   0.755
20260406201528     91     60.0     75.0   20.0     63.4    848.8    848.2   0.807
20260406201528     91   1730.0   1800.0   20.0     73.4    854.1   1079.4   0.796
20260406201528     93   1185.0   1210.0   20.0    162.1    848.0    849.8   0.781
20260406201528     94    835.0    845.0   20.0     46.4    845.0    844.5   0.705
20260406201528     94   1255.0   1275.0   20.0     68.6    848.9    849.5   0.770
20260406201528     96    685.0    700.0   20.0     28.5    839.7    840.8   0.686
20260406201528     96   1760.0   1775.0   20.0     48.6    839.5    840.6   0.791
20260406201528     98    155.0    165.0   20.0     23.0   1257.1   1259.4   0.410
20260406201528     98    360.0    370.0   20.0     22.3   1275.4   1354.8   0.405
20260406201528     98    530.0    545.0    9.6     72.4   1369.6   1359.9   0.509
20260406201528     98    595.0    625.0   10.6     66.4   1358.2   1361.8   0.539
20260406201528     98    710.0    775.0   20.0     29.4   1351.0   1350.8   0.672
20260406201528     98    820.0   1515.0   20.0     53.8   1353.6   1377.9   0.870
20260406201528     98   1570.0   1800.0   20.0     44.1   1380.3   1384.2   0.863
20260406201528     99   1550.0   1610.0   20.0    154.7    840.9    840.9   0.780
20260406201528    101    100.0    115.0   20.0     25.1   1100.9   1140.7   0.602
20260406201528    101    175.0    185.0   20.0     23.2   1165.9   1180.0   0.647
20260406201528    101    390.0    405.0   20.0     24.2   1256.2   1261.7   0.715
20260406201528    101    565.0    650.0   20.0     45.0   1256.5   1257.3   0.740
20260406201528    101    685.0   1660.0   20.0    158.2   1262.5   1270.8   0.874
20260406201528    101   1725.0   1800.0   20.0     90.0   1293.4   1275.1   0.801
20260406201528    102    735.0    750.0   20.0     51.1    844.7    845.6   0.702
20260406201528    105    305.0    325.0   20.0     82.5    841.2    999.7   0.851
20260406201528    105    720.0    735.0   20.0     26.3   1061.1   1093.1   0.850
20260406201528    107    345.0    360.0   20.0     23.2    855.1    862.9   0.666
20260406201528    108     30.0     45.0   20.0     20.8    323.9    441.9   0.931
20260406201528    108    375.0    390.0   20.0     24.6    452.2    465.6   0.467
20260406201528    110   1090.0   1105.0   20.0    112.1    857.7   1185.8   0.831
20260406201528    112   1520.0   1570.0   20.0     55.2    827.2    828.1   0.830
20260406201528    113   1260.0   1275.0   20.0     73.5    832.8   1067.2   0.846
20260406201528    113   1490.0   1505.0   20.0     30.6   1134.3   1161.4   0.846
20260406201528    116   1620.0   1715.0   19.8    105.6    841.5   1061.9   0.852
20260406201528    117    575.0    590.0   20.0     73.4    840.8    842.2   0.807
20260406201528    119   1135.0   1150.0   20.0     41.1    876.1    844.4   0.730
20260406201528    122   1435.0   1450.0   20.0     38.6    851.2    852.1   0.805
20260406201528    122   1770.0   1785.0   20.0     54.6    853.2    852.1   0.682
20260406201528    124    205.0    220.0   20.0     22.6    834.0    905.9   0.707
20260406201528    124    255.0    270.0   20.0     20.8    945.9    964.3   0.762
20260406201528    124    915.0    930.0   20.0     30.9    992.9    846.9   0.821
20260406201528    124   1560.0   1580.0   20.0     82.8    833.7    833.6   0.741
20260406201528    128    175.0    185.0   20.0     40.1    838.4    838.6   0.612
20260406201528    129      0.0     10.0   20.0     41.0      0.0    844.7   0.745
20260406201528    129    510.0    550.0   20.0     95.4    849.6    851.0   0.778
20260406201528    129    850.0    870.0   20.0     60.7    849.3    848.2   0.864
20260406201528    130   1635.0   1650.0   20.0    118.7    837.9    834.9   0.744
20260406201528    131    440.0    485.0   20.0    122.5    734.6    743.5   0.877
20260406201528    131    780.0    795.0   20.0     21.4    762.7    759.0   0.788
20260406201528    132    940.0    955.0   20.0     32.8    848.3    910.8   0.779
20260406201528    132    995.0   1010.0   20.0     91.8    932.9    848.3   0.763
20260406201528    134   1600.0   1615.0   20.0     39.1    886.2   1180.9   0.859
20260406201528    137     85.0    120.0   20.0     70.8    839.7    842.6   0.789
20260406201528    137   1590.0   1605.0   20.0     36.3    841.5    841.9   0.760
20260406201528    137   1740.0   1795.0   20.0     36.4    841.9    971.3   0.765
20260406201528    139    550.0    580.0   20.0     32.1    858.3   1062.3   0.758
20260406201528    139    705.0    720.0   20.0     47.7   1127.9   1141.1   0.792
20260406201528    139    900.0    915.0   20.0     35.5   1218.3   1222.6   0.713
20260406201528    139   1455.0   1470.0   20.0     37.0   1119.3    853.9   0.939
20260406201528    140   1715.0   1730.0   20.0     55.4    848.4    848.6   0.765
20260406201528    142   1235.0   1250.0   20.0     49.2    849.7    851.3   0.707
20260406201528    144    520.0    535.0   20.0     37.8    848.4    915.7   0.738
20260406201528    144    600.0    615.0   20.0     22.0    951.9    950.6   0.601
20260406201528    144    670.0    685.0   20.0     39.0    987.4    994.3   0.696
20260406201528    144    770.0    785.0   20.0     32.2   1025.6   1041.0   0.536
20260406201528    144    820.0    870.0   20.0    132.6   1029.3    847.9   0.851
20260406201528    145    260.0    275.0   20.0     33.8    852.2    853.9   0.784
20260406201528    149   1660.0   1685.0   20.0     87.5    869.0    869.4   0.747
20260406201528    150   1600.0   1615.0   20.0     71.0    920.3    855.6   0.752
20260406201528    151      0.0     30.0   20.0     37.4      0.0   1066.5   0.834
20260406201528    151     85.0    110.0   20.0     25.3   1071.1   1116.9   0.678
20260406201528    151   1620.0   1635.0   20.0     25.0   1159.1   1176.3   0.839
20260406201528    154   1185.0   1200.0   20.0    111.8    861.2    861.0   0.747
20260406201528    154   1375.0   1395.0   20.0     53.2    859.9    861.0   0.763
20260406201528    154   1465.0   1480.0   20.0     41.6    860.1    860.0   0.753
20260406201528    155    170.0    185.0   20.0     20.3   1003.2   1033.8   0.722
20260406201528    157    230.0    245.0   20.0     51.1    634.8    784.7   0.760
20260406201528    158      0.0     15.0   20.0     71.9      0.0   1036.0   0.790
20260406201528    158    125.0    140.0   20.0     63.5   1040.3   1047.4   0.639
20260406201528    158    310.0    390.0   20.0     26.2   1075.6   1096.5   0.821
20260406201528    159     20.0     45.0   20.0    122.3    864.7    866.7   0.806
20260406201528    159    500.0    515.0   20.0     27.5    868.1    869.0   0.629
20260406201528    160    315.0    330.0   20.0    124.8    874.0    874.0   0.770
20260406201528    160    590.0    605.0   20.0     96.9    873.1    878.3   0.807
20260406201528    161     40.0     60.0   20.0    159.3    862.2    863.7   0.856
20260406201528    161    390.0    410.0   20.0     72.3    865.6   1025.2   0.750
20260406201528    161    485.0    500.0   20.0     26.5   1104.8   1120.0   0.921
20260406201528    161    675.0    690.0   20.0     22.1   1123.2   1147.4   0.757
20260406201528    162    105.0    125.0   20.0    107.5    880.9    882.3   0.809
20260406201528    163    245.0    265.0   20.0     62.6    875.7    872.9   0.773
20260406201528    163   1425.0   1465.0   20.0    215.1    869.8    869.1   0.857
20260406201528    165   1200.0   1235.0   20.0    103.7    881.2    881.1   0.762
20260406201528    166   1040.0   1075.0   20.0     46.7    877.1    957.9   0.863
20260406201528    166   1255.0   1275.0   20.0     70.0   1006.2    875.3   0.838
20260406201528    167    105.0    120.0   20.0     43.7    885.4    886.0   0.631
20260406201528    167    805.0    820.0   20.0     59.7    886.4    886.6   0.841
20260406201528    167   1190.0   1240.0   20.0     58.6    887.4    885.7   0.773
20260406201528    169     55.0     85.0   20.0     30.3    879.2   1114.8   0.772
20260406201528    169    125.0    160.0   20.0    206.1   1099.6    878.9   0.796
20260406201528    170     65.0     80.0   20.0     39.8    882.5    940.0   0.769
20260406201528    170    950.0    965.0   20.0     26.7   1041.2   1045.0   0.661
20260406201528    170   1080.0   1095.0   20.0     25.3   1072.5   1068.3   0.464
20260406201528    170   1310.0   1325.0   20.0     24.5   1035.6   1030.3   0.681
20260406201528    173   1400.0   1795.0   20.0     30.1   1430.8   1447.9   0.885
20260406201528    174    410.0    455.0   20.0     53.3    894.5    895.5   0.752
20260406201528    177   1060.0   1075.0   20.0    182.5   1013.6   1055.0   0.796
20260406201528    177   1150.0   1165.0   20.0     35.5   1048.8   1121.2   0.901
20260406201528    178    155.0    170.0   20.0     25.1   1059.1   1068.8   0.718
20260406201528    178    220.0    270.0   20.0     24.6   1093.5   1138.1   0.789
20260406201528    178    590.0    605.0   20.0     23.2   1122.9   1100.8   0.847
20260406201528    178    730.0    745.0   20.0     24.5   1130.6   1134.4   0.697
20260406201528    178   1060.0   1075.0   20.0     46.6   1155.2   1174.5   0.702
20260406201528    180   1285.0   1305.0   20.0     95.6    889.4    888.9   0.809
20260406201528    181     35.0     60.0   20.0     49.3    898.4   1186.1   0.929
20260406201528    182     60.0     85.0   20.0    129.5    890.1    891.7   0.828
20260406201528    184    555.0    570.0   20.0    236.6   1328.4   1311.5   0.677
20260406201528    185     20.0    895.0   20.0     80.9   1457.7   1488.9   0.816
20260406201528    185    940.0   1035.0   20.0     65.2   1489.8   1488.1   0.684
20260406201528    185   1180.0   1190.0    2.6     62.5   1488.6   1489.2   0.413
20260406201528    185   1270.0   1795.0    2.5     78.5   1490.8   1502.6   0.707
20260406201528    186    925.0    940.0   20.0     20.3    768.7    793.7   0.772
20260406201528    188    300.0    330.0   20.0     80.1    913.2    914.7   0.785
20260406201528    188    490.0    500.0   20.0     20.1    912.1    934.5   0.734
20260406201528    188    650.0    685.0   20.0     46.8    964.5   1057.9   0.899
20260406201528    188    780.0    795.0   20.0     96.7   1051.4    910.9   0.792
20260406201528    189   1625.0   1640.0   20.0     56.8    918.5    918.5   0.647
20260406201528    190      0.0     15.0   20.0    114.6      0.0    923.7   0.753
20260406201528    190     85.0    100.0   20.0     72.9    923.7   1207.1   0.858
20260406201528    190    635.0    650.0   20.0     22.6   1288.1   1275.4   0.874
20260406201528    190    715.0    730.0   20.0     36.4   1275.6   1327.1   0.759
20260406201528    192     90.0    110.0   20.0    105.4    926.0    926.4   0.758
20260406201528    197     25.0     40.0   20.0     25.0   1236.3   1246.4   0.757
20260406201528    199   1015.0   1035.0   20.0    235.4    943.3    943.9   0.893
20260406201528    199   1325.0   1345.0   20.0     53.2    942.2    942.6   0.818
20260406201528    200   1235.0   1250.0   20.0    269.0    935.1    934.8   0.748
20260406201528    202     75.0     95.0   20.0    211.9    940.0   1288.0   0.927
20260406201528    202    130.0    145.0   20.0     36.0   1288.0   1326.8   0.793
20260406201528    204     70.0     85.0   20.0     68.7    952.6    954.0   0.752
20260406201528    204   1175.0   1215.0   20.0    271.6    949.0    949.0   0.796
20260406201528    205    730.0    750.0   20.0     86.7    955.8    956.0   0.754
20260406201528    206     90.0    110.0   20.0     48.7    960.6    964.0   0.765
20260406201528    206    335.0    350.0   20.0     27.8    975.0    966.4   0.629
20260406201528    206    640.0    655.0   20.0     60.5    998.3    973.0   0.876
20260406201528    207   1460.0   1475.0   20.0    163.8    954.6   1325.9   0.863
20260406201528    208   1435.0   1450.0   20.0     75.8   1539.0   1347.0   0.925
20260406201528    210   1395.0   1410.0   20.0     46.6    956.6    955.9   0.688
20260406201528    211    135.0    150.0   20.0     59.3    966.4   1197.4   0.758
20260406201528    211    270.0    340.0   20.0     30.5   1184.7   1321.1   0.781
20260406201528    213   1265.0   1280.0   20.0     98.7    965.1   1141.3   0.899
20260406201528    214    120.0    135.0   20.0     48.1    539.7    545.2   0.795
20260406201528    218      0.0     15.0   20.0    152.0      0.0   1248.5   0.872
20260406201528    220   1730.0   1770.0   20.0     67.3    982.8    982.6   0.773
20260406201528    222    160.0    180.0   20.0    123.9    996.7    996.5   0.798
20260406201528    226    175.0    260.0   20.0     69.1   1002.3   1364.8   0.780
20260406201528    226    340.0    355.0   20.0    178.0   1311.1   1000.2   0.784
20260406201528    227    185.0    200.0   20.0     30.3   1133.0   1211.9   0.722
20260406201528    227    245.0    265.0   20.0     75.3   1250.9   1416.1   0.804
20260406201528    228   1075.0   1175.0   20.0    360.9   1023.1   1012.8   0.903
20260406201528    228   1340.0   1355.0   20.0    141.2   1008.5   1007.7   0.788
20260406201528    229    335.0    405.0   20.0     74.5   1017.3   1016.3   0.925
20260406201528    229    450.0    465.0   20.0     61.0   1015.5   1016.0   0.612
20260406201528    232    220.0    235.0   20.0     43.3   1008.6   1071.5   0.768
20260406201528    232    270.0    285.0   20.0     55.2   1077.7   1010.8   0.751
20260406201528    232   1570.0   1585.0   20.0     96.4   1005.3   1164.0   0.844
20260406201528    233   1440.0   1460.0   20.0    107.6   1034.4   1026.8   0.818
20260406201528    239     30.0     45.0   20.0     98.2   1167.7   1315.3   0.821
20260406201528    240    125.0    145.0   20.0     59.7   1043.1   1043.3   0.756
20260406201528    240    755.0    770.0   20.0     48.7   1035.3   1093.5   0.745
20260406201528    240    985.0   1000.0   20.0    107.0   1136.1   1033.2   0.770
20260406201528    242   1065.0   1085.0   20.0     92.3   1043.1   1045.9   0.817
20260406201528    242   1720.0   1780.0   20.0     33.6   1038.1   1154.1   0.924
20260406201528    245   1130.0   1175.0   20.0     69.0   1067.5   1068.3   0.775
20260406201528    246   1065.0   1125.0   20.0     58.6   1106.5   1123.4   0.834
20260406201528    246   1165.0   1185.0   20.0    142.3   1161.9   1045.2   0.789
20260406201528    247   1455.0   1500.0   20.0     99.4   1071.4   1325.8   0.908
20260406201528    247   1635.0   1650.0   20.0     27.9   1488.9   1554.8   0.715
20260406201528    251    735.0    850.0   20.0     80.7   1090.4   1287.8   0.764
20260406201528    251    885.0    935.0   20.0    103.5   1303.4   1317.8   0.652
20260406201528    251   1090.0   1120.0   20.0    172.7   1280.0   1189.0   0.826
20260406201528    251   1240.0   1255.0   20.0     37.4   1202.4   1287.6   0.580
20260406201528    251   1335.0   1415.0   20.0    116.7   1340.9   1323.7   0.870
20260406201528    251   1510.0   1525.0   20.0    232.1   1345.1   1094.2   0.872
20260406201528    251   1595.0   1635.0   20.0    325.1   1084.3   1084.4   0.828
20260406201528    253   1470.0   1520.0   20.0    139.1   1079.5   1078.6   0.766
20260406201528    256   1395.0   1410.0   20.0     41.3    294.2    344.3   0.757
20260406201528    256   1595.0   1610.0   20.0     81.0    372.4    423.5   0.748
20260406204854      1   1270.0   1290.0   20.0    102.5    993.4   1002.7   0.841
20260406204854      2   1590.0   1605.0   20.0     88.3   1048.4    996.7   0.760
20260406204854      3    205.0    235.0   20.0    107.5   1019.6   1392.4   0.904
20260406204854      4    165.0    195.0   20.0     35.3   1056.9   1295.9   0.683
20260406204854      4    250.0    265.0   20.0     30.9   1316.7   1314.3   0.542
20260406204854      4    560.0    575.0   20.0     20.7   1365.8   1352.9   0.656
20260406204854      4    895.0    910.0   20.0     30.8   1357.7   1371.1   0.612
20260406204854      5   1200.0   1215.0   20.0     32.1    989.6    989.0   0.763
20260406204854      5   1755.0   1795.0   20.0     65.5    982.5   1211.8   0.888
20260406204854      7    160.0    175.0   20.0     27.4    968.2   1005.5   0.758
20260406204854      7    310.0    325.0   20.0    173.7   1029.0    967.9   0.785
20260406204854      9     65.0     80.0   20.0     57.3    951.6    956.1   0.738
20260406204854     10     75.0     90.0   20.0    160.0    954.3   1500.2   0.911
20260406204854     11      0.0   1800.0   20.0     49.4      0.0   1417.2   0.878
20260406204854     12    430.0    445.0   20.0     27.8   1421.2   1450.9   0.848
20260406204854     12   1235.0   1255.0   20.0    109.8   1420.3   1434.6   0.793
20260406204854     15    900.0    915.0   20.0     49.6    952.1   1006.2   0.742
20260406204854     15   1260.0   1275.0   20.0     20.2   1082.1   1026.1   0.926
20260406204854     16    475.0    490.0   20.0     81.8    949.8    947.6   0.775
20260406204854     18      0.0     10.0   20.0    128.3      0.0    938.8   0.570
20260406204854     18    470.0    495.0   20.0    126.2    942.0    947.4   0.852
20260406204854     19   1360.0   1375.0   20.0     46.0    939.1   1003.5   0.773
20260406204854     19   1430.0   1445.0   20.0     46.0   1013.4   1022.2   0.892
20260406204854     20    100.0    115.0   20.0     21.7   1307.5   1333.8   0.682
20260406204854     20    170.0    180.0   20.0     31.6   1314.3   1334.6   0.441
20260406204854     20    395.0    410.0   20.0     23.4   1348.6   1353.6   0.699
20260406204854     20    475.0    825.0   20.0    103.8   1326.2   1483.2   0.793
20260406204854     20    875.0    935.0   20.0    125.0   1408.1   1138.9   0.762
20260406204854     21      0.0    370.0   20.0    105.3      0.0   1415.8   0.839
20260406204854     21    415.0    585.0   20.0     50.9   1415.1   1411.5   0.781
20260406204854     22    730.0    745.0   20.0    102.0    945.9    949.0   0.803
20260406204854     22    985.0   1045.0   20.0     45.3    947.7   1114.8   0.809
20260406204854     22   1400.0   1415.0   20.0    167.6   1256.2    945.1   0.808
20260406204854     23    695.0    725.0   20.0     36.0    936.7   1069.9   0.702
20260406204854     23    895.0    910.0   20.0     93.5   1053.3    937.0   0.736
20260406204854     26    970.0    985.0   20.0     53.9    928.4    929.7   0.711
20260406204854     27   1485.0   1500.0   20.0    102.1    924.5   1184.2   0.895
20260406204854     27   1540.0   1590.0   20.0    115.2   1204.8    923.3   0.894
20260406204854     28   1470.0   1490.0   20.0     87.8    923.7    924.4   0.869
20260406204854     29   1195.0   1215.0   20.0    103.5    918.9    923.8   0.803
20260406204854     31    445.0    465.0   20.0    209.4    912.9    916.0   0.792
20260406204854     31   1345.0   1360.0   20.0     45.8    913.0    974.9   0.756
20260406204854     31   1395.0   1410.0   20.0    115.4   1008.6    916.1   0.687
20260406204854     32   1315.0   1330.0   20.0     36.0    920.7    920.0   0.737
20260406204854     33    245.0    260.0   20.0     88.5    916.5    916.4   0.819
20260406204854     33   1415.0   1460.0   20.0    130.9    918.1    916.6   0.827
20260406204854     34      0.0     20.0   20.0     32.8      0.0   1161.9   0.778
20260406204854     34    175.0    190.0   20.0     20.8   1186.9   1207.3   0.762
20260406204854     34    225.0    240.0   20.0     29.6   1163.0    929.7   0.893
20260406204854     34   1200.0   1215.0   20.0    114.9    912.0   1168.6   0.832
20260406204854     34   1510.0   1550.0   20.0     38.7   1200.7   1166.7   0.779
20260406204854     34   1770.0   1785.0   20.0     60.9   1169.5   1169.6   0.567
20260406204854     35     45.0     65.0   20.0     80.6    909.2    909.3   0.799
20260406204854     36    250.0    265.0   20.0     63.5   1344.3   1338.4   0.575
20260406204854     36    860.0    930.0   12.2     38.5   1383.8   1395.7   0.494
20260406204854     36    980.0   1175.0    7.5     64.9   1399.1   1418.2   0.588
20260406204854     36   1265.0   1275.0    4.8     80.1   1422.0   1418.9   0.400
20260406204854     36   1335.0   1530.0   18.9    228.8   1418.1   1332.7   0.747
20260406204854     36   1605.0   1700.0   20.0    280.7   1339.4   1412.9   0.833
20260406204854     37    640.0    655.0   20.0     32.0    913.2   1040.1   0.759
20260406204854     37    770.0    785.0   20.0    142.0   1107.0    911.0   0.808
20260406204854     37    830.0    895.0   20.0     60.2    912.5   1106.4   0.819
20260406204854     37   1070.0   1085.0   20.0     99.9   1164.0    911.5   0.892
20260406204854     37   1645.0   1660.0   20.0     72.6    913.6    915.0   0.768
20260406204854     38    840.0    855.0   20.0     45.0    913.1    912.1   0.740
20260406204854     38   1385.0   1410.0   20.0    144.5    916.2   1344.9   0.824
20260406204854     38   1500.0   1530.0   20.0     88.3   1235.5    909.1   0.897
20260406204854     39   1725.0   1750.0   20.0     84.9    910.1    913.6   0.788
20260406204854     40     90.0    180.0   20.0    123.7    896.3    897.6   0.800
20260406204854     41   1350.0   1390.0   20.0    101.3    906.7    904.7   0.773
20260406204854     43    180.0    205.0   20.0     46.2    901.4    895.8   0.769
20260406204854     43    770.0    790.0   20.0     37.3    897.2    957.0   0.825
20260406204854     43   1690.0   1705.0   20.0     21.0    984.5   1003.1   0.749
20260406204854     44     90.0    125.0   20.0    122.7    897.1   1337.2   0.906
20260406204854     45    970.0    985.0   20.0    184.4    913.6   1221.4   0.799
20260406204854     47   1655.0   1670.0   20.0     55.3    894.9    893.6   0.796
20260406204854     49    385.0    400.0   20.0     40.9    920.1   1020.3   0.759
20260406204854     49    460.0    480.0   20.0    149.2   1078.0    921.4   0.846
20260406204854     49   1255.0   1275.0   20.0    101.4    980.4    912.1   0.872
20260406204854     49   1485.0   1500.0   20.0     22.1    916.4    953.8   0.838
20260406204854     50   1370.0   1385.0   20.0     47.2    894.1    894.3   0.785
20260406204854     51    430.0    465.0   20.0    146.2    887.9    887.8   0.757
20260406204854     52    180.0    195.0   20.0    158.8    880.9    881.6   0.779
20260406204854     52    565.0    580.0   20.0     72.0    880.4    881.7   0.714
20260406204854     53    235.0    250.0   20.0     35.3   1399.9   1441.1   0.816
20260406204854     54     25.0     60.0   20.0    229.4    886.7    888.1   0.836
20260406204854     54    845.0    880.0   20.0     52.4    891.1   1002.8   0.771
20260406204854     54    920.0    940.0   20.0     29.5    999.3    892.7   0.772
20260406204854     56    905.0    920.0   20.0    126.2    877.1   1225.7   0.837
20260406204854     57     55.0     70.0   20.0     55.5    866.4   1052.4   0.693
20260406204854     57    130.0    145.0   20.0     20.3   1079.5   1111.3   0.678
20260406204854     57    410.0    425.0   20.0     57.9   1148.3   1223.8   0.812
20260406204854     58     75.0     90.0   20.0    122.3    882.7   1094.7   0.844
20260406204854     58    325.0    340.0   20.0     42.5   1105.3   1162.2   0.831
20260406204854     59    125.0    140.0   20.0     70.8    866.2    956.8   0.720
20260406204854     59   1270.0   1285.0   20.0     46.8   1019.1   1047.4   0.734
20260406204854     60    620.0    635.0   20.0     22.1   1013.7   1017.7   0.540
20260406204854     60    960.0    975.0   20.0    123.5   1083.4   1185.7   0.744
20260406204854     61    680.0    695.0   20.0     87.3    871.2    975.0   0.799
20260406204854     61    810.0    825.0   20.0     21.6   1019.9   1039.6   0.710
20260406204854     61   1015.0   1030.0   20.0     81.2   1049.8   1108.9   0.739
20260406204854     63   1300.0   1315.0   20.0     29.6    693.5    684.8   0.853
20260406204854     64      0.0     15.0   20.0     23.8      0.0   1352.9   0.891
20260406204854     64    695.0    740.0   20.0     34.1   1376.6   1377.8   0.874
20260406204854     64    890.0    905.0   20.0     26.3   1382.8   1383.5   0.876
20260406204854     64   1715.0   1745.0   20.0     21.6   1394.7   1393.3   0.832
20260406204854     65   1200.0   1215.0   20.0     43.6    883.7    954.6   0.775
20260406204854     65   1265.0   1280.0   20.0    164.8    987.8    877.4   0.821
20260406204854     67     45.0     60.0   20.0     89.0    964.4    861.5   0.790
20260406204854     70   1660.0   1690.0   20.0     26.0    870.5    870.6   0.779
20260406204854     72    550.0    565.0   20.0     27.8   1140.1   1137.7   0.899
20260406204854     74    210.0    265.0   20.0    114.2    894.9   1111.8   0.864
20260406204854     75    775.0    840.0   20.0     88.1    866.1    866.1   0.830
20260406204854     76    975.0    990.0   20.0     37.8    959.8    961.1   0.787
20260406204854     77    775.0    830.0   20.0    138.9    860.3    861.1   0.848
20260406204854     77    965.0    980.0   20.0     86.9    862.1   1096.7   0.868
20260406204854     78   1785.0   1800.0   20.0     46.9    873.1    874.4   0.647
20260406204854     79    980.0    995.0   20.0     31.4    864.9    915.8   0.803
20260406204854     79   1100.0   1120.0   20.0     95.0    990.7    866.2   0.851
20260406204854     80    175.0    190.0   20.0     52.2    865.5    947.4   0.755
20260406204854     80    240.0    255.0   20.0     24.2    972.9   1004.1   0.645
20260406204854     80    300.0    355.0   20.0    174.3    995.3   1079.3   0.820
20260406204854     80    565.0    585.0   20.0     49.3   1089.7   1086.7   0.900
20260406204854     80    690.0    705.0   20.0    127.4   1088.7    866.8   0.854
20260406204854     81    830.0    845.0   20.0     65.4    861.6    861.0   0.661
20260406204854     83   1175.0   1190.0   20.0     45.0    860.1    858.8   0.760
20260406204854     84    515.0    560.0   20.0    120.6    859.7    859.3   0.849
20260406204854     85   1305.0   1360.0   20.0    135.3    928.3    876.1   0.765
20260406204854     86   1475.0   1540.0   20.0    130.1    848.7    850.2   0.862
20260406204854     87   1125.0   1140.0   20.0     46.1    867.9    951.6   0.802
20260406204854     87   1305.0   1320.0   20.0     27.5    960.1    972.8   0.810
20260406204854     87   1775.0   1790.0   20.0     39.8    979.6   1007.3   0.849
20260406204854     88     85.0    100.0   20.0     34.1   1169.5   1199.7   0.696
20260406204854     88    485.0    500.0   20.0     20.7   1217.2   1214.8   0.555
20260406204854     88   1020.0   1035.0   20.0     57.7   1283.2   1260.8   0.726
20260406204854     88   1080.0   1095.0   20.0     29.8   1277.4   1270.3   0.745
20260406204854     90   1635.0   1650.0   20.0     22.4    869.9    949.4   0.836
20260406204854     91   1080.0   1095.0   20.0     45.2    861.6    934.2   0.831
20260406204854     91   1130.0   1145.0   20.0    119.7    940.4    861.7   0.730
20260406204854     91   1350.0   1385.0   20.0    133.2    861.5    862.0   0.882
20260406204854     91   1640.0   1655.0   20.0     34.3    869.1    860.6   0.758
20260406204854     93   1465.0   1565.0   20.0    141.6    861.3    860.8   0.817
20260406204854     94    885.0    900.0   20.0     39.3    852.6    907.4   0.788
20260406204854     94    960.0    975.0   20.0     22.0    920.0   1007.1   0.787
20260406204854     94   1045.0   1060.0   20.0     72.5   1030.9   1147.5   0.815
20260406204854     95    285.0    300.0   20.0    108.5    850.0   1015.5   0.862
20260406204854     96    840.0    855.0   20.0     27.9    848.9    849.2   0.637
20260406204854     97    790.0    805.0   20.0    187.0    841.0   1197.2   0.824
20260406204854     98     50.0     60.0    0.6    103.9   1392.1   1390.3   0.435
20260406204854     98    735.0   1800.0   19.7    119.8   1399.3   1417.9   0.798
20260406204854    102   1080.0   1110.0   20.0     89.2    854.2    856.3   0.828
20260406204854    107   1230.0   1245.0   20.0     57.6    868.7    867.1   0.725
20260406204854    108      0.0     30.0   20.0     24.5      0.0    563.1   0.829
20260406204854    108    100.0    250.0   20.0     27.0    569.9    537.7   0.800
20260406204854    108    290.0    375.0   20.0     34.7    634.7    589.1   0.823
20260406204854    108    550.0    565.0   20.0     28.8    539.7    494.4   0.787
20260406204854    108   1570.0   1585.0   20.0     23.9    409.6    438.3   0.891
20260406204854    109    480.0    495.0   20.0     52.2    851.5    929.2   0.776
20260406204854    110    785.0    805.0   20.0    137.7    858.7   1245.9   0.893
20260406204854    110   1510.0   1565.0   20.0     33.5   1290.7   1295.9   0.791
20260406204854    112    635.0    650.0   20.0     41.1    839.4    905.9   0.769
20260406204854    112   1080.0   1155.0   20.0     40.7   1015.3   1029.6   0.876
20260406204854    112   1325.0   1340.0   20.0     24.2   1016.9   1021.1   0.757
20260406204854    112   1400.0   1420.0   20.0     88.7   1022.4   1037.7   0.901
20260406204854    113    635.0    650.0   20.0     90.0    841.3    841.3   0.806
20260406204854    114    100.0    185.0   20.0    155.9    851.7    851.5   0.810
20260406204854    114    260.0    280.0   20.0     47.1    851.7    851.6   0.738
20260406204854    114   1155.0   1175.0   20.0     82.5    856.9    856.5   0.756
20260406204854    116   1655.0   1670.0   20.0     39.4    851.5    900.7   0.754
20260406204854    120   1590.0   1605.0   20.0     70.2    859.3    860.0   0.823
20260406204854    120   1725.0   1740.0   20.0     37.5    860.5    860.2   0.582
20260406204854    121    295.0    360.0   20.0     75.9    852.7    853.4   0.920
20260406204854    121    935.0    950.0   20.0     62.7    865.2    860.5   0.847
20260406204854    121   1075.0   1090.0   20.0     48.6    862.8    858.5   0.742
20260406204854    122    360.0    380.0   20.0     32.7    864.3    859.0   0.759
20260406204854    123   1455.0   1475.0   20.0     79.8    848.8    847.9   0.865
20260406204854    126    435.0    460.0   20.0    100.4    854.2    853.5   0.756
20260406204854    127    310.0    330.0   20.0     82.6    857.6    859.4   0.768
20260406204854    127    470.0    510.0   20.0    117.5    861.7    860.3   0.773
20260406204854    127   1550.0   1565.0   20.0     43.4    878.8    877.6   0.800
20260406204854    128    340.0    355.0   20.0     34.1    846.8    847.6   0.756
20260406204854    130    405.0    420.0   20.0    150.4    845.3   1231.7   0.860
20260406204854    133   1195.0   1220.0   20.0     61.7    853.6    894.3   0.778
20260406204854    133   1560.0   1605.0   20.0    230.9    855.4    853.8   0.826
20260406204854    133   1675.0   1690.0   20.0     38.9    852.7   1019.0   0.822
20260406204854    133   1730.0   1745.0   20.0     30.2   1057.8   1052.2   0.605
20260406204854    135   1425.0   1480.0   20.0     75.0    857.8    858.5   0.802
20260406204854    135   1610.0   1625.0   20.0    126.9    857.3    856.9   0.795
20260406204854    138    250.0    265.0   20.0     30.1    854.5    855.8   0.587
20260406204854    139   1135.0   1160.0   20.0     88.2    868.8    868.8   0.797
20260406204854    141    740.0    760.0   20.0     98.8    877.9    868.1   0.810
20260406204854    143   1060.0   1075.0   20.0    118.5    864.0    863.2   0.722
20260406204854    144    225.0    240.0   20.0     43.5    856.1    919.3   0.762
20260406204854    144    285.0    315.0   20.0     77.9    984.2    857.1   0.841
20260406204854    145     60.0     75.0   20.0     54.7    857.6    856.8   0.771
20260406204854    147   1095.0   1135.0   20.0    118.9    866.8    868.5   0.807
20260406204854    148   1685.0   1700.0   20.0     90.8    883.6    913.7   0.784
20260406204854    149    915.0    930.0   20.0     23.8    874.8    935.1   0.800
20260406204854    149    985.0   1000.0   20.0     21.5    935.2    990.2   0.659
20260406204854    149   1075.0   1090.0   20.0     20.8    992.0   1000.2   0.520
20260406204854    149   1395.0   1410.0   20.0     81.8   1046.7   1038.2   0.740
20260406204854    150    805.0    820.0   20.0     49.8    865.9    946.2   0.759
20260406204854    150    865.0    930.0   20.0     57.5    976.9   1004.5   0.850
20260406204854    150    990.0   1005.0   20.0     25.1   1023.6   1054.4   0.684
20260406204854    150   1105.0   1120.0   20.0     36.3   1046.3   1063.3   0.871
20260406204854    150   1185.0   1220.0   20.0     28.9   1091.1   1182.8   0.848
20260406204854    151    110.0    155.0   20.0     78.7    869.8   1266.0   0.899
20260406204854    151    335.0    430.0   20.0     45.9   1323.7   1315.9   0.819
20260406204854    151    520.0   1055.0   20.0     87.8   1317.0   1375.5   0.914
20260406204854    151   1195.0   1210.0   20.0     22.2   1362.5   1377.0   0.818
20260406204854    151   1750.0   1795.0   20.0     25.3   1375.8   1366.0   0.895
20260406204854    154    195.0    205.0   20.0     27.2    868.7    869.7   0.403
20260406204854    154    270.0    315.0   20.0    149.1    872.0    942.3   0.776
20260406204854    154    625.0    650.0   20.0     26.3   1050.2   1075.1   0.731
20260406204854    154    685.0    730.0   20.0    195.5   1055.7    869.2   0.904
20260406204854    155    210.0    225.0   20.0     43.4    872.2    872.3   0.649
20260406204854    155   1375.0   1395.0   20.0    252.9    889.0   1321.2   0.833
20260406204854    155   1480.0   1490.0   16.7     21.2   1248.8   1211.6   0.509
20260406204854    156    955.0    970.0   20.0     52.7    874.8    874.3   0.733
20260406204854    157    335.0    350.0   20.0     45.7    636.6    824.2   0.792
20260406204854    158     35.0     50.0   20.0     90.7    873.2   1189.4   0.873
20260406204854    159    350.0    365.0   20.0     26.2    876.0    876.5   0.792
20260406204854    159    400.0    415.0   20.0     59.1    875.6    876.4   0.755
20260406204854    159    995.0   1010.0   20.0     50.2    878.6    957.2   0.787
20260406204854    159   1560.0   1600.0   20.0     38.5   1021.3   1073.0   0.803
20260406204854    159   1710.0   1725.0   20.0    112.3   1063.2   1168.6   0.733
20260406204854    160    690.0    705.0   20.0     53.9    883.3    882.5   0.759
20260406204854    160    760.0    780.0   20.0     31.9    881.6    882.3   0.795
20260406204854    160   1090.0   1155.0   20.0    113.4    898.2    894.7   0.893
20260406204854    160   1610.0   1630.0   20.0     41.3    901.4   1005.1   0.774
20260406204854    160   1715.0   1750.0   20.0    124.9   1037.9    883.7   0.830
20260406204854    161    360.0    380.0   20.0    108.2    873.9   1051.3   0.806
20260406204854    163    815.0    830.0   20.0     42.1    881.1    929.9   0.761
20260406204854    163   1065.0   1080.0   20.0    109.2   1041.2    882.5   0.815
20260406204854    167    125.0    140.0   20.0    154.7    892.4   1331.9   0.922
20260406204854    170   1620.0   1640.0   20.0    102.3    889.5    890.8   0.795
20260406204854    171   1180.0   1195.0   20.0     24.3    901.1    949.9   0.728
20260406204854    171   1460.0   1475.0   20.0     25.9   1014.5   1064.1   0.863
20260406204854    172   1785.0   1800.0   20.0     47.7    881.5    878.6   0.757
20260406204854    175   1045.0   1065.0   20.0    161.3    906.9    918.1   0.797
20260406204854    175   1275.0   1300.0   20.0     78.8    905.3    903.7   0.868
20260406204854    177     80.0     95.0   20.0     67.2    901.1    901.6   0.714
20260406204854    178    405.0    420.0   20.0     65.4    904.4    905.2   0.737
20260406204854    178    655.0    670.0   20.0     51.6    905.7    905.5   0.744
20260406204854    178    935.0    950.0   20.0    240.8    909.4   1264.7   0.874
20260406204854    178   1135.0   1150.0   20.0     25.7   1200.1   1281.4   0.911
20260406204854    179    885.0    905.0   20.0     74.9    912.4    913.9   0.792
20260406204854    181    590.0    805.0   20.0     47.4   1391.6   1427.8   0.900
20260406204854    182   1760.0   1775.0   20.0     21.0    898.5    897.3   0.761
20260406204854    183   1665.0   1685.0   20.0     50.1    918.6    918.6   0.764
20260406204854    184    960.0    975.0   20.0    257.0   1605.1   1363.4   0.689
20260406204854    184   1680.0   1700.0   20.0    245.4   1364.1   1368.6   0.925
20260406204854    184   1760.0   1775.0   20.0    225.9   1377.0   1373.8   0.774
20260406204854    185    200.0    265.0   20.0     97.2   1519.9   1539.6   0.642
20260406204854    185    325.0    685.0   20.0    105.3   1534.0   1553.6   0.710
20260406204854    185    725.0   1800.0   19.9    113.7   1554.7   1555.0   0.764
20260406204854    186    875.0    890.0   20.0     21.6    786.8    771.3   0.739
20260406204854    186   1500.0   1515.0   20.0     41.4    798.1    783.7   0.822
20260406204854    187     75.0     90.0   20.0     63.1   1009.8   1152.6   0.834
20260406204854    188   1305.0   1320.0   20.0     50.6    920.7    923.1   0.613
20260406204854    190    165.0    185.0   20.0     26.4   1429.3   1425.5   0.835
20260406204854    190    280.0    405.0   20.0     39.4   1430.1   1442.0   0.798
20260406204854    190    445.0    720.0   20.0     38.6   1442.7   1452.9   0.824
20260406204854    190    770.0    965.0   20.0     37.0   1453.6   1462.2   0.765
20260406204854    190   1215.0   1225.0    3.7     46.7   1478.0   1476.1   0.542
20260406204854    190   1455.0   1465.0    3.2     49.7   1470.1   1469.6   0.458
20260406204854    190   1530.0   1540.0    2.9     50.2   1471.0   1463.4   0.447
20260406204854    192    735.0    750.0   20.0     38.0    927.9    927.5   0.604
20260406204854    192   1535.0   1550.0   20.0     84.2    927.7    927.8   0.754
20260406204854    193    725.0    740.0   20.0     63.1    925.3    924.0   0.800
20260406204854    193    835.0    850.0   20.0     63.1    925.2   1012.0   0.755
20260406204854    193   1475.0   1490.0   20.0     28.2   1113.7   1124.1   0.769
20260406204854    194    270.0    285.0   20.0     60.7    927.8    926.7   0.774
20260406204854    195    270.0    290.0   20.0     64.3    941.4   1021.4   0.781
20260406204854    195   1540.0   1555.0   20.0     30.6   1275.2   1300.5   0.655
20260406204854    196    650.0    710.0   20.0    119.2    935.0    937.6   0.791
20260406204854    197    545.0    560.0   20.0     20.9   1392.1   1377.5   0.805
20260406204854    199    275.0    305.0   20.0     46.5    953.7   1155.5   0.774
20260406204854    200    755.0    795.0   20.0     34.7    950.8    944.8   0.791
20260406204854    202    130.0    145.0   20.0     36.5    950.5   1022.3   0.696
20260406204854    202    245.0    260.0   20.0     41.5   1062.8   1104.0   0.830
20260406204854    202    445.0    485.0   20.0     76.2   1116.3    948.0   0.871
20260406204854    202    545.0    630.0   20.0     56.4    948.6   1292.8   0.813
20260406204854    202    800.0    815.0   20.0     37.9   1327.1   1340.1   0.711
20260406204854    203    450.0    465.0   20.0     67.6    956.1    956.7   0.586
20260406204854    203    590.0    605.0   20.0     81.6    955.7    956.0   0.774
20260406204854    205    885.0    990.0   20.0     67.3    965.6   1255.3   0.788
20260406204854    205   1025.0   1040.0   20.0     39.2   1268.9   1344.7   0.726
20260406204854    205   1100.0   1115.0   20.0     90.0   1291.5   1346.7   0.723
20260406204854    205   1175.0   1190.0   20.0    177.8   1301.8    968.4   0.913
20260406204854    206    730.0    745.0   20.0     21.1    965.5    963.8   0.758
20260406204854    208   1095.0   1170.0   20.0     26.3   1354.1   1481.0   0.860
20260406204854    209    365.0    380.0   20.0     56.5    972.2    970.6   0.760
20260406204854    209   1190.0   1205.0   20.0     68.5    970.6    971.0   0.816
20260406204854    209   1370.0   1385.0   20.0     21.6    970.9    970.5   0.582
20260406204854    209   1425.0   1440.0   20.0     34.6    981.9    970.7   0.784
20260406204854    211    605.0    625.0   20.0     81.6    965.5    967.9   0.773
20260406204854    220    395.0    410.0   20.0     47.3    992.2    991.4   0.730
20260406204854    220   1330.0   1475.0   20.0    220.0    990.0    988.2   0.846
20260406204854    222    665.0    680.0   20.0     44.8    997.3    995.3   0.749
20260406204854    224    760.0    775.0   20.0     70.4   1010.7   1009.7   0.799
20260406204854    224    895.0    925.0   20.0     60.4   1003.7   1007.5   0.794
20260406204854    226   1505.0   1530.0   20.0     34.8   1006.2   1311.2   0.792
20260406204854    226   1570.0   1600.0   20.0    148.1   1282.6    993.7   0.816
20260406204854    227    445.0    460.0   20.0     47.1   1031.1   1106.1   0.781
20260406204854    227    510.0    525.0   20.0     62.5   1104.5   1027.6   0.798
20260406204854    227    905.0    920.0   20.0    118.2   1032.8   1473.7   0.820
20260406204854    227   1345.0   1540.0   20.0     44.2   1558.6   1556.0   0.864
20260406204854    227   1585.0   1600.0   20.0     32.6   1552.1   1556.3   0.701
20260406204854    227   1705.0   1720.0   20.0     44.5   1553.0   1553.8   0.647
20260406204854    228    435.0    450.0   20.0     94.7   1014.4   1014.7   0.798
20260406204854    228    790.0    860.0   20.0     48.2   1019.6   1146.1   0.768
20260406204854    228   1230.0   1245.0   20.0     86.1   1120.6   1017.9   0.788
20260406204854    230    445.0    465.0   20.0     51.4   1026.9   1025.5   0.774
20260406204854    231    770.0    785.0   20.0    104.7   1014.7   1012.9   0.813
20260406204854    231   1445.0   1465.0   20.0     57.0   1011.3   1012.1   0.750
20260406204854    232    525.0    540.0   20.0     38.5   1021.9   1019.5   0.498
20260406204854    232    630.0    670.0   20.0    109.2   1026.1   1381.1   0.846
20260406204854    232    705.0    730.0   20.0     25.7   1362.6   1433.3   0.604
20260406204854    232    785.0    800.0   20.0     21.0   1442.0   1446.7   0.540
20260406204854    232    935.0   1110.0   20.0    117.7   1479.4   1490.1   0.709
20260406204854    232   1190.0   1215.0   20.0     26.1   1497.6   1489.2   0.499
20260406204854    233    230.0    245.0   20.0     54.3   1034.0   1033.2   0.743
20260406204854    233    765.0    780.0   20.0    109.4   1030.5   1031.7   0.759
20260406204854    233   1060.0   1075.0   20.0     48.4   1054.0   1125.9   0.811
20260406204854    233   1380.0   1410.0   20.0     50.2   1098.3   1194.4   0.820
20260406204854    233   1625.0   1705.0   20.0     67.9   1156.4   1258.2   0.838
20260406204854    235    630.0    645.0   20.0     60.6   1027.8   1027.6   0.733
20260406204854    237    300.0    320.0   20.0    211.0   1044.2   1043.4   0.853
20260406204854    239     15.0     30.0   20.0    236.0   1053.5   1053.7   0.834
20260406204854    239    335.0    350.0   20.0     41.3   1055.1   1056.0   0.668
20260406204854    239    975.0    995.0   20.0     69.0   1063.8   1060.3   0.777
20260406204854    240   1235.0   1335.0   20.0    108.1   1045.6   1411.3   0.877
20260406204854    240   1405.0   1420.0   20.0     36.3   1395.2   1448.0   0.716
20260406204854    240   1485.0   1505.0   20.0    211.2   1401.3   1035.0   0.851
20260406204854    242      0.0     10.0   20.0    199.4      0.0   1051.2   0.794
20260406204854    242   1135.0   1155.0   20.0    156.2   1044.4   1044.4   0.763
20260406204854    242   1360.0   1415.0   20.0    155.3   1043.9   1043.4   0.779
20260406204854    244    675.0    690.0   20.0     48.2   1080.7   1080.4   0.722
20260406204854    244   1715.0   1730.0   20.0     47.8   1083.0   1080.3   0.807
20260406204854    247     10.0     25.0   20.0     38.4   1590.4   1399.3   0.887
20260406204854    247     60.0     80.0   20.0     27.9   1496.3   1189.2   0.873
20260406204854    247    120.0    135.0   20.0     29.0   1174.5   1109.8   0.816
20260406204854    249    615.0    645.0   20.0    113.1   1106.2   1120.3   0.877
20260406204854    250    210.0    225.0   20.0     44.6   1531.5   1435.8   0.868
20260406204854    250    680.0    695.0   20.0     34.8   1362.4   1424.7   0.844
20260406204854    250    755.0    770.0   20.0     27.2   1433.5   1444.2   0.759
20260406204854    251      0.0     15.0   20.0     25.9      0.0   1362.4   0.549
20260406204854    251    185.0    200.0   20.0     20.3   1414.6   1404.6   0.532
20260406204854    251    295.0    310.0   20.0     20.9   1460.6   1435.0   0.561
20260406204854    251    370.0    385.0   20.0    292.3   1480.3   1093.4   0.812
20260406204854    251    440.0    460.0   20.0    252.6   1093.2   1689.6   0.843
20260406204854    252   1120.0   1145.0   20.0    141.4   1170.8   1086.4   0.813
20260406204854    253    595.0    640.0   20.0    231.6   1090.9   1083.2   0.838
20260406204854    254    585.0    605.0   20.0    164.8   1085.3   1084.9   0.818
20260406204854    254   1040.0   1055.0   20.0     54.5   1089.8   1087.7   0.747
20260406204854    254   1155.0   1190.0   20.0     69.4   1086.2   1085.4   0.765
20260406204854    256     15.0     35.0   20.0     68.2    314.2    412.1   0.932
20260406204854    256    470.0    515.0   20.0     55.4    405.7    415.4   0.808
20260406204854    256    595.0    610.0   20.0     58.0    413.7    399.1   0.539
20260406204854    256    905.0    920.0   20.0     45.8    433.6    518.1   0.756
20260406204854    256   1495.0   1510.0   20.0     25.2    516.9    547.0   0.733
20260406212217      1    165.0    180.0   20.0    102.1    997.3    997.9   0.795
20260406212217      2     60.0     75.0   20.0     37.3   1032.9   1214.2   0.922
20260406212217      3   1095.0   1130.0   20.0     58.0   1011.5   1377.3   0.919
20260406212217      3   1190.0   1205.0   20.0     43.0   1381.9   1435.7   0.856
20260406212217      3   1270.0   1285.0   20.0     27.0   1482.7   1455.4   0.545
20260406212217      4    100.0    120.0   20.0     68.4   1002.6    999.1   0.801
20260406212217      4    700.0    715.0   20.0     23.8   1024.6   1046.8   0.784
20260406212217      4    760.0    775.0   20.0     61.1   1066.7   1006.8   0.851
20260406212217      4   1370.0   1385.0   20.0     24.6   1007.2   1004.1   0.764
20260406212217      5    830.0    880.0   20.0     33.1    978.5   1131.5   0.787
20260406212217      5    930.0    970.0   20.0     32.7   1140.1   1170.0   0.603
20260406212217      5   1025.0   1070.0   20.0     62.6   1170.8   1195.7   0.726
20260406212217      5   1175.0   1290.0   20.0     63.2   1207.3   1283.4   0.756
20260406212217      5   1385.0   1400.0   20.0     35.5   1272.8   1301.7   0.606
20260406212217      6    790.0    805.0   20.0     33.8   1345.5   1276.9   0.858
20260406212217      7    265.0    280.0   20.0     36.4    970.4   1018.4   0.755
20260406212217      7   1190.0   1205.0   20.0    204.5   1036.8   1116.7   0.865
20260406212217      8   1225.0   1240.0   20.0     67.4    965.7    965.1   0.775
20260406212217     10    140.0    170.0   20.0     92.2    969.7   1258.9   0.800
20260406212217     10    260.0    275.0   20.0     65.0   1353.5    980.9   0.880
20260406212217     10    575.0    590.0   20.0     26.0    993.2    964.1   0.774
20260406212217     11      0.0    130.0   20.0     46.0      0.0   1504.0   0.846
20260406212217     11    255.0   1765.0   20.0     48.7   1523.0   1470.6   0.909
20260406212217     14    610.0    625.0   20.0     45.7    956.6   1007.0   0.739
20260406212217     14    705.0    760.0   20.0     23.8   1033.8   1087.0   0.676
20260406212217     14    945.0    985.0   20.0    155.6   1091.1   1339.3   0.813
20260406212217     14   1110.0   1150.0   20.0    122.5   1365.9   1373.4   0.776
20260406212217     14   1275.0   1290.0   20.0     58.2   1351.5   1345.5   0.854
20260406212217     14   1710.0   1725.0   20.0     39.7   1286.1   1353.9   0.840
20260406212217     15    900.0    915.0   20.0     45.0    954.3   1007.2   0.747
20260406212217     15    950.0    965.0   20.0     70.2   1012.4    954.9   0.737
20260406212217     18    515.0    530.0   20.0    101.7    948.8   1201.0   0.899
20260406212217     18    565.0    610.0   20.0    209.0   1225.6    944.1   0.852
20260406212217     18    910.0    925.0   20.0    459.1    948.0    944.4   0.745
20260406212217     20   1330.0   1345.0   20.0     71.0    953.5    952.2   0.773
20260406212217     20   1470.0   1500.0   20.0     82.0    952.6    952.0   0.815
20260406212217     23    595.0    615.0   20.0    268.5    940.5    939.5   0.795
20260406212217     24   1465.0   1480.0   20.0    105.7   1450.3   1223.8   0.916
20260406212217     24   1625.0   1655.0   20.0    298.8   1124.8   1427.8   0.889
20260406212217     26    965.0    980.0   20.0     99.0    933.4   1118.7   0.791
20260406212217     26   1020.0   1070.0   20.0     34.6   1123.8   1183.4   0.680
20260406212217     26   1380.0   1395.0   20.0     32.9   1266.4   1290.8   0.807
20260406212217     30   1730.0   1745.0   20.0     26.8    931.4    990.3   0.785
20260406212217     31   1525.0   1540.0   20.0     47.5    917.8    916.8   0.733
20260406212217     32      0.0     10.0   20.0    214.3      0.0    920.8   0.792
20260406212217     33    235.0    250.0   20.0    151.1    921.0    920.7   0.797
20260406212217     33    615.0    640.0   20.0    148.2    919.6    919.9   0.830
20260406212217     33    970.0    985.0   20.0     61.5    920.6    921.0   0.812
20260406212217     34   1710.0   1725.0   20.0     28.7    915.5    958.7   0.831
20260406212217     35   1720.0   1735.0   20.0     50.9    920.7    919.0   0.761
20260406212217     36    320.0    815.0   19.6    127.7   1442.3   1356.8   0.879
20260406212217     36    870.0    890.0   20.0    122.3   1355.1   1353.7   0.819
20260406212217     36    970.0   1100.0   20.0    126.1   1358.1   1366.1   0.840
20260406212217     36   1180.0   1225.0   20.0    116.1   1366.6   1365.4   0.822
20260406212217     36   1275.0   1335.0   20.0    117.2   1365.0   1365.1   0.795
20260406212217     36   1370.0   1450.0   20.0    110.5   1366.4   1361.5   0.826
20260406212217     36   1540.0   1605.0   20.0    116.6   1361.3   1370.1   0.800
20260406212217     36   1705.0   1790.0   20.0    106.6   1368.1   1368.8   0.834
20260406212217     37   1665.0   1680.0   20.0     25.1    916.4    920.2   0.648
20260406212217     38   1325.0   1340.0   20.0     71.5    912.5    915.1   0.800
20260406212217     39   1360.0   1420.0   20.0    128.5    918.7   1187.0   0.800
20260406212217     39   1460.0   1565.0   20.0    204.3   1199.5    917.7   0.861
20260406212217     40     50.0     65.0   20.0     37.6    900.6    954.2   0.777
20260406212217     40    220.0    235.0   20.0    103.4   1014.6    904.0   0.760
20260406212217     41    440.0    530.0   20.0     88.6    906.3    904.6   0.783
20260406212217     42    480.0    570.0   20.0     74.9    910.9   1011.6   0.800
20260406212217     42    615.0    645.0   20.0    177.0   1018.9    912.5   0.824
20260406212217     43    740.0    760.0   20.0     59.9    904.4   1106.9   0.846
20260406212217     44    200.0    215.0   20.0    114.7   1054.4   1114.4   0.618
20260406212217     44   1060.0   1095.0   20.0     61.9    911.2    910.5   0.770
20260406212217     54    580.0    600.0   20.0     81.2    897.2    897.3   0.835
20260406212217     57   1180.0   1545.0   20.0     60.9   1275.2   1326.3   0.897
20260406212217     60     45.0     60.0   20.0     35.0    904.5    993.1   0.806
20260406212217     60    800.0    815.0   20.0     69.9   1055.6   1158.9   0.862
20260406212217     61    470.0    485.0   20.0     40.2    876.2    877.7   0.778
20260406212217     61    535.0    550.0   20.0     33.3    875.3    876.3   0.662
20260406212217     61   1140.0   1210.0   20.0    127.1    880.5   1180.8   0.835
20260406212217     62   1755.0   1785.0   20.0     74.6    881.4    880.9   0.759
20260406212217     65   1735.0   1755.0   20.0     46.0    876.0    875.3   0.798
20260406212217     66    215.0    255.0   20.0     53.6    882.8    882.2   0.751
20260406212217     66    925.0    950.0   20.0     71.7    883.8   1084.7   0.847
20260406212217     66   1230.0   1245.0   20.0     22.9   1120.8   1159.5   0.726
20260406212217     67    905.0    920.0   20.0     96.0    869.5   1128.8   0.864
20260406212217     67   1530.0   1540.0   20.0     22.0   1189.7   1182.1   0.430
20260406212217     69     95.0    110.0   20.0     58.1    861.0    973.7   0.757
20260406212217     69    150.0    165.0   20.0    168.9   1043.0    861.9   0.814
20260406212217     69    570.0    630.0   20.0    115.1    860.7    861.8   0.845
20260406212217     69    750.0    765.0   20.0     97.0    860.8    863.0   0.730
20260406212217     70    730.0    785.0   20.0    124.8    863.1    863.7   0.837
20260406212217     71    270.0    325.0   20.0    113.4    864.6   1082.1   0.745
20260406212217     73     65.0     80.0   20.0     21.1   1348.4   1361.3   0.768
20260406212217     74     65.0     90.0   20.0    238.5    900.2   1300.7   0.838
20260406212217     74    235.0    250.0   20.0     20.2   1299.8   1305.2   0.540
20260406212217     74    360.0    455.0   20.0     33.8   1315.2   1308.7   0.725
20260406212217     74    515.0    610.0   20.0     67.2   1304.9   1332.0   0.806
20260406212217     74    870.0    885.0   20.0     27.3   1312.9   1315.2   0.839
20260406212217     79    865.0    880.0   20.0     42.6    864.3    953.3   0.698
20260406212217     79   1005.0   1020.0   20.0    135.6   1008.0   1217.9   0.763
20260406212217     79   1180.0   1195.0   20.0     88.0   1251.1    868.0   0.943
20260406212217     80    330.0    345.0   20.0     57.1    872.3    874.9   0.712
20260406212217     80   1325.0   1340.0   20.0     49.3    877.2    880.3   0.744
20260406212217     81    925.0    940.0   20.0     52.6    867.9    864.9   0.734
20260406212217     83    575.0    590.0   20.0     32.5    861.0    904.4   0.776
20260406212217     84    875.0    975.0   20.0    164.4    868.3    987.7   0.821
20260406212217     84   1455.0   1470.0   20.0     27.4    874.0    872.5   0.669
20260406212217     85    120.0    155.0   20.0    240.5    853.8    854.2   0.752
20260406212217     85    485.0    500.0   20.0    121.4    854.2    855.6   0.826
20260406212217     85   1440.0   1455.0   20.0     48.3    867.9    865.0   0.635
20260406212217     86    145.0    160.0   20.0     75.9    969.4    849.7   0.757
20260406212217     87    320.0    335.0   20.0     25.4   1116.0   1139.8   0.828
20260406212217     90    425.0    440.0   20.0    179.8    891.9   1333.1   0.869
20260406212217     91    980.0    995.0   20.0     22.9    860.9    907.1   0.702
20260406212217     91   1165.0   1180.0   20.0     30.6    984.2   1000.9   0.636
20260406212217     91   1270.0   1305.0   20.0     23.1   1019.5   1064.5   0.620
20260406212217     91   1770.0   1785.0   20.0     28.2   1117.6   1160.0   0.831
20260406212217     92    790.0    885.0   20.0     77.7    858.1   1092.2   0.886
20260406212217     92    955.0    970.0   20.0     40.9   1055.2   1106.5   0.747
20260406212217     92   1045.0   1060.0   20.0     25.3   1039.4    878.6   0.942
20260406212217     93     25.0     40.0   20.0     81.6    856.6    945.8   0.767
20260406212217     93    190.0    205.0   20.0     25.2    993.0    960.5   0.753
20260406212217     93    275.0    290.0   20.0     38.4    982.3    983.6   0.627
20260406212217     93    890.0    905.0   20.0    102.6   1043.6   1068.8   0.434
20260406212217     93   1035.0   1050.0   20.0     72.5   1080.8   1133.3   0.780
20260406212217     93   1290.0   1305.0   20.0     32.7   1160.9   1237.1   0.831
20260406212217     93   1655.0   1670.0   20.0     33.8   1249.8   1283.5   0.784
20260406212217     94    520.0    535.0   20.0     34.3    868.4    908.8   0.753
20260406212217     94    625.0    645.0   20.0     81.1    934.4    861.5   0.849
20260406212217     94    885.0    900.0   20.0    105.0    861.9   1021.1   0.759
20260406212217     94    945.0    955.0   20.0     30.9   1069.9   1070.8   0.450
20260406212217     94   1000.0   1015.0   20.0     31.7   1084.3   1094.7   0.724
20260406212217     94   1060.0   1075.0   20.0     25.9   1106.8   1125.0   0.710
20260406212217     94   1120.0   1135.0   20.0     24.3   1110.9   1089.6   0.711
20260406212217     94   1185.0   1230.0   20.0     31.1   1098.8   1171.4   0.724
20260406212217     94   1430.0   1445.0   20.0     71.3   1214.0   1368.4   0.826
20260406212217     97    805.0    825.0   20.0     96.6    845.6    846.2   0.865
20260406212217     98     35.0     85.0   20.0     80.2   1335.8   1342.1   0.763
20260406212217     98    140.0    305.0   20.0     88.6   1341.7   1346.4   0.744
20260406212217     98    350.0    455.0   20.0     91.6   1346.7   1348.6   0.763
20260406212217     98    500.0    570.0   20.0     97.3   1343.4   1342.3   0.815
20260406212217     98    650.0   1800.0   20.0    107.7   1342.7   1368.7   0.842
20260406212217     99    285.0    300.0   20.0     50.6    852.8    852.7   0.778
20260406212217     99    855.0    870.0   20.0     62.1    853.4    852.4   0.750
20260406212217    101   1785.0   1800.0   20.0     26.0    863.9    896.8   0.869
20260406212217    102    160.0    175.0   20.0     43.1    853.7    857.5   0.778
20260406212217    102    855.0    870.0   20.0     75.2    857.5    860.4   0.720
20260406212217    102   1300.0   1315.0   20.0    149.4    860.2    858.8   0.702
20260406212217    106   1260.0   1305.0   20.0     50.1    861.0    964.3   0.783
20260406212217    106   1595.0   1615.0   20.0     23.7   1045.8   1058.5   0.793
20260406212217    107   1110.0   1130.0   20.0     44.5    876.6    876.7   0.779
20260406212217    108     20.0     40.0   20.0     28.3    518.8    484.7   0.733
20260406212217    108     85.0    100.0   20.0     32.4    448.6    435.2   0.708
20260406212217    108    205.0    225.0   20.0     39.7    435.2    489.8   0.821
20260406212217    108    290.0    310.0   20.0     44.1    454.0    548.2   0.793
20260406212217    108    415.0    430.0   20.0     33.1    513.8    485.7   0.750
20260406212217    108    655.0    670.0   20.0     39.6    446.4    425.3   0.791
20260406212217    108    770.0    785.0   20.0     47.0    398.8    389.1   0.806
20260406212217    108    855.0    915.0   20.0     70.8    426.3    789.5   0.912
20260406212217    108   1315.0   1350.0   20.0     37.2    458.5    445.9   0.742
20260406212217    108   1405.0   1420.0   20.0     32.9    506.7    569.8   0.770
20260406212217    108   1455.0   1470.0   20.0     34.0    554.4    518.1   0.808
20260406212217    109   1680.0   1740.0   20.0     60.6    863.7    866.0   0.838
20260406212217    110     45.0     60.0   20.0    177.8    856.8   1184.2   0.875
20260406212217    111    750.0    765.0   20.0     47.8    848.6    851.0   0.771
20260406212217    112    185.0    200.0   20.0     31.4    965.8   1016.4   0.902
20260406212217    112   1350.0   1365.0   20.0     48.2   1049.1   1120.2   0.810
20260406212217    113    505.0    525.0   20.0     49.8    847.0    947.1   0.899
20260406212217    114    195.0    255.0   20.0     80.7    859.8    939.4   0.794
20260406212217    114    315.0    325.0   20.0     21.3    924.4    928.1   0.450
20260406212217    114   1325.0   1340.0   20.0     20.4    994.3    998.5   0.726
20260406212217    114   1515.0   1530.0   20.0     21.0   1007.8   1016.2   0.806
20260406212217    115   1405.0   1425.0   20.0     75.0    872.8    981.7   0.772
20260406212217    115   1515.0   1530.0   20.0     21.4   1036.7   1068.8   0.795
20260406212217    115   1580.0   1595.0   20.0     21.4   1083.7   1123.5   0.848
20260406212217    116    190.0    205.0   20.0     26.3   1082.6   1119.4   0.829
20260406212217    116    405.0    420.0   20.0     21.5   1278.8   1263.7   0.701
20260406212217    117     50.0     95.0   20.0    131.3    848.6   1243.1   0.882
20260406212217    117    840.0    990.0   20.0     42.0   1308.3   1306.5   0.876
20260406212217    117   1040.0   1070.0   20.0     43.1   1308.7   1300.7   0.858
20260406212217    117   1105.0   1125.0   20.0     61.5   1311.7   1304.3   0.877
20260406212217    119    535.0    550.0   20.0     47.1    858.0    858.7   0.627
20260406212217    119    760.0    775.0   20.0     30.7    858.4    857.7   0.748
20260406212217    120    715.0    795.0   20.0    140.1    865.5    865.2   0.865
20260406212217    122    395.0    410.0   20.0     32.7    872.2    997.9   0.790
20260406212217    122    620.0    640.0   20.0     68.2   1011.0    872.9   0.803
20260406212217    122    885.0    900.0   20.0     32.9    870.8    871.7   0.680
20260406212217    122   1475.0   1625.0   20.0    117.0    869.3   1144.3   0.907
20260406212217    122   1665.0   1680.0   20.0    180.4   1120.5    868.3   0.788
20260406212217    123    580.0    595.0   20.0     46.8    850.2   1013.5   0.779
20260406212217    123   1090.0   1105.0   20.0     90.9   1054.0   1158.8   0.762
20260406212217    124    495.0    515.0   20.0     38.8    852.4    851.7   0.816
20260406212217    124    680.0    705.0   20.0    121.0    851.5    853.0   0.835
20260406212217    124   1430.0   1450.0   20.0     59.2    853.2   1051.6   0.834
20260406212217    125   1255.0   1280.0   20.0    115.0    854.8    857.5   0.815
20260406212217    126     80.0    100.0   20.0     48.8    863.5    889.8   0.855
20260406212217    127   1550.0   1570.0   20.0    102.4    866.9    868.5   0.752
20260406212217    129   1675.0   1730.0   20.0    104.0    873.3   1179.6   0.890
20260406212217    130    180.0    190.0   20.0     20.0   1044.4   1053.3   0.420
20260406212217    130    765.0    780.0   20.0     54.1   1144.7    907.2   0.906
20260406212217    130   1475.0   1490.0   20.0     30.3    858.7    911.5   0.795
20260406212217    130   1765.0   1780.0   20.0     43.3   1052.2   1092.4   0.607
20260406212217    132   1610.0   1625.0   20.0     26.0    881.8    915.5   0.685
20260406212217    133    590.0    605.0   20.0     48.0    858.1    855.4   0.780
20260406212217    133   1750.0   1765.0   20.0     31.6    857.9    857.5   0.738
20260406212217    134    370.0    415.0   20.0     38.7   1026.0   1082.8   0.751
20260406212217    134    530.0    545.0   20.0     32.8   1087.6   1114.6   0.831
20260406212217    134    600.0    615.0   20.0    107.7   1098.9   1200.8   0.743
20260406212217    135     15.0     30.0   20.0     33.8    855.8    856.5   0.735
20260406212217    135   1005.0   1020.0   20.0     33.1    859.2    861.2   0.765
20260406212217    136   1450.0   1490.0   20.0     72.4    864.7    864.6   0.839
20260406212217    137    135.0    155.0   20.0     95.3    855.4    855.0   0.796
20260406212217    138     60.0     75.0   20.0     20.0    862.3    885.0   0.587
20260406212217    138   1350.0   1390.0   20.0     98.5    865.9   1007.1   0.843
20260406212217    138   1660.0   1715.0   20.0    234.8   1003.6    865.5   0.797
20260406212217    140    420.0    435.0   20.0     43.5    868.3    868.8   0.749
20260406212217    142     65.0     80.0   20.0     48.8    863.9    864.8   0.709
20260406212217    142    650.0    665.0   20.0     45.9    865.2    864.9   0.785
20260406212217    142   1305.0   1320.0   20.0     71.1    865.4    866.1   0.746
20260406212217    145   1535.0   1550.0   20.0     84.8    868.2    867.9   0.760
20260406212217    148    535.0    550.0   20.0     74.9    877.9    878.5   0.757
20260406212217    148   1090.0   1150.0   20.0     35.9    880.6   1057.1   0.767
20260406212217    148   1395.0   1410.0   20.0     89.6   1060.3    880.7   0.898
20260406212217    148   1695.0   1740.0   20.0     44.2    878.3   1132.8   0.824
20260406212217    149   1190.0   1210.0   20.0     64.3    879.6    880.3   0.798
20260406212217    150     90.0    105.0   20.0     54.9    870.9   1022.8   0.750
20260406212217    150    235.0    250.0   20.0     30.7   1044.6   1051.1   0.778
20260406212217    150    525.0    540.0   20.0     51.7   1091.1   1184.9   0.779
20260406212217    151     25.0     40.0   20.0     96.0    872.3   1195.6   0.821
20260406212217    151    345.0    360.0   20.0     56.1   1266.6   1268.5   0.852
20260406212217    152   1550.0   1565.0   20.0     33.6    875.3    878.9   0.807
20260406212217    153    950.0    970.0   20.0     66.0    877.1    878.1   0.763
20260406212217    155     15.0     30.0   20.0     44.1    871.9    927.9   0.775
20260406212217    155   1275.0   1295.0   20.0     67.2    952.2   1067.4   0.836
20260406212217    156    725.0    740.0   20.0     31.5    875.6    925.2   0.751
20260406212217    156    785.0    800.0   20.0     51.8    932.7    876.6   0.775
20260406212217    158    910.0    925.0   20.0     22.9   1293.6   1320.3   0.756
20260406212217    160   1040.0   1065.0   20.0    104.5    888.3    887.8   0.842
20260406212217    162      0.0     10.0   20.0     63.4      0.0    972.5   0.807
20260406212217    162     75.0     95.0   20.0     66.6   1129.7    897.0   0.853
20260406212217    162    165.0    180.0   20.0     90.5    894.9   1037.1   0.778
20260406212217    162    405.0    455.0   20.0     30.8   1053.7   1078.6   0.776
20260406212217    162    525.0    535.0   20.0     29.2   1047.0   1057.2   0.462
20260406212217    162    650.0    700.0   20.0     45.8   1056.7   1036.1   0.784
20260406212217    162   1585.0   1600.0   20.0     32.8   1135.6   1124.3   0.703
20260406212217    162   1715.0   1735.0   20.0     25.1   1135.5   1116.3   0.884
20260406212217    163    400.0    445.0   20.0    158.9    887.3    884.1   0.843
20260406212217    163    710.0    725.0   20.0     53.7    882.9    883.0   0.695
20260406212217    163   1640.0   1665.0   20.0     98.2    884.8    885.8   0.805
20260406212217    164     60.0     75.0   20.0     59.4    942.1    943.6   0.739
20260406212217    165   1005.0   1040.0   20.0     78.0    893.8    904.6   0.754
20260406212217    167    170.0    185.0   20.0     40.9    902.2    900.8   0.746
20260406212217    167   1645.0   1660.0   20.0     47.5    905.5    902.6   0.737
20260406212217    170    520.0    535.0   20.0     99.1    902.1    903.9   0.768
20260406212217    170    815.0    835.0   20.0    111.8    906.2    901.1   0.825
20260406212217    170   1730.0   1750.0   20.0     62.9    910.7    911.8   0.835
20260406212217    171    125.0    145.0   20.0    144.7    900.9    902.1   0.779
20260406212217    173     95.0    150.0   20.0     48.3   1490.0   1477.9   0.872
20260406212217    174      0.0     15.0   20.0     35.4      0.0    905.2   0.734
20260406212217    176    330.0    365.0   20.0     51.4    905.0    905.3   0.793
20260406212217    178      5.0     20.0   20.0     35.5   1040.1   1050.6   0.605
20260406212217    178    290.0    305.0   20.0     38.9   1157.0   1160.2   0.714
20260406212217    178    430.0    440.0   20.0     29.0   1250.9   1177.2   0.613
20260406212217    178    885.0    900.0   20.0     21.1   1238.6   1238.6   0.796
20260406212217    178   1310.0   1325.0   20.0     43.7   1258.8   1289.1   0.795
20260406212217    178   1360.0   1375.0   20.0     20.4   1300.7   1277.0   0.864
20260406212217    182   1490.0   1510.0   20.0     54.7    906.9    972.1   0.890
20260406212217    182   1630.0   1645.0   20.0     36.4   1015.7   1065.5   0.836
20260406212217    183     45.0     60.0   20.0     44.6    917.0    966.2   0.755
20260406212217    183    300.0    330.0   20.0     69.7    973.6    916.2   0.790
20260406212217    184     65.0     80.0   20.0    235.6   1382.3   1396.2   0.689
20260406212217    184    210.0    225.0   20.0    250.4   1410.0   1396.4   0.628
20260406212217    184    495.0    510.0   20.0    230.9   1408.9   1403.0   0.799
20260406212217    184    715.0    735.0   20.0    244.3   1403.5   1398.1   0.841
20260406212217    184    780.0    795.0   20.0    220.1   1402.9   1396.9   0.799
20260406212217    184    955.0    975.0   20.0    235.7   1408.8   1404.3   0.882
20260406212217    184   1180.0   1200.0   20.0    227.4   1413.7   1412.9   0.855
20260406212217    184   1560.0   1575.0   20.0    224.5   1413.8   1405.1   0.817
20260406212217    184   1685.0   1700.0   20.0    214.9   1413.9   1426.5   0.818
20260406212217    185      0.0   1800.0   19.9    117.3      0.0   1583.9   0.831
20260406212217    189    850.0    870.0   20.0     90.1    932.8    932.3   0.815
20260406212217    190      0.0   1800.0   20.0     76.4      0.0   1485.0   0.894
20260406212217    194   1460.0   1475.0   20.0     45.8    930.3    929.5   0.578
20260406212217    195     70.0     85.0   20.0     86.7   1160.8   1170.5   0.712
20260406212217    196   1295.0   1320.0   20.0    174.5    937.8    940.0   0.862
20260406212217    198   1055.0   1075.0   20.0    141.0    946.9    948.6   0.808
20260406212217    199      0.0     20.0   20.0    208.4      0.0    956.6   0.866
20260406212217    199   1100.0   1195.0   20.0     26.1    989.3   1338.7   0.719
20260406212217    199   1240.0   1255.0   20.0     30.9   1304.5   1264.2   0.817
20260406212217    199   1330.0   1345.0   20.0     35.3   1274.1   1313.1   0.851
20260406212217    200   1085.0   1120.0   20.0    200.5    949.2    950.9   0.918
20260406212217    200   1320.0   1335.0   20.0    176.2    948.2   1388.9   0.878
20260406212217    202    170.0    185.0   20.0    182.3    953.5   1360.0   0.877
20260406212217    203   1400.0   1425.0   20.0     78.8    960.0   1287.5   0.863
20260406212217    205   1070.0   1085.0   20.0     24.6    988.8    967.9   0.747
20260406212217    206    350.0    400.0   20.0    109.3    975.1    978.1   0.788
20260406212217    207     15.0     35.0   20.0     75.1   1162.1    966.5   0.794
20260406212217    207    355.0    370.0   20.0     25.2    966.7    998.6   0.770
20260406212217    207    405.0    420.0   20.0     87.0   1002.8    967.4   0.819
20260406212217    207   1580.0   1610.0   20.0     86.9    965.2    965.8   0.767
20260406212217    208   1680.0   1695.0   20.0     35.1   1356.9   1357.5   0.748
20260406212217    210   1770.0   1785.0   20.0     79.5    964.1    964.8   0.753
20260406212217    211    125.0    150.0   20.0    171.2    970.6    971.5   0.806
20260406212217    211    970.0    985.0   20.0     78.2    967.9    967.0   0.638
20260406212217    217    950.0    965.0   20.0     43.6    987.7   1055.2   0.739
20260406212217    217   1040.0   1080.0   20.0     74.9   1077.2   1202.9   0.783
20260406212217    219    430.0    445.0   20.0    134.1    991.1   1221.2   0.771
20260406212217    219   1425.0   1440.0   20.0     21.7   1351.4   1358.1   0.683
20260406212217    219   1740.0   1760.0   20.0     40.7   1343.9   1011.0   0.923
20260406212217    220     20.0     60.0   20.0     77.8   1333.1   1386.8   0.758
20260406212217    220    345.0    360.0   20.0     95.7   1540.4   1063.8   0.961
20260406212217    221   1150.0   1165.0   20.0    113.5   1005.6   1006.7   0.823
20260406212217    224    170.0    230.0   20.0     92.6   1002.1   1365.1   0.742
20260406212217    224    295.0    310.0   20.0    189.0   1470.8   1001.5   0.891
20260406212217    226      0.0     10.0   20.0    310.2      0.0   1006.2   0.820
20260406212217    226    610.0    630.0   20.0    133.4   1005.7   1005.4   0.787
20260406212217    227    740.0    755.0   20.0     46.7   1060.4   1023.5   0.836
20260406212217    227    795.0    810.0   20.0    148.8   1029.7   1352.5   0.862
20260406212217    227   1260.0   1360.0   20.0     31.4   1465.8   1468.6   0.553
20260406212217    227   1435.0   1445.0   20.0     23.3   1494.3   1477.4   0.548
20260406212217    227   1480.0   1530.0   20.0     23.6   1475.3   1480.3   0.644
20260406212217    227   1665.0   1730.0   20.0     30.3   1480.9   1488.0   0.631
20260406212217    227   1765.0   1780.0   20.0     30.6   1484.4   1486.6   0.577
20260406212217    229    125.0    140.0   20.0    153.4   1021.4   1169.5   0.776
20260406212217    229    310.0    325.0   20.0     28.8   1204.8   1226.1   0.785
20260406212217    231    145.0    160.0   20.0     25.2   1176.3   1225.6   0.869
20260406212217    234     45.0     65.0   20.0     79.7   1088.4   1038.8   0.895
20260406212217    234    815.0    855.0   20.0    121.6   1037.0   1040.9   0.801
20260406212217    235     60.0     75.0   20.0    115.4   1038.3   1034.1   0.629
20260406212217    235   1075.0   1095.0   20.0     89.1   1028.4   1029.2   0.753
20260406212217    237    785.0    800.0   20.0     31.8   1179.9   1190.5   0.785
20260406212217    237   1205.0   1220.0   20.0     28.9   1243.4   1279.9   0.755
20260406212217    237   1390.0   1405.0   20.0     40.3   1305.3   1323.9   0.799
20260406212217    237   1620.0   1635.0   20.0     26.1   1341.2   1344.3   0.740
20260406212217    239    395.0    455.0   20.0    144.1   1055.2   1053.4   0.849
20260406212217    240    400.0    415.0   20.0     61.5   1043.7   1115.1   0.751
20260406212217    240    525.0    575.0   20.0    130.5   1160.6   1045.7   0.767
20260406212217    240   1255.0   1285.0   20.0    104.7   1038.6   1036.6   0.721
20260406212217    240   1320.0   1345.0   20.0    216.9   1037.4   1039.5   0.791
20260406212217    241     15.0     55.0   20.0     34.8   1262.5   1328.3   0.758
20260406212217    241    275.0    290.0   20.0     20.3   1375.2   1401.4   0.725
20260406212217    243   1560.0   1620.0   20.0     35.5   1920.3   1892.9   0.880
20260406212217    243   1700.0   1725.0   20.0     68.9   1897.3   1895.7   0.841
20260406212217    244   1020.0   1035.0   20.0     89.0   1079.5   1078.6   0.738
20260406212217    244   1350.0   1390.0   20.0     93.4   1081.6   1217.0   0.776
20260406212217    244   1430.0   1445.0   20.0     48.2   1179.3   1080.1   0.834
20260406212217    244   1770.0   1785.0   20.0     20.8   1078.6   1081.0   0.758
20260406212217    245    190.0    275.0   20.0    144.5   1071.5   1265.1   0.788
20260406212217    245    540.0    590.0   20.0     35.3   1255.0   1301.9   0.811
20260406212217    245    675.0    690.0   20.0    102.9   1283.5   1069.6   0.790
20260406212217    245    800.0    855.0   20.0    178.9   1065.7   1066.7   0.835
20260406212217    246   1115.0   1130.0   20.0     40.5   1052.6   1051.7   0.619
20260406212217    247    720.0    740.0   20.0    134.0   1078.6   1078.6   0.763
20260406212217    247   1010.0   1075.0   20.0    248.7   1077.0   1080.7   0.849
20260406212217    252   1095.0   1110.0   20.0     78.7   1093.6   1088.6   0.754
20260406212217    253     30.0     45.0   20.0     20.6   1092.3   1116.9   0.733
20260406212217    253    495.0    510.0   20.0     38.0   1138.8   1130.6   0.853
20260406212217    253    820.0    835.0   20.0     33.9   1144.6   1150.6   0.726
20260406212217    254    940.0    965.0   20.0    117.9   1082.3   1082.8   0.792
20260406215542      1    745.0    760.0   20.0     91.7   1011.9   1010.7   0.750
20260406215542      2    515.0    530.0   20.0     80.0   1356.5   1192.0   0.934
20260406215542      2   1290.0   1320.0   20.0    132.1   1020.2   1013.9   0.794
20260406215542      2   1540.0   1550.0   20.0     20.7   1014.6   1023.8   0.611
20260406215542      2   1670.0   1680.0   20.0     21.4   1017.4   1024.0   0.586
20260406215542      3    800.0    855.0   20.0     39.9   1021.4   1421.4   0.874
20260406215542      3   1100.0   1115.0   20.0     50.2   1337.8   1405.2   0.830
20260406215542      4    400.0    555.0   20.0     50.5   1036.2   1103.9   0.706
20260406215542      4    800.0    820.0   20.0     51.1   1337.2   1268.3   0.799
20260406215542      4    900.0    915.0   20.0     35.7   1295.6   1315.5   0.889
20260406215542      4   1295.0   1305.0   20.0     20.8   1374.6   1343.3   0.621
20260406215542      7    760.0    775.0   20.0     53.9    972.0    971.7   0.775
20260406215542      7   1750.0   1800.0   20.0     83.3    971.9    974.3   0.811
20260406215542      8   1790.0   1800.0   20.0     32.8    958.7    992.6   0.657
20260406215542      9     45.0     75.0   20.0    167.0    961.5    962.5   0.816
20260406215542     10   1720.0   1735.0   20.0     25.2    975.4    963.5   0.548
20260406215542     10   1770.0   1785.0   20.0     28.6    959.5    968.1   0.636
20260406215542     13   1235.0   1265.0   20.0     79.8    946.8    945.2   0.757
20260406215542     13   1300.0   1350.0   20.0     99.0    948.3   1264.3   0.867
20260406215542     13   1410.0   1425.0   20.0     31.5   1255.9   1303.8   0.793
20260406215542     13   1710.0   1725.0   20.0     80.6   1261.9   1270.7   0.479
20260406215542     14    730.0    750.0   20.0    281.0    957.7   1210.2   0.884
20260406215542     14    940.0    955.0   20.0     48.9   1257.9   1296.9   0.632
20260406215542     14   1105.0   1120.0   20.0     24.0   1270.3   1266.7   0.584
20260406215542     14   1235.0   1245.0   20.0     23.9   1259.5   1382.3   0.796
20260406215542     14   1770.0   1795.0   20.0    110.4   1276.4    950.7   0.822
20260406215542     16     10.0     25.0   20.0    123.7    954.3    958.4   0.792
20260406215542     16   1055.0   1080.0   20.0     67.5    953.9    959.3   0.766
20260406215542     16   1330.0   1345.0   20.0     48.4    954.3    951.9   0.673
20260406215542     17    115.0    130.0   20.0     34.6   1436.4   1465.2   0.789
20260406215542     19    225.0    255.0   20.0    102.4    944.7   1180.5   0.837
20260406215542     19    375.0    395.0   20.0    110.6   1195.1    946.8   0.860
20260406215542     20     20.0     35.0   20.0     27.8    953.8    953.7   0.435
20260406215542     20    870.0    890.0   20.0     43.6    955.4    949.3   0.765
20260406215542     20   1205.0   1220.0   20.0    152.5    950.7   1239.0   0.836
20260406215542     22   1045.0   1060.0   20.0     24.1    954.7    983.8   0.741
20260406215542     22   1340.0   1355.0   20.0     31.9   1027.9   1031.9   0.855
20260406215542     22   1520.0   1540.0   20.0    125.3   1028.0   1201.8   0.749
20260406215542     23    155.0    170.0   20.0    129.5    942.1   1146.7   0.780
20260406215542     23    550.0    565.0   20.0     93.5   1176.3    938.9   0.919
20260406215542     24    780.0    795.0   20.0     33.7   1307.5   1308.4   0.664
20260406215542     26     10.0     25.0   20.0     78.1    936.1   1063.5   0.753
20260406215542     26    160.0    175.0   20.0     48.9   1103.1   1102.4   0.691
20260406215542     26    450.0    505.0   20.0     29.7   1176.7   1222.2   0.763
20260406215542     26    595.0    615.0   20.0     40.1   1238.9   1249.9   0.779
20260406215542     26    790.0    800.0   20.0     21.0   1260.6   1256.3   0.415
20260406215542     26    855.0    870.0   20.0     26.1   1271.3   1296.4   0.830
20260406215542     28    685.0    740.0   20.0     93.7    925.8    928.0   0.773
20260406215542     28   1425.0   1455.0   20.0    137.8    926.4    926.4   0.788
20260406215542     30    120.0    135.0   20.0     43.1    923.8   1106.5   0.827
20260406215542     30    180.0    330.0   20.0    181.3   1122.9    922.2   0.861
20260406215542     30    985.0   1005.0   20.0     38.7    923.4    922.2   0.743
20260406215542     33    660.0    805.0   20.0     39.5    923.1   1102.1   0.873
20260406215542     33    920.0    935.0   20.0     83.7   1114.3    921.1   0.875
20260406215542     33   1720.0   1735.0   20.0     43.7    932.9   1026.3   0.770
20260406215542     34     65.0     80.0   20.0     46.8    916.6    972.6   0.748
20260406215542     34   1205.0   1215.0   20.0     21.3   1035.3   1059.4   0.445
20260406215542     34   1615.0   1630.0   20.0    107.4   1058.5   1172.9   0.734
20260406215542     35    370.0    390.0   20.0    135.1    923.9   1204.5   0.872
20260406215542     35    545.0    560.0   20.0     44.1   1159.4   1186.4   0.836
20260406215542     36      0.0     25.0   20.0     91.8      0.0   1385.6   0.821
20260406215542     36     95.0    220.0   20.0     98.8   1384.6   1396.3   0.828
20260406215542     36    475.0    490.0   20.0     96.0   1388.9   1471.7   0.730
20260406215542     36   1295.0   1395.0   20.0     89.0   1394.5   1399.8   0.772
20260406215542     36   1615.0   1630.0   20.0     85.2   1392.7   1478.8   0.750
20260406215542     36   1665.0   1680.0   20.0     35.9   1456.9   1404.0   0.791
20260406215542     37      5.0     65.0   20.0    219.4    914.9    916.0   0.797
20260406215542     39    995.0   1010.0   20.0     89.3    925.6   1143.0   0.845
20260406215542     40    150.0    230.0   20.0    194.4    901.8    901.0   0.874
20260406215542     41      5.0    115.0   20.0     99.1    904.9    904.8   0.889
20260406215542     42    430.0    445.0   20.0     62.0    904.7    900.9   0.784
20260406215542     43    425.0    455.0   20.0    162.7    903.5    903.2   0.831
20260406215542     43   1485.0   1545.0   20.0     45.4    900.6   1013.6   0.806
20260406215542     43   1785.0   1800.0   20.0     26.9   1045.3   1073.8   0.681
20260406215542     44    805.0    820.0   20.0     32.5   1134.8   1161.5   0.784
20260406215542     45    425.0    440.0   20.0     22.0    913.9    914.6   0.538
20260406215542     45    645.0    720.0   20.0    116.8    916.3   1102.1   0.728
20260406215542     45    980.0    995.0   20.0     29.9   1103.9   1097.9   0.657
20260406215542     47   1010.0   1030.0   20.0     87.2    897.4    904.4   0.797
20260406215542     49     25.0     40.0   20.0     21.3   1204.9   1193.4   0.466
20260406215542     51    635.0    715.0   20.0    184.7    887.5    890.4   0.794
20260406215542     52    880.0    895.0   20.0     77.2    894.8    895.7   0.601
20260406215542     54     40.0     55.0   20.0     21.8   1077.8   1133.3   0.818
20260406215542     54    335.0    350.0   20.0    217.3   1170.7   1320.0   0.752
20260406215542     56     85.0    100.0   20.0    143.5    869.4   1169.0   0.890
20260406215542     57      0.0     15.0   20.0     39.4      0.0   1160.6   0.744
20260406215542     59    630.0    650.0   20.0     80.5    869.9    869.1   0.808
20260406215542     59   1780.0   1795.0   20.0     33.8    870.5    952.2   0.774
20260406215542     60     35.0     50.0   20.0     30.3    887.9    887.6   0.673
20260406215542     60    370.0    390.0   20.0    104.6    929.8    895.3   0.838
20260406215542     60    610.0    625.0   20.0    159.4    893.9   1286.2   0.918
20260406215542     62    940.0    955.0   20.0     34.6    877.7    873.7   0.753
20260406215542     63    325.0    340.0   20.0     23.4    647.7    651.1   0.688
20260406215542     65    465.0    480.0   20.0     51.8    868.5    868.7   0.747
20260406215542     65    550.0    570.0   20.0    115.9    870.7    872.0   0.867
20260406215542     65    925.0    945.0   20.0     44.8    869.6    868.0   0.702
20260406215542     66    405.0    420.0   20.0     21.4   1193.8   1203.4   0.841
20260406215542     66   1165.0   1180.0   20.0     26.6   1287.3   1332.1   0.743
20260406215542     68    995.0   1040.0   20.0    117.4    872.3    874.7   0.750
20260406215542     68   1690.0   1705.0   20.0     44.0    873.1    872.2   0.689
20260406215542     69    195.0    210.0   20.0    108.3   1100.1    857.5   0.808
20260406215542     69   1070.0   1085.0   20.0     21.5    859.9    859.8   0.683
20260406215542     70    105.0    125.0   20.0     95.4    858.4    861.6   0.817
20260406215542     71    365.0    385.0   20.0     34.7    862.5    861.8   0.785
20260406215542     71    480.0    495.0   20.0     79.8    862.8    861.9   0.758
20260406215542     73     10.0     25.0   20.0     52.1   1364.8   1374.1   0.523
20260406215542     74   1600.0   1615.0   20.0    110.6   1320.4   1318.4   0.803
20260406215542     74   1670.0   1685.0   20.0    118.9   1314.9   1315.6   0.728
20260406215542     77      0.0     15.0   20.0     80.6      0.0   1075.0   0.822
20260406215542     77     85.0    100.0   20.0     27.4   1129.4   1116.7   0.672
20260406215542     77    220.0    235.0   20.0    157.5   1156.3    859.0   0.903
20260406215542     77    820.0    835.0   20.0     47.0    862.9    861.6   0.804
20260406215542     78   1510.0   1525.0   20.0     35.6    873.1    940.4   0.772
20260406215542     78   1635.0   1675.0   20.0     84.1    994.2    874.5   0.864
20260406215542     79    590.0    610.0   20.0    117.3    861.0    863.4   0.857
20260406215542     79   1015.0   1030.0   20.0     40.0    861.6    862.5   0.796
20260406215542     80    305.0    320.0   20.0     44.9    867.3    945.1   0.806
20260406215542     80    530.0    545.0   20.0     88.2   1003.4    866.7   0.786
20260406215542     81    275.0    315.0   20.0     94.5    859.3    870.0   0.818
20260406215542     83   1225.0   1250.0   20.0    148.5    856.1    856.0   0.843
20260406215542     84    325.0    340.0   20.0     51.8    862.5    924.2   0.742
20260406215542     84    615.0    630.0   20.0     26.9    960.8    961.6   0.518
20260406215542     84    720.0    755.0   20.0     97.6    973.9    863.1   0.829
20260406215542     85   1020.0   1035.0   20.0     32.8    853.7    853.6   0.820
20260406215542     87     80.0     95.0   20.0     51.5   1098.3   1106.3   0.644
20260406215542     87    225.0    240.0   20.0     28.1   1169.2   1150.7   0.791
20260406215542     87    905.0    920.0   20.0     31.8   1210.7   1094.3   0.821
20260406215542     87   1000.0   1015.0   20.0     62.0   1068.8   1151.8   0.873
20260406215542     87   1455.0   1470.0   20.0     22.5   1212.7   1099.4   0.851
20260406215542     89     75.0    115.0   20.0     45.8    845.4    847.8   0.755
20260406215542     90    940.0    955.0   20.0    238.7    878.7   1192.6   0.854
20260406215542     90   1245.0   1305.0   20.0     33.5   1246.3   1255.6   0.712
20260406215542     90   1395.0   1410.0   20.0     35.2   1265.6   1274.0   0.699
20260406215542     91   1705.0   1720.0   20.0     87.1    870.2    856.3   0.845
20260406215542     93    115.0    130.0   20.0     94.0   1104.7   1108.0   0.874
20260406215542     97   1630.0   1645.0   20.0     39.8    841.2    841.5   0.767
20260406215542     98   1475.0   1490.0   20.0     41.7   1391.7   1429.8   0.753
20260406215542     98   1535.0   1595.0   20.0     42.0   1430.0   1430.9   0.781
20260406215542     98   1640.0   1800.0   20.0     48.1   1394.1   1394.0   0.817
20260406215542    100    990.0   1005.0   20.0     48.7    844.4    846.0   0.717
20260406215542    100   1785.0   1800.0   20.0     20.6    846.7    875.8   0.751
20260406215542    105    385.0    400.0   20.0    163.2    848.7    847.6   0.800
20260406215542    107    205.0    220.0   20.0     76.9    861.2    859.2   0.804
20260406215542    107    740.0    770.0   20.0    154.3    861.9   1114.9   0.844
20260406215542    107    810.0    825.0   20.0     21.5   1133.6   1146.3   0.745
20260406215542    107   1765.0   1780.0   20.0     54.2   1197.2   1247.2   0.742
20260406215542    108      0.0    215.0   20.0     41.0      0.0    469.2   0.893
20260406215542    108    265.0    365.0   20.0     30.0    477.0    491.5   0.796
20260406215542    108    430.0    445.0   20.0     29.2    533.0    508.7   0.766
20260406215542    108    595.0    615.0   20.0     27.1    488.2    479.8   0.813
20260406215542    108    695.0    755.0   20.0     32.8    488.5    534.5   0.778
20260406215542    108    930.0    945.0   20.0     32.6    597.7    665.1   0.800
20260406215542    108   1015.0   1030.0   20.0     32.7    563.9    536.9   0.787
20260406215542    108   1150.0   1170.0   20.0     33.0    478.3    449.3   0.780
20260406215542    108   1240.0   1260.0   20.0     31.2    429.0    426.4   0.825
20260406215542    108   1365.0   1385.0   20.0     35.1    511.6    513.4   0.754
20260406215542    108   1485.0   1520.0   20.0     34.9    661.9    652.5   0.792
20260406215542    108   1605.0   1675.0   20.0     35.6    561.4    565.2   0.838
20260406215542    108   1730.0   1780.0   20.0     33.9    541.3    498.0   0.840
20260406215542    109    875.0    895.0   20.0     42.0    850.2    851.4   0.745
20260406215542    110     45.0     60.0   20.0     57.1    856.0    854.8   0.698
20260406215542    110    560.0    575.0   20.0     53.3    856.7    884.1   0.807
20260406215542    110   1295.0   1320.0   20.0    125.1    860.9   1226.1   0.795
20260406215542    111    920.0    940.0   20.0     66.3    848.6    849.1   0.795
20260406215542    113    220.0    235.0   20.0     24.2   1318.5   1332.3   0.769
20260406215542    113    330.0    480.0   20.0     53.2   1342.2   1352.6   0.872
20260406215542    113    515.0    615.0   20.0     68.5   1353.8   1340.8   0.866
20260406215542    113    790.0   1075.0   20.0     72.3   1348.8   1384.6   0.922
20260406215542    113   1120.0   1175.0   20.0     38.5   1390.6   1384.7   0.812
20260406215542    113   1225.0   1275.0   20.0     21.7   1378.9   1379.1   0.850
20260406215542    113   1320.0   1335.0   20.0     21.6   1368.9   1361.2   0.771
20260406215542    113   1415.0   1530.0   20.0     36.0   1337.4   1367.1   0.838
20260406215542    115    290.0    305.0   20.0     66.5    837.3    836.4   0.590
20260406215542    115   1130.0   1145.0   20.0     42.6    838.1    904.0   0.821
20260406215542    115   1365.0   1380.0   20.0     61.7    961.4    838.3   0.822
20260406215542    117     10.0     25.0   20.0     24.7   1161.9   1146.6   0.698
20260406215542    117    535.0    550.0   20.0     21.9   1236.3   1247.1   0.780
20260406215542    117   1065.0   1080.0   20.0     21.0   1245.5   1223.5   0.671
20260406215542    117   1295.0   1310.0   20.0    126.4   1228.8   1342.8   0.737
20260406215542    119    865.0    880.0   20.0     89.0    848.9    849.5   0.728
20260406215542    119    985.0   1005.0   20.0     66.3    912.6    850.1   0.813
20260406215542    120   1580.0   1595.0   20.0     28.9    852.8    852.7   0.605
20260406215542    121    315.0    330.0   20.0     42.0    853.6    919.7   0.803
20260406215542    121    790.0    805.0   20.0     20.6   1152.2   1153.1   0.803
20260406215542    122    355.0    370.0   20.0    115.4    854.0   1067.5   0.822
20260406215542    122   1120.0   1135.0   20.0     24.1   1143.0   1159.3   0.841
20260406215542    124   1580.0   1600.0   20.0    103.1    861.8    862.5   0.792
20260406215542    126    580.0    625.0   20.0    168.0    847.7    849.3   0.822
20260406215542    126   1390.0   1405.0   20.0     48.4    850.4    849.1   0.612
20260406215542    128   1705.0   1720.0   20.0    120.0    847.6    847.7   0.689
20260406215542    130      0.0     25.0   20.0     43.0      0.0    967.0   0.816
20260406215542    130    550.0    565.0   20.0     21.7   1038.4   1042.0   0.661
20260406215542    130    635.0    650.0   20.0     22.4   1043.9   1070.7   0.681
20260406215542    130    935.0    955.0   20.0     31.5   1117.3   1094.1   0.906
20260406215542    130   1325.0   1340.0   20.0     20.2   1146.2   1141.3   0.701
20260406215542    133    290.0    305.0   20.0     36.1    842.6    943.6   0.867
20260406215542    133    520.0    555.0   20.0     28.5    983.0   1079.0   0.870
20260406215542    134   1190.0   1205.0   20.0     41.2    858.1    859.1   0.782
20260406215542    135   1520.0   1545.0   20.0     36.4    881.6    982.7   0.880
20260406215542    135   1620.0   1655.0   20.0     76.4    987.3   1154.3   0.919
20260406215542    137   1770.0   1785.0   20.0     37.2    845.7    846.2   0.662
20260406215542    139   1065.0   1100.0   20.0     91.9    857.5    857.6   0.907
20260406215542    139   1190.0   1205.0   20.0     44.9    856.3    857.1   0.729
20260406215542    139   1490.0   1565.0   20.0    151.6    856.6    859.4   0.845
20260406215542    144    385.0    405.0   20.0     58.4    850.1    853.1   0.816
20260406215542    144    490.0    520.0   20.0     60.5    851.9    852.1   0.752
20260406215542    144    975.0    990.0   20.0     44.5    850.7    917.2   0.745
20260406215542    144   1035.0   1050.0   20.0     21.2    905.2    904.2   0.780
20260406215542    145    730.0    745.0   20.0     33.3    853.7    855.0   0.683
20260406215542    147    500.0    520.0   20.0    141.3    855.7    855.5   0.798
20260406215542    147    555.0    570.0   20.0    177.2    854.3    854.6   0.837
20260406215542    147   1780.0   1795.0   20.0     54.7    855.2    855.5   0.825
20260406215542    148    430.0    445.0   20.0    110.7    866.4    868.2   0.792
20260406215542    148    650.0    665.0   20.0     38.5    864.6    992.3   0.809
20260406215542    148    725.0    740.0   20.0     92.9   1009.2   1207.2   0.802
20260406215542    149   1495.0   1510.0   20.0     95.8    864.8   1110.2   0.851
20260406215542    149   1560.0   1585.0   20.0    116.9   1079.0   1060.8   0.922
20260406215542    149   1675.0   1690.0   20.0     22.7   1066.8   1092.1   0.660
20260406215542    151     10.0     25.0   20.0     81.7    858.6   1111.9   0.866
20260406215542    151    200.0    215.0   20.0     23.6   1157.5   1185.0   0.753
20260406215542    152   1605.0   1625.0   20.0     71.3    859.9    860.0   0.823
20260406215542    154     75.0     90.0   20.0     74.3    911.3    965.8   0.809
20260406215542    154    430.0    445.0   20.0     57.5    936.2    861.3   0.763
20260406215542    156     50.0     65.0   20.0     28.5    859.8    859.7   0.689
20260406215542    159    920.0    935.0   20.0     41.3    864.9    865.1   0.670
20260406215542    160    310.0    330.0   20.0     95.2    994.3    871.0   0.804
20260406215542    160    455.0    475.0   20.0     88.8    872.6    872.4   0.796
20260406215542    160    675.0    690.0   20.0     49.7    870.6    871.4   0.748
20260406215542    162    345.0    360.0   20.0     31.0   1182.9   1187.0   0.911
20260406215542    164   1375.0   1390.0   20.0     22.7    926.6    930.3   0.613
20260406215542    165    105.0    135.0   20.0     60.1    877.7    877.2   0.876
20260406215542    165    280.0    300.0   20.0     66.3    877.2    959.3   0.789
20260406215542    165    470.0    515.0   20.0     41.9   1026.4   1064.2   0.831
20260406215542    165    555.0    570.0   20.0     25.1   1065.3   1061.2   0.765
20260406215542    165    715.0    740.0   20.0     25.3   1101.2   1104.7   0.624
20260406215542    165    780.0    795.0   20.0     25.9   1096.7   1139.2   0.778
20260406215542    165   1110.0   1120.0   20.0     21.8   1135.1   1148.9   0.573
20260406215542    165   1380.0   1395.0   20.0     44.3   1152.9   1187.9   0.712
20260406215542    168      5.0     20.0   20.0     61.5    878.0    878.6   0.747
20260406215542    168    185.0    200.0   20.0     98.9    879.5    879.7   0.749
20260406215542    169   1250.0   1265.0   20.0     71.6    874.7    882.7   0.810
20260406215542    170    355.0    370.0   20.0     96.6    879.2   1042.3   0.793
20260406215542    170    440.0    455.0   20.0     21.0   1105.7   1119.9   0.715
20260406215542    170    760.0    775.0   20.0     29.1   1175.4   1187.9   0.852
20260406215542    171   1730.0   1745.0   20.0     37.5    886.5    883.6   0.763
20260406215542    174      0.0     15.0   20.0     80.2      0.0    888.7   0.775
20260406215542    176    990.0   1110.0   20.0     66.2    887.0   1107.5   0.801
20260406215542    176   1215.0   1260.0   20.0     37.4   1109.7   1157.3   0.815
20260406215542    176   1310.0   1325.0   20.0     22.3   1148.9   1176.3   0.787
20260406215542    176   1375.0   1415.0   20.0     23.3   1192.7   1204.0   0.715
20260406215542    177     25.0     40.0   20.0     72.1    888.3    889.3   0.701
20260406215542    178    230.0    245.0   20.0     81.2    898.6   1226.5   0.962
20260406215542    179   1590.0   1620.0   20.0     73.9    945.7    896.7   0.876
20260406215542    180   1485.0   1500.0   20.0     77.3    884.2    884.5   0.806
20260406215542    180   1615.0   1630.0   20.0     46.8    883.9    886.1   0.745
20260406215542    182     45.0     65.0   20.0    243.0   1122.9    885.6   0.857
20260406215542    182    740.0    755.0   20.0     78.1    884.8    887.7   0.807
20260406215542    182   1315.0   1335.0   20.0     53.7    884.0    884.5   0.841
20260406215542    182   1580.0   1595.0   20.0     52.9    881.8    883.5   0.728
20260406215542    184    140.0    155.0   20.0    201.5   1449.6   1417.5   0.794
20260406215542    184    215.0    305.0   20.0    218.3   1615.1   1406.7   0.751
20260406215542    184    365.0    460.0   20.0    247.3   1626.9   1396.4   0.897
20260406215542    184    510.0    550.0   20.0    210.7   1589.7   1396.9   0.838
20260406215542    184    630.0   1035.0   20.0    267.9   1603.2   1402.8   0.854
20260406215542    184   1070.0   1130.0   20.0    262.4   1405.3   1604.3   0.833
20260406215542    184   1175.0   1240.0   20.0    221.5   1612.5   1409.0   0.839
20260406215542    184   1280.0   1745.0   20.0    298.6   1613.9   1391.4   0.891
20260406215542    185      0.0   1800.0   20.0    141.0      0.0   1564.3   0.852
20260406215542    188   1440.0   1455.0   20.0     57.4    903.8    989.3   0.777
20260406215542    188   1515.0   1530.0   20.0     24.8    994.5   1013.5   0.752
20260406215542    188   1675.0   1690.0   20.0     32.8   1002.0   1049.8   0.688
20260406215542    190   1690.0   1705.0   20.0     32.2   1490.4   1441.1   0.872
20260406215542    191    260.0    275.0   20.0     92.7    903.8    903.7   0.786
20260406215542    191    500.0    520.0   20.0     51.5    904.9    904.5   0.757
20260406215542    191   1680.0   1695.0   20.0     47.5    901.8    902.4   0.731
20260406215542    192   1180.0   1200.0   20.0    112.1    911.0    911.3   0.828
20260406215542    192   1315.0   1360.0   20.0    219.8    911.5    912.4   0.837
20260406215542    195     20.0     35.0   20.0    177.9    924.5   1272.7   0.838
20260406215542    196    380.0    405.0   20.0    112.7    919.2    920.4   0.836
20260406215542    198    660.0    680.0   20.0    121.3    920.9    921.9   0.851
20260406215542    198   1670.0   1685.0   20.0     47.6    918.0    982.8   0.760
20260406215542    199     80.0     95.0   20.0     23.0   1088.7   1106.5   0.569
20260406215542    199    215.0    275.0   20.0     39.3   1151.8   1230.4   0.850
20260406215542    202   1775.0   1785.0   20.0     22.3   1320.9   1319.2   0.565
20260406215542    203    980.0    995.0   20.0     36.0    935.1    974.6   0.753
20260406215542    203   1510.0   1525.0   20.0    106.0   1070.9    933.9   0.780
20260406215542    204    195.0    210.0   20.0     32.7   1076.8   1076.3   0.738
20260406215542    204    460.0    520.0   20.0    161.9   1156.9    940.6   0.885
20260406215542    204   1140.0   1155.0   20.0    113.6    939.2    939.0   0.760
20260406215542    207    390.0    405.0   20.0     67.5    942.1    943.2   0.692
20260406215542    207   1480.0   1495.0   20.0     39.4    941.9    942.4   0.717
20260406215542    211    205.0    220.0   20.0     34.0    946.3    944.8   0.491
20260406215542    211   1025.0   1040.0   20.0    138.2    943.4    943.1   0.781
20260406215542    213   1705.0   1725.0   20.0     31.2    941.3    942.1   0.759
20260406215542    213   1775.0   1790.0   20.0     43.4    941.7   1008.4   0.779
20260406215542    215    865.0    960.0   20.0    205.0    970.4    970.6   0.842
20260406215542    217    200.0    245.0   20.0     31.3   1053.8   1119.9   0.848
20260406215542    217    365.0    380.0   20.0     24.7   1107.6   1092.0   0.682
20260406215542    217   1420.0   1435.0   20.0    153.0   1128.4   1278.7   0.766
20260406215542    221   1270.0   1290.0   20.0     88.9    976.7    976.3   0.822
20260406215542    221   1490.0   1515.0   20.0    179.4    976.5    977.0   0.849
20260406215542    222   1585.0   1600.0   20.0     29.6    979.5    973.5   0.653
20260406215542    224    125.0    140.0   20.0     27.7   1182.2   1217.6   0.608
20260406215542    224    295.0    350.0   20.0     76.4   1367.3    975.3   0.934
20260406215542    224    675.0    700.0   20.0     60.7    970.5    973.2   0.742
20260406215542    224   1700.0   1715.0   20.0     42.3    985.0    969.0   0.752
20260406215542    225     40.0     95.0   20.0     78.3    680.7    728.9   0.875
20260406215542    225   1585.0   1600.0   20.0     20.8    698.9    713.6   0.691
20260406215542    226    165.0    180.0   20.0     85.9    975.9    976.8   0.700
20260406215542    226   1635.0   1660.0   20.0    370.1    971.4    970.3   0.789
20260406215542    227   1395.0   1410.0   20.0    155.6    994.5   1391.6   0.915
20260406215542    228   1035.0   1055.0   20.0     89.0    992.1    991.3   0.749
20260406215542    228   1360.0   1375.0   20.0     85.9    995.5    995.2   0.788
20260406215542    230   1615.0   1630.0   20.0     65.9    992.1   1078.0   0.857
20260406215542    230   1750.0   1770.0   20.0     62.5   1149.1   1146.9   0.800
20260406215542    231     75.0    100.0   20.0     63.3    989.0   1129.0   0.747
20260406215542    232      0.0     25.0   20.0     24.5      0.0   1660.2   0.779
20260406215542    235   1295.0   1310.0   20.0     63.9    995.8    996.4   0.629
20260406215542    236   1575.0   1620.0   20.0     41.3   1002.0   1002.1   0.757
20260406215542    237    895.0    915.0   20.0     80.2   1010.7   1322.9   0.832
20260406215542    239     35.0     70.0   20.0    152.0   1023.1   1023.7   0.849
20260406215542    240    855.0    870.0   20.0     26.2   1007.7   1040.2   0.724
20260406215542    240    945.0    960.0   20.0     60.0   1079.0   1006.1   0.775
20260406215542    240   1555.0   1635.0   20.0     89.6   1010.7   1184.9   0.783
20260406215542    241    130.0    145.0   20.0     52.1   1022.5   1099.3   0.752
20260406215542    241    480.0    495.0   20.0     33.4   1237.1   1247.1   0.710
20260406215542    243      0.0    140.0   20.0    172.6      0.0   1825.8   0.871
20260406215542    243    205.0    245.0   20.0    125.2   1825.8   1824.5   0.860
20260406215542    243    300.0    345.0   20.0    122.8   1821.9   1825.1   0.868
20260406215542    243    395.0    410.0   20.0    131.5   1815.2   1821.4   0.818
20260406215542    243    545.0    565.0   20.0    130.8   1814.2   1809.8   0.804
20260406215542    243    745.0   1800.0   20.0    186.6   1804.6   1942.2   0.899
20260406215542    244     25.0     50.0   20.0     50.6   1045.6   1046.4   0.821
20260406215542    244    440.0    455.0   20.0     20.3   1143.4   1142.5   0.646
20260406215542    244    515.0    580.0   20.0     26.2   1162.4   1199.8   0.852
20260406215542    244    630.0    725.0   20.0     64.6   1197.0   1242.4   0.826
20260406215542    244    770.0    800.0   20.0     50.7   1244.8   1242.9   0.691
20260406215542    244    870.0    885.0   20.0     32.5   1305.2   1391.3   0.842
20260406215542    244    965.0    980.0   20.0     30.0   1360.4   1350.0   0.703
20260406215542    244   1255.0   1290.0   20.0     29.2   1308.0   1326.3   0.889
20260406215542    244   1555.0   1570.0   20.0     23.2   1304.2   1330.0   0.789
20260406215542    244   1785.0   1800.0   20.0     28.0   1314.7   1346.1   0.796
20260406215542    246    675.0    690.0   20.0    128.9   1023.0   1240.4   0.802
20260406215542    246    740.0    790.0   20.0     35.7   1254.3   1288.0   0.791
20260406215542    246    850.0    880.0   20.0     32.8   1278.4   1309.4   0.741
20260406215542    246    965.0    980.0   20.0     23.1   1309.6   1329.5   0.810
20260406215542    246   1020.0   1040.0   20.0     36.8   1324.1   1354.5   0.735
20260406215542    247    580.0    670.0   20.0    188.2   1046.3   1329.4   0.831
20260406215542    247    725.0    740.0   20.0     75.4   1359.1   1047.7   0.901
20260406215542    252     90.0    145.0   20.0     87.3   1058.7   1056.1   0.750
20260406222905      1     70.0     90.0   20.0     70.8   1007.6   1177.2   0.803
20260406222905      1    130.0    145.0   20.0    262.2   1214.0   1007.5   0.782
20260406222905      1    620.0    630.0   20.0     21.7   1003.8   1005.6   0.486
20260406222905      1   1510.0   1545.0   20.0     54.4   1037.1   1252.3   0.815
20260406222905      1   1630.0   1685.0   20.0    116.2   1159.2   1388.7   0.821
20260406222905      2    840.0    855.0   20.0     23.5   1041.7   1034.8   0.739
20260406222905      2    920.0    940.0   20.0     88.7   1034.7   1036.2   0.870
20260406222905      3     65.0     90.0   20.0    117.2   1021.5   1005.9   0.817
20260406222905      3   1220.0   1235.0   20.0     45.1   1027.0   1108.5   0.760
20260406222905      3   1310.0   1330.0   20.0     40.6   1163.8   1278.1   0.868
20260406222905      3   1375.0   1390.0   20.0     70.7   1251.8   1048.7   0.911
20260406222905      3   1610.0   1730.0   20.0     83.4   1064.1   1151.7   0.799
20260406222905      4     75.0    150.0   20.0     70.5   1057.6   1229.2   0.719
20260406222905      4    515.0    530.0   20.0     98.1   1324.3   1271.6   0.883
20260406222905      4   1225.0   1240.0   20.0     30.2   1322.8   1352.8   0.668
20260406222905      4   1570.0   1585.0   20.0     37.9   1351.7   1378.2   0.722
20260406222905      5    605.0    620.0   20.0    228.9    994.3    992.9   0.779
20260406222905      6   1785.0   1800.0   20.0    119.0    999.5    991.4   0.828
20260406222905      7    490.0    505.0   20.0     25.7    983.0   1084.3   0.798
20260406222905      7    540.0    575.0   20.0     44.4   1088.9   1226.7   0.816
20260406222905      7    685.0    740.0   20.0     96.9   1113.4   1189.1   0.847
20260406222905      7    870.0    885.0   20.0     94.0   1168.7    978.4   0.841
20260406222905      8    760.0    775.0   20.0     55.1    978.7    976.6   0.743
20260406222905      9    690.0    705.0   20.0    113.7    969.4   1318.1   0.890
20260406222905      9    750.0    765.0   20.0     20.9   1320.2   1319.5   0.750
20260406222905     10    280.0    315.0   20.0    160.9    969.6    968.8   0.832
20260406222905     10    555.0    595.0   20.0    179.5    967.5    967.5   0.780
20260406222905     13   1140.0   1205.0   20.0     44.7    956.2   1099.1   0.686
20260406222905     15    245.0    265.0   20.0     68.4    965.8    967.7   0.834
20260406222905     15    370.0    385.0   20.0     43.5    965.8    965.5   0.792
20260406222905     16   1000.0   1060.0   20.0     94.5    961.1   1413.8   0.798
20260406222905     16   1100.0   1115.0   20.0     79.8   1447.1   1422.4   0.435
20260406222905     16   1285.0   1460.0   20.0    103.0   1424.0   1285.9   0.687
20260406222905     16   1495.0   1520.0   20.0     49.8   1278.4   1384.2   0.732
20260406222905     16   1580.0   1730.0   20.0    188.9   1398.8   1449.7   0.727
20260406222905     16   1770.0   1795.0   20.0     43.6   1492.9   1403.7   0.521
20260406222905     18    705.0    720.0   20.0     28.4    954.2    992.9   0.754
20260406222905     18    870.0    920.0   20.0     40.1   1042.3   1047.4   0.916
20260406222905     18    975.0    990.0   20.0    121.9   1067.8   1196.5   0.778
20260406222905     18   1025.0   1070.0   20.0    113.3   1207.2    952.4   0.854
20260406222905     22     95.0    135.0   20.0    177.1    966.1    967.2   0.852
20260406222905     22    595.0    660.0   20.0     72.4   1021.1   1143.8   0.874
20260406222905     22    750.0    770.0   20.0    115.7   1127.1   1292.1   0.819
20260406222905     23    500.0    515.0   20.0    143.9    952.5   1261.1   0.793
20260406222905     23    635.0    650.0   20.0     39.0   1305.9   1301.0   0.551
20260406222905     23    930.0    950.0   20.0     65.4   1289.5    949.7   0.956
20260406222905     23   1135.0   1150.0   20.0    149.5    950.1    951.6   0.778
20260406222905     24      0.0     20.0   20.0     59.5      0.0   1285.0   0.838
20260406222905     24    175.0    205.0   20.0     61.0   1259.8   1260.3   0.910
20260406222905     24    245.0    260.0   20.0     28.7   1246.1   1287.0   0.838
20260406222905     24    420.0    435.0   20.0     65.0   1186.2   1257.8   0.925
20260406222905     24    530.0    570.0   20.0     99.8   1265.7   1279.1   0.923
20260406222905     24    650.0    970.0   20.0     95.4   1272.6   1287.2   0.932
20260406222905     24   1030.0   1140.0   20.0     86.1   1280.0   1341.1   0.903
20260406222905     24   1260.0   1300.0   20.0     35.5   1351.9   1322.3   0.760
20260406222905     24   1525.0   1540.0   20.0     86.5   1343.4   1399.3   0.832
20260406222905     25   1165.0   1185.0   20.0     47.6   1032.0   1032.8   0.754
20260406222905     26     65.0     80.0   20.0     23.3   1232.5   1237.8   0.718
20260406222905     26    135.0    150.0   20.0     25.9   1277.4   1307.4   0.842
20260406222905     26    195.0    210.0   20.0     22.6   1286.2   1281.7   0.653
20260406222905     27   1170.0   1195.0   20.0     27.7    996.0   1183.3   0.702
20260406222905     27   1255.0   1290.0   20.0     37.6   1154.3   1239.9   0.891
20260406222905     27   1330.0   1345.0   20.0     22.2   1245.3   1249.6   0.726
20260406222905     28    300.0    325.0   20.0    245.8    939.0    938.9   0.907
20260406222905     28   1135.0   1180.0   20.0    182.1    940.2    940.7   0.785
20260406222905     29   1275.0   1290.0   20.0     76.5   1012.0    935.9   0.717
20260406222905     30    765.0    780.0   20.0     33.8    914.6    915.8   0.495
20260406222905     30   1395.0   1430.0   20.0     30.1    926.1    970.0   0.755
20260406222905     30   1525.0   1540.0   20.0     26.2    965.1    946.5   0.455
20260406222905     31     10.0     40.0   20.0    154.1   1018.5    926.8   0.789
20260406222905     31    375.0    430.0   20.0     44.7    927.8   1199.6   0.766
20260406222905     31    500.0    520.0   20.0    245.2   1226.1    934.3   0.827
20260406222905     31   1385.0   1400.0   20.0     89.1    929.0    930.2   0.823
20260406222905     33   1520.0   1535.0   20.0     41.3    934.7   1022.9   0.761
20260406222905     33   1790.0   1800.0   20.0     21.9   1139.9   1160.5   0.566
20260406222905     34    660.0    675.0   20.0     35.8   1320.1   1331.4   0.675
20260406222905     37   1035.0   1125.0   20.0     59.3    943.6   1098.2   0.905
20260406222905     37   1290.0   1305.0   20.0     75.8   1137.1   1267.1   0.795
20260406222905     38   1225.0   1240.0   20.0     28.7    925.4    978.3   0.781
20260406222905     38   1275.0   1325.0   20.0    175.6   1000.3    927.7   0.817
20260406222905     38   1670.0   1690.0   20.0     68.8    923.1    925.5   0.723
20260406222905     39    200.0    250.0   20.0    177.8    926.1    927.4   0.833
20260406222905     39    310.0    350.0   20.0    119.3    928.0    928.1   0.780
20260406222905     40    620.0    650.0   20.0    200.1    912.7    913.2   0.907
20260406222905     41    190.0    205.0   20.0     78.3    918.0    917.7   0.787
20260406222905     42    750.0    765.0   20.0     63.9    918.3    913.3   0.775
20260406222905     42   1420.0   1455.0   20.0     89.2    913.9    912.0   0.807
20260406222905     43    880.0    895.0   20.0     47.8    913.8    912.7   0.752
20260406222905     43    940.0    955.0   20.0    101.0    914.2   1077.9   0.800
20260406222905     43   1205.0   1220.0   20.0     22.3   1194.9   1205.0   0.898
20260406222905     44     65.0     80.0   20.0     65.8    942.8    941.8   0.791
20260406222905     44    680.0    700.0   20.0     75.2    954.7    939.3   0.763
20260406222905     44   1225.0   1285.0   20.0    139.7    916.0   1417.1   0.842
20260406222905     46   1540.0   1560.0   20.0    115.3   1635.1   1593.8   0.838
20260406222905     49    205.0    265.0   20.0     78.0   1254.7   1251.2   0.848
20260406222905     49    355.0    415.0   20.0    155.3   1251.7   1259.7   0.891
20260406222905     49    460.0    665.0   20.0    159.3   1263.6   1264.6   0.899
20260406222905     49    765.0    840.0   20.0    163.6   1254.7   1309.1   0.914
20260406222905     49    890.0    905.0   20.0     81.3   1271.8   1279.9   0.896
20260406222905     49    955.0    980.0   20.0     60.8   1273.0   1295.5   0.804
20260406222905     49   1040.0   1085.0   20.0     58.3   1267.6   1319.7   0.910
20260406222905     49   1470.0   1485.0   20.0     57.8   1282.3   1298.1   0.864
20260406222905     49   1605.0   1620.0   20.0     73.3   1280.8   1298.9   0.834
20260406222905     49   1660.0   1735.0   20.0     64.7   1290.4   1305.4   0.835
20260406222905     49   1770.0   1785.0   20.0     24.5   1299.8   1309.3   0.768
20260406222905     50   1615.0   1640.0   20.0    102.1    905.3    906.2   0.853
20260406222905     51   1655.0   1670.0   20.0     64.1    910.5    908.4   0.694
20260406222905     52    255.0    270.0   20.0     53.2    900.8    901.1   0.717
20260406222905     52   1445.0   1460.0   20.0     22.9    931.5    927.1   0.785
20260406222905     53   1570.0   1675.0   20.0    150.7   1706.7   1537.9   0.875
20260406222905     53   1760.0   1780.0   20.0    149.7   1513.8   1524.8   0.887
20260406222905     54      0.0     15.0   20.0     87.5      0.0   1402.7   0.512
20260406222905     56    620.0    635.0   20.0    179.7    902.2   1255.6   0.862
20260406222905     59     10.0     25.0   20.0    119.8    994.6    878.8   0.774
20260406222905     66   1425.0   1440.0   20.0     49.3    920.6    973.3   0.748
20260406222905     67   1770.0   1785.0   20.0     69.2    874.2    954.3   0.721
20260406222905     69   1270.0   1335.0   20.0    203.2    869.1    875.4   0.808
20260406222905     71    125.0    140.0   20.0     40.7    866.7    868.5   0.512
20260406222905     71   1210.0   1225.0   20.0     89.8    867.9    985.5   0.725
20260406222905     71   1295.0   1355.0   20.0     31.9    984.8   1116.9   0.782
20260406222905     71   1400.0   1415.0   20.0     21.8   1016.2   1027.4   0.803
20260406222905     74    945.0    960.0   20.0     21.5   1106.0   1110.0   0.807
20260406222905     75    235.0    255.0   20.0     56.1    879.6   1087.2   0.847
20260406222905     75    330.0    345.0   20.0     43.3   1125.3   1132.3   0.673
20260406222905     75    495.0    510.0   20.0     24.9   1172.8   1218.8   0.655
20260406222905     75    585.0    600.0   20.0    136.1   1237.7    869.3   0.945
20260406222905     75   1655.0   1670.0   20.0     33.0    875.5    981.9   0.638
20260406222905     75   1710.0   1725.0   20.0    189.0   1000.9    875.3   0.761
20260406222905     79   1440.0   1490.0   20.0     31.7    869.4   1020.7   0.778
20260406222905     82   1320.0   1420.0   20.0    172.7    863.0    861.8   0.863
20260406222905     87      0.0     15.0   20.0     22.3      0.0   1198.4   0.611
20260406222905     87    155.0    170.0   20.0     45.7   1211.2   1312.5   0.750
20260406222905     87    240.0    275.0   20.0     31.3   1333.6   1322.1   0.872
20260406222905     87    310.0    715.0   20.0     71.0   1326.5   1381.1   0.867
20260406222905     87    865.0    885.0   20.0     79.9   1386.9   1385.0   0.860
20260406222905     87    920.0    940.0   20.0     73.5   1385.7   1386.0   0.858
20260406222905     87   1015.0   1065.0   20.0    105.1   1388.0   1383.5   0.845
20260406222905     87   1125.0   1140.0   20.0     53.6   1387.7   1260.9   0.890
20260406222905     87   1230.0   1250.0   20.0    100.5   1257.4   1387.3   0.837
20260406222905     87   1320.0   1335.0   20.0     79.3   1389.7   1382.0   0.803
20260406222905     87   1470.0   1495.0   20.0     72.2   1393.5   1387.3   0.874
20260406222905     89    100.0    115.0   20.0     88.9    857.9   1063.0   0.858
20260406222905     89    150.0    165.0   20.0     20.3   1078.3   1095.9   0.725
20260406222905     89    550.0    565.0   20.0     34.9   1111.5   1128.2   0.859
20260406222905     90     55.0     70.0   20.0    117.2    864.3   1241.6   0.878
20260406222905     90    135.0    150.0   20.0     22.7   1250.2   1301.7   0.896
20260406222905     90    380.0    440.0   20.0    183.0   1312.4   1310.3   0.845
20260406222905     91    700.0    715.0   20.0     45.6    863.8    866.0   0.781
20260406222905     91    935.0    950.0   20.0     52.2    872.0    863.9   0.757
20260406222905     92    895.0    930.0   20.0     43.1    858.9    858.4   0.772
20260406222905     94     70.0     85.0   20.0     26.3   1291.1   1331.3   0.692
20260406222905     95    720.0    735.0   20.0     30.1    855.3    854.4   0.718
20260406222905     95    885.0    905.0   20.0    150.2    855.5    855.9   0.832
20260406222905     96    505.0    545.0   20.0     22.1    858.7   1009.3   0.768
20260406222905     96    595.0    610.0   20.0     20.9   1051.6   1018.1   0.721
20260406222905     96    770.0    805.0   20.0     49.8   1002.8   1007.6   0.657
20260406222905     96    870.0    885.0   20.0     26.1    999.1   1002.6   0.785
20260406222905     96   1110.0   1130.0   20.0     74.6   1008.1    857.5   0.891
20260406222905     97     35.0    100.0   20.0    234.9    845.5    848.0   0.829
20260406222905     97    500.0    555.0   20.0    108.2    849.4    850.1   0.796
20260406222905     97    685.0    715.0   20.0    103.1    850.1    852.1   0.772
20260406222905     97   1000.0   1015.0   20.0     78.2    849.2    957.3   0.757
20260406222905     97   1070.0   1105.0   20.0     65.7    965.3    976.7   0.820
20260406222905     97   1250.0   1270.0   20.0     57.8    959.0    964.4   0.749
20260406222905     97   1420.0   1445.0   20.0     70.7    977.8    975.0   0.772
20260406222905     97   1615.0   1640.0   20.0     21.1    984.3    996.4   0.449
20260406222905     97   1755.0   1770.0   20.0     39.3    998.8    983.1   0.650
20260406222905    100    925.0    945.0   20.0     64.7    858.4    858.5   0.842
20260406222905    102   1640.0   1665.0   20.0    168.0    890.1    888.7   0.843
20260406222905    104    195.0    210.0   20.0     23.6    206.1    215.1   0.789
20260406222905    104   1240.0   1255.0   20.0     20.1    145.2    133.4   0.848
20260406222905    104   1500.0   1515.0   20.0     27.3    157.5    138.9   0.802
20260406222905    105     15.0     30.0   20.0     67.7    849.9    851.2   0.731
20260406222905    107     20.0     65.0   20.0     24.6   1155.0   1132.0   0.793
20260406222905    107    100.0    170.0   20.0     41.1   1139.2   1163.3   0.788
20260406222905    107    340.0    355.0   20.0     21.1   1172.5   1173.1   0.722
20260406222905    108      0.0     25.0   20.0     34.5      0.0    567.5   0.833
20260406222905    108     60.0    260.0   20.0     34.4    554.4    553.6   0.835
20260406222905    108    305.0    325.0   20.0     33.9    544.0    567.4   0.837
20260406222905    108    395.0    410.0   20.0     30.5    666.1    669.2   0.824
20260406222905    108    480.0    585.0   20.0     37.4    637.2    546.2   0.792
20260406222905    108    620.0    720.0   20.0     32.4    546.9    603.9   0.867
20260406222905    108    755.0    790.0   20.0     29.4    589.0    576.1   0.863
20260406222905    108    855.0   1800.0   20.0     56.3    590.5    605.9   0.947
20260406222905    109     20.0     35.0   20.0     76.6    851.0    851.8   0.746
20260406222905    110   1080.0   1275.0   20.0     77.8   1278.5   1256.8   0.798
20260406222905    110   1465.0   1610.0   20.0    201.3   1271.9   1221.0   0.842
20260406222905    110   1660.0   1800.0   20.0    184.7   1212.8   1196.8   0.838
20260406222905    113      5.0     25.0   20.0    116.8    846.1   1303.1   0.753
20260406222905    113    260.0   1575.0   20.0    357.4   1402.8   1232.3   0.886
20260406222905    113   1610.0   1705.0   20.0    277.1   1192.1   1225.0   0.895
20260406222905    115   1125.0   1150.0   20.0    123.2    855.1    856.2   0.854
20260406222905    119   1195.0   1275.0   20.0     72.4    863.5   1124.0   0.757
20260406222905    119   1325.0   1340.0   20.0    201.3   1157.8    863.4   0.846
20260406222905    120   1215.0   1250.0   20.0     26.5    866.6   1001.2   0.773
20260406222905    120   1310.0   1340.0   20.0     39.8   1004.8   1011.3   0.640
20260406222905    120   1375.0   1400.0   20.0     24.0   1021.9   1041.9   0.542
20260406222905    121   1500.0   1515.0   20.0     50.6    867.2    867.5   0.667
20260406222905    124    710.0    725.0   20.0     38.9    852.4    852.6   0.750
20260406222905    125    190.0    205.0   20.0     35.5    855.1    854.6   0.756
20260406222905    125    400.0    420.0   20.0     74.1    854.8   1233.3   0.897
20260406222905    127     75.0    135.0   20.0     33.3    861.9   1012.8   0.781
20260406222905    127    180.0    195.0   20.0     37.4   1070.7   1109.0   0.530
20260406222905    127    230.0    245.0   20.0     20.0   1096.7   1122.9   0.669
20260406222905    127    315.0    325.0   20.0     27.3   1136.2   1151.4   0.455
20260406222905    127    410.0    425.0   20.0    128.2   1181.3    863.5   0.846
20260406222905    127    875.0    920.0   20.0     78.7    869.1    868.2   0.773
20260406222905    127   1720.0   1735.0   20.0     21.8    867.9    899.6   0.775
20260406222905    128     45.0     65.0   20.0     60.8    854.0    905.0   0.775
20260406222905    128    100.0    115.0   20.0     69.9    935.3    858.5   0.750
20260406222905    129    345.0    360.0   20.0     64.9    864.4    862.9   0.791
20260406222905    130   1770.0   1785.0   20.0     70.2   1229.5   1330.8   0.876
20260406222905    131   1225.0   1240.0   20.0     21.8    741.6    739.5   0.746
20260406222905    131   1495.0   1510.0   20.0     58.9    815.2    737.8   0.825
20260406222905    133    160.0    175.0   20.0     26.3    856.1    948.5   0.816
20260406222905    133    345.0    360.0   20.0     75.2   1042.0   1022.9   0.729
20260406222905    133   1325.0   1340.0   20.0     21.5   1148.6   1171.7   0.856
20260406222905    134    240.0    255.0   20.0    103.1    873.9    978.6   0.760
20260406222905    136   1485.0   1510.0   20.0     91.8    906.5    888.1   0.932
20260406222905    136   1575.0   1595.0   20.0     83.4    893.5   1246.7   0.777
20260406222905    137   1185.0   1200.0   20.0     45.3    862.8    863.4   0.718
20260406222905    138    975.0    990.0   20.0     44.8    874.0    875.7   0.596
20260406222905    138   1085.0   1100.0   20.0     64.5    878.3    879.2   0.761
20260406222905    138   1140.0   1195.0   20.0     47.2    872.9    961.4   0.677
20260406222905    138   1255.0   1275.0   20.0     75.4   1023.7    967.4   0.905
20260406222905    139    690.0    735.0   20.0     30.1    873.2    944.8   0.836
20260406222905    139    910.0    965.0   20.0     24.4   1112.0   1159.4   0.819
20260406222905    140    880.0    920.0   20.0     53.8    873.4    961.4   0.810
20260406222905    140   1200.0   1215.0   20.0    106.3    979.9    868.5   0.756
20260406222905    141    470.0    555.0   20.0    242.5    876.8    875.9   0.820
20260406222905    142   1585.0   1605.0   20.0     49.8    874.7    873.8   0.759
20260406222905    145    535.0    555.0   20.0    122.6    868.5   1139.5   0.891
20260406222905    145    995.0   1010.0   20.0     20.9   1224.7   1234.5   0.742
20260406222905    148    170.0    185.0   20.0     41.8    879.2    883.0   0.748
20260406222905    149     70.0     90.0   20.0     34.1    879.2    877.4   0.755
20260406222905    149    625.0    640.0   20.0    102.5    881.4   1073.3   0.829
20260406222905    151     65.0    120.0   20.0    174.9    877.6   1334.0   0.920
20260406222905    151    645.0    660.0   20.0     21.3   1250.6   1253.2   0.629
20260406222905    151   1040.0   1115.0   20.0     25.3   1326.4   1339.7   0.913
20260406222905    151   1360.0   1375.0   20.0     24.5   1324.4   1326.8   0.819
20260406222905    151   1625.0   1640.0   20.0     29.3   1337.2   1343.4   0.907
20260406222905    151   1730.0   1800.0   20.0     37.6   1355.9   1362.2   0.884
20260406222905    152    385.0    405.0   20.0     98.8    877.8    878.9   0.782
20260406222905    153   1605.0   1620.0   20.0     91.0    883.2    885.9   0.815
20260406222905    154    230.0    245.0   20.0     26.9    880.0    914.9   0.744
20260406222905    154    280.0    295.0   20.0     30.6    979.9    992.3   0.735
20260406222905    154    330.0    345.0   20.0     51.5   1039.1   1078.5   0.506
20260406222905    154   1320.0   1335.0   20.0     22.9   1087.2    877.7   0.915
20260406222905    156    495.0    510.0   20.0    101.0    882.3    882.2   0.764
20260406222905    156   1365.0   1415.0   20.0    140.5    886.1    886.0   0.839
20260406222905    160     40.0     55.0   20.0     53.7    888.6    891.9   0.778
20260406222905    162     90.0    105.0   20.0     30.6   1220.5   1256.9   0.794
20260406222905    163   1420.0   1435.0   20.0    100.3    890.5    888.9   0.815
20260406222905    165    225.0    245.0   20.0     89.9   1037.2   1253.8   0.870
20260406222905    165    935.0    970.0   20.0     54.8   1129.0   1165.1   0.754
20260406222905    165   1050.0   1065.0   20.0     21.5   1183.2   1222.7   0.776
20260406222905    165   1370.0   1395.0   20.0     58.2   1205.9   1221.3   0.885
20260406222905    165   1725.0   1740.0   20.0     27.0   1221.1   1221.5   0.790
20260406222905    166    535.0    590.0   20.0    133.6    899.3    900.8   0.781
20260406222905    166   1015.0   1030.0   20.0     24.8    896.0    897.0   0.607
20260406222905    167    950.0   1010.0   20.0     99.2    904.1   1006.8   0.878
20260406222905    167   1100.0   1115.0   20.0     40.3   1004.3   1059.6   0.704
20260406222905    167   1370.0   1385.0   20.0     32.1   1038.0   1057.5   0.818
20260406222905    167   1425.0   1440.0   20.0     20.0   1059.1   1093.4   0.741
20260406222905    167   1690.0   1705.0   20.0     74.8   1188.9    903.3   0.927
20260406222905    168    970.0    985.0   20.0     50.0    899.8    899.1   0.780
20260406222905    169   1660.0   1680.0   20.0     66.5    898.7    978.5   0.790
20260406222905    170    940.0    955.0   20.0     65.1    924.0    916.9   0.757
20260406222905    170   1110.0   1140.0   20.0    151.7    901.8    901.4   0.795
20260406222905    171    170.0    185.0   20.0     34.5    906.9    946.9   0.750
20260406222905    172    120.0    130.0   20.0     24.2    896.5    889.2   0.413
20260406222905    172    765.0    780.0   20.0     37.8    888.9    888.8   0.727
20260406222905    173   1475.0   1490.0   20.0     51.2   1001.2   1040.1   0.766
20260406222905    173   1675.0   1690.0   20.0     62.9   1070.0    992.3   0.807
20260406222905    176    680.0    695.0   20.0     53.4    910.6    914.5   0.733
20260406222905    178     90.0    200.0   20.0    260.7    920.5   1373.2   0.923
20260406222905    178    930.0    945.0   20.0     31.9   1415.0   1404.4   0.810
20260406222905    178   1070.0   1090.0   20.0     70.9   1417.5   1402.7   0.912
20260406222905    178   1270.0   1290.0   20.0    128.4   1421.6   1401.9   0.837
20260406222905    178   1455.0   1520.0   20.0    207.5   1423.3   1415.0   0.821
20260406222905    178   1560.0   1715.0   20.0    352.4   1423.0   1404.6   0.889
20260406222905    178   1750.0   1800.0   20.0    285.7   1412.8   1407.7   0.848
20260406222905    182    430.0    445.0   20.0     24.1    906.9    951.0   0.858
20260406222905    182    745.0    760.0   20.0     30.2   1036.6   1066.2   0.649
20260406222905    182    850.0    865.0   20.0     22.7   1117.1   1102.9   0.532
20260406222905    182    965.0    980.0   20.0     21.9   1149.0   1171.9   0.623
20260406222905    183   1090.0   1105.0   20.0     30.0    920.0    962.8   0.738
20260406222905    183   1140.0   1185.0   20.0    110.6    996.8    920.1   0.765
20260406222905    184      0.0     30.0   20.0    227.1      0.0   1678.0   0.600
20260406222905    184     65.0     95.0   20.0    244.5   1689.6   1690.9   0.664
20260406222905    184    180.0    205.0   20.0    230.4   1688.2   1681.3   0.618
20260406222905    184    340.0    355.0   20.0    220.4   1684.0   1677.9   0.693
20260406222905    184    415.0    595.0   20.0    269.4   1679.2   1499.9   0.799
20260406222905    184    630.0    985.0   20.0    268.5   1678.9   1686.8   0.796
20260406222905    184   1025.0   1275.0   20.0    248.5   1680.1   1681.7   0.683
20260406222905    184   1325.0   1350.0   20.0    215.6   1666.0   1678.8   0.514
20260406222905    184   1415.0   1445.0   20.0    220.3   1675.5   1690.5   0.570
20260406222905    184   1570.0   1580.0   20.0    205.8   1673.1   1679.5   0.522
20260406222905    185     30.0    240.0   20.0     77.6   1617.5   1611.9   0.893
20260406222905    185    280.0    300.0   20.0     51.5   1604.8   1610.8   0.834
20260406222905    185    385.0    435.0   20.0     50.2   1607.7   1613.9   0.884
20260406222905    185    755.0    825.0   20.0     50.7   1610.0   1613.3   0.885
20260406222905    185    860.0    875.0   20.0     53.7   1611.6   1612.1   0.842
20260406222905    185   1005.0   1800.0   20.0     40.0   1612.7   1627.2   0.925
20260406222905    187    850.0    865.0   20.0     62.5    935.5    934.6   0.663
20260406222905    188    220.0    235.0   20.0     21.0    934.7    930.8   0.712
20260406222905    188   1435.0   1485.0   20.0     61.5    926.8    932.7   0.837
20260406222905    189    675.0    690.0   20.0     55.1    938.8   1013.8   0.739
20260406222905    189    940.0    955.0   20.0    122.2   1084.6    939.3   0.780
20260406222905    189   1280.0   1295.0   20.0     21.2    937.2    938.3   0.805
20260406222905    193    545.0    565.0   20.0     45.5    931.5    932.0   0.865
20260406222905    193    600.0    740.0   20.0    155.5    932.1    932.7   0.868
20260406222905    194    915.0    945.0   20.0     64.3    942.0    943.6   0.755
20260406222905    195    120.0    135.0   20.0    135.3    949.3   1356.5   0.854
20260406222905    196    975.0   1000.0   20.0    277.9    946.5    946.7   0.876
20260406222905    196   1130.0   1150.0   20.0     93.1    951.4    946.9   0.806
20260406222905    196   1550.0   1560.0   20.0     22.6    948.8    946.9   0.413
20260406222905    198   1310.0   1370.0   20.0     79.7    948.6   1143.9   0.860
20260406222905    198   1445.0   1475.0   20.0     58.9   1163.9   1211.0   0.845
20260406222905    198   1515.0   1530.0   20.0     40.4   1209.1   1252.6   0.771
20260406222905    198   1585.0   1600.0   20.0     25.6   1265.4   1268.3   0.706
20260406222905    200    480.0    500.0   20.0    158.4    954.0    955.7   0.840
20260406222905    200   1295.0   1315.0   20.0     74.1    951.6    957.2   0.785
20260406222905    204     35.0     50.0   20.0     39.9   1162.6   1147.5   0.733
20260406222905    204    110.0    125.0   20.0    183.9   1167.1    969.1   0.795
20260406222905    204   1035.0   1050.0   20.0     71.8    971.7    971.7   0.777
20260406222905    205   1570.0   1605.0   20.0    165.1    970.6    970.6   0.889
20260406222905    206    245.0    260.0   20.0     92.2    980.2    978.4   0.749
20260406222905    207    550.0    570.0   20.0    248.6    969.8    970.7   0.815
20260406222905    207   1070.0   1085.0   20.0     23.9    968.4   1021.9   0.789
20260406222905    207   1130.0   1145.0   20.0     29.4   1050.7   1090.2   0.574
20260406222905    207   1180.0   1195.0   20.0     29.7   1073.6   1103.3   0.575
20260406222905    207   1310.0   1395.0   20.0     32.6   1141.5   1223.8   0.873
20260406222905    207   1495.0   1505.0   20.0     23.3   1249.9   1268.7   0.440
20260406222905    207   1635.0   1650.0   20.0     22.1   1326.1   1291.9   0.726
20260406222905    211     55.0     85.0   20.0    184.8    972.5    980.2   0.785
20260406222905    211    125.0    140.0   20.0    267.6    972.7   1488.9   0.825
20260406222905    213   1260.0   1275.0   20.0     32.8    986.9   1037.1   0.862
20260406222905    213   1320.0   1375.0   20.0     50.2   1064.5   1044.8   0.797
20260406222905    213   1565.0   1580.0   20.0     24.9   1098.7   1143.1   0.739
20260406222905    213   1675.0   1690.0   20.0     22.0   1229.1   1208.0   0.815
20260406222905    217      0.0     10.0   20.0    121.9      0.0   1305.9   0.764
20260406222905    217    360.0    375.0   20.0     77.5   1241.4   1300.4   0.714
20260406222905    219   1225.0   1245.0   20.0    100.2    993.4    992.4   0.833
20260406222905    221    845.0    860.0   20.0     21.7   1023.7   1013.3   0.676
20260406222905    221   1180.0   1220.0   20.0    110.8   1053.2   1015.1   0.841
20260406222905    222   1430.0   1450.0   20.0     70.5    996.9    996.6   0.787
20260406222905    222   1750.0   1770.0   20.0    111.5    995.3   1549.9   0.895
20260406222905    224    450.0    465.0   20.0     98.4   1008.2   1007.1   0.753
20260406222905    224   1355.0   1370.0   20.0    119.8   1017.9   1015.5   0.739
20260406222905    225    145.0    160.0   20.0     27.6    669.4    680.6   0.771
20260406222905    226    470.0    500.0   20.0    146.7   1022.0   1012.0   0.880
20260406222905    227    335.0    370.0   20.0     48.9   1021.2   1021.4   0.783
20260406222905    227   1275.0   1290.0   20.0    153.0   1024.0   1501.2   0.885
20260406222905    228    505.0    525.0   20.0     62.9   1018.4   1018.4   0.835
20260406222905    231    105.0    120.0   20.0     81.5   1022.0   1125.3   0.726
20260406222905    232    745.0    830.0   20.0     61.2   1759.6   1765.5   0.686
20260406222905    232   1075.0   1090.0   20.0     60.8   1755.0   1786.7   0.556
20260406222905    232   1555.0   1590.0   20.0     70.0   1769.8   1771.5   0.781
20260406222905    232   1665.0   1750.0   20.0     64.0   1764.0   1777.8   0.802
20260406222905    232   1790.0   1800.0   20.0     45.6   1779.2   1815.6   0.721
20260406222905    233   1305.0   1325.0   20.0    504.0   1046.9   1030.6   0.888
20260406222905    233   1695.0   1715.0   20.0    145.1   1029.7   1029.4   0.800
20260406222905    234     55.0     80.0   20.0     22.4   1146.4   1216.5   0.837
20260406222905    234    250.0    265.0   20.0     20.0   1335.8   1329.0   0.810
20260406222905    234    340.0    360.0   20.0    214.1   1337.0   1040.6   0.884
20260406222905    235    630.0    680.0   20.0    123.1   1033.4   1300.4   0.879
20260406222905    235    715.0    730.0   20.0     77.3   1317.7   1433.0   0.845
20260406222905    235    790.0    805.0   20.0     40.8   1499.1   1478.6   0.844
20260406222905    235    945.0    970.0   20.0    231.2   1556.3   1030.3   0.889
20260406222905    235   1255.0   1275.0   20.0    169.6   1030.3   1031.1   0.754
20260406222905    235   1365.0   1380.0   20.0     76.0   1030.6   1030.0   0.722
20260406222905    236    220.0    260.0   20.0    138.1   1043.0   1042.0   0.859
20260406222905    236   1505.0   1560.0   20.0     77.2   1055.5   1315.2   0.869
20260406222905    236   1740.0   1755.0   20.0     24.5   1349.2   1367.7   0.789
20260406222905    240     30.0     50.0   20.0    175.8   1209.3   1547.7   0.785
20260406222905    242    965.0    990.0   20.0    150.6   1053.5   1053.7   0.753
20260406222905    242   1410.0   1425.0   20.0     54.6   1049.8   1048.4   0.620
20260406222905    243      0.0   1800.0   20.0    245.3      0.0   1994.8   0.876
20260406222905    244    150.0    250.0   20.0     41.7   1248.1   1393.3   0.867
20260406222905    252    260.0    275.0   20.0     42.3   1102.8   1102.6   0.593
20260406222905    254    895.0    930.0   20.0    124.0   1088.6   1088.3   0.906
20260406222905    255   1325.0   1345.0   20.0    184.0   1121.5   1176.3   0.849
20260406222905    255   1410.0   1425.0   20.0     41.0   1182.9   1222.3   0.818
20260406222905    255   1490.0   1505.0   20.0     46.7   1213.2   1266.3   0.655
20260406230228      2   1695.0   1710.0   20.0     33.1   1391.2   1383.7   0.651
20260406230228      3   1255.0   1270.0   20.0    165.6   1047.0   1331.6   0.879
20260406230228      3   1315.0   1330.0   20.0     26.6   1324.1   1322.5   0.454
20260406230228      3   1765.0   1780.0   20.0     53.5   1377.9   1368.1   0.515
20260406230228      4      5.0     15.0    6.7    120.0   1418.0   1453.6   0.423
20260406230228      5   1175.0   1185.0   20.0     35.6    998.8    999.9   0.414
20260406230228      5   1480.0   1500.0   20.0    142.2    999.0   1132.3   0.763
20260406230228      6    255.0    280.0   20.0     80.3    987.0    993.3   0.766
20260406230228      6   1140.0   1155.0   20.0     69.5    987.4    987.2   0.771
20260406230228      8    500.0    525.0   20.0     80.2    971.1    970.7   0.772
20260406230228      8   1200.0   1220.0   20.0     89.1    967.0    982.5   0.760
20260406230228     10      0.0     10.0   20.0     54.4      0.0    970.9   0.778
20260406230228     10     85.0    105.0   20.0    273.4    974.4    970.1   0.792
20260406230228     10    415.0    460.0   20.0    437.3    970.3    968.1   0.813
20260406230228     14   1035.0   1045.0   20.0     26.3    965.8    964.8   0.546
20260406230228     14   1255.0   1270.0   20.0     43.7    962.9    964.4   0.655
20260406230228     15    740.0    755.0   20.0     45.0    962.3    961.1   0.680
20260406230228     15   1045.0   1080.0   20.0    122.7    962.3    964.2   0.735
20260406230228     16     85.0    100.0   20.0     86.9    968.0   1195.0   0.805
20260406230228     16    625.0    640.0   20.0     32.0   1269.7   1294.3   0.733
20260406230228     16   1115.0   1165.0   20.0     48.8   1285.6   1366.0   0.790
20260406230228     18     50.0     65.0   20.0    109.5    956.5    953.6   0.809
20260406230228     18   1150.0   1175.0   20.0     69.9    950.5    948.3   0.833
20260406230228     18   1500.0   1515.0   20.0    105.2    950.4   1145.7   0.862
20260406230228     18   1625.0   1700.0   20.0     30.9   1199.1   1211.6   0.815
20260406230228     20   1255.0   1280.0   20.0    218.5    967.6    962.9   0.854
20260406230228     22    350.0    370.0   20.0     90.4   1141.0   1277.5   0.959
20260406230228     23   1025.0   1040.0   20.0     61.8    949.0    948.6   0.770
20260406230228     24     45.0     60.0   20.0     79.9   1312.3   1350.7   0.659
20260406230228     24    770.0    785.0   20.0     30.2   1315.2   1315.2   0.566
20260406230228     27    325.0    460.0   20.0     33.5   1363.0   1382.2   0.658
20260406230228     27    500.0    525.0   20.0     70.4   1429.4   1387.7   0.623
20260406230228     27    565.0   1005.0   20.0    103.6   1387.3   1405.3   0.844
20260406230228     27   1090.0   1260.0   20.0     91.9   1415.8   1399.6   0.789
20260406230228     27   1320.0   1470.0    3.0    138.9   1407.1   1403.7   0.719
20260406230228     27   1510.0   1525.0    2.8    157.8   1408.6   1399.3   0.562
20260406230228     27   1630.0   1655.0   20.0    200.0   1410.1   1401.4   0.737
20260406230228     27   1725.0   1800.0   19.4    163.7   1399.1   1404.9   0.690
20260406230228     28    460.0    475.0   20.0     33.2    956.3    955.7   0.648
20260406230228     30    735.0    765.0   20.0    119.6    935.5    933.4   0.826
20260406230228     31    165.0    185.0   20.0    128.6    927.0    926.2   0.829
20260406230228     31   1335.0   1355.0   20.0    101.3    926.7    924.5   0.819
20260406230228     32   1770.0   1785.0   20.0     34.2    951.0   1008.0   0.797
20260406230228     33    500.0    520.0   20.0     55.5    959.3    971.7   0.823
20260406230228     33   1125.0   1140.0   20.0     56.7    960.0   1140.4   0.838
20260406230228     37    245.0    260.0   20.0     48.7    971.5    925.7   0.738
20260406230228     37   1660.0   1675.0   20.0     29.5    940.4   1021.7   0.856
20260406230228     39   1235.0   1250.0   20.0     32.3    937.2    934.4   0.560
20260406230228     42    495.0    530.0   20.0     88.2    910.8    910.6   0.755
20260406230228     43    640.0    660.0   20.0     90.0    908.7    995.3   0.851
20260406230228     43    695.0    710.0   20.0     72.3   1009.8    908.0   0.752
20260406230228     46    540.0    555.0   20.0    129.2   1599.0   1591.1   0.853
20260406230228     46   1055.0   1070.0   20.0    133.6   1602.6   1594.9   0.861
20260406230228     47    975.0    990.0   20.0     64.1    906.7   1010.8   0.741
20260406230228     47   1035.0   1050.0   20.0     32.4   1094.4   1054.5   0.681
20260406230228     47   1170.0   1180.0   20.0     25.4   1066.6   1067.6   0.461
20260406230228     47   1285.0   1335.0   20.0     49.9   1069.3   1105.9   0.596
20260406230228     47   1420.0   1435.0   20.0     71.3   1112.4   1112.8   0.788
20260406230228     47   1505.0   1520.0   20.0     29.0   1125.3   1158.2   0.708
20260406230228     47   1730.0   1745.0   20.0    110.0   1243.3   1311.0   0.755
20260406230228     48    715.0    735.0   20.0     43.9    969.4    967.9   0.787
20260406230228     51    890.0    905.0   20.0     63.1    898.5    975.3   0.797
20260406230228     51   1525.0   1540.0   20.0     45.3    998.8   1000.4   0.795
20260406230228     52    290.0    305.0   20.0     50.5    897.7    897.1   0.618
20260406230228     53      0.0    225.0   20.0    177.5      0.0   1563.4   0.869
20260406230228     53    320.0    635.0   20.0    156.3   1555.3   1582.6   0.896
20260406230228     53    670.0    880.0   20.0    152.0   1557.2   1578.0   0.884
20260406230228     53    930.0   1200.0   20.0    145.4   1551.8   1566.7   0.862
20260406230228     53   1235.0   1330.0   20.0    130.3   1563.1   1578.3   0.852
20260406230228     53   1370.0   1560.0   20.0    148.6   1572.0   1570.2   0.865
20260406230228     53   1595.0   1770.0   20.0    124.2   1556.9   1552.7   0.890
20260406230228     54   1280.0   1295.0   20.0     46.5    973.4    974.1   0.816
20260406230228     55     10.0     25.0   20.0     25.1   1635.3   1613.0   0.849
20260406230228     56    770.0    785.0   20.0    187.0    895.7   1279.8   0.875
20260406230228     58   1405.0   1420.0   20.0     72.2    899.6    895.8   0.778
20260406230228     59    265.0    295.0   20.0    249.4    882.5    885.1   0.884
20260406230228     62    345.0    360.0   20.0     33.4    881.5    880.6   0.625
20260406230228     63    395.0    410.0   20.0     42.0    729.7    656.4   0.892
20260406230228     65    480.0    495.0   20.0     40.5   1085.8   1116.9   0.748
20260406230228     65    610.0    625.0   20.0     26.1   1131.2   1144.6   0.690
20260406230228     65    765.0    780.0   20.0     47.7   1178.7   1203.6   0.678
20260406230228     65   1140.0   1155.0   20.0    131.3   1179.3    879.5   0.831
20260406230228     66     95.0    105.0   20.0     21.3   1093.3   1083.2   0.454
20260406230228     66    980.0   1010.0   20.0     37.6   1190.2   1233.0   0.928
20260406230228     66   1045.0   1060.0   20.0     23.8   1239.0   1221.8   0.565
20260406230228     66   1250.0   1265.0   20.0     22.8   1215.4   1221.1   0.914
20260406230228     66   1365.0   1380.0   20.0     22.7   1187.7    995.1   0.770
20260406230228     70    850.0    865.0   20.0     94.6    877.6    986.7   0.847
20260406230228     70   1345.0   1360.0   20.0     30.6   1039.6   1083.4   0.700
20260406230228     70   1445.0   1460.0   20.0     20.8   1046.6   1051.5   0.916
20260406230228     70   1610.0   1625.0   20.0     23.6   1046.0   1056.7   0.691
20260406230228     70   1670.0   1685.0   20.0     24.4   1054.3   1061.9   0.814
20260406230228     71    205.0    220.0   20.0     35.0    874.9    919.8   0.766
20260406230228     71    310.0    330.0   20.0     52.9    944.8   1008.4   0.899
20260406230228     71    890.0    905.0   20.0     43.7    980.2    962.1   0.813
20260406230228     71   1260.0   1315.0   20.0     33.3    973.5   1091.5   0.776
20260406230228     71   1525.0   1545.0   20.0    108.3   1008.0   1002.3   0.928
20260406230228     71   1740.0   1755.0   20.0     30.6   1023.1   1050.0   0.689
20260406230228     73    270.0    290.0   20.0     62.4    925.4   1002.4   0.782
20260406230228     73    425.0    525.0   20.0     94.1   1013.6    923.4   0.768
20260406230228     73    770.0    790.0   20.0     42.4    923.7    927.4   0.788
20260406230228     73   1720.0   1735.0   20.0     28.6    922.2    985.8   0.729
20260406230228     74    600.0    615.0   20.0    119.4    914.0   1176.3   0.885
20260406230228     75      0.0     80.0   20.0    256.2      0.0   1111.0   0.811
20260406230228     75    185.0    250.0   20.0    197.3   1131.1   1203.4   0.829
20260406230228     76   1585.0   1605.0   20.0     53.3    947.7    947.9   0.885
20260406230228     78   1455.0   1470.0   20.0     95.0    885.4   1065.0   0.812
20260406230228     78   1715.0   1730.0   20.0     35.6   1145.5   1132.4   0.686
20260406230228     79    750.0    765.0   20.0     49.6    879.4    944.3   0.744
20260406230228     79    860.0    875.0   20.0     68.6    984.1    883.2   0.763
20260406230228     79   1785.0   1800.0   20.0     41.8    876.8    958.7   0.874
20260406230228     80      5.0     25.0   20.0     47.4    881.1    941.1   0.818
20260406230228     80     85.0    100.0   20.0     22.6   1000.2   1028.7   0.681
20260406230228     80    135.0    145.0   20.0     22.0   1028.3   1048.7   0.434
20260406230228     80    295.0    310.0   20.0     62.2   1020.8   1109.0   0.855
20260406230228     80    365.0    395.0   20.0     32.9   1120.2   1136.1   0.718
20260406230228     80    535.0    550.0   20.0    100.4   1142.3    879.5   0.935
20260406230228     81    690.0    745.0   20.0    193.9    872.2    880.0   0.816
20260406230228     81   1495.0   1515.0   20.0     95.4    872.4    874.9   0.761
20260406230228     82   1090.0   1105.0   20.0     94.2    870.5    870.4   0.638
20260406230228     83    425.0    440.0   20.0     74.0    925.8    916.1   0.784
20260406230228     83    900.0    915.0   20.0     27.1    913.9    911.8   0.597
20260406230228     84   1000.0   1055.0   20.0     38.9    879.7   1013.9   0.738
20260406230228     84   1110.0   1125.0   20.0    155.8   1033.7    880.9   0.754
20260406230228     84   1185.0   1200.0   20.0     87.1    877.3    883.8   0.765
20260406230228     84   1710.0   1735.0   20.0     60.6    880.7    940.1   0.752
20260406230228     85   1660.0   1675.0   20.0     86.6    863.7    862.8   0.665
20260406230228     89   1125.0   1140.0   20.0     20.1   1178.7   1194.8   0.624
20260406230228     93     40.0     60.0   20.0    220.9    868.0   1154.3   0.916
20260406230228     95   1545.0   1650.0   20.0     49.6    861.2   1049.0   0.766
20260406230228     95   1735.0   1750.0   20.0     24.1   1085.0   1110.2   0.642
20260406230228     97     50.0    100.0   20.0     51.4    859.4    855.4   0.741
20260406230228     99    565.0    600.0   20.0    103.0    897.3    860.4   0.826
20260406230228     99   1680.0   1695.0   20.0     47.3    871.2    867.7   0.669
20260406230228    102    645.0    660.0   20.0     41.5    869.1    868.5   0.731
20260406230228    104     45.0     65.0   20.0     56.7    156.2    147.1   0.772
20260406230228    105    515.0    530.0   20.0     60.7    860.9    861.0   0.800
20260406230228    105   1135.0   1150.0   20.0     46.5    865.4    862.9   0.810
20260406230228    105   1330.0   1350.0   20.0    175.2    863.1    862.2   0.800
20260406230228    105   1385.0   1405.0   20.0    109.9    862.7    861.9   0.852
20260406230228    106     60.0     90.0   20.0     42.1    864.9    864.8   0.809
20260406230228    106   1350.0   1365.0   20.0     29.0    865.2    907.4   0.740
20260406230228    106   1430.0   1530.0   20.0    142.4    935.2   1071.8   0.802
20260406230228    108      0.0    345.0   20.0     81.9      0.0   1127.2   0.936
20260406230228    108    435.0    450.0   20.0     26.7    907.7   1226.4   0.895
20260406230228    108    485.0    505.0   20.0     60.0   1245.1   1102.6   0.789
20260406230228    108    540.0    560.0   20.0     57.6   1021.1   1192.7   0.833
20260406230228    108    615.0    630.0   20.0     59.4   1180.8   1084.4   0.778
20260406230228    108    785.0    900.0   20.0     59.8   1012.0    866.4   0.838
20260406230228    108    940.0   1250.0   20.0     61.5    813.7    946.9   0.874
20260406230228    108   1295.0   1310.0   20.0     60.0    913.3    900.5   0.764
20260406230228    108   1345.0   1800.0   20.0     60.7    908.8    834.0   0.856
20260406230228    109    820.0    840.0   20.0    170.1    904.4    917.5   0.836
20260406230228    109   1110.0   1125.0   20.0     24.4    965.5    976.2   0.592
20260406230228    109   1570.0   1580.0   20.0     40.2   1069.9   1087.1   0.449
20260406230228    109   1620.0   1635.0   20.0     26.9   1103.3   1054.1   0.604
20260406230228    110    135.0    150.0    3.9    106.5   1267.2   1272.9   0.438
20260406230228    110    300.0    310.0   20.0     24.7   1301.0   1205.7   0.530
20260406230228    110   1305.0   1315.0    0.7    132.0   1319.7   1306.7   0.445
20260406230228    113    285.0    815.0   20.0    154.8   1348.3   1280.7   0.869
20260406230228    113    885.0   1070.0   20.0     84.2   1283.5   1293.0   0.858
20260406230228    113   1120.0   1145.0   20.0     49.6   1328.3   1299.5   0.825
20260406230228    113   1195.0   1245.0   20.0     52.1   1288.2   1293.1   0.851
20260406230228    113   1320.0   1800.0   20.0    246.1   1284.6   1422.1   0.865
20260406230228    114   1215.0   1230.0   20.0     57.7    873.7    872.6   0.796
20260406230228    119   1185.0   1200.0   20.0    142.9    866.5    865.7   0.842
20260406230228    121    140.0    210.0   20.0     52.5    865.9    961.1   0.899
20260406230228    121   1045.0   1075.0   20.0     48.0    871.1    871.4   0.753
20260406230228    121   1465.0   1485.0   20.0     74.5    875.9    880.4   0.809
20260406230228    121   1565.0   1580.0   20.0     36.6    873.2    874.5   0.744
20260406230228    124   1525.0   1585.0   20.0     75.3    878.7    880.1   0.771
20260406230228    125    190.0    205.0   20.0     29.8    863.1   1023.1   0.776
20260406230228    125    240.0    260.0   20.0    148.6   1052.0    863.1   0.867
20260406230228    125   1135.0   1165.0   20.0     76.9    860.7    860.2   0.759
20260406230228    125   1680.0   1770.0   20.0    101.5    860.2   1137.2   0.932
20260406230228    126    175.0    190.0   20.0     66.1    869.8    869.7   0.641
20260406230228    127    790.0    805.0   20.0     47.7    869.4    940.9   0.762
20260406230228    127    865.0    880.0   20.0     22.5    986.9   1002.6   0.631
20260406230228    127   1010.0   1025.0   20.0     35.2   1008.0   1023.2   0.840
20260406230228    128    835.0    850.0   20.0    100.2    863.9   1131.0   0.803
20260406230228    128    920.0    935.0   20.0     31.8   1165.6   1146.1   0.639
20260406230228    128   1145.0   1160.0   20.0    100.3   1165.0    860.7   0.936
20260406230228    130    110.0    125.0   20.0     52.2   1260.0   1299.0   0.859
20260406230228    131     40.0     55.0   20.0     25.5    750.4    734.9   0.783
20260406230228    132    345.0    360.0   20.0     20.5    865.7    867.3   0.659
20260406230228    132    625.0    640.0   20.0    100.5    865.3    866.7   0.770
20260406230228    133      0.0     15.0   20.0     36.9      0.0   1164.5   0.624
20260406230228    133   1260.0   1275.0   20.0     30.5    869.1    861.1   0.778
20260406230228    133   1410.0   1425.0   20.0     50.6    893.6    860.2   0.802
20260406230228    133   1740.0   1770.0   20.0    149.4    860.8    861.4   0.761
20260406230228    134   1705.0   1755.0   20.0    196.1    875.3    914.9   0.792
20260406230228    135   1195.0   1280.0   20.0    193.0    871.4    868.1   0.764
20260406230228    138      0.0     10.0   20.0     55.0      0.0    886.9   0.745
20260406230228    139     90.0    105.0   20.0     21.4   1141.0   1143.7   0.820
20260406230228    139    460.0    565.0   20.0     98.2   1257.3   1254.9   0.882
20260406230228    139    685.0    700.0   20.0     24.2   1260.1   1253.0   0.898
20260406230228    139    795.0    850.0   20.0     56.3   1255.5   1253.2   0.888
20260406230228    139    905.0   1125.0   20.0     48.0   1251.1   1178.5   0.880
20260406230228    139   1160.0   1210.0   20.0     65.8   1178.0   1154.0   0.849
20260406230228    140   1365.0   1380.0   20.0     74.1    871.3    956.3   0.727
20260406230228    140   1490.0   1525.0   20.0     79.4    997.4   1181.7   0.765
20260406230228    144    830.0    845.0   20.0     34.1    872.1    925.5   0.730
20260406230228    147    225.0    250.0   20.0    119.3    875.1    875.3   0.852
20260406230228    147    975.0   1050.0   20.0     54.1    911.8    879.1   0.808
20260406230228    149     95.0    130.0   20.0    107.4    883.6    885.1   0.789
20260406230228    151    430.0    450.0   20.0     43.4   1333.7   1328.6   0.864
20260406230228    151   1190.0   1235.0   20.0     27.1   1337.3   1339.0   0.921
20260406230228    152    970.0    985.0   20.0     27.6    881.9    888.2   0.750
20260406230228    153    845.0    860.0   20.0     41.1    883.1   1006.6   0.769
20260406230228    153    910.0    925.0   20.0     23.6   1056.0   1031.8   0.731
20260406230228    153   1315.0   1330.0   20.0     21.0   1105.8   1120.5   0.806
20260406230228    154     15.0     30.0   20.0     22.4   1201.2   1209.3   0.701
20260406230228    154    120.0    135.0   20.0     97.3   1220.0    881.9   0.874
20260406230228    159   1170.0   1185.0   20.0     76.3    885.5    886.8   0.760
20260406230228    160   1075.0   1090.0   20.0     90.6    893.4   1085.9   0.896
20260406230228    160   1175.0   1190.0   20.0     47.6   1102.5   1152.6   0.595
20260406230228    160   1340.0   1355.0   20.0     31.5   1135.6   1126.4   0.759
20260406230228    160   1515.0   1530.0   20.0     37.1   1125.0   1126.5   0.805
20260406230228    160   1700.0   1715.0   20.0     20.2   1166.4   1186.1   0.512
20260406230228    162     10.0     50.0   20.0     45.1   1207.0   1098.8   0.951
20260406230228    163     95.0    135.0   20.0     42.9    891.0    891.6   0.847
20260406230228    163    280.0    325.0   20.0     74.6    891.9    891.9   0.725
20260406230228    163   1705.0   1750.0   20.0     98.8    895.1    899.6   0.799
20260406230228    165    920.0    935.0   20.0    125.6   1165.8   1283.8   0.741
20260406230228    168   1005.0   1020.0   20.0     33.4    901.7    902.7   0.798
20260406230228    169    285.0    300.0   20.0     33.7    898.7    937.1   0.763
20260406230228    169    575.0    590.0   20.0     22.5   1006.8   1036.1   0.734
20260406230228    169    980.0    995.0   20.0    115.8   1157.3    896.7   0.840
20260406230228    173   1505.0   1520.0   20.0     42.0   1003.8   1003.3   0.590
20260406230228    174   1120.0   1135.0   20.0     47.8    977.9    961.4   0.757
20260406230228    174   1190.0   1205.0   20.0     44.2   1008.9   1023.4   0.777
20260406230228    174   1275.0   1300.0   20.0     30.4   1039.1   1076.9   0.738
20260406230228    177   1035.0   1050.0   20.0     20.6   1093.4   1180.7   0.817
20260406230228    178    160.0    175.0   20.0    158.0    921.4   1326.1   0.930
20260406230228    179    930.0    950.0   20.0    117.9    924.6   1163.1   0.870
20260406230228    180   1675.0   1740.0   20.0     70.4    910.7    933.4   0.899
20260406230228    181      5.0     20.0   20.0     42.0   1447.2   1407.0   0.695
20260406230228    182    275.0    290.0   20.0     28.2   1238.2   1235.9   0.821
20260406230228    182   1375.0   1390.0   20.0     29.6   1337.9   1348.8   0.718
20260406230228    184      0.0   1795.0   20.0    257.6      0.0   1743.6   0.866
20260406230228    186    280.0    305.0   20.0     49.3    777.6    801.7   0.839
20260406230228    187    425.0    445.0   20.0     69.8    934.1    934.2   0.808
20260406230228    188    780.0    800.0   20.0     60.1    928.7    929.0   0.755
20260406230228    188   1265.0   1280.0   20.0     39.5    928.7    931.6   0.513
20260406230228    189   1125.0   1160.0   20.0    108.9    940.1    938.4   0.812
20260406230228    189   1520.0   1540.0   20.0    153.6    936.2   1389.5   0.887
20260406230228    191     30.0     45.0   20.0     33.3    931.7    995.9   0.762
20260406230228    191     90.0    105.0   20.0    113.6   1017.3    930.2   0.778
20260406230228    192    140.0    180.0   20.0     49.1    944.8    946.3   0.771
20260406230228    192    575.0    605.0   20.0    157.7    942.4    943.4   0.801
20260406230228    192    995.0   1005.0   20.0     37.6   1007.4    947.5   0.576
20260406230228    192   1070.0   1095.0   20.0     79.5    948.0    947.8   0.793
20260406230228    194   1380.0   1420.0   20.0    243.1    933.5    934.9   0.873
20260406230228    195    740.0    755.0   20.0     97.8    954.4    953.7   0.822
20260406230228    196   1505.0   1525.0   20.0    182.3    949.7    945.4   0.812
20260406230228    198      0.0     15.0   20.0     24.2      0.0   1107.7   0.539
20260406230228    198     60.0    120.0   20.0     45.5   1096.6   1111.3   0.816
20260406230228    198    730.0    745.0   20.0     45.1   1259.7   1295.7   0.779
20260406230228    199    985.0   1000.0   20.0     38.9   1418.3   1441.1   0.868
20260406230228    205   1085.0   1100.0   20.0     58.1    970.3    970.3   0.788
20260406230228    205   1135.0   1185.0   20.0    106.4    970.3   1141.8   0.752
20260406230228    205   1515.0   1605.0   20.0     29.4   1181.7   1172.2   0.636
20260406230228    205   1660.0   1675.0   20.0     38.7   1185.4   1210.5   0.780
20260406230228    205   1735.0   1800.0   20.0     45.9   1220.5   1278.2   0.854
20260406230228    207      5.0     40.0   20.0    233.8    973.5    972.6   0.839
20260406230228    207   1710.0   1760.0   20.0    268.7    967.8    967.4   0.841
20260406230228    208    495.0    510.0   20.0     59.7   1366.3   1443.5   0.742
20260406230228    208    615.0    630.0   20.0     23.5   1450.4   1470.8   0.640
20260406230228    208    685.0    700.0   20.0     20.0   1480.6   1535.9   0.842
20260406230228    208    790.0    805.0   20.0     23.7   1544.3   1556.3   0.769
20260406230228    209   1000.0   1015.0   20.0    102.4    974.0   1046.7   0.622
20260406230228    209   1210.0   1225.0   20.0    120.6   1072.7   1123.8   0.740
20260406230228    214    150.0    170.0   20.0     32.2    536.6    540.7   0.794
20260406230228    215     15.0    125.0   20.0    118.5   1021.1   1156.9   0.785
20260406230228    215    210.0    265.0   20.0     37.0   1133.8   1136.5   0.783
20260406230228    215    355.0    370.0   20.0     41.8   1154.0   1166.1   0.614
20260406230228    215    435.0    510.0   20.0     91.8   1178.4   1264.8   0.799
20260406230228    215    605.0    615.0   20.0     41.9   1237.8   1270.3   0.500
20260406230228    215    675.0    775.0   20.0     49.8   1336.6   1387.2   0.842
20260406230228    215   1095.0   1140.0   20.0     23.1   1429.8   1427.5   0.795
20260406230228    215   1220.0   1235.0   20.0     21.9   1429.8   1456.8   0.723
20260406230228    215   1780.0   1795.0   20.0     21.1   1310.5   1308.8   0.810
20260406230228    216   1365.0   1380.0   20.0     66.2   1075.5   1075.7   0.736
20260406230228    217    350.0    365.0   20.0     20.4   1285.8   1293.8   0.795
20260406230228    219    390.0    415.0   20.0     70.0    996.4    995.2   0.825
20260406230228    220     10.0     25.0   20.0    117.1   1165.8   1002.1   0.759
20260406230228    222     65.0     80.0   20.0     52.0   1005.6   1073.3   0.763
20260406230228    222    145.0    165.0   20.0     59.9   1074.4   1228.8   0.884
20260406230228    225     80.0     95.0   20.0     25.7    670.8    676.8   0.717
20260406230228    227    225.0    245.0   20.0     96.7   1056.4   1497.5   0.900
20260406230228    227    745.0    755.0   20.0     22.4   1571.3   1565.7   0.553
20260406230228    227    990.0   1065.0   20.0     39.9   1592.8   1587.6   0.620
20260406230228    227   1145.0   1255.0   19.9     50.7   1592.5   1589.4   0.832
20260406230228    227   1405.0   1800.0   20.0     49.5   1591.1   1601.4   0.837
20260406230228    228   1435.0   1450.0   20.0     70.5   1029.4   1028.5   0.758
20260406230228    229    115.0    135.0   20.0    184.2   1031.6   1457.2   0.852
20260406230228    230     40.0     65.0   20.0    175.5   1044.0   1044.5   0.860
20260406230228    230   1650.0   1665.0   20.0     88.0   1032.3   1032.3   0.790
20260406230228    231    185.0    200.0   20.0     48.4   1030.7   1029.6   0.710
20260406230228    231    610.0    630.0   20.0    159.6   1026.6   1255.0   0.844
20260406230228    231    665.0    680.0   20.0     68.4   1251.4   1331.0   0.763
20260406230228    233    635.0    655.0   20.0    495.2   1053.2   1042.4   0.785
20260406230228    236     90.0    105.0   20.0     39.2   1265.6   1287.3   0.779
20260406230228    236   1110.0   1125.0   20.0     27.4   1388.7   1455.7   0.803
20260406230228    237    155.0    170.0   20.0     46.0   1619.8   1655.1   0.736
20260406230228    242    625.0    640.0   20.0    173.4   1060.5   1062.9   0.723
20260406230228    242   1445.0   1480.0   20.0    110.3   1060.8   1058.3   0.832
20260406230228    243      0.0    590.0   20.0    147.3      0.0   2069.2   0.913
20260406230228    243    640.0    700.0   20.0     47.1   2072.7   2075.1   0.878
20260406230228    243   1010.0   1300.0   20.0    225.5   2094.2   2105.6   0.921
20260406230228    243   1340.0   1800.0   20.0    219.2   2103.4   2011.7   0.934
20260406230228    244      0.0     55.0   20.0     86.7      0.0   1325.6   0.735
20260406230228    244    220.0    235.0   20.0     33.1   1377.9   1422.7   0.792
20260406230228    244    445.0    460.0   20.0     27.0   1370.0   1356.6   0.804
20260406230228    244    580.0    595.0   20.0     22.8   1352.4   1375.9   0.747
20260406230228    244   1360.0   1375.0   20.0     30.9   1380.8   1393.8   0.694
20260406230228    244   1505.0   1520.0   20.0     25.1   1393.1   1403.3   0.857
20260406230228    244   1645.0   1660.0   20.0     25.1   1429.2   1438.7   0.763
20260406230228    244   1785.0   1800.0   20.0     21.7   1442.1   1453.8   0.785
20260406230228    245    260.0    280.0   20.0    139.4   1086.6   1084.4   0.778
20260406230228    246   1575.0   1590.0   20.0     20.3   1086.8   1064.1   0.753
20260406230228    249   1730.0   1750.0   20.0    113.0   1107.3   1111.3   0.873
20260406230228    251   1120.0   1135.0   20.0    115.0   1099.0   1489.8   0.931
20260406230228    251   1575.0   1590.0   20.0     21.5   1496.9   1495.1   0.760
20260406230228    253    725.0    745.0   20.0     25.2   1127.8   1099.1   0.661
20260406230228    254     55.0     70.0   20.0     75.2   1223.2   1102.0   0.761
20260406230228    255     10.0     65.0   20.0    162.7   1125.8   1561.8   0.838
20260406233549      1    585.0    605.0   20.0     52.9   1188.3   1208.1   0.806
20260406233549      2    105.0    120.0   20.0     46.0   1358.6   1395.1   0.664
20260406233549      2    170.0    185.0   20.0     80.5   1386.8   1394.8   0.894
20260406233549      3    690.0    710.0   20.0     93.8   1056.5   1420.0   0.876
20260406233549      3    795.0    810.0   20.0     23.6   1407.1   1406.5   0.731
20260406233549      4   1145.0   1165.0   20.0     39.5   1247.9   1385.0   0.706
20260406233549      5    280.0    295.0   20.0     21.3   1006.5   1056.7   0.706
20260406233549      5    530.0    545.0   20.0     29.6   1083.1   1130.9   0.585
20260406233549      5    580.0    595.0   20.0     27.4   1148.2   1143.9   0.578
20260406233549      5    745.0    760.0   20.0     21.2   1102.2   1116.6   0.747
20260406233549      5   1125.0   1140.0   20.0     21.1   1152.7   1146.9   0.753
20260406233549      8    145.0    170.0   20.0     55.7    978.1    979.6   0.771
20260406233549      8    480.0    495.0   20.0     78.6    977.9    977.4   0.753
20260406233549      8    805.0    820.0   20.0     29.9    975.9    976.8   0.731
20260406233549      9   1740.0   1755.0   20.0     25.5    969.1    968.6   0.448
20260406233549     13   1230.0   1280.0   20.0     21.2    996.0   1134.1   0.819
20260406233549     13   1450.0   1465.0   20.0     33.3   1184.9   1178.0   0.863
20260406233549     15    755.0    780.0   20.0    111.6    972.9    975.0   0.833
20260406233549     15   1110.0   1125.0   20.0     54.9    973.1    972.4   0.772
20260406233549     15   1790.0   1800.0   20.0     59.6    971.4    970.3   0.729
20260406233549     16    205.0    240.0   20.0    143.1    971.1   1279.6   0.799
20260406233549     16   1055.0   1070.0   20.0     33.5   1319.2   1326.6   0.808
20260406233549     19    585.0    600.0   20.0     45.9    959.4    959.8   0.669
20260406233549     23    190.0    210.0   20.0     23.2   1033.8   1140.1   0.662
20260406233549     23    250.0    275.0   20.0     78.4   1145.7   1039.2   0.898
20260406233549     23    310.0    325.0   20.0     41.7   1105.3   1066.2   0.691
20260406233549     23    370.0    385.0   20.0     24.7   1114.1   1159.3   0.683
20260406233549     23    505.0    525.0   20.0     39.2   1186.9   1199.1   0.593
20260406233549     23    595.0    620.0   20.0    102.8   1231.2    957.5   0.863
20260406233549     27      0.0    405.0   20.0    209.0      0.0   1460.3   0.938
20260406233549     27    440.0    890.0   20.0     81.1   1462.0   1475.4   0.918
20260406233549     27    965.0   1600.0   20.0     72.9   1453.4   1448.8   0.936
20260406233549     27   1645.0   1795.0   20.0     64.7   1475.5   1470.4   0.897
20260406233549     29    400.0    500.0   20.0     83.2    934.7   1172.9   0.816
20260406233549     29    545.0    575.0   20.0     54.0   1183.5   1234.5   0.769
20260406233549     29    700.0    715.0   20.0     23.4   1219.7   1215.6   0.720
20260406233549     29    790.0    815.0   20.0     57.1   1202.1   1241.8   0.797
20260406233549     29    875.0    890.0   20.0     41.3   1232.6   1295.9   0.776
20260406233549     29    950.0    960.0   20.0     24.5   1240.3   1214.1   0.676
20260406233549     29   1085.0   1100.0   20.0    171.4   1246.3    937.3   0.835
20260406233549     30    270.0    345.0   20.0     40.7    941.8    941.2   0.815
20260406233549     30    850.0    865.0   20.0    236.3    942.4    941.3   0.806
20260406233549     30    965.0   1125.0   20.0     65.8    943.9   1212.2   0.837
20260406233549     30   1220.0   1235.0   20.0     49.9   1233.1   1286.1   0.852
20260406233549     30   1380.0   1395.0   20.0     32.3   1286.5   1310.2   0.776
20260406233549     30   1435.0   1450.0   20.0    219.6   1316.7    937.0   0.890
20260406233549     31   1435.0   1450.0   20.0     87.4    936.5    936.4   0.763
20260406233549     31   1755.0   1770.0   20.0    162.1    935.0   1204.9   0.809
20260406233549     32     15.0     30.0   20.0    132.7    940.0    940.2   0.674
20260406233549     32    120.0    145.0   20.0    128.4    940.8    940.6   0.783
20260406233549     32   1630.0   1645.0   20.0     97.3    941.2    941.8   0.782
20260406233549     32   1765.0   1785.0   20.0     36.0    936.8    940.6   0.766
20260406233549     33   1575.0   1610.0   20.0     50.1    940.8    942.1   0.751
20260406233549     33   1765.0   1780.0   20.0    129.0    939.1    939.1   0.789
20260406233549     38    310.0    325.0   20.0     50.7    933.5    932.9   0.715
20260406233549     39     60.0     90.0   20.0     45.5    936.2    936.5   0.776
20260406233549     39    275.0    290.0   20.0    160.0    933.9    936.8   0.860
20260406233549     39    815.0    835.0   20.0    102.2    938.2    937.8   0.819
20260406233549     39    915.0    940.0   20.0     49.8    938.2    939.8   0.743
20260406233549     39   1250.0   1275.0   20.0    154.0    936.2   1243.4   0.838
20260406233549     40    825.0    840.0   20.0     27.3    923.0    924.9   0.538
20260406233549     40   1140.0   1200.0   20.0    232.5    924.5    922.3   0.846
20260406233549     40   1295.0   1355.0   20.0    148.2    927.0   1073.8   0.812
20260406233549     40   1690.0   1705.0   20.0     27.6   1232.4   1250.3   0.920
20260406233549     41    170.0    185.0   20.0     54.3    925.6    965.2   0.577
20260406233549     41    965.0    995.0   20.0     63.5    928.0    927.9   0.748
20260406233549     41   1455.0   1480.0   20.0     86.5    927.0    930.1   0.785
20260406233549     42   1325.0   1340.0   20.0     53.8    922.8    923.7   0.560
20260406233549     43    355.0    375.0   20.0     50.3    922.8    984.0   0.839
20260406233549     43    440.0    455.0   20.0    130.8    985.3    922.8   0.771
20260406233549     43   1530.0   1545.0   20.0     26.4    925.5    961.7   0.758
20260406233549     43   1610.0   1670.0   20.0    166.7   1010.4    933.2   0.866
20260406233549     46      0.0     50.0   20.0    152.4      0.0   1610.0   0.854
20260406233549     46     85.0    100.0   20.0    162.3   1611.8   1607.4   0.851
20260406233549     46    155.0    170.0   20.0    146.4   1603.4   1616.1   0.855
20260406233549     46    250.0    265.0   20.0    149.7   1608.1   1610.5   0.860
20260406233549     46    325.0    345.0   20.0    154.3   1604.5   1604.7   0.853
20260406233549     46    435.0    450.0   20.0    159.6   1611.0   1608.6   0.864
20260406233549     46    580.0    595.0   20.0    154.6   1609.2   1607.5   0.863
20260406233549     46    655.0    675.0   20.0    154.9   1607.3   1604.5   0.884
20260406233549     46    725.0    740.0   20.0    144.8   1613.5   1605.5   0.837
20260406233549     46    835.0    850.0   20.0    155.1   1606.2   1605.8   0.840
20260406233549     46    925.0   1795.0   20.0    168.4   1606.1   1608.2   0.933
20260406233549     47     20.0    100.0   20.0    177.0    919.5    920.4   0.809
20260406233549     47   1625.0   1645.0   20.0     99.1    975.3    924.8   0.783
20260406233549     48    735.0    755.0   20.0     41.3    988.1   1041.5   0.829
20260406233549     48   1040.0   1055.0   20.0     46.4   1087.8   1114.0   0.777
20260406233549     48   1130.0   1145.0   20.0    112.4   1104.3    985.7   0.776
20260406233549     49    795.0    810.0   20.0     21.0   1339.0   1336.2   0.926
20260406233549     49    910.0    925.0   20.0     23.2   1335.1   1334.0   0.884
20260406233549     49   1410.0   1425.0   20.0     22.7   1347.0   1342.9   0.891
20260406233549     50    840.0    905.0   20.0    225.2    918.3    922.2   0.833
20260406233549     53      0.0     25.0   20.0    110.4      0.0   1606.0   0.787
20260406233549     53     80.0    140.0   20.0    131.5   1600.8   1623.5   0.830
20260406233549     53    230.0    245.0   20.0    145.5   1616.0   1621.2   0.856
20260406233549     53    315.0    340.0   20.0    120.5   1613.8   1628.1   0.829
20260406233549     53    400.0    485.0   20.0    115.6   1619.8   1643.9   0.864
20260406233549     53    520.0   1800.0   20.0    143.2   1629.0   1624.4   0.895
20260406233549     54   1025.0   1040.0   20.0     42.4    912.3    944.8   0.736
20260406233549     56    820.0    835.0   20.0    237.4    917.8   1384.2   0.895
20260406233549     60    415.0    430.0   20.0     57.2   1276.3   1324.9   0.711
20260406233549     62    785.0    800.0   20.0     26.9    895.7    940.0   0.802
20260406233549     62   1095.0   1150.0   20.0    211.2   1002.3    897.0   0.793
20260406233549     63    140.0    155.0   20.0     55.3    689.9    635.7   0.740
20260406233549     65    225.0   1295.0   20.0    160.1   1294.8   1394.3   0.903
20260406233549     65   1480.0   1555.0   20.0    106.6   1412.2   1394.8   0.912
20260406233549     66    195.0    210.0   20.0     21.4   1207.9   1186.6   0.610
20260406233549     66    800.0    815.0   20.0     21.0   1246.1   1247.4   0.835
20260406233549     66   1050.0   1065.0   20.0     39.8   1248.2   1293.3   0.900
20260406233549     66   1345.0   1360.0   20.0     26.6   1282.0   1347.0   0.892
20260406233549     67     10.0     35.0   20.0    139.4    889.1    891.0   0.769
20260406233549     67    540.0    555.0   20.0     68.6    896.1    895.2   0.720
20260406233549     67    860.0    920.0   20.0     97.9    898.7    900.6   0.829
20260406233549     67   1305.0   1330.0   20.0     51.1    894.6    896.7   0.752
20260406233549     68    405.0    515.0   20.0    264.6    899.4    900.6   0.864
20260406233549     68    580.0    600.0   20.0    216.6    899.5    900.2   0.845
20260406233549     68    640.0    655.0   20.0    100.2    900.3   1166.7   0.781
20260406233549     68    780.0    795.0   20.0    191.4   1184.2    901.4   0.781
20260406233549     68   1565.0   1585.0   20.0    109.3    902.1   1065.9   0.823
20260406233549     69   1220.0   1235.0   20.0     42.8    957.5    911.1   0.717
20260406233549     69   1410.0   1435.0   20.0     91.1    950.2   1135.9   0.816
20260406233549     69   1600.0   1615.0   20.0    136.8   1208.0    889.5   0.923
20260406233549     71    615.0    670.0   20.0     41.4    890.9    967.6   0.840
20260406233549     71    715.0    755.0   20.0     42.1   1040.4   1145.4   0.844
20260406233549     71   1025.0   1060.0   20.0     73.7   1109.0    891.1   0.907
20260406233549     73    205.0    220.0   20.0     35.2   1131.0   1143.0   0.877
20260406233549     73    305.0    320.0   20.0     22.3   1136.4   1140.9   0.783
20260406233549     73    395.0    410.0   20.0     23.0   1092.2    963.0   0.868
20260406233549     74    915.0   1540.0    1.9    101.8   1349.7   1423.5   0.803
20260406233549     74   1585.0   1595.0    1.3    112.7   1426.9   1434.2   0.474
20260406233549     75     75.0    100.0   20.0     68.1    898.9   1219.0   0.868
20260406233549     75    375.0    390.0   20.0     56.4   1221.1   1235.7   0.878
20260406233549     75    525.0    545.0   20.0     25.9   1330.4   1319.4   0.793
20260406233549     75    580.0    595.0   20.0     27.8   1324.6   1347.9   0.487
20260406233549     75    695.0    750.0   20.0    110.3   1440.4   1506.7   0.678
20260406233549     77    585.0    600.0   20.0     36.4    890.0    890.2   0.734
20260406233549     77   1185.0   1200.0   20.0     91.3    893.1    892.2   0.774
20260406233549     78    455.0    470.0   20.0     62.7    899.0    900.4   0.573
20260406233549     78    670.0    715.0   20.0    131.7    900.6    901.4   0.777
20260406233549     78   1080.0   1115.0   20.0    180.2    902.6    902.9   0.791
20260406233549     79   1705.0   1745.0   20.0     72.7    896.7    895.1   0.730
20260406233549     80    465.0    490.0   20.0     77.1    897.0    906.7   0.846
20260406233549     81    410.0    425.0   20.0     64.7    890.7    891.3   0.831
20260406233549     82    750.0    810.0   20.0     98.2    885.4    887.5   0.845
20260406233549     83    815.0    875.0   20.0    125.8    887.6   1041.9   0.908
20260406233549     83   1005.0   1040.0   20.0    218.9   1049.1    888.6   0.790
20260406233549     84     10.0     35.0   20.0    107.1    892.5    892.9   0.851
20260406233549     84    755.0    770.0   20.0     26.9    896.3    969.2   0.776
20260406233549     84    850.0    910.0   20.0     44.5   1007.0   1066.5   0.871
20260406233549     84   1120.0   1135.0   20.0     34.6   1086.2   1088.5   0.828
20260406233549     84   1185.0   1200.0   20.0     20.4   1097.4   1092.0   0.756
20260406233549     84   1325.0   1340.0   20.0     29.8   1110.9   1137.2   0.842
20260406233549     85    960.0    975.0   20.0     75.6    884.8    885.4   0.834
20260406233549     86   1150.0   1175.0   20.0     79.4    880.0    882.3   0.792
20260406233549     89   1310.0   1325.0   20.0     20.6   1268.0   1290.6   0.909
20260406233549     91    955.0    985.0   20.0     95.2    891.3    893.1   0.764
20260406233549     95   1680.0   1695.0   20.0     21.4   1192.6   1194.5   0.878
20260406233549     96   1680.0   1695.0   20.0     60.5    885.6    886.0   0.696
20260406233549     98   1200.0   1250.0   20.0     52.0   1521.6   1593.4   0.855
20260406233549     99   1060.0   1080.0   20.0    190.8    884.1   1255.6   0.765
20260406233549    100    490.0    510.0   20.0     76.6    880.0    881.9   0.777
20260406233549    101   1305.0   1380.0   20.0     29.9    908.2    891.7   0.798
20260406233549    102   1180.0   1195.0   20.0     37.2    893.1    891.6   0.812
20260406233549    102   1525.0   1540.0   20.0     47.7    899.6    892.4   0.631
20260406233549    105    215.0    250.0   20.0    110.4    880.4    880.9   0.805
20260406233549    105    380.0    410.0   20.0    198.7    881.3    881.1   0.858
20260406233549    105   1345.0   1360.0   20.0     27.3    886.9    943.3   0.829
20260406233549    105   1460.0   1475.0   20.0     98.7   1055.9   1171.3   0.631
20260406233549    105   1740.0   1755.0   20.0     53.8   1103.0    891.9   0.940
20260406233549    106   1120.0   1140.0   20.0     55.2    885.9    886.3   0.769
20260406233549    107    200.0    215.0   20.0     21.4   1304.1   1352.7   0.828
20260406233549    108      0.0    250.0   20.0     71.2      0.0    958.7   0.810
20260406233549    108    320.0    340.0   20.0     46.8    988.1    972.4   0.831
20260406233549    108    380.0    400.0   20.0     47.2    974.9    990.6   0.802
20260406233549    108    575.0    595.0   20.0     46.9    974.3    957.4   0.788
20260406233549    108    675.0    695.0   20.0     48.1    948.0    906.5   0.773
20260406233549    108    750.0    770.0   20.0     46.3    891.4    923.9   0.837
20260406233549    109    190.0    205.0   20.0     25.3    994.5   1023.2   0.795
20260406233549    110     10.0    740.0   20.0    163.3   1301.5   1336.9   0.883
20260406233549    110    790.0    835.0   10.2    118.7   1358.0   1337.0   0.614
20260406233549    110    870.0    990.0   15.2    126.2   1341.5   1327.8   0.646
20260406233549    110   1025.0   1130.0   20.0    168.3   1334.8   1356.9   0.708
20260406233549    110   1220.0   1230.0   20.0    116.1   1332.4   1336.9   0.590
20260406233549    110   1290.0   1760.0   20.0    170.1   1344.0   1349.4   0.794
20260406233549    111    520.0    535.0   20.0     60.4    869.9    871.7   0.805
20260406233549    113    410.0    460.0   10.6     64.9   1386.6   1452.0   0.539
20260406233549    113    780.0    790.0    2.5    179.0   1454.2   1455.9   0.458
20260406233549    113   1055.0   1065.0    1.1    197.9   1452.5   1453.6   0.508
20260406233549    113   1215.0   1225.0    2.1    140.2   1407.0   1410.8   0.498
20260406233549    113   1260.0   1275.0    2.1    147.4   1414.8   1403.8   0.497
20260406233549    113   1325.0   1335.0    1.6    142.3   1408.5   1413.4   0.484
20260406233549    113   1400.0   1800.0   20.0    204.6   1408.2   1288.5   0.804
20260406233549    114    555.0    570.0   20.0     35.7    867.8    867.4   0.683
20260406233549    114   1595.0   1625.0   20.0    132.9    871.2    871.3   0.804
20260406233549    115     95.0    150.0   20.0    108.7    849.2    850.9   0.760
20260406233549    116    645.0    660.0   20.0     29.8   1267.5   1184.5   0.867
20260406233549    118    325.0    340.0   20.0     82.5    906.6   1017.8   0.805
20260406233549    118   1255.0   1270.0   20.0     33.5   1174.7   1172.1   0.762
20260406233549    119    470.0    485.0   20.0    128.7    860.8   1130.5   0.858
20260406233549    120   1675.0   1690.0   20.0     28.8    873.5    907.8   0.757
20260406233549    120   1735.0   1750.0   20.0     68.1    912.6    874.0   0.849
20260406233549    121   1380.0   1395.0   20.0     85.3    867.1   1039.2   0.799
20260406233549    121   1610.0   1625.0   20.0     26.7   1036.8   1073.7   0.834
20260406233549    122    820.0    835.0   20.0     45.5    868.7    869.8   0.744
20260406233549    122   1245.0   1260.0   20.0     61.7    870.1    872.3   0.679
20260406233549    123   1205.0   1380.0   20.0    114.9    908.4    855.3   0.855
20260406233549    125    835.0    850.0   20.0     42.2    858.9    857.8   0.699
20260406233549    127      0.0     10.0   20.0     21.4      0.0   1076.2   0.417
20260406233549    127     60.0    215.0   20.0     84.1   1132.1    869.0   0.875
20260406233549    128    595.0    610.0   20.0     67.9    868.5    860.2   0.673
20260406233549    129   1610.0   1635.0   20.0     89.2    874.0    875.2   0.853
20260406233549    131    135.0    150.0   20.0     41.9    765.8    740.7   0.824
20260406233549    132      0.0     20.0   20.0    136.8      0.0    864.6   0.866
20260406233549    132   1185.0   1200.0   20.0     55.3    887.2    872.0   0.769
20260406233549    133   1140.0   1155.0   20.0     43.1    896.4    863.2   0.704
20260406233549    134   1155.0   1195.0   20.0    173.1    892.0    886.9   0.871
20260406233549    135    420.0    525.0   20.0     38.3    863.2   1159.1   0.781
20260406233549    135    565.0    585.0   20.0    137.9   1209.9    868.0   0.873
20260406233549    135    720.0    765.0   20.0     40.1    864.3    953.5   0.847
20260406233549    135    805.0    815.0   20.0     20.1   1000.9   1016.0   0.678
20260406233549    135   1145.0   1170.0   20.0     71.9    995.9   1163.5   0.820
20260406233549    135   1265.0   1285.0   20.0     52.9   1184.3   1188.2   0.917
20260406233549    136    280.0    295.0   20.0     22.0    964.9    999.4   0.827
20260406233549    137   1505.0   1525.0   20.0     40.4    869.7    867.3   0.768
20260406233549    138    165.0    195.0   20.0    127.0    868.9    870.0   0.794
20260406233549    138    900.0    915.0   20.0     52.6    869.1    869.2   0.760
20260406233549    140    440.0    455.0   20.0     28.9    868.5    925.7   0.746
20260406233549    140    490.0    540.0   20.0     24.4    930.1    937.4   0.807
20260406233549    140    625.0    640.0   20.0     26.4    986.9    991.9   0.769
20260406233549    140    780.0    800.0   20.0     56.2   1037.4   1097.9   0.816
20260406233549    140    845.0    860.0   20.0     21.2   1066.8   1075.4   0.775
20260406233549    141    475.0    500.0   20.0     69.8    877.6    880.1   0.750
20260406233549    141    625.0    640.0   20.0     33.2    886.9    877.7   0.564
20260406233549    142   1325.0   1345.0   20.0    171.8    873.0    874.1   0.795
20260406233549    143    125.0    315.0   20.0    176.8    869.7    870.4   0.876
20260406233549    143    585.0    600.0   20.0     67.9    873.5    873.0   0.736
20260406233549    143    790.0    805.0   20.0     65.0    873.8    874.0   0.784
20260406233549    144    510.0    530.0   20.0     37.2    871.2    872.7   0.819
20260406233549    144    970.0   1010.0   20.0     43.5    875.9    873.6   0.769
20260406233549    145    115.0    130.0   20.0     54.8    868.2    942.3   0.757
20260406233549    145    220.0    240.0   20.0     28.2    972.7   1027.9   0.714
20260406233549    145    320.0    400.0   20.0     38.9   1049.6   1069.1   0.770
20260406233549    145    445.0    460.0   20.0     27.8   1073.7   1091.1   0.790
20260406233549    145    515.0    530.0   20.0     28.2   1143.0   1146.8   0.657
20260406233549    147   1760.0   1775.0   20.0     85.2    876.2   1254.3   0.842
20260406233549    148   1125.0   1140.0   20.0     54.3    888.8    888.4   0.828
20260406233549    149    395.0    460.0   20.0     97.7    883.6   1236.1   0.874
20260406233549    152    165.0    210.0   20.0     63.9    879.4    879.6   0.828
20260406233549    153      5.0     20.0   20.0     48.5    881.3    938.8   0.749
20260406233549    153    500.0    515.0   20.0     23.3   1055.9   1059.5   0.761
20260406233549    154   1065.0   1075.0   20.0     21.3    889.8    891.0   0.403
20260406233549    154   1445.0   1465.0   20.0    100.7    890.9   1141.1   0.806
20260406233549    156   1290.0   1365.0   20.0    153.2    883.7    890.9   0.884
20260406233549    160    180.0    195.0   20.0     24.7   1150.4   1162.6   0.597
20260406233549    162      0.0     90.0   20.0     45.2      0.0   1259.4   0.935
20260406233549    162    130.0    140.0   20.0     22.8   1276.5   1282.0   0.826
20260406233549    162    495.0    510.0   20.0     22.3   1241.6   1245.1   0.858
20260406233549    163    470.0    485.0   20.0     30.6    892.0    951.7   0.788
20260406233549    163    530.0    545.0   20.0    145.8    978.6    892.2   0.761
20260406233549    164     95.0    110.0   20.0     70.5    947.2    948.4   0.756
20260406233549    165    525.0    540.0   20.0     24.8   1222.8   1253.2   0.833
20260406233549    167   1230.0   1245.0   20.0     21.5    913.9    912.4   0.470
20260406233549    167   1305.0   1325.0   20.0    104.6    912.8   1050.7   0.843
20260406233549    167   1565.0   1600.0   20.0     42.8   1062.3   1178.3   0.778
20260406233549    167   1720.0   1745.0   20.0    127.6   1193.3    918.6   0.916
20260406233549    168     50.0     70.0   20.0     89.4    902.5    902.2   0.885
20260406233549    168    580.0    595.0   20.0    141.2    901.7    904.3   0.719
20260406233549    169   1205.0   1220.0   20.0     45.8    899.3    921.9   0.778
20260406233549    169   1335.0   1355.0   20.0    117.5    902.3    901.7   0.883
20260406233549    170    685.0    700.0   20.0     64.4    904.1    906.1   0.777
20260406233549    171    120.0    280.0   20.0     75.7    917.3   1156.1   0.766
20260406233549    171    350.0    365.0   20.0     38.0   1155.5   1150.8   0.730
20260406233549    171    560.0    575.0   20.0     36.8   1171.6   1191.4   0.789
20260406233549    171    680.0    695.0   20.0     30.6   1241.7   1186.9   0.913
20260406233549    171    900.0    950.0   20.0     29.5   1216.1   1329.6   0.767
20260406233549    173    830.0    845.0   20.0     20.4    997.9    999.0   0.554
20260406233549    174      0.0     30.0   20.0     42.9      0.0   1150.8   0.895
20260406233549    174     70.0     80.0   20.0     38.2   1149.0   1209.6   0.461
20260406233549    174    155.0    170.0   20.0     88.9   1200.1   1194.0   0.619
20260406233549    175    760.0    775.0   20.0     65.1    912.1    913.0   0.728
20260406233549    176    910.0    970.0   20.0    121.6    914.0   1211.6   0.847
20260406233549    176   1055.0   1100.0   20.0     21.9   1207.2   1260.8   0.701
20260406233549    177    545.0    560.0   20.0     29.9    925.3    980.4   0.807
20260406233549    177    605.0    625.0   20.0     71.8    994.6    919.0   0.821
20260406233549    177    945.0    960.0   20.0     28.7    917.7   1032.4   0.831
20260406233549    177   1210.0   1225.0   20.0     41.7   1053.6   1060.8   0.739
20260406233549    177   1495.0   1530.0   20.0     45.0   1128.0   1180.7   0.902
20260406233549    178    950.0    965.0   20.0    119.0    922.5   1203.0   0.861
20260406233549    179    805.0    860.0   20.0     61.7    925.6    925.5   0.760
20260406233549    182   1695.0   1710.0   20.0     41.0   1397.2   1391.4   0.882
20260406233549    183    485.0    540.0   20.0     29.2    924.2   1024.9   0.784
20260406233549    183    625.0    640.0   20.0     23.4   1038.9   1057.6   0.558
20260406233549    183    745.0    805.0   20.0     58.5   1053.1   1105.4   0.818
20260406233549    183    900.0    915.0   20.0    132.7   1172.7    924.3   0.779
20260406233549    184      0.0    835.0   20.0    240.5      0.0   1790.9   0.885
20260406233549    184   1075.0   1800.0   19.7    186.1   1778.5   1770.5   0.872
20260406233549    186     15.0     30.0   20.0     36.1    859.9    888.5   0.793
20260406233549    186   1285.0   1300.0   20.0     25.0    779.0    783.0   0.638
20260406233549    189    600.0    620.0   20.0    116.0    942.1   1182.3   0.865
20260406233549    189   1165.0   1185.0   20.0    104.1   1334.4    941.5   0.956
20260406233549    191    265.0    310.0   20.0    243.4    933.0    933.2   0.784
20260406233549    192   1565.0   1580.0   20.0     24.0    963.3    956.0   0.474
20260406233549    193   1250.0   1265.0   20.0     83.9    937.1   1035.1   0.778
20260406233549    193   1330.0   1345.0   20.0     31.4   1090.7   1142.6   0.748
20260406233549    193   1695.0   1775.0   20.0     71.4   1152.1   1343.2   0.751
20260406233549    197     10.0   1785.0   20.0     97.1   1511.8   1525.7   0.934
20260406233549    204   1325.0   1345.0   20.0     67.4    972.4    973.2   0.830
20260406233549    205    155.0    205.0   20.0     43.3    975.4   1129.3   0.838
20260406233549    205    280.0    295.0   20.0     21.6   1187.3   1203.2   0.636
20260406233549    205    565.0    580.0   20.0     28.3   1260.0   1323.5   0.779
20260406233549    205    670.0    690.0   20.0     28.8   1333.1   1358.0   0.741
20260406233549    205    735.0    750.0   20.0     35.9   1360.3   1440.5   0.808
20260406233549    206    915.0    930.0   20.0     31.9    987.5   1104.7   0.871
20260406233549    206    970.0    985.0   20.0     30.3   1119.3   1212.7   0.797
20260406233549    206   1220.0   1315.0   20.0     81.7   1000.0   1243.3   0.794
20260406233549    206   1350.0   1360.0   20.0     20.6   1255.3   1257.3   0.549
20260406233549    206   1410.0   1425.0   20.0     35.6   1272.4   1319.1   0.847
20260406233549    206   1635.0   1655.0   20.0    128.4   1285.6    965.2   0.929
20260406233549    208    155.0    190.0   20.0     94.7   1373.4   1375.2   0.826
20260406233549    208    505.0    570.0   20.0     95.1   1373.4   1376.7   0.767
20260406233549    208   1680.0   1695.0   20.0     21.6   1371.8   1397.8   0.789
20260406233549    214   1720.0   1730.0   20.0     23.4    607.9    551.0   0.428
20260406233549    215      0.0     10.0   20.0     25.8      0.0   1184.6   0.789
20260406233549    215     85.0    100.0   20.0    129.3   1132.4   1263.9   0.831
20260406233549    216   1420.0   1455.0   20.0     69.4   1066.5   1068.0   0.777
20260406233549    217    180.0    225.0   20.0     67.9   1061.0   1200.3   0.842
20260406233549    217    700.0    715.0   20.0     26.4   1231.9   1324.1   0.711
20260406233549    220     80.0    145.0   20.0    149.6   1006.3   1006.5   0.850
20260406233549    220   1045.0   1070.0   20.0    107.8   1004.7   1534.0   0.888
20260406233549    221    130.0    150.0   20.0     83.2   1022.8   1022.0   0.711
20260406233549    225    350.0    365.0   20.0     26.1    671.9    677.0   0.556
20260406233549    225   1065.0   1080.0   20.0     27.3    683.0    687.7   0.718
20260406233549    225   1565.0   1580.0   20.0    111.9    678.5    950.9   0.742
20260406233549    227   1315.0   1330.0   20.0    106.9   1044.8   1106.0   0.794
20260406233549    228   1300.0   1315.0   20.0     88.9   1029.7   1252.9   0.808
20260406233549    228   1420.0   1430.0   20.0     22.7   1265.0   1271.3   0.414
20260406233549    228   1665.0   1760.0   20.0    135.1   1286.9   1128.2   0.918
20260406233549    232     80.0    110.0   20.0     55.8   1105.7   1105.2   0.789
20260406233549    232   1250.0   1265.0   20.0     23.1   1102.7   1095.7   0.468
20260406233549    234   1165.0   1180.0   20.0     35.3   1040.6   1040.7   0.697
20260406233549    235    160.0    175.0   20.0     84.8   1040.3   1040.6   0.729
20260406233549    235    330.0    345.0   20.0     82.6   1038.9   1162.7   0.743
20260406233549    235    440.0    545.0   20.0     37.9   1182.0   1391.9   0.871
20260406233549    235   1580.0   1595.0   20.0     51.5   1379.9   1447.3   0.802
20260406233549    236    365.0    380.0   20.0     20.4   1495.9   1496.3   0.824
20260406233549    236    610.0    625.0   20.0     21.1   1523.7   1506.5   0.834
20260406233549    238    595.0    615.0   20.0     79.7   1054.0   1047.3   0.726
20260406233549    239    190.0    205.0   20.0     69.4   1065.1   1064.2   0.705
20260406233549    239    670.0    685.0   20.0     57.0   1062.3   1061.1   0.639
20260406233549    239    755.0    775.0   20.0     50.8   1067.2   1061.8   0.769
20260406233549    242     75.0     90.0   20.0     69.6   1132.2   1067.4   0.747
20260406233549    243      0.0    800.0   20.0    204.0      0.0   2119.8   0.936
20260406233549    243    985.0   1535.0   20.0    254.3   2108.8   2110.1   0.950
20260406233549    243   1585.0   1800.0   20.0    206.2   2110.2   2009.6   0.943
20260406233549    244    710.0    725.0   20.0     23.6   1611.2   1600.5   0.757
20260406233549    244    810.0    825.0   20.0     31.7   1595.2   1628.1   0.698
20260406233549    245     25.0     55.0   20.0    274.8   1081.0   1078.6   0.824
20260406233549    245   1455.0   1470.0   20.0     60.8   1081.6   1081.1   0.654
20260406233549    246     70.0     85.0   20.0     22.9   1069.1   1068.3   0.471
20260406233549    246   1525.0   1555.0   20.0     92.6   1055.8   1055.5   0.770
20260406233549    248    260.0    275.0   20.0     38.9   1751.6   1739.6   0.873
20260406233549    248   1115.0   1130.0   20.0     22.9   1749.0   1735.3   0.911
20260406233549    251     40.0     55.0   20.0     85.1   1104.0   1103.2   0.762
20260406233549    253    495.0    520.0   20.0    128.0   1094.1   1092.9   0.793
20260406233549    254   1685.0   1705.0   20.0     53.7   1086.3   1086.7   0.805
20260406233549    255    160.0    175.0   20.0     34.3   1554.2   1567.3   0.747
20260406233549    255   1690.0   1705.0   20.0     24.8   1629.3   1642.8   0.821
20260407000912      1    610.0    625.0   20.0     26.8   1039.8   1020.0   0.710
20260407000912      1    895.0    910.0   20.0    114.7   1024.7   1228.4   0.787
20260407000912      2     25.0     40.0   20.0     31.3   1379.3   1396.6   0.759
20260407000912      2    105.0    155.0   20.0     33.1   1377.4   1371.6   0.838
20260407000912      2   1220.0   1235.0   20.0     44.1   1345.4   1391.5   0.813
20260407000912      2   1735.0   1750.0   20.0     27.3   1353.7   1374.6   0.686
20260407000912      3    610.0    625.0   20.0    108.0   1049.2   1483.3   0.884
20260407000912      4    305.0    320.0   20.0     21.2   1351.9   1361.8   0.523
20260407000912      4    575.0    590.0   20.0     48.9   1377.1   1398.9   0.745
20260407000912      5    200.0    215.0   20.0     47.1   1001.2   1080.1   0.779
20260407000912      5    745.0    765.0   20.0     46.4   1111.3   1258.2   0.851
20260407000912      5    900.0    915.0   20.0     21.7   1381.4   1401.2   0.724
20260407000912      6    785.0    800.0   20.0    106.3    990.5    989.3   0.822
20260407000912      8    815.0    830.0   20.0     25.2    975.7   1022.8   0.817
20260407000912      8    900.0    965.0   20.0     23.9   1035.6   1117.9   0.850
20260407000912      8   1015.0   1030.0   20.0     21.3   1152.1   1170.2   0.516
20260407000912      8   1110.0   1125.0   20.0     26.4   1215.8   1236.0   0.777
20260407000912      8   1585.0   1600.0   20.0     36.4   1292.1   1279.4   0.733
20260407000912      8   1655.0   1670.0   20.0     25.0   1276.7   1299.2   0.849
20260407000912      8   1745.0   1760.0   20.0     21.6   1293.7   1298.5   0.700
20260407000912      9    665.0    685.0   20.0     64.8    971.5    977.0   0.861
20260407000912     13    390.0    410.0   20.0     87.7   1336.0   1333.6   0.886
20260407000912     13    720.0    735.0   20.0     26.9   1333.6   1358.0   0.726
20260407000912     13    825.0    835.0   20.0     67.9   1348.9   1347.9   0.576
20260407000912     13   1710.0   1725.0   20.0     59.5   1344.5   1417.4   0.829
20260407000912     14   1680.0   1700.0   20.0     62.4    967.6    968.0   0.741
20260407000912     15    280.0    295.0   20.0     61.9   1374.5   1404.4   0.811
20260407000912     16    290.0    325.0   20.0    233.5    970.6   1291.7   0.848
20260407000912     16    555.0    570.0   20.0     61.0   1319.9   1331.5   0.786
20260407000912     18    150.0    175.0   20.0     52.7    954.7    955.7   0.753
20260407000912     20    570.0    585.0   20.0     20.8    965.7    994.1   0.713
20260407000912     20    630.0    645.0   20.0     80.1    995.5    993.0   0.755
20260407000912     23     80.0    105.0   20.0    168.7    953.4    954.4   0.705
20260407000912     23    765.0    785.0   20.0    131.9    956.2    956.5   0.822
20260407000912     23   1405.0   1445.0   20.0     76.0    959.4    959.6   0.750
20260407000912     24    820.0    840.0   20.0    113.2    969.0   1282.6   0.907
20260407000912     24    900.0    935.0   20.0     24.8   1345.0   1335.4   0.615
20260407000912     25    855.0    875.0   20.0     49.6   1070.0   1157.4   0.936
20260407000912     25   1230.0   1260.0   20.0     52.1   1194.0   1206.3   0.813
20260407000912     27      0.0   1470.0   20.0     69.2      0.0   1428.1   0.930
20260407000912     27   1510.0   1775.0   20.0     64.5   1428.1   1413.2   0.905
20260407000912     29    680.0    695.0   20.0     38.9    934.1    933.2   0.742
20260407000912     31   1555.0   1570.0   20.0     70.1    935.0    948.0   0.662
20260407000912     33    845.0    945.0   20.0     84.6    946.7   1182.0   0.882
20260407000912     33   1095.0   1115.0   20.0     32.2   1222.8   1231.5   0.813
20260407000912     33   1240.0   1255.0   20.0     81.0   1222.6   1387.9   0.793
20260407000912     33   1445.0   1460.0   20.0     48.8   1265.1    940.9   0.947
20260407000912     34    295.0    320.0   20.0     58.1    976.3    976.8   0.842
20260407000912     34    365.0    385.0   20.0     58.4    975.6    976.7   0.810
20260407000912     35    215.0    230.0   20.0     20.3   1168.5   1259.8   0.880
20260407000912     38    355.0    435.0   20.0    236.3    925.0    927.2   0.763
20260407000912     38    890.0    905.0   20.0     78.0    928.8    928.4   0.640
20260407000912     38   1000.0   1025.0   20.0     51.3    928.9    928.2   0.748
20260407000912     39      0.0     20.0   20.0    181.4      0.0    926.9   0.838
20260407000912     39   1265.0   1280.0   20.0    110.7    936.2    936.2   0.821
20260407000912     40    280.0    295.0   20.0     21.7   1202.7   1234.0   0.776
20260407000912     40    465.0    480.0   20.0     24.0   1263.9   1275.8   0.732
20260407000912     40    885.0    900.0   20.0     23.1   1326.5   1324.5   0.530
20260407000912     41   1330.0   1345.0   20.0     50.9    921.0    989.3   0.772
20260407000912     41   1525.0   1560.0   20.0    186.3   1024.8    922.5   0.886
20260407000912     42     10.0     60.0   20.0    148.0    914.4    912.4   0.815
20260407000912     42   1740.0   1795.0   20.0    124.2    927.9    932.0   0.789
20260407000912     43    985.0   1040.0   20.0    146.4    915.1   1250.2   0.916
20260407000912     46      0.0     40.0   20.0    102.2      0.0   1679.1   0.876
20260407000912     46    125.0    245.0   20.0     98.9   1669.2   1626.7   0.889
20260407000912     46    285.0   1800.0   20.0     84.9   1627.6   1607.9   0.931
20260407000912     47    255.0    310.0   20.0     79.5    908.5    909.1   0.782
20260407000912     47    560.0    575.0   20.0     69.4    913.7    911.2   0.787
20260407000912     47    935.0    950.0   20.0    106.6    913.7    913.5   0.739
20260407000912     51    300.0    390.0   20.0     91.2    901.2   1225.9   0.819
20260407000912     51   1635.0   1650.0   20.0     64.1   1253.4   1249.9   0.731
20260407000912     52    145.0    160.0   20.0     60.1    896.1   1010.4   0.765
20260407000912     52    245.0    280.0   20.0    243.8   1161.5    896.7   0.807
20260407000912     52   1785.0   1800.0   20.0     30.2    920.6    953.4   0.786
20260407000912     53     70.0     95.0   20.0    139.3   1576.3   1592.4   0.860
20260407000912     53    285.0    305.0   20.0    125.7   1583.5   1599.6   0.837
20260407000912     53    470.0    500.0   20.0    134.0   1587.7   1603.7   0.855
20260407000912     53    535.0   1420.0   20.0    123.7   1591.9   1650.3   0.862
20260407000912     53   1550.0   1570.0   20.0    130.5   1586.0   1608.3   0.856
20260407000912     53   1625.0   1700.0   20.0    133.5   1585.3   1606.3   0.871
20260407000912     53   1740.0   1760.0   20.0    131.7   1587.8   1644.7   0.845
20260407000912     54   1015.0   1045.0   20.0     80.9    908.9    996.1   0.780
20260407000912     54   1170.0   1185.0   20.0     84.4   1003.8   1069.4   0.772
20260407000912     54   1685.0   1700.0   20.0     90.9   1127.0   1229.9   0.746
20260407000912     56   1340.0   1360.0   20.0    232.8    913.5   1365.6   0.895
20260407000912     58    705.0    720.0   20.0     85.2    908.3    910.4   0.777
20260407000912     58    960.0    980.0   20.0     43.3    907.8    911.3   0.858
20260407000912     62   1715.0   1735.0   20.0    168.7    893.1    890.9   0.833
20260407000912     63    445.0    485.0   20.0     23.1    653.5    797.8   0.840
20260407000912     63    775.0    790.0   20.0     33.3    846.2    670.3   0.928
20260407000912     63   1260.0   1275.0   20.0     25.4    643.3    640.7   0.846
20260407000912     65   1140.0   1155.0   20.0     59.7    975.8    975.6   0.797
20260407000912     66   1505.0   1520.0   20.0     78.6   1215.5   1215.3   0.741
20260407000912     67   1580.0   1610.0   20.0     69.3    890.9    893.1   0.759
20260407000912     68    670.0    700.0   20.0    146.5    891.6    893.5   0.790
20260407000912     69    105.0    125.0   20.0     33.0    870.0    871.4   0.741
20260407000912     69    310.0    325.0   20.0     27.3    872.7    912.4   0.768
20260407000912     69    375.0    385.0   20.0     21.2    929.3   1066.5   0.401
20260407000912     69    535.0    550.0   20.0     26.2   1135.0   1155.1   0.636
20260407000912     69    635.0    650.0   20.0     33.8   1211.5   1214.3   0.662
20260407000912     71    610.0    635.0   20.0    132.0    878.0    880.0   0.843
20260407000912     71    820.0    875.0   20.0     81.3    884.5   1179.9   0.836
20260407000912     77   1655.0   1675.0   20.0    135.1    888.1    886.7   0.924
20260407000912     78    415.0    430.0   20.0     44.0    888.7    888.3   0.678
20260407000912     78   1675.0   1690.0   20.0    147.6    894.4   1381.6   0.874
20260407000912     79      0.0     15.0   20.0    146.6      0.0    877.3   0.767
20260407000912     79    120.0    195.0   20.0     46.8    875.3   1017.8   0.803
20260407000912     79    230.0    245.0   20.0    126.9   1040.8    877.8   0.800
20260407000912     79    560.0    595.0   20.0     30.5    891.0    890.2   0.817
20260407000912     79   1015.0   1030.0   20.0     22.0    921.0    895.2   0.758
20260407000912     79   1750.0   1765.0   20.0     21.3    917.6    926.2   0.592
20260407000912     80   1120.0   1230.0   20.0     42.1    902.2   1151.6   0.835
20260407000912     80   1265.0   1275.0   20.0     22.9   1136.5   1149.8   0.571
20260407000912     80   1445.0   1465.0   20.0    280.6   1164.1   1469.3   0.762
20260407000912     81    885.0    900.0   20.0     42.1    886.7    942.4   0.762
20260407000912     81   1035.0   1095.0   20.0     52.4   1017.9   1054.8   0.864
20260407000912     81   1605.0   1620.0   20.0     78.3   1123.2    891.3   0.944
20260407000912     82    410.0    430.0   20.0     38.6    873.5    873.3   0.744
20260407000912     82   1290.0   1360.0   20.0     45.1    881.5    985.5   0.835
20260407000912     82   1440.0   1455.0   20.0     22.8   1008.0   1043.2   0.459
20260407000912     82   1680.0   1695.0   20.0     67.9   1030.8   1030.3   0.591
20260407000912     83   1060.0   1075.0   20.0    100.1    883.0   1088.4   0.814
20260407000912     84    340.0    420.0   20.0    201.5    880.2   1092.3   0.818
20260407000912     85      5.0     20.0   20.0    120.4    990.6    866.1   0.758
20260407000912     85   1330.0   1355.0   20.0     75.4    877.8    878.9   0.746
20260407000912     85   1400.0   1535.0   20.0    183.4    877.7    880.5   0.869
20260407000912     86   1570.0   1585.0   20.0     44.2    881.2    879.8   0.720
20260407000912     89    920.0    930.0   20.0     20.5   1305.6   1331.6   0.845
20260407000912     90    415.0    430.0   20.0     43.2   1367.2   1312.4   0.744
20260407000912     94      0.0     10.0   20.0     34.6      0.0   1589.9   0.740
20260407000912     94     45.0    105.0   20.0     92.5   1588.4   1576.7   0.776
20260407000912     94    170.0    230.0   20.0     92.9   1582.1   1579.8   0.771
20260407000912     94    325.0    565.0   20.0     98.6   1574.8   1576.8   0.772
20260407000912     94    650.0    760.0   20.0     86.1   1570.8   1583.2   0.781
20260407000912     94    940.0   1025.0   20.0    100.6   1573.8   1576.9   0.811
20260407000912     94   1060.0   1115.0   20.0     86.2   1570.8   1577.8   0.795
20260407000912     94   1225.0   1370.0   20.0     97.3   1571.1   1582.0   0.849
20260407000912     94   1410.0   1550.0   20.0     80.2   1573.8   1585.6   0.819
20260407000912     94   1585.0   1610.0   20.0     67.6   1584.5   1594.3   0.787
20260407000912     94   1650.0   1795.0   20.0     78.5   1579.7   1585.1   0.819
20260407000912     95    300.0    320.0   20.0    128.9    865.6   1193.2   0.823
20260407000912     96    205.0    220.0   20.0     40.3    865.4    937.3   0.752
20260407000912     96    415.0    440.0   20.0     46.8    960.8   1054.0   0.861
20260407000912     97   1585.0   1615.0   20.0     96.6    884.4   1219.9   0.926
20260407000912    100    155.0    175.0   20.0     83.7    863.5   1039.1   0.796
20260407000912    101    110.0    150.0   20.0     41.1    857.2    928.7   0.818
20260407000912    101    185.0    200.0   20.0     37.6    949.2    963.6   0.775
20260407000912    101    285.0    300.0   20.0     21.8    978.0   1017.7   0.821
20260407000912    103   1675.0   1690.0   20.0     88.7   1648.3   1512.4   0.803
20260407000912    105    405.0    420.0   20.0    101.8    868.9    869.1   0.781
20260407000912    105    760.0    775.0   20.0     35.4    875.4    944.2   0.790
20260407000912    105    825.0    840.0   20.0    112.3    999.7    876.5   0.814
20260407000912    106    600.0    615.0   20.0     43.1    872.6    873.5   0.802
20260407000912    109    655.0    675.0   20.0     68.3    871.4    872.8   0.815
20260407000912    109   1215.0   1230.0   20.0     55.4    869.9    869.7   0.748
20260407000912    110      0.0    235.0   20.0    146.0      0.0   1258.6   0.904
20260407000912    110    270.0    375.0   20.0    135.6   1250.4   1284.1   0.829
20260407000912    111   1360.0   1375.0   20.0     95.3    873.9    872.3   0.752
20260407000912    113    190.0    205.0   20.0     23.7   1012.9   1077.4   0.826
20260407000912    114     15.0     30.0   20.0    218.4   1141.9    871.9   0.802
20260407000912    115   1485.0   1550.0   20.0    182.3    869.5    867.4   0.807
20260407000912    119    220.0    235.0   20.0     83.9    869.5    869.7   0.773
20260407000912    119    705.0    720.0   20.0     20.6   1012.7    993.5   0.684
20260407000912    119    775.0    790.0   20.0     46.6    997.8   1009.8   0.815
20260407000912    119    945.0    960.0   20.0     20.7   1112.1   1114.7   0.793
20260407000912    119   1050.0   1065.0   20.0     27.3   1119.9   1125.5   0.683
20260407000912    119   1280.0   1295.0   20.0     22.4   1176.4   1171.9   0.595
20260407000912    120      0.0     85.0   20.0    151.0      0.0   1042.1   0.766
20260407000912    120    240.0    255.0   20.0     27.9   1011.5   1042.6   0.697
20260407000912    120    540.0    565.0   20.0    104.2   1029.5   1139.8   0.856
20260407000912    120    790.0    805.0   20.0     24.6   1045.6   1042.4   0.773
20260407000912    120   1565.0   1580.0   20.0     21.1   1082.0   1101.8   0.783
20260407000912    120   1730.0   1745.0   20.0     39.2   1102.7   1073.6   0.613
20260407000912    124    155.0    170.0   20.0    181.8    860.2   1251.5   0.943
20260407000912    125    140.0    155.0   20.0    113.6    862.1    861.4   0.699
20260407000912    125   1530.0   1550.0   20.0     90.2    874.9    876.2   0.853
20260407000912    125   1730.0   1760.0   20.0     68.3    876.6    880.6   0.823
20260407000912    126   1575.0   1585.0   20.0     67.5    878.0    877.8   0.593
20260407000912    127   1250.0   1265.0   20.0    247.5    889.7    884.4   0.896
20260407000912    128   1635.0   1650.0   20.0     39.7   1051.4   1035.6   0.625
20260407000912    129    770.0    785.0   20.0    147.0    877.6    877.5   0.718
20260407000912    133    105.0    125.0   20.0    131.7    861.4    864.6   0.825
20260407000912    133   1620.0   1635.0   20.0     49.8    898.5    892.8   0.769
20260407000912    135    125.0    160.0   20.0     64.2    867.6   1152.6   0.881
20260407000912    135    500.0    510.0   20.0     26.6   1176.9   1180.5   0.920
20260407000912    139    660.0    675.0   20.0    128.6    907.0   1192.2   0.858
20260407000912    140   1120.0   1135.0   20.0    194.2    878.3   1298.3   0.836
20260407000912    141    470.0    530.0   20.0     68.5    889.3    975.9   0.758
20260407000912    142    745.0    770.0   20.0    160.7    885.4    882.8   0.765
20260407000912    143    255.0    310.0   20.0     97.8    881.8   1069.8   0.829
20260407000912    143    400.0    415.0   20.0     34.7   1100.7   1110.3   0.719
20260407000912    144   1115.0   1130.0   20.0     52.4    880.0    881.7   0.735
20260407000912    147    540.0    625.0   20.0    131.7    886.9    885.2   0.854
20260407000912    149    495.0    515.0   20.0     48.9    894.0   1078.8   0.756
20260407000912    151    355.0    370.0   20.0     27.6   1265.7   1358.0   0.921
20260407000912    152    695.0    710.0   20.0    111.3    894.5   1103.9   0.845
20260407000912    153    220.0    235.0   20.0     49.9   1105.4   1169.4   0.720
20260407000912    154     30.0     55.0   20.0    141.9    891.9    889.9   0.867
20260407000912    164   1325.0   1340.0   20.0     22.5    962.0   1015.7   0.905
20260407000912    164   1410.0   1425.0   20.0     73.3   1139.9   1196.5   0.771
20260407000912    166     70.0     85.0   20.0     73.7    905.1   1003.8   0.748
20260407000912    166    675.0    690.0   20.0     21.8   1045.4   1028.2   0.869
20260407000912    167    200.0    240.0   20.0    101.2    912.5   1079.7   0.810
20260407000912    167    310.0    330.0   20.0    164.7   1123.8    913.0   0.845
20260407000912    168     65.0     80.0   20.0     65.2    909.4    908.5   0.712
20260407000912    169   1785.0   1800.0   20.0     38.6    909.7    950.2   0.756
20260407000912    170    960.0    980.0   20.0     27.4    917.2    913.7   0.755
20260407000912    171    525.0    550.0   20.0    204.6   1037.5   1058.2   0.809
20260407000912    171   1295.0   1310.0   20.0     87.5   1141.2   1307.5   0.820
20260407000912    173     10.0     25.0   20.0     35.2   1009.7   1006.5   0.820
20260407000912    173    970.0    985.0   20.0     20.2   1016.1   1004.5   0.736
20260407000912    175    355.0    370.0   20.0     89.4    919.2   1186.7   0.812
20260407000912    175    435.0    450.0   20.0    219.4   1251.1    921.1   0.864
20260407000912    176    700.0    720.0   20.0     50.2    926.1    925.0   0.793
20260407000912    176    965.0    985.0   20.0    129.1    922.7    925.6   0.890
20260407000912    177    105.0    120.0   20.0     46.2    921.0   1003.1   0.779
20260407000912    177    485.0    500.0   20.0     22.4   1054.3   1064.9   0.649
20260407000912    178    445.0    465.0   20.0    205.8    938.9   1386.1   0.896
20260407000912    182     50.0     65.0   20.0     20.6   1348.7   1377.0   0.659
20260407000912    183    940.0    980.0   20.0    105.1    934.5    933.0   0.780
20260407000912    184      0.0   1785.0   20.0    155.9      0.0   1740.9   0.948
20260407000912    186    265.0    280.0   20.0     20.2    775.8    794.2   0.732
20260407000912    189    775.0    805.0   20.0     66.8    950.4   1129.7   0.768
20260407000912    189    860.0    890.0   20.0     79.0   1127.8   1124.0   0.638
20260407000912    189    960.0    975.0   20.0     36.3   1128.2   1146.8   0.787
20260407000912    189   1045.0   1060.0   20.0     23.3   1151.2   1189.9   0.529
20260407000912    189   1140.0   1155.0   20.0     24.0   1197.6   1185.9   0.859
20260407000912    189   1400.0   1460.0   20.0     91.0   1293.7    949.5   0.945
20260407000912    189   1510.0   1525.0   20.0     55.5    950.1   1056.5   0.801
20260407000912    189   1590.0   1620.0   20.0    205.9   1086.2    950.7   0.841
20260407000912    193    325.0    360.0   20.0     28.7    946.2   1092.1   0.900
20260407000912    193    510.0    525.0   20.0     40.6   1129.4   1147.9   0.586
20260407000912    194   1700.0   1730.0   20.0     53.2    944.1    944.5   0.763
20260407000912    195    230.0    245.0   20.0    139.5    956.3   1386.9   0.845
20260407000912    196     15.0     40.0   20.0     33.0   1105.4   1122.0   0.558
20260407000912    196    290.0    305.0   20.0     22.5   1193.8   1217.9   0.634
20260407000912    196    505.0    520.0   20.0     20.2   1285.0   1297.8   0.658
20260407000912    196    650.0    665.0   20.0     29.8   1324.7   1338.1   0.785
20260407000912    196    995.0   1010.0   20.0     57.7   1197.7   1041.2   0.892
20260407000912    197      0.0     15.0   20.0     66.3      0.0   1573.0   0.894
20260407000912    197    865.0    905.0   20.0     37.3   1583.2   1564.5   0.943
20260407000912    197   1460.0   1480.0   20.0     69.4   1570.2   1555.6   0.886
20260407000912    197   1635.0   1650.0   20.0     49.9   1573.4   1574.4   0.925
20260407000912    197   1760.0   1780.0   20.0     57.2   1545.2   1546.2   0.917
20260407000912    199      0.0     20.0   20.0     72.8      0.0   1366.6   0.784
20260407000912    200   1460.0   1475.0   20.0     45.9    963.7    963.6   0.715
20260407000912    200   1530.0   1545.0   20.0     67.1    964.8   1059.1   0.751
20260407000912    200   1590.0   1655.0   20.0     39.6   1076.0   1157.8   0.668
20260407000912    200   1695.0   1710.0   20.0    200.3   1163.2    963.4   0.738
20260407000912    203   1285.0   1300.0   20.0    216.8    972.3   1384.9   0.846
20260407000912    204   1260.0   1275.0   20.0     42.2    978.3    982.1   0.825
20260407000912    205     75.0    120.0   20.0    131.0    981.6   1399.0   0.907
20260407000912    205    915.0    930.0   20.0     20.5   1454.2   1443.1   0.610
20260407000912    205   1125.0   1255.0   20.0    109.5   1463.1   1474.6   0.849
20260407000912    205   1470.0   1480.0   20.0     21.4   1505.4   1477.4   0.597
20260407000912    205   1525.0   1735.0   20.0    244.6   1471.7   1514.7   0.836
20260407000912    208   1325.0   1370.0   20.0    118.2   1386.9   1389.6   0.771
20260407000912    208   1435.0   1450.0   20.0     22.2   1390.9   1385.3   0.751
20260407000912    209   1660.0   1685.0   20.0     37.4   1278.3   1297.4   0.908
20260407000912    210    140.0    160.0   20.0    106.7    984.4    984.8   0.779
20260407000912    214   1005.0   1020.0   20.0     33.9    544.5    551.4   0.763
20260407000912    214   1130.0   1145.0   20.0     26.8    548.0    582.1   0.719
20260407000912    214   1430.0   1445.0   20.0     29.8    616.2    571.6   0.749
20260407000912    215    315.0    330.0   20.0    175.2   1006.9   1493.0   0.872
20260407000912    217    475.0    490.0   20.0    127.0   1268.9   1241.6   0.635
20260407000912    222     35.0     50.0   20.0     35.4   1621.2   1620.7   0.731
20260407000912    222    220.0   1100.0   20.0     85.8   1635.8   1649.6   0.845
20260407000912    222   1345.0   1355.0    3.7     74.5   1665.1   1667.0   0.418
20260407000912    222   1405.0   1800.0    3.5     88.8   1664.1   1681.2   0.627
20260407000912    224   1280.0   1360.0   20.0    109.5   1019.1   1623.6   0.865
20260407000912    224   1400.0   1445.0   20.0     52.7   1625.2   1631.3   0.576
20260407000912    227    220.0    255.0   20.0     27.2   1121.5   1434.3   0.770
20260407000912    227   1460.0   1480.0   20.0    227.5   1073.0   1493.4   0.851
20260407000912    228    725.0    750.0   20.0     40.7   1026.0   1026.2   0.774
20260407000912    228    890.0    905.0   20.0     39.5   1022.5   1024.0   0.777
20260407000912    230   1405.0   1560.0   20.0     59.9   1037.4   1035.6   0.856
20260407000912    233    650.0    680.0   20.0     85.2   1043.9   1043.7   0.678
20260407000912    233   1075.0   1095.0   20.0    104.5   1050.7   1049.8   0.823
20260407000912    235    175.0    190.0   20.0     57.1   1041.8   1042.0   0.795
20260407000912    236    135.0    150.0   20.0     20.6   1461.6   1343.7   0.883
20260407000912    236    470.0    540.0   20.0     83.7   1083.5   1364.4   0.811
20260407000912    236    585.0    600.0   20.0     20.5   1350.8   1363.5   0.819
20260407000912    236    665.0    690.0   20.0     35.1   1350.7   1386.2   0.784
20260407000912    236    740.0    755.0   20.0     21.2   1372.5   1415.3   0.606
20260407000912    236    845.0    860.0   20.0     32.4   1397.2   1420.8   0.743
20260407000912    236   1105.0   1120.0   20.0     53.5   1407.9   1460.3   0.828
20260407000912    238   1665.0   1705.0   20.0     85.8   1168.5   1306.7   0.818
20260407000912    239     25.0     40.0   20.0     71.6   1067.1   1078.2   0.569
20260407000912    239    325.0    340.0   20.0    479.2   1064.7   1064.1   0.764
20260407000912    239   1565.0   1585.0   20.0     76.3   1065.6   1065.3   0.740
20260407000912    242    965.0    980.0   20.0    306.3   1065.0   1183.6   0.789
20260407000912    242   1065.0   1140.0   20.0     33.7   1237.5   1199.2   0.844
20260407000912    242   1275.0   1290.0   20.0     60.8   1243.9   1059.7   0.854
20260407000912    243    225.0    245.0   20.0    177.7   2121.7   2124.5   0.880
20260407000912    243    680.0    710.0   20.0    225.4   2117.4   2127.1   0.929
20260407000912    243    910.0   1015.0   20.0    234.3   2113.5   2111.4   0.942
20260407000912    243   1055.0   1125.0   20.0    263.9   2112.9   2117.8   0.903
20260407000912    243   1200.0   1230.0   20.0    239.8   2110.2   2117.8   0.848
20260407000912    243   1275.0   1295.0   20.0    223.6   2109.1   2111.5   0.831
20260407000912    243   1330.0   1695.0   20.0    219.7   2109.3   1929.3   0.915
20260407000912    243   1755.0   1790.0   20.0    189.9   1911.5   1923.4   0.896
20260407000912    244    515.0    530.0   20.0     40.7   1720.6   1714.7   0.804
20260407000912    245    310.0    420.0   20.0     38.4   1103.8   1285.9   0.798
20260407000912    245    730.0    740.0   20.0     27.0   1131.6   1088.7   0.785
20260407000912    245   1095.0   1115.0   20.0     50.1   1091.4   1097.3   0.856
20260407000912    245   1475.0   1490.0   20.0     80.4   1156.0   1093.1   0.780
20260407000912    245   1610.0   1625.0   20.0     24.3   1097.6   1089.9   0.749
20260407000912    246    850.0    865.0   20.0     40.9   1064.6   1069.4   0.563
20260407000912    246   1700.0   1735.0   20.0     38.0   1064.8   1298.1   0.878
20260407000912    246   1775.0   1800.0   20.0     47.2   1280.8   1375.3   0.784
20260407000912    251    210.0    230.0   20.0     62.4   1105.4   1104.8   0.791
20260407000912    253    530.0    545.0   20.0     55.2   1095.3   1160.0   0.747
20260407000912    253    650.0    695.0   20.0     26.0   1202.2   1267.4   0.782
20260407000912    253    825.0    840.0   20.0     22.2   1244.3   1281.2   0.708
20260407000912    253    930.0    945.0   20.0    131.6   1282.4   1092.9   0.811
20260407000912    254    555.0    580.0   20.0     40.5   1098.2   1099.4   0.751
20260407000912    254   1770.0   1785.0   20.0     30.4   1090.2   1136.2   0.768
20260407004237      1      0.0     10.0   20.0     26.0      0.0   1217.3   0.762
20260407004237      1    260.0    275.0   20.0    133.7   1191.7   1004.7   0.875
20260407004237      1    900.0    920.0   20.0    115.5   1012.9   1018.0   0.739
20260407004237      1   1525.0   1540.0   20.0     25.3   1017.4   1020.8   0.508
20260407004237      3    840.0    855.0   20.0     23.8   1059.6   1151.3   0.823
20260407004237      3   1420.0   1435.0   20.0     37.1   1350.8   1364.7   0.825
20260407004237      4   1410.0   1425.0   20.0     42.2   1410.4   1420.6   0.900
20260407004237      4   1705.0   1720.0   20.0    114.5   1430.1   1425.2   0.859
20260407004237      5    240.0    255.0   20.0     20.6   1349.4   1387.7   0.840
20260407004237      6    980.0   1000.0   20.0     81.0   1008.0   1003.5   0.775
20260407004237      7    435.0    450.0   20.0     52.6    980.5   1020.5   0.676
20260407004237      7    495.0    510.0   20.0     22.8   1007.7    980.4   0.750
20260407004237      7   1500.0   1520.0   20.0    125.6    971.2    969.9   0.818
20260407004237      8    295.0    310.0   20.0     82.0   1133.3   1153.8   0.737
20260407004237      8    360.0    370.0   20.0     27.8   1157.8   1159.0   0.587
20260407004237      8    570.0    585.0   20.0     41.7   1154.4   1185.5   0.819
20260407004237      9    540.0    595.0   20.0    198.8    982.2    970.5   0.890
20260407004237      9   1085.0   1100.0   20.0     71.9    967.5    973.0   0.787
20260407004237     10   1120.0   1135.0   20.0    137.9    970.7    969.6   0.841
20260407004237     10   1570.0   1590.0   20.0     68.0    972.2   1059.1   0.834
20260407004237     15     25.0     40.0   20.0     33.4   1024.3   1060.1   0.799
20260407004237     15    120.0    135.0   20.0     50.5   1086.8   1126.4   0.760
20260407004237     15    240.0    255.0   20.0     28.0   1138.6   1246.7   0.850
20260407004237     15    350.0    365.0   20.0     36.8   1259.8   1296.0   0.735
20260407004237     15    475.0    500.0   20.0     77.7   1285.6   1284.4   0.832
20260407004237     15   1195.0   1210.0   20.0     57.8   1140.1   1011.9   0.943
20260407004237     15   1770.0   1790.0   20.0     91.0    989.7    990.6   0.764
20260407004237     18     80.0     95.0   20.0     67.9    955.0   1032.4   0.766
20260407004237     18    535.0    550.0   20.0     29.1   1076.0   1132.7   0.820
20260407004237     18    990.0   1020.0   20.0     31.8   1207.4   1237.2   0.776
20260407004237     23    515.0    535.0   20.0    109.6    958.0    958.6   0.867
20260407004237     23    975.0    990.0   20.0     38.1    954.4    956.6   0.619
20260407004237     26     80.0    100.0   20.0     37.4   1004.5   1004.1   0.788
20260407004237     26    305.0    320.0   20.0     47.3   1001.1    999.8   0.779
20260407004237     27      0.0    310.0   20.0     49.5      0.0   1476.3   0.922
20260407004237     27    375.0    640.0   20.0     45.4   1428.7   1474.8   0.913
20260407004237     27    705.0    775.0   20.0     36.3   1425.1   1435.2   0.895
20260407004237     27   1060.0   1075.0   20.0     27.8   1424.0   1471.4   0.912
20260407004237     28    650.0    665.0   20.0     31.6    939.4    937.3   0.742
20260407004237     28    840.0    855.0   20.0     31.9    935.6    983.9   0.750
20260407004237     28    925.0    940.0   20.0     76.1    997.0    938.8   0.729
20260407004237     29    355.0    370.0   20.0     58.8    929.0    929.3   0.792
20260407004237     30   1265.0   1285.0   20.0    285.2    932.9    932.2   0.861
20260407004237     30   1395.0   1405.0   20.0     22.8    932.2    928.2   0.591
20260407004237     30   1580.0   1595.0   20.0     53.9    925.3    925.1   0.687
20260407004237     31    315.0    335.0   20.0     21.0    931.8    930.8   0.687
20260407004237     33    520.0    535.0   20.0     65.5    932.5    932.0   0.745
20260407004237     34   1730.0   1790.0   20.0     84.7    915.9   1103.3   0.824
20260407004237     35    735.0    750.0   20.0     36.6   1235.7   1318.0   0.837
20260407004237     38    175.0    225.0   20.0     71.1    924.8    925.8   0.745
20260407004237     38   1080.0   1095.0   20.0     38.1    923.4    923.1   0.812
20260407004237     39    165.0    180.0   20.0     47.7    931.4    926.7   0.657
20260407004237     41    680.0    695.0   20.0     48.7    917.2   1024.9   0.735
20260407004237     41   1395.0   1410.0   20.0     20.3   1084.0    917.5   0.831
20260407004237     42    970.0    985.0   20.0     81.0    915.4    912.1   0.541
20260407004237     45     95.0    110.0   20.0     41.2   1023.6   1062.6   0.777
20260407004237     45    260.0    275.0   20.0     63.1   1062.6   1177.0   0.889
20260407004237     47     40.0    125.0   20.0    160.9    908.6   1123.4   0.811
20260407004237     47    220.0    410.0   20.0    234.5   1098.8    908.8   0.884
20260407004237     47   1550.0   1565.0   20.0     48.5    910.0    910.8   0.713
20260407004237     50   1595.0   1610.0   20.0    157.4   1080.4    902.9   0.805
20260407004237     51     75.0    130.0   20.0     63.8    965.2    902.6   0.769
20260407004237     51   1480.0   1495.0   20.0     49.7    898.2    898.7   0.638
20260407004237     53   1740.0   1765.0   20.0    133.1   1548.9   1580.1   0.867
20260407004237     54     55.0     75.0   20.0     97.9    902.9    904.8   0.861
20260407004237     54   1250.0   1310.0   20.0    238.5    912.3   1515.0   0.772
20260407004237     54   1440.0   1455.0   20.0    152.5   1446.4    907.5   0.946
20260407004237     56    160.0    180.0   20.0     71.0    899.5   1236.0   0.897
20260407004237     57     60.0     75.0   20.0     28.8   1292.7   1313.5   0.670
20260407004237     59     75.0    110.0   20.0    226.3    883.3    885.8   0.789
20260407004237     63   1250.0   1275.0   20.0     81.5    645.5    637.4   0.889
20260407004237     63   1435.0   1450.0   20.0     26.3    647.5    637.3   0.531
20260407004237     65     85.0    120.0   20.0     24.3    995.3   1033.6   0.844
20260407004237     65    205.0    220.0   20.0     22.8   1077.9   1088.7   0.648
20260407004237     65    395.0    410.0   20.0     24.2   1088.2   1082.7   0.872
20260407004237     65    490.0    505.0   20.0     34.2   1084.4   1111.3   0.786
20260407004237     65    580.0    595.0   20.0     83.0   1071.2    932.3   0.884
20260407004237     66      5.0     20.0   20.0     28.9   1212.5   1265.6   0.863
20260407004237     67   1020.0   1035.0   20.0     81.5    880.1    880.1   0.763
20260407004237     68   1060.0   1085.0   20.0    163.0    886.1    888.7   0.790
20260407004237     69   1735.0   1750.0   20.0     55.6   1273.4   1325.3   0.824
20260407004237     70   1315.0   1330.0   20.0     33.4    985.8    951.9   0.796
20260407004237     70   1395.0   1420.0   20.0     59.4    989.8    881.0   0.936
20260407004237     71     10.0     25.0   20.0     63.3    873.6   1066.7   0.877
20260407004237     71     75.0     95.0   20.0     37.4   1103.2   1157.1   0.734
20260407004237     71    685.0    700.0   20.0     22.0   1155.5   1191.6   0.946
20260407004237     73    860.0    870.0   20.0     40.8    867.8    867.3   0.446
20260407004237     75    880.0    895.0   20.0     23.1   1181.2   1213.6   0.872
20260407004237     75    945.0    960.0   20.0     52.4   1189.1   1205.2   0.632
20260407004237     75   1735.0   1750.0   20.0     28.6   1211.4   1207.4   0.630
20260407004237     76    505.0    520.0   20.0     20.5    982.8    994.6   0.662
20260407004237     76   1295.0   1310.0   20.0    117.6   1059.5    943.6   0.782
20260407004237     77    135.0    150.0   20.0     53.0    876.4    876.9   0.606
20260407004237     77    845.0    900.0   20.0     31.3    876.3    929.5   0.857
20260407004237     77   1040.0   1060.0   20.0     68.7    956.8    885.2   0.819
20260407004237     77   1110.0   1130.0   20.0     83.7    875.2   1113.9   0.780
20260407004237     77   1185.0   1195.0   20.0     22.4   1130.8   1146.6   0.602
20260407004237     77   1255.0   1270.0   20.0     72.4   1150.6   1124.2   0.590
20260407004237     79    215.0    235.0   20.0    168.1    878.0    880.1   0.757
20260407004237     79    515.0    530.0   20.0     92.7    876.8    877.9   0.804
20260407004237     79   1515.0   1530.0   20.0    106.0    875.0    875.5   0.744
20260407004237     81     90.0    105.0   20.0     43.2    877.7    952.0   0.764
20260407004237     81    420.0    435.0   20.0     63.8    968.8    968.5   0.853
20260407004237     81    615.0    640.0   20.0    138.9    993.4    876.2   0.786
20260407004237     82     40.0     55.0   20.0     38.6    868.5    966.1   0.772
20260407004237     82    320.0    335.0   20.0     28.8   1072.3   1110.8   0.638
20260407004237     82    970.0    985.0   20.0     27.3   1143.4   1189.1   0.923
20260407004237     83    325.0    340.0   20.0     27.0    873.2    872.9   0.765
20260407004237     83    380.0    395.0   20.0     38.5    872.0    872.0   0.797
20260407004237     84     15.0     40.0   20.0     38.7   1031.6   1064.8   0.761
20260407004237     85      5.0     25.0   20.0     66.9    862.4    863.5   0.823
20260407004237     85   1450.0   1465.0   20.0     82.3    905.0    870.8   0.508
20260407004237     86     25.0     45.0   20.0     39.3    858.8    861.0   0.709
20260407004237     86   1665.0   1685.0   20.0     53.8    859.7    860.7   0.736
20260407004237     91    660.0    705.0   20.0    191.7    876.5    875.2   0.818
20260407004237     94     35.0   1280.0   20.0     77.9   1611.0   1601.6   0.813
20260407004237     94   1320.0   1625.0   20.0     63.1   1602.3   1597.3   0.829
20260407004237     94   1675.0   1765.0   20.0     56.5   1598.7   1603.2   0.786
20260407004237     95      0.0     75.0   20.0     34.9      0.0   1205.4   0.826
20260407004237     96    545.0    575.0   20.0    164.5    871.9    903.9   0.794
20260407004237     96    620.0    635.0   20.0     65.3    915.5    869.1   0.678
20260407004237     97   1015.0   1035.0   20.0    106.6    867.5    868.4   0.862
20260407004237    100    935.0    950.0   20.0     52.8    964.4    884.1   0.792
20260407004237    100   1180.0   1195.0   20.0     74.6    888.8   1256.6   0.806
20260407004237    100   1365.0   1380.0   20.0     24.6   1244.6   1237.4   0.938
20260407004237    103     45.0     75.0   20.0     62.6   1459.2   1463.2   0.855
20260407004237    104     10.0     25.0   20.0     34.3    172.2    285.0   0.833
20260407004237    106     70.0     80.0   20.0     46.7    864.9    868.4   0.606
20260407004237    106    395.0    475.0   20.0    114.0    872.8   1246.7   0.839
20260407004237    106   1085.0   1150.0   20.0    153.9   1200.1    865.7   0.902
20260407004237    107      0.0     10.0   20.0     63.8      0.0   1400.3   0.834
20260407004237    108    285.0    300.0   20.0     23.6    847.8    785.8   0.864
20260407004237    109    520.0    535.0   20.0     39.7    863.2    863.1   0.800
20260407004237    110      0.0     15.0   20.0     55.3      0.0   1290.8   0.735
20260407004237    110     75.0    100.0   20.0    136.4   1277.5   1317.3   0.806
20260407004237    110    295.0    320.0   20.0    123.9   1280.6   1312.5   0.789
20260407004237    110    425.0    465.0   20.0    114.7   1291.1   1302.6   0.815
20260407004237    110    550.0    565.0   20.0    123.0   1291.5   1404.6   0.744
20260407004237    110    600.0    775.0   20.0     98.8   1404.0   1318.6   0.901
20260407004237    110   1390.0   1450.0   20.0    132.5   1282.3   1308.9   0.813
20260407004237    110   1585.0   1630.0   20.0    116.1   1291.7   1314.3   0.814
20260407004237    114    720.0    775.0   20.0     42.6    870.2    870.1   0.764
20260407004237    114   1630.0   1645.0   20.0     67.4    867.1    955.8   0.883
20260407004237    117   1120.0   1135.0   20.0     77.0    857.7    859.5   0.827
20260407004237    118    110.0    130.0   20.0     51.2    930.7    981.0   0.815
20260407004237    119    125.0    160.0   20.0     31.3   1084.3   1218.3   0.767
20260407004237    120    195.0    280.0   20.0     84.0    872.5   1106.0   0.836
20260407004237    120    360.0    375.0   20.0     91.4   1123.8    875.6   0.938
20260407004237    121    210.0    225.0   20.0     40.1    867.5    939.3   0.832
20260407004237    121    295.0    310.0   20.0    299.4   1022.4    870.8   0.739
20260407004237    121    835.0    875.0   20.0    185.9    868.7    870.4   0.827
20260407004237    121   1120.0   1135.0   20.0     27.0    867.2    914.9   0.748
20260407004237    121   1210.0   1225.0   20.0     78.9    953.7    870.0   0.751
20260407004237    121   1310.0   1325.0   20.0     24.6    870.0    912.1   0.802
20260407004237    121   1375.0   1460.0   20.0    225.4   1008.6    871.7   0.871
20260407004237    121   1770.0   1790.0   20.0     50.1    869.3    868.4   0.785
20260407004237    123   1330.0   1400.0   20.0     27.7    861.0    993.1   0.787
20260407004237    123   1575.0   1590.0   20.0    112.9   1053.4    861.1   0.855
20260407004237    124   1095.0   1110.0   20.0     69.4    876.8    914.9   0.775
20260407004237    124   1185.0   1235.0   20.0    152.2    918.1    870.2   0.831
20260407004237    124   1385.0   1400.0   20.0     31.6    869.7    873.9   0.775
20260407004237    126      0.0     45.0   20.0     38.9      0.0   1071.6   0.695
20260407004237    126     90.0    100.0   20.0     33.7   1084.3   1080.7   0.425
20260407004237    126    185.0    200.0   20.0     53.5   1094.0   1149.3   0.787
20260407004237    126    315.0    335.0   20.0     68.2   1158.8   1183.5   0.632
20260407004237    126    575.0    670.0   20.0     53.1   1143.7   1218.0   0.836
20260407004237    126    715.0    735.0   20.0     67.2   1221.7   1227.1   0.715
20260407004237    126    775.0    790.0   20.0     27.0   1241.3   1249.2   0.551
20260407004237    126    830.0    845.0   20.0     41.3   1244.9   1255.6   0.855
20260407004237    126   1075.0   1105.0   20.0     46.6   1265.3   1280.0   0.905
20260407004237    126   1270.0   1285.0   14.3     82.3   1289.9   1282.0   0.733
20260407004237    126   1445.0   1535.0   20.0     28.4   1311.8   1284.8   0.799
20260407004237    126   1585.0   1600.0   20.0     33.3   1287.9   1269.8   0.676
20260407004237    127    225.0    240.0   20.0     21.1    875.0    908.6   0.770
20260407004237    128     55.0     70.0   20.0     38.6    862.4    862.7   0.790
20260407004237    129   1120.0   1135.0   20.0    128.5    870.1   1149.5   0.926
20260407004237    131    710.0    770.0   20.0     73.6    740.9    745.9   0.880
20260407004237    131   1095.0   1110.0   20.0     22.6    740.9    738.7   0.777
20260407004237    133     70.0     85.0   20.0     55.4    862.9    863.5   0.806
20260407004237    133    510.0    570.0   20.0     56.5    868.7   1044.2   0.794
20260407004237    133    635.0    655.0   20.0     53.2   1122.3   1114.9   0.859
20260407004237    134     85.0    130.0   20.0     76.8    873.2   1063.5   0.789
20260407004237    134    255.0    275.0   20.0     33.7   1057.8   1085.5   0.707
20260407004237    134    325.0    340.0   20.0     98.4   1104.7    878.3   0.771
20260407004237    134    970.0    985.0   20.0     50.5    881.8    941.4   0.727
20260407004237    134   1425.0   1445.0   20.0    118.3   1004.5    880.3   0.783
20260407004237    135     65.0     80.0   20.0     24.1    872.6   1102.0   0.757
20260407004237    135    355.0    370.0   20.0     26.7   1126.6   1127.6   0.630
20260407004237    140   1460.0   1480.0   20.0     41.7    871.4    872.2   0.782
20260407004237    140   1595.0   1660.0   20.0     46.4    871.0   1085.6   0.861
20260407004237    141   1660.0   1715.0   20.0     37.3    882.5   1028.2   0.862
20260407004237    141   1785.0   1800.0   20.0     89.1   1051.6   1200.7   0.838
20260407004237    144   1495.0   1510.0   20.0     24.6    884.3    917.6   0.816
20260407004237    144   1565.0   1605.0   20.0    123.0   1011.4    870.6   0.894
20260407004237    145    570.0    590.0   20.0     69.8    880.6    883.9   0.870
20260407004237    145   1025.0   1060.0   20.0     74.4    877.9    876.8   0.827
20260407004237    147    360.0    375.0   20.0     20.1    886.3    880.3   0.725
20260407004237    149    210.0    225.0   20.0     83.3    903.5    995.9   0.745
20260407004237    149    325.0    340.0   20.0    103.8   1025.9    889.2   0.753
20260407004237    149   1775.0   1790.0   20.0     92.7    891.4   1020.8   0.743
20260407004237    153    330.0    345.0   20.0     50.3    890.7    977.0   0.855
20260407004237    153    415.0    430.0   20.0     22.9    966.1   1032.2   0.802
20260407004237    153    760.0    775.0   20.0     29.5   1059.6   1087.7   0.787
20260407004237    154   1195.0   1210.0   20.0     45.4    881.9    884.5   0.693
20260407004237    156    815.0    870.0   20.0    133.4    886.6    887.2   0.802
20260407004237    158    275.0    290.0   20.0     82.6    999.4    998.5   0.728
20260407004237    159   1495.0   1510.0   20.0     68.0    892.4    892.2   0.682
20260407004237    159   1545.0   1565.0   20.0    102.4    892.1   1127.0   0.911
20260407004237    164    105.0    120.0   20.0     79.4    955.4   1114.2   0.850
20260407004237    164    635.0    650.0   20.0     25.6   1296.4   1309.5   0.763
20260407004237    164    880.0    895.0   20.0     36.7   1226.9    953.1   0.939
20260407004237    165    125.0    140.0   20.0    193.7    905.6   1288.9   0.851
20260407004237    166   1200.0   1270.0   20.0     41.9    902.4    898.7   0.837
20260407004237    166   1305.0   1325.0   20.0     71.5    896.9    896.7   0.865
20260407004237    167   1365.0   1380.0   20.0     55.2    908.0    909.8   0.707
20260407004237    168    510.0    525.0   20.0     31.1    904.7    944.1   0.698
20260407004237    168    855.0    870.0   20.0     76.3   1002.4    904.1   0.771
20260407004237    169    535.0    590.0   20.0     67.4    902.6   1001.2   0.806
20260407004237    169   1695.0   1735.0   20.0     26.1   1081.3   1132.5   0.722
20260407004237    170    885.0    900.0   20.0    199.2    927.9   1334.6   0.837
20260407004237    171    120.0    135.0   20.0     21.1   1316.3   1323.9   0.758
20260407004237    171    320.0    335.0   20.0     47.4   1364.9   1429.4   0.734
20260407004237    172    855.0    870.0   20.0     77.9    900.2    898.8   0.773
20260407004237    172   1030.0   1045.0   20.0    108.1    907.2    894.8   0.774
20260407004237    173   1105.0   1120.0   20.0     42.9    993.7    995.2   0.658
20260407004237    175     50.0     65.0   20.0     64.6    913.0    913.0   0.632
20260407004237    175   1255.0   1315.0   20.0    185.9    912.1   1234.6   0.903
20260407004237    177    145.0    165.0   20.0     26.4    919.8   1173.5   0.813
20260407004237    177    280.0    295.0   20.0     23.7   1181.7   1187.9   0.561
20260407004237    177    435.0    470.0   20.0     44.9   1229.5   1245.5   0.843
20260407004237    178    185.0    225.0   20.0    119.8    917.9   1145.2   0.822
20260407004237    179    210.0    225.0   20.0     84.0    996.5    935.0   0.751
20260407004237    179    670.0    685.0   20.0     23.2   1044.9   1045.1   0.462
20260407004237    179    975.0    990.0   20.0     21.0   1249.0   1275.9   0.801
20260407004237    180    230.0    325.0   20.0    114.8    915.7   1184.9   0.810
20260407004237    180    390.0    405.0   20.0     22.6   1187.9   1178.3   0.475
20260407004237    180    490.0    545.0   20.0     38.2   1198.0   1202.4   0.869
20260407004237    180    660.0    675.0   20.0     32.7   1252.7   1277.4   0.810
20260407004237    180    745.0    760.0   20.0    143.4   1292.7    915.9   0.856
20260407004237    182    100.0    115.0   20.0    118.3   1366.9   1362.9   0.718
20260407004237    182   1650.0   1665.0   20.0     24.4   1392.7   1385.7   0.893
20260407004237    184    145.0    160.0   20.0     96.5   1803.0   1844.3   0.921
20260407004237    184    195.0    275.0   20.0    114.4   1845.1   1729.8   0.904
20260407004237    184    330.0    355.0   20.0     26.3   1796.8   1846.0   0.948
20260407004237    184    430.0    445.0   20.0     99.3   1847.4   1782.5   0.875
20260407004237    186   1550.0   1565.0   20.0     28.6    775.0    795.0   0.614
20260407004237    187   1415.0   1480.0   20.0     43.8    935.1   1117.3   0.729
20260407004237    187   1535.0   1570.0   20.0     35.2   1121.4   1180.8   0.758
20260407004237    187   1635.0   1660.0   20.0     23.7   1227.0   1219.5   0.743
20260407004237    187   1775.0   1790.0   20.0     24.7   1189.4   1232.5   0.574
20260407004237    189     25.0     45.0   20.0     75.0    939.2    941.8   0.805
20260407004237    191    590.0    605.0   20.0    125.3    935.0   1211.6   0.878
20260407004237    191    975.0    990.0   20.0     24.6   1185.3   1214.4   0.752
20260407004237    191   1030.0   1075.0   20.0     77.1   1232.1    931.1   0.945
20260407004237    193    260.0    315.0   20.0     40.9    936.5    939.2   0.740
20260407004237    193   1115.0   1130.0   20.0     38.2    935.3   1027.0   0.875
20260407004237    193   1225.0   1240.0   20.0     28.5   1042.1   1057.1   0.824
20260407004237    195   1510.0   1525.0   20.0     45.7   1403.2   1432.8   0.902
20260407004237    196    250.0    265.0   20.0    249.0    948.6    948.8   0.829
20260407004237    200   1050.0   1080.0   20.0    136.1    954.1    954.9   0.748
20260407004237    202    280.0    295.0   20.0     24.7   1331.3   1364.4   0.845
20260407004237    204   1765.0   1780.0   20.0    142.9    976.0   1308.1   0.906
20260407004237    205     20.0     35.0   20.0     23.4   1365.8   1363.7   0.491
20260407004237    205    545.0    565.0   20.0     41.4   1440.4   1441.2   0.671
20260407004237    205    870.0    900.0   20.0     34.5   1449.5   1461.9   0.710
20260407004237    205   1275.0   1290.0   20.0     25.1   1459.3   1459.9   0.808
20260407004237    205   1610.0   1675.0   20.0     48.2   1464.8   1500.5   0.856
20260407004237    207    600.0    625.0   20.0    117.1    973.8    973.9   0.770
20260407004237    209    225.0    240.0   20.0     75.8    983.7   1085.9   0.777
20260407004237    209    480.0    500.0   20.0    200.4   1176.0   1389.2   0.833
20260407004237    210    650.0    665.0   20.0     28.3    975.8   1024.6   0.738
20260407004237    210    705.0    755.0   20.0    102.3   1111.8    979.7   0.817
20260407004237    214   1425.0   1440.0   20.0     37.0    529.3    539.2   0.608
20260407004237    215   1700.0   1715.0   20.0     22.5   1562.2   1557.0   0.798
20260407004237    220      0.0     20.0   20.0    239.9      0.0   1004.1   0.757
20260407004237    220   1455.0   1470.0   20.0     31.6    996.1    998.2   0.754
20260407004237    222      0.0   1800.0   20.0     83.1      0.0   1681.8   0.834
20260407004237    223     25.0     70.0   20.0    170.7   1014.6   1015.7   0.791
20260407004237    224     40.0     90.0   20.0     30.0   1198.3   1198.6   0.660
20260407004237    224    130.0    145.0   20.0     20.0   1170.7   1174.7   0.776
20260407004237    224    185.0    200.0   20.0     33.4   1177.5   1279.0   0.860
20260407004237    224    305.0    320.0   20.0     27.5   1432.2   1449.9   0.425
20260407004237    224    970.0    980.0   20.0     21.8   1578.5   1582.6   0.715
20260407004237    224   1580.0   1590.0   20.0     30.5   1578.8   1564.0   0.538
20260407004237    225    645.0    670.0   20.0     47.0    680.8    690.4   0.806
20260407004237    226     45.0     60.0   20.0    147.7   1038.0   1016.6   0.844
20260407004237    226   1740.0   1760.0   20.0    123.5   1015.1   1013.9   0.792
20260407004237    229     50.0     65.0   20.0     39.7   1052.8   1157.9   0.717
20260407004237    229    185.0    200.0   20.0     27.1   1226.8   1229.1   0.670
20260407004237    229    245.0    265.0   20.0     24.2   1241.3   1230.2   0.824
20260407004237    229    345.0    360.0   20.0     35.9   1261.8   1291.8   0.653
20260407004237    229    680.0    710.0   20.0     76.6   1362.8   1061.3   0.843
20260407004237    232    805.0    830.0   20.0     71.8   1117.9   1059.1   0.841
20260407004237    242      5.0     20.0   20.0     88.6   1220.5   1063.6   0.761
20260407004237    243      0.0     10.0   20.0    181.2      0.0   1937.5   0.806
20260407004237    243    105.0    275.0   20.0    185.6   1925.2   1945.1   0.846
20260407004237    243    325.0    345.0   20.0    168.0   1936.5   1944.9   0.844
20260407004237    243    390.0   1795.0   20.0    179.4   1935.7   1963.5   0.906
20260407004237    245   1020.0   1080.0   20.0    175.1   1100.8   1084.1   0.816
20260407004237    245   1470.0   1485.0   20.0     22.2   1081.1   1078.0   0.564
20260407004237    245   1670.0   1750.0   20.0    484.9   1092.5   1083.8   0.798
20260407004237    247   1470.0   1520.0   20.0    163.7   1082.6   1457.1   0.810
20260407004237    249   1375.0   1410.0   20.0    132.4   1090.4   1420.9   0.812
20260407004237    251   1070.0   1100.0   20.0     80.3   1097.1   1096.8   0.755
20260407004237    252    390.0    455.0   20.0    100.3   1095.4   1258.5   0.788
20260407004237    252    505.0    525.0   20.0     67.9   1245.1   1243.0   0.861
20260407004237    252    800.0    855.0   20.0    118.3   1276.4   1253.2   0.736
20260407004237    252    895.0    950.0   20.0     51.3   1246.0   1270.9   0.741
20260407004237    252    990.0   1075.0   20.0     65.6   1315.2   1343.6   0.841
20260407004237    252   1500.0   1515.0   20.0     21.4   1411.8   1437.5   0.797
20260407004237    253   1720.0   1735.0   20.0     79.3   1084.8   1177.5   0.747
20260407004237    254    400.0    415.0   20.0     32.0   1138.3   1258.8   0.879
20260407004237    254    680.0    780.0   20.0    107.5   1228.0   1094.7   0.808
20260407004237    254   1780.0   1800.0   20.0     57.0   1091.5   1082.5   0.742
20260407011558      1   1010.0   1025.0   20.0     57.4   1016.1   1017.0   0.518
20260407011558      1   1460.0   1475.0   20.0    194.1   1013.6   1478.1   0.867
20260407011558      3   1320.0   1335.0   20.0     41.9   1332.6   1355.6   0.872
20260407011558      6   1130.0   1145.0   20.0     41.2    990.1   1047.1   0.764
20260407011558      6   1315.0   1330.0   20.0     63.0   1071.3    995.5   0.807
20260407011558      8    395.0    430.0   20.0     30.0   1303.1   1322.3   0.740
20260407011558      8    520.0    535.0   20.0     67.8   1351.2   1345.6   0.801
20260407011558      8    575.0    620.0   20.0     53.6   1338.2   1401.2   0.917
20260407011558      8    860.0    875.0   20.0     28.5   1406.7   1421.0   0.724
20260407011558      8   1540.0   1555.0   20.0     23.1   1415.0   1417.6   0.425
20260407011558      9    275.0    310.0   20.0    210.8    972.7    972.5   0.891
20260407011558     10   1180.0   1195.0   20.0     56.6    972.0    972.2   0.801
20260407011558     12      0.0    155.0   20.0     33.3      0.0   1836.9   0.958
20260407011558     12    255.0    555.0   20.0     26.9   1836.8   1839.4   0.957
20260407011558     12    600.0    615.0   20.0     21.1   1842.2   1839.9   0.953
20260407011558     12    695.0    740.0   20.0     22.1   1841.4   1841.3   0.957
20260407011558     18    305.0    345.0   20.0     61.0   1028.8    955.6   0.753
20260407011558     20   1725.0   1745.0   20.0    194.4    959.7   1383.7   0.845
20260407011558     23    450.0    470.0   20.0     89.0    955.5    954.0   0.751
20260407011558     24      0.0     15.0   20.0     99.1      0.0   1558.7   0.765
20260407011558     24     75.0     90.0   20.0     57.3   1546.8   1541.7   0.789
20260407011558     25    995.0   1010.0   20.0     59.1   1090.5   1080.3   0.795
20260407011558     26    455.0    470.0   20.0     21.2   1031.3   1003.7   0.776
20260407011558     29    785.0    800.0   20.0     74.4    928.4    928.4   0.811
20260407011558     31   1720.0   1735.0   20.0     51.5    930.5    929.5   0.623
20260407011558     32    290.0    305.0   20.0     44.1    937.8   1012.3   0.733
20260407011558     32    340.0    355.0   20.0     34.3   1026.6   1101.6   0.628
20260407011558     32    420.0    460.0   20.0     24.8   1074.5   1089.7   0.590
20260407011558     32    540.0    555.0   20.0    106.4   1056.7   1204.6   0.754
20260407011558     32    735.0    765.0   20.0    143.4   1289.6    936.2   0.888
20260407011558     33    375.0    385.0   20.0     41.2    932.8    934.0   0.628
20260407011558     33   1290.0   1435.0   20.0     46.8    930.3   1215.4   0.875
20260407011558     33   1480.0   1535.0   20.0     22.5   1228.6   1252.5   0.489
20260407011558     33   1580.0   1730.0   20.0     66.6   1251.4   1323.3   0.861
20260407011558     34    255.0    270.0   20.0    216.2    925.9    928.0   0.721
20260407011558     34    745.0    760.0   20.0     48.7    927.5    927.6   0.816
20260407011558     39   1105.0   1125.0   20.0     70.1    925.2    927.7   0.812
20260407011558     39   1785.0   1800.0   20.0     32.3    927.9    993.7   0.736
20260407011558     40     75.0     95.0   20.0     56.8   1295.6   1381.7   0.883
20260407011558     43   1055.0   1085.0   20.0     92.1    913.1    914.6   0.758
20260407011558     43   1310.0   1325.0   20.0     42.4    954.6    914.2   0.742
20260407011558     45    965.0    980.0   20.0     21.7   1060.2   1061.4   0.700
20260407011558     47   1385.0   1400.0   20.0     37.9    910.9    965.5   0.870
20260407011558     48   1255.0   1265.0   20.0     22.7    951.3    949.9   0.410
20260407011558     50     30.0     50.0   20.0    109.2    906.6    907.0   0.767
20260407011558     50    410.0    485.0   20.0     49.8    907.8    905.5   0.766
20260407011558     50    750.0    885.0   20.0     52.2    908.0   1109.3   0.875
20260407011558     50    920.0    935.0   20.0     21.8   1104.8   1102.7   0.529
20260407011558     50   1105.0   1135.0   20.0     49.0   1117.4   1130.0   0.785
20260407011558     50   1245.0   1260.0   20.0     43.7   1155.5   1226.8   0.828
20260407011558     51   1470.0   1485.0   20.0     44.8    905.6    974.5   0.777
20260407011558     51   1535.0   1550.0   20.0    122.1   1005.9    904.7   0.750
20260407011558     56    670.0    690.0   20.0    188.9    913.4   1370.0   0.864
20260407011558     58    940.0    955.0   20.0     48.7    907.9    907.0   0.680
20260407011558     59     70.0    120.0   20.0     57.1    887.5   1203.3   0.833
20260407011558     59    185.0    195.0   20.0     69.4   1285.6   1217.8   0.588
20260407011558     59    435.0    450.0   20.0     40.3   1276.1   1275.3   0.731
20260407011558     59    510.0    525.0   20.0    310.8   1290.0    886.0   0.831
20260407011558     59   1570.0   1590.0   20.0    174.2    883.7    885.9   0.785
20260407011558     59   1630.0   1665.0   20.0     79.3    883.6    884.6   0.808
20260407011558     62   1150.0   1165.0   20.0     48.3    894.3    895.1   0.694
20260407011558     62   1395.0   1415.0   20.0     65.4    893.1    892.7   0.776
20260407011558     63      0.0     15.0   20.0     50.0      0.0    637.2   0.749
20260407011558     63    300.0    330.0   20.0     80.4    643.5    639.9   0.879
20260407011558     65    250.0    265.0   20.0     46.6    884.1   1079.7   0.800
20260407011558     65   1530.0   1545.0   20.0     67.8    902.2    898.7   0.825
20260407011558     66    615.0    630.0   20.0     57.6   1262.2   1272.9   0.886
20260407011558     66   1170.0   1185.0   20.0     35.2   1222.7   1212.3   0.657
20260407011558     67     25.0     45.0   20.0     51.8    883.3    883.3   0.785
20260407011558     67    780.0    795.0   20.0     71.3    888.2    889.9   0.723
20260407011558     67   1640.0   1655.0   20.0     49.5    883.3    886.9   0.788
20260407011558     69     15.0     30.0   20.0     23.3   1271.1   1323.1   0.768
20260407011558     76    680.0    695.0   20.0     37.5    976.2   1030.9   0.798
20260407011558     76   1600.0   1615.0   20.0     86.5   1048.4    940.3   0.836
20260407011558     77    880.0    895.0   20.0     28.9    983.9    978.6   0.733
20260407011558     77   1120.0   1135.0   20.0     21.6   1041.1   1110.1   0.826
20260407011558     78    305.0    350.0   20.0    164.0    883.9    883.9   0.855
20260407011558     79    720.0    845.0   20.0    133.4    874.3   1131.9   0.872
20260407011558     79    935.0    960.0   20.0     44.5   1102.3   1203.3   0.814
20260407011558     79   1000.0   1015.0   20.0     23.9   1105.6   1121.1   0.782
20260407011558     79   1055.0   1070.0   20.0     21.9   1108.5   1133.3   0.835
20260407011558     79   1405.0   1420.0   20.0     20.3   1152.2   1184.4   0.789
20260407011558     80     50.0     65.0   20.0    176.3   1187.9    880.3   0.775
20260407011558     80    580.0    605.0   20.0    253.9    884.8   1369.6   0.867
20260407011558     80   1105.0   1245.0   20.0     34.0   1406.0   1394.0   0.770
20260407011558     80   1375.0   1385.0   20.0     20.6   1397.8   1398.4   0.737
20260407011558     80   1460.0   1675.0   20.0     33.0   1399.5   1413.2   0.827
20260407011558     80   1725.0   1800.0   20.0     90.1   1417.5   1422.0   0.830
20260407011558     81      0.0     55.0   20.0    332.3      0.0   1037.2   0.823
20260407011558     81    105.0    175.0   20.0    175.6   1053.5    873.8   0.820
20260407011558     82      0.0     15.0   20.0     58.2      0.0    868.5   0.850
20260407011558     82    125.0    145.0   20.0    172.7    870.2   1199.8   0.812
20260407011558     82    405.0    420.0   20.0     56.7   1232.4   1249.6   0.614
20260407011558     82    535.0    550.0   20.0     48.0   1237.8   1240.8   0.725
20260407011558     82    630.0    645.0   20.0     28.1   1250.5   1247.1   0.706
20260407011558     82    975.0    990.0   20.0     20.3   1290.6   1261.8   0.790
20260407011558     82   1280.0   1295.0   20.0     26.2   1267.9   1266.3   0.846
20260407011558     82   1755.0   1770.0   20.0     26.3   1276.8   1276.0   0.923
20260407011558     83   1450.0   1480.0   20.0     67.4    872.7    869.1   0.754
20260407011558     84    590.0    605.0   20.0     20.5   1148.5   1166.5   0.694
20260407011558     86    195.0    245.0   20.0    165.8    858.9    861.3   0.886
20260407011558     91   1460.0   1495.0   20.0     80.4    867.6    868.3   0.812
20260407011558     91   1585.0   1610.0   20.0     93.2    866.5    865.5   0.814
20260407011558     92   1650.0   1670.0   20.0    195.8    865.6   1332.6   0.911
20260407011558     96    905.0    920.0   20.0     66.1    863.2   1028.3   0.818
20260407011558     96    955.0    965.0   20.0     31.0   1070.1   1123.5   0.491
20260407011558     97   1585.0   1600.0   20.0     79.2    859.3    855.2   0.756
20260407011558    100     40.0     55.0   20.0     83.7    861.2   1090.7   0.836
20260407011558    101    115.0    130.0   20.0     24.0   1042.2   1062.0   0.832
20260407011558    101    380.0    395.0   20.0     29.7   1060.0    854.9   0.902
20260407011558    101   1330.0   1350.0   20.0    108.1    859.6    861.8   0.768
20260407011558    103    110.0    135.0   20.0     87.3   1442.7   1446.1   0.825
20260407011558    103    510.0    530.0   20.0     90.8   1439.0   1441.8   0.839
20260407011558    103   1615.0   1635.0   20.0     91.4   1436.0   1566.7   0.853
20260407011558    105    440.0    455.0   20.0     30.6    861.2    908.4   0.826
20260407011558    105    680.0    695.0   20.0     26.6    929.1    977.0   0.706
20260407011558    105    935.0    950.0   20.0     28.8   1092.0   1102.5   0.606
20260407011558    105   1025.0   1040.0   20.0     62.3   1054.0   1057.0   0.829
20260407011558    105   1175.0   1205.0   20.0     35.7   1063.2   1071.2   0.871
20260407011558    106     20.0     40.0   20.0     72.8   1092.6    864.6   0.846
20260407011558    106   1625.0   1640.0   20.0     67.2    861.7    863.1   0.771
20260407011558    111   1390.0   1405.0   20.0    100.0    857.8    859.4   0.783
20260407011558    114    670.0    725.0   20.0    142.5    874.0    877.3   0.816
20260407011558    114    950.0    965.0   20.0     44.9    877.7    870.8   0.679
20260407011558    114   1195.0   1210.0   20.0     29.3    867.0    914.5   0.688
20260407011558    114   1290.0   1310.0   20.0     68.0    942.1    866.7   0.782
20260407011558    115    905.0    930.0   20.0     58.4    853.9    855.4   0.747
20260407011558    116    395.0    410.0   20.0     44.4    926.7    971.3   0.783
20260407011558    116    475.0    490.0   20.0     48.2    979.2    925.7   0.821
20260407011558    117    705.0    735.0   20.0     97.9    859.7    861.0   0.760
20260407011558    117   1180.0   1195.0   20.0     45.4    857.2    858.5   0.753
20260407011558    118     65.0     75.0   20.0     41.6   1082.8   1092.0   0.527
20260407011558    118    450.0    460.0   20.0     20.2   1084.8   1135.3   0.502
20260407011558    119     60.0     75.0   20.0     26.8    866.4    997.3   0.796
20260407011558    119    265.0    280.0   20.0     20.6   1102.1   1107.7   0.539
20260407011558    119    385.0    400.0   20.0     28.5   1124.1   1128.8   0.592
20260407011558    119    925.0    940.0   20.0     26.0   1187.6   1187.8   0.842
20260407011558    119   1015.0   1030.0   20.0     21.8   1201.9   1212.5   0.827
20260407011558    120    705.0    760.0   20.0     40.2    876.9   1188.5   0.781
20260407011558    120   1535.0   1560.0   20.0     50.1   1069.9    868.2   0.950
20260407011558    120   1620.0   1645.0   20.0     69.6    865.8    867.4   0.845
20260407011558    123    665.0    685.0   20.0    115.3    862.7    857.5   0.759
20260407011558    123   1000.0   1015.0   20.0     59.0    857.8    857.0   0.793
20260407011558    123   1070.0   1090.0   20.0    203.9    858.0    858.6   0.818
20260407011558    125    725.0    745.0   20.0     82.9    860.2    861.0   0.770
20260407011558    125    885.0    930.0   20.0     60.5    862.2    861.8   0.749
20260407011558    125   1675.0   1735.0   20.0    151.0    862.7    868.0   0.894
20260407011558    126     95.0    110.0   20.0     36.6   1274.3   1300.8   0.787
20260407011558    126    175.0    200.0   20.0     27.6   1297.0   1285.6   0.851
20260407011558    127    105.0    200.0   20.0    193.9    873.3    870.0   0.870
20260407011558    130   1000.0   1015.0   20.0     30.0    885.2    964.1   0.794
20260407011558    130   1085.0   1100.0   20.0     84.2    972.7    885.2   0.763
20260407011558    130   1505.0   1520.0   20.0     20.3    882.6    920.4   0.788
20260407011558    130   1570.0   1585.0   20.0     31.8    965.9    880.9   0.753
20260407011558    131   1640.0   1655.0   20.0     61.1    736.7    726.9   0.779
20260407011558    133     65.0     80.0   20.0     45.1    867.4    961.2   0.830
20260407011558    135     30.0     45.0   20.0     49.0    868.0   1127.9   0.832
20260407011558    137   1155.0   1180.0   20.0     56.2    864.0    862.8   0.814
20260407011558    141   1230.0   1245.0   20.0     31.6    879.6    928.4   0.706
20260407011558    142     15.0     35.0   20.0    186.4    873.9    874.4   0.844
20260407011558    142     95.0    135.0   20.0    218.8    874.1    878.8   0.831
20260407011558    142    415.0    430.0   20.0    126.8    875.9    895.2   0.795
20260407011558    143   1580.0   1630.0   20.0     28.4    876.7    941.7   0.822
20260407011558    143   1745.0   1760.0   20.0     20.2   1011.3   1010.4   0.510
20260407011558    144    445.0    475.0   20.0    271.7    871.7    872.5   0.921
20260407011558    144   1310.0   1325.0   20.0     94.4    870.5   1119.2   0.875
20260407011558    147    920.0    940.0   20.0     64.9    878.6    878.4   0.863
20260407011558    147   1360.0   1375.0   20.0     67.7    881.6    882.7   0.735
20260407011558    147   1615.0   1635.0   20.0     75.4    882.1    880.6   0.814
20260407011558    152    110.0    125.0   20.0     52.0    890.5    891.1   0.670
20260407011558    152   1190.0   1205.0   20.0     45.9    888.4    888.3   0.786
20260407011558    152   1350.0   1370.0   20.0     99.5    887.2    887.2   0.818
20260407011558    154    375.0    390.0   20.0     29.5    886.6    946.3   0.777
20260407011558    154    425.0    520.0   20.0     38.1   1012.9   1109.3   0.832
20260407011558    154    555.0    570.0   20.0     61.9   1116.2    899.5   0.900
20260407011558    154    640.0    660.0   20.0     58.8    888.7    889.1   0.802
20260407011558    154   1770.0   1785.0   20.0     23.4    886.7    888.3   0.638
20260407011558    156   1250.0   1265.0   20.0     59.6    910.9    897.3   0.697
20260407011558    158   1025.0   1040.0   20.0     47.4    989.0    987.8   0.796
20260407011558    159    515.0    530.0   20.0     76.6    892.6    971.2   0.745
20260407011558    159    815.0    825.0   20.0     20.5   1058.5   1071.8   0.735
20260407011558    159    875.0    890.0   20.0     25.7   1076.3   1122.8   0.746
20260407011558    160   1195.0   1205.0   20.0     23.4   1242.2   1250.5   0.822
20260407011558    163    185.0    200.0   20.0     94.3    897.6    897.0   0.797
20260407011558    163   1580.0   1595.0   20.0     20.7    995.9   1020.7   0.674
20260407011558    163   1635.0   1660.0   20.0     32.7   1061.4   1086.9   0.760
20260407011558    164   1455.0   1475.0   20.0    186.7   1028.5    951.3   0.770
20260407011558    168     25.0     45.0   20.0    183.1    909.3    910.3   0.866
20260407011558    168    525.0    540.0   20.0     34.5    908.3    965.0   0.736
20260407011558    168    610.0    625.0   20.0     48.2    956.5    908.3   0.749
20260407011558    170     10.0     45.0   20.0     34.8   1063.8   1148.1   0.791
20260407011558    170     90.0    105.0   20.0     27.2   1148.8   1177.7   0.610
20260407011558    170    200.0    245.0   20.0     30.1   1151.8   1182.0   0.744
20260407011558    170    415.0    430.0   20.0     20.5   1271.3   1271.6   0.731
20260407011558    170    755.0    770.0   20.0     34.3   1275.8   1020.7   0.897
20260407011558    171    315.0    325.0   20.0     21.6   1436.6   1440.2   0.563
20260407011558    171    470.0    480.0   20.0     44.6   1457.5   1455.9   0.679
20260407011558    171    520.0    690.0   20.0     67.7   1456.5   1453.9   0.874
20260407011558    171    885.0    915.0   20.0    106.7   1460.1   1485.9   0.867
20260407011558    171   1025.0   1075.0   20.0     52.4   1471.2   1467.5   0.883
20260407011558    171   1235.0   1265.0   20.0    103.3   1461.4   1459.2   0.886
20260407011558    171   1745.0   1795.0   20.0     41.7   1467.5   1457.9   0.931
20260407011558    172     80.0    100.0   20.0    148.1    899.6    901.4   0.813
20260407011558    173    330.0    350.0   20.0     62.3   1000.2    998.9   0.796
20260407011558    174   1180.0   1195.0   20.0     67.7   1377.9   1353.7   0.913
20260407011558    177    470.0    505.0   20.0     64.9    920.8   1229.2   0.790
20260407011558    180    200.0    215.0   20.0     41.0   1276.2   1281.7   0.876
20260407011558    180    570.0    580.0   20.0     20.9   1370.9   1361.8   0.423
20260407011558    180   1050.0   1065.0   20.0     24.0   1393.5   1399.4   0.505
20260407011558    180   1405.0   1415.0   20.0     21.8   1390.7   1385.3   0.741
20260407011558    182    180.0    195.0   20.0     86.9   1409.9   1402.0   0.764
20260407011558    182    470.0    490.0   20.0     85.0   1399.2   1401.4   0.792
20260407011558    182    525.0    540.0   20.0     82.6   1390.3   1392.5   0.734
20260407011558    182    750.0    770.0   20.0     84.3   1406.4   1397.3   0.785
20260407011558    183    450.0    465.0   20.0    111.1    928.1    928.7   0.805
20260407011558    183    705.0    720.0   20.0     40.7    929.2    980.7   0.750
20260407011558    183   1010.0   1025.0   20.0    180.0   1011.6   1194.8   0.782
20260407011558    183   1150.0   1165.0   20.0     36.5   1099.7    929.0   0.947
20260407011558    186   1565.0   1585.0   20.0     57.1    768.9    795.1   0.809
20260407011558    188   1550.0   1570.0   20.0    174.2    942.2   1272.2   0.857
20260407011558    189    320.0    335.0   20.0     27.1    946.2    945.8   0.553
20260407011558    193    520.0    535.0   20.0     64.6    940.7   1053.1   0.779
20260407011558    193    710.0    725.0   20.0     32.8   1059.8   1078.4   0.781
20260407011558    193    970.0    985.0   20.0     35.5   1092.9   1128.8   0.751
20260407011558    193   1265.0   1280.0   20.0     26.9   1137.3   1173.3   0.747
20260407011558    193   1340.0   1355.0   20.0     21.4   1185.6   1168.6   0.661
20260407011558    193   1515.0   1530.0   20.0     21.4   1173.7   1173.6   0.445
20260407011558    194    760.0    780.0   20.0    106.6    942.0   1499.4   0.883
20260407011558    200     15.0     30.0   20.0     81.8   1076.2    971.2   0.771
20260407011558    200   1780.0   1800.0   20.0     58.1    970.3    963.8   0.752
20260407011558    204    485.0    500.0   20.0     26.1   1209.0   1245.6   0.779
20260407011558    204    740.0    755.0   20.0     23.1   1316.1   1381.4   0.778
20260407011558    204    810.0    825.0   20.0     67.0   1313.7    974.4   0.966
20260407011558    204   1690.0   1715.0   20.0    182.1    974.2    975.4   0.790
20260407011558    208   1425.0   1440.0   20.0     27.7   1380.9   1381.5   0.751
20260407011558    214    485.0    500.0   20.0     21.7    548.7    582.3   0.747
20260407011558    214    610.0    625.0   20.0     35.3    614.2    573.6   0.784
20260407011558    214   1720.0   1745.0   20.0     28.5    538.9    548.1   0.766
20260407011558    215      0.0    740.0   20.0     79.3      0.0   1571.0   0.897
20260407011558    215    780.0    845.0   20.0     61.0   1571.4   1572.0   0.876
20260407011558    215    880.0    910.0   20.0     55.5   1569.9   1570.0   0.880
20260407011558    215    960.0   1800.0   20.0     80.5   1568.8   1595.7   0.878
20260407011558    219    845.0    860.0   20.0     62.2    999.3    999.4   0.848
20260407011558    221    435.0    450.0   20.0     93.8   1020.1   1174.8   0.793
20260407011558    221    555.0    590.0   20.0     80.1   1185.2   1200.9   0.826
20260407011558    226    420.0    440.0   20.0     78.3   1024.0   1023.7   0.816
20260407011558    226   1025.0   1075.0   20.0     43.5   1024.1   1243.4   0.861
20260407011558    226   1110.0   1160.0   20.0     46.2   1243.8   1253.8   0.634
20260407011558    226   1290.0   1335.0   20.0     27.0   1283.5   1318.3   0.754
20260407011558    227     70.0    115.0   20.0    178.4   1058.2   1520.1   0.882
20260407011558    227    195.0    210.0   20.0     34.4   1534.6   1589.9   0.727
20260407011558    227    265.0    275.0   20.0     30.7   1594.6   1616.1   0.468
20260407011558    227    415.0    520.0   20.0     34.1   1635.3   1651.3   0.681
20260407011558    227    670.0   1755.0   20.0     42.6   1657.0   1674.4   0.841
20260407011558    228   1580.0   1600.0   20.0     83.6   1020.8   1018.1   0.719
20260407011558    229   1535.0   1550.0   20.0    121.4   1020.1   1233.9   0.779
20260407011558    230    970.0   1000.0   20.0    186.5   1055.3   1052.2   0.869
20260407011558    230   1465.0   1485.0   20.0     43.7   1065.9   1049.9   0.774
20260407011558    235     90.0    100.0   20.0     23.5   1346.0   1361.9   0.567
20260407011558    235    160.0    175.0   20.0    197.0   1374.5   1043.0   0.844
20260407011558    235    370.0    385.0   20.0    157.8   1049.6   1294.9   0.796
20260407011558    235    920.0    935.0   20.0     21.1   1350.6   1362.8   0.780
20260407011558    242   1445.0   1460.0   20.0    105.0   1051.0   1052.1   0.618
20260407011558    243    580.0    595.0   20.0     44.5   1954.9   1952.5   0.883
20260407011558    243    635.0    940.0   20.0    108.1   1950.5   2000.4   0.911
20260407011558    243   1340.0   1635.0   20.0    104.8   2061.6   2123.0   0.931
20260407011558    247     25.0     40.0   20.0     48.7   1095.3   1097.3   0.715
20260407011558    247    140.0    165.0   20.0    203.4   1094.7   1093.5   0.772
20260407011558    250    250.0    280.0   20.0     46.0   1216.1   1215.8   0.780
20260407011558    252      0.0     10.0   20.0    136.4      0.0   1235.6   0.705
20260407011558    252    395.0    410.0   20.0     33.0   1311.5   1339.3   0.611
20260407011558    252   1110.0   1125.0   20.0     27.0   1333.5   1362.4   0.749
20260407011558    253   1380.0   1395.0   20.0     86.8   1084.9   1084.7   0.726
20260407011558    254    140.0    155.0   20.0     33.7   1100.8   1153.1   0.771
20260407011558    254    285.0    340.0   20.0     68.7   1210.1   1446.7   0.702
20260407011558    254    385.0    400.0   20.0     24.1   1431.6   1452.1   0.766
20260407011558    254   1265.0   1280.0   20.0    104.8   1479.4   1088.9   0.855
20260407014921      1    155.0    170.0   20.0    195.5   1013.5   1023.8   0.905
20260407014921      1    330.0    345.0   20.0    181.4   1021.0   1309.8   0.835
20260407014921      2    920.0    935.0   20.0     30.9   1492.5   1550.4   0.860
20260407014921      3    230.0    245.0   20.0     20.2   1368.0   1390.0   0.834
20260407014921      9    930.0    975.0   20.0    107.0    979.5    970.5   0.797
20260407014921     12      5.0   1790.0   20.0     51.4   1871.8   1763.1   0.959
20260407014921     14    515.0    530.0   20.0     67.8    968.5    969.8   0.761
20260407014921     14    720.0    830.0   20.0     47.6    971.8   1170.6   0.757
20260407014921     14   1145.0   1165.0   20.0     96.9   1135.3   1172.7   0.748
20260407014921     14   1205.0   1225.0   20.0    119.9   1180.1    967.2   0.947
20260407014921     16     35.0     50.0   20.0     66.2   1368.4   1408.0   0.732
20260407014921     16   1350.0   1365.0   20.0    182.6   1381.9   1496.3   0.760
20260407014921     18    745.0    760.0   20.0    127.3    960.7    962.0   0.715
20260407014921     19      0.0     40.0   20.0    179.0      0.0    960.2   0.821
20260407014921     19   1000.0   1050.0   20.0    143.1    979.2    957.5   0.863
20260407014921     20   1140.0   1155.0   20.0     73.1    964.3    965.5   0.762
20260407014921     25   1365.0   1380.0   20.0     21.4   1076.0   1129.0   0.622
20260407014921     26   1450.0   1480.0   20.0    124.2    964.1    960.8   0.804
20260407014921     28   1725.0   1740.0   20.0    124.4    948.0   1314.1   0.938
20260407014921     29   1295.0   1315.0   20.0     42.7    928.4    928.4   0.803
20260407014921     30    200.0    215.0   20.0     70.2    929.0    930.4   0.827
20260407014921     30    560.0    645.0   20.0     87.9    943.0   1113.7   0.760
20260407014921     30    690.0    705.0   20.0     21.1   1116.9   1139.5   0.840
20260407014921     30    810.0    825.0   20.0     30.4   1168.6   1169.8   0.830
20260407014921     30    860.0    885.0   20.0     73.7   1206.7   1142.7   0.862
20260407014921     30    925.0    945.0   20.0    134.6   1147.2   1245.5   0.819
20260407014921     30   1030.0   1045.0   20.0     24.1   1244.1   1275.6   0.879
20260407014921     31   1060.0   1095.0   20.0     69.3    927.2    926.8   0.745
20260407014921     32    270.0    315.0   20.0    112.5    935.0   1242.2   0.826
20260407014921     33     35.0     85.0   20.0    140.5   1203.2   1223.5   0.840
20260407014921     33    825.0    845.0   20.0     36.6   1247.3   1325.2   0.750
20260407014921     34    755.0    770.0   20.0     60.8    926.7    935.1   0.765
20260407014921     37     45.0     60.0   20.0     26.6    960.5    928.1   0.742
20260407014921     37    300.0    315.0   20.0     45.6    926.0    926.7   0.782
20260407014921     37   1235.0   1255.0   20.0     79.0    929.4    930.1   0.831
20260407014921     37   1710.0   1740.0   20.0     45.2    926.1    926.7   0.754
20260407014921     38   1120.0   1135.0   20.0     21.4    956.3    933.5   0.665
20260407014921     42    315.0    335.0   20.0     75.5    915.4    915.3   0.763
20260407014921     43   1675.0   1690.0   20.0     69.8    907.1    908.2   0.843
20260407014921     48     15.0     45.0   20.0     71.6    964.0    961.1   0.806
20260407014921     50     10.0     30.0   20.0     57.6    904.3   1013.4   0.828
20260407014921     50    215.0    230.0   20.0     32.4   1058.2   1058.2   0.654
20260407014921     50    385.0    400.0   20.0     27.7   1075.5   1098.9   0.782
20260407014921     50    495.0    510.0   20.0    106.5   1109.9   1272.7   0.760
20260407014921     50    990.0   1005.0   20.0     21.0   1277.9   1303.8   0.750
20260407014921     52      5.0     25.0   20.0    103.3    982.2    900.2   0.800
20260407014921     56    525.0    545.0   20.0    252.9    905.3   1340.2   0.870
20260407014921     56    630.0    650.0   20.0     40.4   1356.4   1379.9   0.835
20260407014921     58    910.0    925.0   20.0     36.1    903.5   1008.3   0.790
20260407014921     58    970.0   1035.0   20.0    173.4   1081.6    904.1   0.804
20260407014921     63    370.0    385.0   20.0     27.5    643.8    642.3   0.778
20260407014921     66   1665.0   1685.0   20.0     59.1   1207.0   1330.4   0.937
20260407014921     67   1065.0   1080.0   20.0     67.1    912.8    913.8   0.646
20260407014921     68   1140.0   1155.0   20.0     27.3    890.1    935.6   0.712
20260407014921     68   1655.0   1675.0   20.0     48.7   1002.1   1016.3   0.735
20260407014921     68   1760.0   1775.0   20.0     22.4   1060.8   1138.3   0.858
20260407014921     70    565.0    580.0   20.0     31.9    929.4    894.5   0.861
20260407014921     70    705.0    720.0   20.0     59.5    903.4    888.1   0.865
20260407014921     70    935.0    950.0   20.0     31.7    905.1    896.8   0.745
20260407014921     70   1610.0   1660.0   20.0     39.6    897.6    948.4   0.855
20260407014921     70   1765.0   1790.0   20.0     55.0    965.2   1049.9   0.857
20260407014921     75    610.0    625.0   20.0     24.4   1237.5   1238.4   0.809
20260407014921     75   1205.0   1220.0   20.0     29.0   1206.5   1198.0   0.632
20260407014921     76   1075.0   1100.0   20.0     71.2    933.3    933.3   0.868
20260407014921     76   1445.0   1495.0   20.0     73.7    928.4    928.2   0.838
20260407014921     77    250.0    265.0   20.0     21.7   1134.6   1156.5   0.637
20260407014921     80   1625.0   1705.0   20.0     44.1    896.2   1078.0   0.764
20260407014921     83   1055.0   1070.0   20.0     42.3    876.6    876.8   0.769
20260407014921     86    300.0    315.0   20.0     57.7    864.6    867.2   0.709
20260407014921     86   1160.0   1190.0   20.0    121.2    865.1    866.2   0.838
20260407014921     86   1530.0   1545.0   20.0     26.3    865.1    901.8   0.716
20260407014921     87   1765.0   1780.0   20.0     47.9    935.3    933.8   0.850
20260407014921     91    505.0    515.0   20.0     21.5    881.3    885.9   0.499
20260407014921     91   1260.0   1280.0   20.0     62.3   1046.4   1181.1   0.909
20260407014921     91   1565.0   1630.0   20.0     40.4   1180.1    889.0   0.940
20260407014921     92     30.0     45.0   20.0     29.5    999.7   1059.6   0.800
20260407014921     92    230.0    305.0   20.0     23.6   1040.0   1141.2   0.863
20260407014921     92    345.0    360.0   20.0    243.0   1134.7    871.4   0.789
20260407014921     94   1515.0   1530.0   20.0     22.7   1684.0   1639.8   0.799
20260407014921     96     90.0    125.0   20.0     65.1    895.5   1062.6   0.861
20260407014921     96    245.0    260.0   20.0     24.4   1051.9   1080.8   0.674
20260407014921     97    465.0    495.0   20.0    136.2    869.6    864.9   0.762
20260407014921    105    135.0    155.0   20.0    171.3    868.6    869.9   0.799
20260407014921    105   1080.0   1095.0   20.0     40.2    871.1    870.5   0.799
20260407014921    105   1715.0   1735.0   20.0    108.4    865.7    871.1   0.793
20260407014921    106    940.0    955.0   20.0     47.7    871.8    873.3   0.740
20260407014921    107    730.0    750.0   20.0     60.0    960.5    962.8   0.812
20260407014921    114      5.0     25.0   20.0     70.1    874.7    874.1   0.718
20260407014921    114    220.0    255.0   20.0     87.0    875.0    874.5   0.752
20260407014921    116    105.0    125.0   20.0     70.3    932.6    931.7   0.813
20260407014921    116    175.0    190.0   20.0     25.9    931.9    933.2   0.696
20260407014921    117    500.0    515.0   20.0    118.3    868.8    870.8   0.733
20260407014921    117   1520.0   1650.0   20.0     95.5    863.7   1129.5   0.783
20260407014921    117   1765.0   1780.0   20.0    154.5   1218.8    863.1   0.783
20260407014921    118   1125.0   1140.0   20.0     25.2   1355.3   1371.7   0.643
20260407014921    120   1675.0   1730.0   20.0    143.4    872.6    878.6   0.871
20260407014921    121    165.0    180.0   20.0     70.8    898.6    871.4   0.641
20260407014921    121    225.0    240.0   20.0     80.0    872.1    872.5   0.813
20260407014921    121    330.0    385.0   20.0     84.7    872.9   1071.4   0.766
20260407014921    121    500.0    560.0   20.0     72.5   1062.3   1145.5   0.853
20260407014921    121    625.0    640.0   20.0     36.5   1220.2   1278.7   0.605
20260407014921    121   1370.0   1385.0   20.0     57.8   1140.8    876.4   0.937
20260407014921    122     45.0     75.0   20.0    198.5    881.9    879.9   0.763
20260407014921    124    960.0    985.0   20.0    129.5    887.2    887.2   0.838
20260407014921    124   1305.0   1320.0   20.0     34.4    889.2    889.0   0.764
20260407014921    126   1165.0   1180.0   20.0     34.5   1347.6   1281.4   0.786
20260407014921    127   1545.0   1610.0   20.0     57.5    874.7   1017.7   0.828
20260407014921    127   1750.0   1765.0   20.0     28.9   1033.8   1078.8   0.830
20260407014921    128   1320.0   1340.0   20.0     94.3    930.2    894.0   0.795
20260407014921    129    230.0    320.0   20.0     50.6    877.3   1106.4   0.755
20260407014921    129    840.0    855.0   20.0     20.5   1206.5   1205.1   0.828
20260407014921    129   1015.0   1040.0   20.0     22.1   1198.9   1228.5   0.700
20260407014921    129   1100.0   1115.0   20.0     28.9   1232.0   1235.8   0.568
20260407014921    129   1435.0   1450.0   20.0     59.6   1240.5    884.7   0.923
20260407014921    131    465.0    510.0   20.0     87.4    740.6    743.0   0.878
20260407014921    132    265.0    280.0   20.0     99.4    873.9    872.1   0.708
20260407014921    132   1765.0   1785.0   20.0    211.5    869.4    872.1   0.876
20260407014921    133    185.0    205.0   20.0     47.8    871.9   1000.8   0.737
20260407014921    133    295.0    355.0   20.0    246.4   1003.9   1041.7   0.796
20260407014921    133    415.0    430.0   20.0     20.1   1068.0   1099.7   0.697
20260407014921    133    505.0    520.0   20.0    137.4   1161.9   1355.1   0.793
20260407014921    135    355.0    370.0   20.0     82.1    877.3    876.4   0.637
20260407014921    135    430.0    445.0   20.0     91.5    890.1   1167.1   0.888
20260407014921    135    520.0    535.0   20.0     20.8   1168.2   1176.1   0.599
20260407014921    137    420.0    435.0   20.0     48.6    870.3    888.9   0.734
20260407014921    138    270.0    285.0   20.0    120.3    878.6    878.5   0.655
20260407014921    140   1485.0   1505.0   20.0     56.5    879.2    879.6   0.774
20260407014921    141    485.0    525.0   20.0    110.9    889.2   1020.8   0.750
20260407014921    141    805.0    825.0   20.0     43.0   1044.0   1032.3   0.787
20260407014921    141    915.0    930.0   20.0     22.3   1028.5   1024.8   0.795
20260407014921    141   1135.0   1155.0   20.0    124.5   1043.0    929.3   0.874
20260407014921    142    730.0    755.0   20.0     96.5    891.3    892.5   0.817
20260407014921    143    355.0    390.0   20.0    172.1    880.9    881.8   0.875
20260407014921    143   1740.0   1755.0   20.0     54.2    880.0    881.4   0.788
20260407014921    145    505.0    520.0   20.0     25.5    882.0   1043.7   0.839
20260407014921    145    585.0    625.0   20.0     35.1   1043.1   1126.7   0.883
20260407014921    145    665.0    720.0   20.0    104.8   1121.2   1161.2   0.833
20260407014921    145   1210.0   1225.0   20.0     30.8   1205.7   1234.5   0.806
20260407014921    145   1415.0   1430.0   20.0     29.6   1208.2   1229.1   0.627
20260407014921    146    200.0    220.0   20.0    198.7    935.9   1447.4   0.834
20260407014921    147    780.0    800.0   20.0     50.1    885.3    941.5   0.783
20260407014921    147    865.0    885.0   20.0    140.3   1083.4    886.1   0.833
20260407014921    147   1560.0   1640.0   20.0     29.0    881.0    917.6   0.896
20260407014921    148    145.0    185.0   20.0    201.5    891.0    891.6   0.916
20260407014921    148   1770.0   1785.0   20.0     78.6    888.2    887.5   0.776
20260407014921    149   1255.0   1275.0   20.0    105.7    894.6    894.0   0.812
20260407014921    152   1165.0   1180.0   20.0     54.0    892.5    942.3   0.708
20260407014921    152   1650.0   1665.0   20.0     41.0    980.1   1031.2   0.816
20260407014921    154     20.0     90.0   20.0    162.0   1159.9    911.9   0.750
20260407014921    154    255.0    270.0   20.0     22.9    951.1    965.9   0.767
20260407014921    154    730.0    745.0   20.0     87.3   1107.1    896.6   0.904
20260407014921    154   1660.0   1675.0   20.0     61.0    886.9    887.4   0.653
20260407014921    158   1240.0   1260.0   20.0     63.1    982.7    981.6   0.805
20260407014921    159    415.0    430.0   20.0     78.7    893.7   1013.2   0.810
20260407014921    160    455.0    470.0   20.0     20.0   1263.3   1269.0   0.619
20260407014921    162    660.0    675.0   20.0     20.1   1235.7   1252.0   0.880
20260407014921    162   1095.0   1105.0   20.0     20.6   1283.9   1289.0   0.731
20260407014921    168   1290.0   1350.0   20.0     84.7    908.9    908.0   0.813
20260407014921    169    375.0    395.0   20.0     48.3    907.7    995.6   0.814
20260407014921    169    430.0    480.0   20.0    147.0   1028.2    909.3   0.817
20260407014921    170     35.0     50.0   20.0     79.6    911.9    911.6   0.770
20260407014921    170    265.0    280.0   20.0     53.8    911.2    981.0   0.736
20260407014921    170    530.0    545.0   20.0     47.8   1028.6   1074.3   0.804
20260407014921    170    725.0    735.0   20.0     20.3   1151.1   1136.1   0.472
20260407014921    170    830.0    850.0   20.0    195.2   1184.4    911.4   0.841
20260407014921    170   1040.0   1100.0   20.0     69.0    912.8    964.2   0.787
20260407014921    170   1335.0   1350.0   20.0     25.0    992.4   1013.6   0.502
20260407014921    170   1470.0   1550.0   20.0     88.2    988.4    915.7   0.901
20260407014921    171    245.0    320.0   20.0     70.9   1298.8   1314.5   0.698
20260407014921    171    670.0   1800.0    3.8    311.0   1387.5   1360.7   0.743
20260407014921    172   1375.0   1390.0   20.0     21.8    903.7    926.4   0.773
20260407014921    172   1495.0   1515.0   20.0    158.0    934.4    908.2   0.942
20260407014921    174      0.0     10.0   20.0     78.6      0.0   1411.6   0.882
20260407014921    174    145.0    165.0   20.0     80.9   1412.3   1417.0   0.928
20260407014921    174    525.0    540.0   20.0     83.9   1435.6   1420.0   0.857
20260407014921    174   1060.0   1080.0   20.0     76.9   1424.7   1411.1   0.898
20260407014921    174   1305.0   1320.0   20.0     79.5   1406.4   1420.9   0.850
20260407014921    175   1550.0   1565.0   20.0     42.5    915.3    974.4   0.748
20260407014921    175   1615.0   1630.0   20.0     81.2   1037.2    915.6   0.793
20260407014921    177    175.0    235.0   20.0     74.6    920.6   1159.0   0.898
20260407014921    177    370.0    385.0   20.0     23.6   1190.4   1211.0   0.553
20260407014921    177    490.0    505.0   20.0     20.4   1197.6   1197.0   0.698
20260407014921    177    610.0    625.0   20.0     56.3   1210.9   1196.7   0.792
20260407014921    177    690.0    720.0   20.0     24.0   1228.6   1250.8   0.716
20260407014921    177   1235.0   1250.0   20.0     29.9   1303.2   1300.5   0.726
20260407014921    179    440.0    455.0   20.0     20.9   1203.8   1202.6   0.899
20260407014921    182      0.0     15.0   20.0     45.6      0.0   1419.1   0.801
20260407014921    182    910.0    925.0   20.0     77.2   1429.3   1468.8   0.630
20260407014921    187   1110.0   1130.0   20.0     79.5    947.4    949.9   0.749
20260407014921    187   1630.0   1660.0   20.0    132.4    938.2    937.5   0.840
20260407014921    191   1335.0   1350.0   20.0     41.3    951.0    948.0   0.591
20260407014921    193    425.0    440.0   20.0    112.3    944.1   1142.5   0.846
20260407014921    193   1190.0   1205.0   20.0     25.6   1204.4   1221.9   0.584
20260407014921    196   1205.0   1220.0   20.0     32.4    955.8    953.7   0.809
20260407014921    197    585.0    595.0   20.0     43.5   1136.8   1106.5   0.728
20260407014921    198     10.0     25.0   20.0     24.2   1429.0   1450.5   0.831
20260407014921    203    390.0    405.0   20.0     64.5    972.9   1046.6   0.780
20260407014921    205    445.0    485.0   20.0    105.2   1690.0   1692.0   0.599
20260407014921    205    520.0    605.0   20.0    104.1   1692.2   1618.5   0.842
20260407014921    205    680.0    735.0   20.0    104.0   1710.1   1710.6   0.721
20260407014921    205    830.0    920.0   19.9    103.5   1704.4   1701.7   0.643
20260407014921    205    995.0   1005.0   20.0    103.4   1693.0   1701.2   0.612
20260407014921    205   1040.0   1050.0   20.0    102.4   1610.3   1693.3   0.628
20260407014921    205   1280.0   1295.0   20.0    112.5   1608.8   1608.3   0.637
20260407014921    205   1590.0   1605.0   20.0    105.3   1609.9   1608.2   0.816
20260407014921    206    125.0    140.0   20.0     66.6    979.5   1075.0   0.770
20260407014921    206    195.0    210.0   20.0     83.5   1060.8    979.8   0.737
20260407014921    207    265.0    285.0   20.0    118.2    982.0    981.3   0.725
20260407014921    210    715.0    735.0   20.0     97.3    983.9    984.5   0.797
20260407014921    211   1295.0   1310.0   20.0     44.0    978.4   1031.5   0.772
20260407014921    212    585.0    710.0   20.0     44.2   1090.8   1228.0   0.838
20260407014921    212    755.0    765.0   20.0     26.6   1218.4   1228.8   0.663
20260407014921    212    805.0    835.0   20.0     29.5   1216.7   1218.8   0.801
20260407014921    212    965.0   1140.0   20.0     97.3   1241.9   1241.6   0.863
20260407014921    212   1175.0   1210.0   20.0    132.0   1244.7   1234.3   0.831
20260407014921    212   1330.0   1345.0   20.0     64.1   1229.6   1231.4   0.804
20260407014921    212   1620.0   1650.0   20.0     55.2   1223.5   1236.3   0.848
20260407014921    212   1700.0   1790.0   20.0     52.9   1237.8   1236.4   0.842
20260407014921    213    405.0    450.0   20.0     40.6    984.1    985.4   0.757
20260407014921    213    830.0    845.0   20.0     29.1    988.1   1045.6   0.840
20260407014921    213    955.0    970.0   20.0     28.7   1130.9   1143.7   0.797
20260407014921    213   1055.0   1070.0   20.0    157.4   1210.2    982.9   0.824
20260407014921    213   1720.0   1740.0   20.0     43.4    979.8    980.2   0.759
20260407014921    215      0.0     35.0   20.0     52.8      0.0   1569.1   0.859
20260407014921    215    100.0    140.0   20.0     54.1   1568.5   1610.1   0.845
20260407014921    215    245.0    305.0   20.0     61.1   1569.8   1572.0   0.885
20260407014921    215    455.0    480.0   20.0     62.0   1569.5   1576.8   0.872
20260407014921    217   1100.0   1115.0   20.0     55.3   1030.9   1102.9   0.762
20260407014921    217   1180.0   1215.0   20.0    143.5   1129.6   1031.1   0.904
20260407014921    218    850.0    950.0   20.0     81.2   1124.8   1122.0   0.860
20260407014921    220   1440.0   1455.0   20.0    177.7   1015.2   1011.0   0.785
20260407014921    220   1725.0   1740.0   20.0     89.5   1074.2   1003.3   0.778
20260407014921    221    150.0    170.0   20.0     98.2   1022.0   1438.5   0.872
20260407014921    221    855.0    870.0   20.0     37.9   1505.4   1505.2   0.672
20260407014921    221   1110.0   1215.0   20.0     30.7   1510.9   1506.4   0.898
20260407014921    221   1295.0   1310.0   20.0     21.2   1509.5   1515.4   0.857
20260407014921    221   1355.0   1370.0   20.0     20.7   1509.1   1505.2   0.870
20260407014921    221   1410.0   1455.0   20.0    194.9   1511.2   1551.8   0.862
20260407014921    221   1510.0   1585.0   20.0     36.5   1538.9   1517.3   0.903
20260407014921    223     65.0     80.0   20.0    102.3   1025.5   1027.7   0.710
20260407014921    225    585.0    600.0   20.0     30.4    678.5    679.9   0.746
20260407014921    226    280.0    295.0   20.0     34.1   1096.3   1324.8   0.865
20260407014921    227   1015.0   1115.0   20.0     25.8   1689.7   1692.7   0.808
20260407014921    227   1325.0   1340.0   20.0     22.1   1692.2   1688.3   0.768
20260407014921    227   1470.0   1480.0   20.0     20.5   1689.0   1694.9   0.781
20260407014921    229    715.0    730.0   20.0     60.8   1038.1   1312.0   0.882
20260407014921    229   1215.0   1230.0   20.0     24.8   1414.5   1407.0   0.637
20260407014921    230   1075.0   1090.0   20.0     77.1   1073.6   1044.2   0.765
20260407014921    230   1640.0   1655.0   20.0     45.6   1040.3   1040.0   0.879
20260407014921    232    640.0    695.0   20.0     85.8   1396.8   1467.3   0.690
20260407014921    232    850.0    865.0   20.0     27.3   1527.7   1515.6   0.672
20260407014921    232    965.0    995.0   20.0     30.8   1533.7   1543.9   0.729
20260407014921    232   1390.0   1415.0   20.0     32.1   1517.7   1524.2   0.717
20260407014921    233    970.0   1120.0   20.0    103.2   1041.8   1561.1   0.812
20260407014921    233   1205.0   1220.0   20.0     41.8   1542.6   1566.5   0.693
20260407014921    238    550.0    570.0   20.0     78.4   1062.4   1062.0   0.795
20260407014921    238   1415.0   1430.0   20.0    123.3   1052.1   1049.9   0.807
20260407014921    239   1195.0   1210.0   20.0     39.8   1434.2   1435.2   0.740
20260407014921    242     10.0     60.0   20.0    181.4   1070.3   1070.0   0.767
20260407014921    243     10.0     25.0   20.0     22.8   2030.1   2002.2   0.653
20260407014921    243    285.0    345.0   20.0     35.2   2045.7   1992.6   0.829
20260407014921    243    385.0    445.0   20.0     58.7   2033.7   2053.4   0.873
20260407014921    243    630.0    645.0   20.0    153.3   2132.7   2053.9   0.858
20260407014921    243    765.0    780.0   20.0     74.8   2072.0   2140.2   0.763
20260407014921    243    950.0   1010.0   20.0    135.5   2129.4   2000.2   0.887
20260407014921    243   1090.0   1105.0   20.0     98.2   2035.3   2014.1   0.802
20260407014921    243   1460.0   1520.0   20.0    132.3   2121.1   2005.9   0.853
20260407014921    243   1675.0   1800.0   20.0     90.5   2066.5   2015.1   0.842
20260407014921    245    960.0    975.0   20.0     56.9   1091.7   1088.5   0.796
20260407014921    246      0.0     15.0   20.0     47.2      0.0   1074.2   0.732
20260407014921    246     65.0     80.0   20.0     57.1   1079.8   1071.8   0.739
20260407014921    246    400.0    420.0   20.0     49.2   1068.3   1067.5   0.863
20260407014921    249      0.0     10.0   20.0    166.5      0.0   1101.7   0.777
20260407014921    251    150.0    170.0   20.0     43.2   1105.3   1173.5   0.856
20260407014921    251    225.0    240.0   20.0    193.0   1268.9   1105.4   0.852
20260407014921    252    895.0    910.0   20.0     21.4   1492.3   1509.8   0.639
20260407014921    253    330.0    345.0   20.0     75.8   1097.6   1097.2   0.607
20260407014921    253    505.0    520.0   20.0     42.0   1096.8   1167.4   0.755
20260407014921    253    555.0    570.0   20.0    104.3   1199.5   1096.5   0.796
20260407022244      1      5.0     20.0   20.0    111.7   1005.5   1273.4   0.767
20260407022244      1    785.0    800.0   20.0     36.9   1327.6   1367.4   0.796
20260407022244      4    515.0    530.0   20.0     60.3   1631.4   1611.7   0.844
20260407022244      7    155.0    170.0   20.0     35.5    985.0   1044.7   0.768
20260407022244      7    245.0    260.0   20.0    102.5   1085.4   1019.3   0.774
20260407022244      8     60.0     75.0   20.0     39.4   1433.0   1497.1   0.899
20260407022244      9    885.0    900.0   20.0     22.2    968.3    968.6   0.513
20260407022244      9   1050.0   1095.0   20.0     77.2   1142.8   1187.9   0.772
20260407022244      9   1135.0   1145.0   20.0     20.3   1275.8   1068.7   0.859
20260407022244      9   1360.0   1375.0   20.0     65.3   1205.2   1190.3   0.679
20260407022244      9   1595.0   1615.0   20.0     29.7   1161.7   1177.6   0.814
20260407022244      9   1710.0   1725.0   20.0     24.1   1151.6   1155.2   0.838
20260407022244     12    160.0    175.0   20.0     24.5   1870.4   1767.6   0.960
20260407022244     12    255.0    270.0   20.0     21.3   1866.5   1765.3   0.953
20260407022244     12    345.0    360.0   20.0     26.4   1861.1   1764.0   0.957
20260407022244     12    395.0    410.0   20.0     21.4   1861.1   1766.9   0.944
20260407022244     13    530.0    550.0   20.0    123.3    959.9    963.2   0.780
20260407022244     14    120.0    135.0   20.0     20.5    969.4    968.1   0.520
20260407022244     15   1740.0   1755.0   20.0     65.6    971.3    971.1   0.736
20260407022244     20    345.0    365.0   20.0     79.3    968.6    968.5   0.823
20260407022244     20    515.0    570.0   20.0    155.5    966.7    968.8   0.845
20260407022244     22    215.0    230.0   20.0     40.0   1060.7   1061.7   0.739
20260407022244     25    800.0    815.0   20.0     38.5   1073.1   1079.1   0.569
20260407022244     26    720.0    735.0   20.0     31.3    943.0    939.9   0.735
20260407022244     26   1555.0   1570.0   20.0     85.7    934.2    936.3   0.691
20260407022244     27    550.0    565.0   20.0     35.4    999.4    998.8   0.835
20260407022244     28    660.0    675.0   20.0     22.3    953.2    958.4   0.487
20260407022244     28    920.0    935.0   20.0     51.4    950.8    954.8   0.774
20260407022244     28   1025.0   1125.0   20.0    180.8    960.1    945.2   0.767
20260407022244     29    370.0    390.0   20.0     81.2    928.8    929.1   0.758
20260407022244     29    990.0   1005.0   20.0     46.1    924.9    928.5   0.739
20260407022244     30    265.0    280.0   20.0     38.6   1188.3   1223.0   0.707
20260407022244     31   1055.0   1070.0   20.0    209.8    931.7   1379.5   0.820
20260407022244     32    570.0    590.0   20.0     41.2   1274.6   1214.1   0.869
20260407022244     33   1410.0   1425.0   20.0     87.1   1275.8   1280.8   0.839
20260407022244     34    575.0    595.0   20.0     39.9    946.2    928.3   0.807
20260407022244     37    920.0   1080.0   20.0     97.7    937.2   1281.1   0.778
20260407022244     37   1165.0   1185.0   20.0     50.3   1257.8   1297.8   0.753
20260407022244     37   1630.0   1645.0   20.0     21.8   1342.3   1348.5   0.762
20260407022244     38    385.0    400.0   20.0     65.3    929.0    997.7   0.743
20260407022244     38    480.0    495.0   20.0     27.2   1007.7   1065.6   0.752
20260407022244     38    585.0    600.0   20.0     20.4   1050.0   1053.2   0.813
20260407022244     38    685.0    715.0   20.0     32.0   1049.0   1069.3   0.707
20260407022244     38   1265.0   1280.0   20.0     20.8   1110.4   1104.2   0.573
20260407022244     38   1430.0   1445.0   20.0     58.0   1101.4   1094.8   0.730
20260407022244     38   1490.0   1505.0   20.0     27.9   1093.5   1111.9   0.679
20260407022244     38   1590.0   1605.0   20.0     36.7   1087.8   1096.5   0.798
20260407022244     39    555.0    570.0   20.0     59.9    928.4    931.7   0.774
20260407022244     40    890.0    920.0   20.0    104.8    943.6    933.8   0.808
20260407022244     41   1045.0   1060.0   20.0     33.8    920.3    921.3   0.680
20260407022244     42    235.0    255.0   20.0    258.8    925.3    927.8   0.812
20260407022244     43    870.0    945.0   20.0     45.8    915.0   1068.0   0.761
20260407022244     43   1100.0   1115.0   20.0    140.2   1168.8    917.7   0.833
20260407022244     43   1270.0   1285.0   20.0     65.1    915.1    914.3   0.745
20260407022244     44    740.0    755.0   20.0     60.8    957.5    956.3   0.438
20260407022244     45     70.0     85.0   20.0     38.6    963.3   1019.6   0.828
20260407022244     45   1575.0   1590.0   20.0     36.9   1051.5   1050.6   0.804
20260407022244     49      5.0     20.0   20.0     20.1   1403.8   1491.4   0.874
20260407022244     50    115.0    125.0   20.0     32.8   1177.8   1230.0   0.605
20260407022244     50    165.0    180.0   20.0     29.3   1277.9   1290.8   0.679
20260407022244     50    710.0    725.0   20.0     21.9   1314.9   1316.6   0.841
20260407022244     50    770.0    790.0   20.0    162.7   1313.5   1460.1   0.817
20260407022244     52   1450.0   1485.0   20.0     55.7    923.3    919.5   0.879
20260407022244     54    655.0    710.0   20.0     73.9    932.9    925.2   0.797
20260407022244     54    830.0    850.0   20.0     96.4    986.7    918.9   0.831
20260407022244     59    585.0    625.0   20.0    144.8    887.5    900.7   0.908
20260407022244     62   1585.0   1600.0   20.0     35.9    891.2    897.6   0.807
20260407022244     63    980.0    995.0   20.0     35.0    647.4    644.3   0.737
20260407022244     67    115.0    130.0   20.0     74.9    966.6    884.3   0.774
20260407022244     67   1340.0   1370.0   20.0    108.8    887.4    885.5   0.790
20260407022244     70    670.0    700.0   20.0     26.4    889.2    879.5   0.854
20260407022244     70    805.0    820.0   20.0     32.7    879.9    919.7   0.813
20260407022244     70    975.0    990.0   20.0     26.1    934.6    880.0   0.801
20260407022244     70   1670.0   1760.0   20.0     96.6    880.6    883.0   0.878
20260407022244     72    230.0    245.0   20.0     32.5   1211.5   1242.5   0.693
20260407022244     73    870.0    940.0   20.0     89.7    861.9   1032.8   0.765
20260407022244     73   1335.0   1350.0   20.0     45.9   1037.8   1063.4   0.822
20260407022244     76    705.0    725.0   20.0     66.0    929.3    929.1   0.823
20260407022244     78     60.0     80.0   20.0     85.5    997.6    893.0   0.845
20260407022244     79     70.0     85.0   20.0     49.2    881.7   1058.6   0.809
20260407022244     80      0.0     15.0   20.0    114.6      0.0    889.0   0.783
20260407022244     81    595.0    610.0   20.0     45.0    883.6   1000.4   0.793
20260407022244     81    740.0    775.0   20.0     72.9   1013.0    881.5   0.838
20260407022244     82      0.0    350.0   20.0     50.5      0.0   1300.4   0.861
20260407022244     82    395.0    495.0   20.0     27.8   1336.9   1295.4   0.904
20260407022244     82    540.0    570.0   20.0     26.5   1301.7   1296.8   0.883
20260407022244     82    660.0    815.0   20.0     52.5   1292.7   1294.1   0.877
20260407022244     82    875.0    890.0   20.0     23.6   1293.5   1295.1   0.897
20260407022244     82    965.0    990.0   20.0     26.2   1294.8   1296.1   0.841
20260407022244     82   1115.0   1325.0   20.0     29.7   1337.1   1333.1   0.901
20260407022244     82   1360.0   1390.0   20.0     21.9   1338.6   1298.3   0.878
20260407022244     82   1500.0   1800.0   20.0     28.1   1334.5   1302.7   0.914
20260407022244     83    165.0    255.0   20.0     72.1   1040.1   1050.5   0.778
20260407022244     83    325.0    340.0   20.0    132.3   1050.1    877.2   0.834
20260407022244     86    325.0    340.0   20.0     20.3    873.4    869.8   0.683
20260407022244     87    415.0    430.0   20.0     46.3    940.0    939.2   0.676
20260407022244     87   1780.0   1795.0   20.0     21.6    938.6    936.4   0.535
20260407022244     90    390.0    450.0   20.0    107.2    876.0   1001.1   0.824
20260407022244     92      0.0    105.0   20.0     65.6      0.0   1136.1   0.771
20260407022244     92    350.0    365.0   20.0     26.3   1207.8   1171.5   0.715
20260407022244     92    545.0    555.0   20.0     38.9   1192.6   1205.0   0.510
20260407022244     99    320.0    335.0   20.0     22.9    872.1    933.6   0.746
20260407022244     99    395.0    410.0   20.0    117.6    946.2    873.0   0.755
20260407022244    100    815.0    830.0   20.0     25.3   1262.2   1222.2   0.952
20260407022244    101     75.0     90.0   20.0     91.8    886.6    983.1   0.748
20260407022244    101   1085.0   1100.0   20.0     47.7   1067.7   1085.1   0.724
20260407022244    102   1035.0   1105.0   20.0     85.3    872.6    967.5   0.796
20260407022244    102   1500.0   1515.0   20.0     69.4    979.3   1096.2   0.800
20260407022244    105     65.0     80.0   20.0     45.2    869.2    951.1   0.788
20260407022244    105    800.0    815.0   20.0     24.5   1106.3   1122.2   0.705
20260407022244    105   1445.0   1460.0   20.0     28.1   1111.5   1118.7   0.718
20260407022244    105   1585.0   1600.0   20.0     33.0   1127.9   1137.9   0.793
20260407022244    105   1780.0   1795.0   20.0     51.7   1179.3   1227.9   0.902
20260407022244    106    525.0    575.0   20.0     41.3    876.8    944.3   0.771
20260407022244    106    615.0    630.0   20.0    185.9   1026.9    873.6   0.757
20260407022244    107    665.0    680.0   20.0     56.2    950.1    950.5   0.781
20260407022244    111   1220.0   1235.0   20.0     31.3    866.1    865.9   0.739
20260407022244    111   1360.0   1375.0   20.0     29.8    870.0    868.5   0.731
20260407022244    117     65.0     80.0   20.0     48.7    867.6    867.2   0.755
20260407022244    117    275.0    290.0   20.0     58.7    869.1    868.8   0.782
20260407022244    118    820.0    835.0   20.0     23.5   1339.9   1350.2   0.493
20260407022244    121   1440.0   1455.0   20.0     32.6    901.4    874.1   0.746
20260407022244    123    815.0    830.0   20.0     84.0    864.3   1073.1   0.826
20260407022244    123   1190.0   1205.0   20.0    128.1   1153.0   1045.1   0.873
20260407022244    126    420.0    435.0   20.0     56.1    904.2    904.1   0.807
20260407022244    127    125.0    155.0   20.0     36.7    885.5   1103.1   0.839
20260407022244    127    195.0    210.0   20.0     34.2   1103.2   1102.7   0.570
20260407022244    127    280.0    300.0   20.0     43.2   1174.9   1181.1   0.843
20260407022244    127    790.0    805.0   20.0     20.6   1271.4   1284.1   0.764
20260407022244    128    990.0   1035.0   20.0    110.1    881.2    879.9   0.826
20260407022244    128   1780.0   1800.0   20.0    143.4    878.9    876.3   0.800
20260407022244    129    150.0    170.0   20.0    133.1    883.1    882.0   0.815
20260407022244    129   1005.0   1025.0   20.0     96.7    876.7    878.3   0.855
20260407022244    129   1375.0   1390.0   20.0     54.5    907.7    878.9   0.728
20260407022244    129   1780.0   1795.0   20.0    107.2    879.0   1047.5   0.831
20260407022244    130    100.0    115.0   20.0     31.8    862.1    939.3   0.848
20260407022244    130    190.0    205.0   20.0     74.3    946.3    863.0   0.770
20260407022244    132    540.0    555.0   20.0     58.5    870.5    871.4   0.791
20260407022244    134    575.0    680.0   20.0     33.1    889.5   1080.1   0.837
20260407022244    134    885.0    900.0   20.0     28.3   1162.6   1155.7   0.911
20260407022244    134   1015.0   1030.0   20.0     39.5   1172.9   1223.3   0.783
20260407022244    134   1220.0   1235.0   20.0     69.8   1211.2   1340.2   0.768
20260407022244    135    175.0    190.0   20.0     87.3    877.7   1171.6   0.894
20260407022244    138   1210.0   1230.0   20.0     53.3    876.7    950.4   0.785
20260407022244    138   1605.0   1620.0   20.0     35.6   1042.7   1043.6   0.709
20260407022244    139    550.0    565.0   20.0     29.3   1352.1   1432.9   0.943
20260407022244    139   1070.0   1085.0   20.0     29.5   1350.9   1449.7   0.918
20260407022244    141    580.0    615.0   20.0     73.0    891.4    892.0   0.798
20260407022244    141   1580.0   1595.0   20.0     66.3    891.0   1008.6   0.710
20260407022244    142    490.0    505.0   20.0     39.8    883.6    884.6   0.770
20260407022244    142    685.0    700.0   20.0     43.2    884.4    887.5   0.704
20260407022244    143    800.0    835.0   20.0    129.9    884.3    883.9   0.821
20260407022244    146     55.0     70.0   20.0     54.0    982.5    981.9   0.757
20260407022244    146   1310.0   1325.0   20.0     29.6    976.0    973.3   0.716
20260407022244    148   1075.0   1090.0   20.0     73.4    896.6    897.6   0.771
20260407022244    148   1535.0   1555.0   20.0    110.6    904.3    895.2   0.835
20260407022244    149   1300.0   1320.0   20.0     63.2    892.8    894.1   0.764
20260407022244    149   1365.0   1375.0   20.0     21.0    893.7    892.2   0.409
20260407022244    154    745.0    760.0   20.0     32.4    911.6    889.9   0.669
20260407022244    154    800.0    815.0   20.0     22.5    887.6    891.0   0.584
20260407022244    154    885.0    940.0   20.0    192.9    889.2    890.5   0.846
20260407022244    154   1400.0   1415.0   20.0     58.0    884.3    885.4   0.797
20260407022244    156    560.0    580.0   20.0    281.4    893.1    891.8   0.859
20260407022244    156   1245.0   1380.0   20.0    138.0    888.7    889.5   0.761
20260407022244    159   1205.0   1305.0   20.0    119.9    895.3   1164.1   0.892
20260407022244    159   1520.0   1535.0   20.0     22.8   1217.6   1288.3   0.864
20260407022244    163    785.0    800.0   20.0     28.8    896.1   1059.3   0.737
20260407022244    163    855.0    875.0   20.0    117.2   1074.4    896.3   0.849
20260407022244    167    255.0    285.0   20.0    143.1    914.2    914.5   0.872
20260407022244    168    210.0    230.0   20.0     49.7    912.7    912.5   0.801
20260407022244    168    400.0    430.0   20.0    145.6    910.4    910.4   0.794
20260407022244    168    910.0    960.0   20.0     92.0    908.8    908.4   0.765
20260407022244    169   1410.0   1430.0   20.0    123.7    911.4   1175.8   0.829
20260407022244    169   1585.0   1600.0   20.0     20.4   1195.6   1214.3   0.801
20260407022244    170    335.0    350.0   20.0     22.8   1014.2   1008.9   0.754
20260407022244    170    585.0    635.0   20.0     40.8   1049.9   1136.0   0.814
20260407022244    170    820.0    835.0   20.0     59.6   1104.2    910.9   0.904
20260407022244    172   1350.0   1370.0   20.0    120.3    899.6    901.1   0.847
20260407022244    175    600.0    615.0   20.0     74.7    919.8    921.3   0.806
20260407022244    177    310.0    335.0   20.0     53.2    940.1   1152.1   0.901
20260407022244    177    385.0    400.0   20.0     25.7   1183.4   1205.5   0.753
20260407022244    177   1465.0   1480.0   20.0     30.9   1267.8   1271.9   0.762
20260407022244    181   1700.0   1715.0   20.0     43.4    974.4   1034.2   0.800
20260407022244    186    140.0    155.0   20.0     24.4    789.0    777.5   0.785
20260407022244    187     20.0     75.0   20.0     48.7    943.9    983.4   0.921
20260407022244    188    425.0    440.0   20.0     80.3    947.3    941.1   0.790
20260407022244    188   1765.0   1785.0   20.0    129.6   1073.5   1203.9   0.843
20260407022244    189    725.0    745.0   20.0     66.5    945.6    945.1   0.749
20260407022244    191    715.0    730.0   20.0     63.7    938.5    937.7   0.787
20260407022244    193     65.0     80.0   20.0     61.6   1097.9   1179.2   0.707
20260407022244    194   1130.0   1145.0   20.0     98.6    942.8    940.5   0.645
20260407022244    194   1780.0   1800.0   20.0    148.7    939.5    936.9   0.819
20260407022244    196   1645.0   1660.0   20.0     55.2    945.4    946.4   0.656
20260407022244    199    760.0    780.0   20.0     69.9   1035.7   1034.1   0.788
20260407022244    199   1390.0   1405.0   20.0     65.8   1031.0   1031.1   0.706
20260407022244    200   1540.0   1565.0   20.0     44.0    959.0    959.4   0.723
20260407022244    202    450.0    465.0   20.0     59.7   1420.9   1403.1   0.722
20260407022244    204    570.0    625.0   20.0     29.8    985.3   1047.2   0.838
20260407022244    204   1025.0   1050.0   20.0    112.4   1111.6    974.1   0.792
20260407022244    205      0.0    265.0   20.0    131.8      0.0   1618.9   0.785
20260407022244    205    390.0    720.0   20.0    146.6   1620.2   1618.6   0.843
20260407022244    205    760.0   1435.0   20.0    137.2   1611.7   1620.7   0.829
20260407022244    205   1475.0   1495.0   20.0    103.4   1618.8   1623.8   0.798
20260407022244    205   1545.0   1760.0   20.0    109.9   1621.6   1633.0   0.776
20260407022244    206    400.0    415.0   20.0     55.4    979.8    980.5   0.728
20260407022244    208    360.0    375.0   20.0     26.7   1392.3   1392.7   0.582
20260407022244    208    990.0   1040.0   20.0    112.8   1387.4   1388.1   0.842
20260407022244    210   1570.0   1585.0   20.0     64.6    976.1    975.9   0.636
20260407022244    211     25.0     40.0   20.0     96.0   1101.5    983.0   0.835
20260407022244    211   1105.0   1130.0   20.0     84.6    978.3    979.9   0.794
20260407022244    212    115.0    155.0   20.0     44.6   1218.8   1416.2   0.821
20260407022244    212    190.0    205.0   20.0     39.4   1432.9   1522.5   0.634
20260407022244    213     40.0     60.0   20.0    116.1    985.7    986.3   0.727
20260407022244    214    430.0    445.0   20.0     21.0    646.9    582.5   0.896
20260407022244    215    185.0    200.0   20.0     60.9   1579.1   1648.1   0.812
20260407022244    215    515.0    530.0   20.0     38.9   1582.2   1631.3   0.774
20260407022244    215    845.0    860.0   20.0     34.5   1584.8   1641.5   0.912
20260407022244    215   1075.0   1090.0   20.0     30.6   1582.9   1644.4   0.862
20260407022244    215   1200.0   1260.0   20.0     48.1   1583.8   1642.1   0.889
20260407022244    215   1310.0   1800.0   20.0     48.8   1594.6   1623.4   0.904
20260407022244    217      0.0     10.0   20.0     77.8      0.0   1030.4   0.828
20260407022244    220   1465.0   1480.0   20.0    137.4   1012.0   1014.5   0.864
20260407022244    221   1510.0   1545.0   20.0    517.0   1602.9   1606.3   0.901
20260407022244    223   1660.0   1710.0   20.0     66.5   1073.6   1462.3   0.806
20260407022244    224   1715.0   1730.0   20.0     33.3   1005.3   1004.3   0.681
20260407022244    225    290.0    305.0   20.0     31.3    788.4    697.8   0.859
20260407022244    225    390.0    405.0   20.0     24.8    694.5    679.8   0.738
20260407022244    226    140.0    175.0   20.0     34.8   1024.3   1414.4   0.873
20260407022244    226    300.0    315.0   20.0     28.4   1453.4   1469.2   0.590
20260407022244    226    590.0    605.0   20.0     47.7   1496.8   1438.1   0.672
20260407022244    226    880.0    895.0   20.0     26.2   1514.0   1475.5   0.861
20260407022244    226   1385.0   1405.0   20.0     34.1   1470.8   1502.3   0.899
20260407022244    226   1735.0   1750.0   20.0     22.5   1507.5   1515.2   0.884
20260407022244    227    670.0    685.0   20.0     31.9   1681.6   1703.3   0.695
20260407022244    227    895.0    910.0   20.0     38.6   1681.0   1688.9   0.668
20260407022244    227   1055.0   1070.0   20.0     50.4   1675.7   1692.3   0.730
20260407022244    227   1125.0   1145.0   20.0     34.1   1688.4   1691.4   0.715
20260407022244    227   1190.0   1800.0   20.0     60.9   1679.2   1697.6   0.818
20260407022244    229    685.0    700.0   20.0     51.3   1027.8   1027.6   0.663
20260407022244    230    815.0    830.0   20.0     45.5   1040.9   1092.2   0.748
20260407022244    230    905.0    920.0   20.0     21.7   1121.4   1146.1   0.696
20260407022244    230   1015.0   1075.0   20.0    140.5   1151.0   1042.7   0.857
20260407022244    232    110.0    125.0   20.0     20.3   1306.3   1306.2   0.532
20260407022244    232    205.0    295.0   20.0     32.1   1333.3   1324.4   0.749
20260407022244    232    330.0    375.0   20.0     65.6   1328.6   1363.3   0.842
20260407022244    232    440.0    455.0   20.0     71.9   1335.1   1403.3   0.872
20260407022244    232    655.0    670.0   20.0     20.2   1466.8   1485.6   0.883
20260407022244    232   1655.0   1670.0   20.0     45.0   1546.0   1598.5   0.741
20260407022244    235    525.0    540.0   20.0     70.3   1044.8   1043.8   0.772
20260407022244    235   1660.0   1675.0   20.0     34.7   1035.6   1096.1   0.886
20260407022244    235   1715.0   1735.0   20.0     45.4   1156.9   1308.1   0.843
20260407022244    236     85.0    100.0   20.0     49.9   1260.0   1189.2   0.787
20260407022244    237     90.0    105.0   20.0     80.2   1205.9   1231.8   0.811
20260407022244    237    225.0    240.0   20.0     27.6   1286.2   1316.1   0.795
20260407022244    237    315.0    335.0   20.0     49.2   1317.9   1072.0   0.953
20260407022244    239    500.0    580.0   20.0    114.3   1068.3   1493.5   0.890
20260407022244    245   1555.0   1570.0   20.0     22.5   1118.4   1106.2   0.722
20260407022244    246     80.0     95.0   20.0     21.7   1133.2   1168.8   0.645
20260407022244    246    190.0    210.0   20.0     25.5   1196.6   1273.7   0.676
20260407022244    246    265.0    380.0   20.0     47.5   1261.7   1323.8   0.850
20260407022244    246    455.0    470.0   20.0     28.9   1294.8   1262.7   0.641
20260407022244    246    505.0    520.0   20.0     53.0   1269.0   1291.8   0.761
20260407022244    246    620.0    640.0   20.0     54.4   1259.0   1198.9   0.787
20260407022244    246   1145.0   1160.0   20.0     25.1   1208.4   1221.2   0.580
20260407022244    247     50.0    155.0   20.0    182.5   1100.0   1096.8   0.916
20260407022244    247    240.0    255.0   20.0    134.5   1094.7   1096.9   0.794
20260407022244    250   1100.0   1115.0   20.0     49.9   1190.9   1192.0   0.780
20260407022244    251   1500.0   1515.0   20.0     85.7   1098.7   1095.4   0.722
20260407022244    251   1730.0   1745.0   20.0     46.1   1099.2   1164.0   0.759
20260407022244    253   1140.0   1160.0   20.0     65.5   1092.8   1091.9   0.682
20260407022244    254    820.0    835.0   20.0     74.4   1096.9   1100.1   0.626
20260407022244    254   1535.0   1550.0   20.0     67.0   1089.0   1088.6   0.784

========================================================================
  End of report
========================================================================
