========================================================================
  STEP NOISE FINDER — SCAN REPORT
========================================================================

Date:       2026-04-22 14:07:18
Folder:     D:/Data/Complete_Runs\KSH01-010E-02L66628w01-215B14a
Files:      32
            - KSH01-010E-02L66628w01-215B14a-OHMX215-UNO256_215_20260406182227_Baseline.tdd
            - KSH01-010E-02L66628w01-215B14a-OHMX215-UNO256_215_20260406182748_Baseline.tdd
            - KSH01-010E-02L66628w01-215B14a-OHMX215-UNO256_215_20260406190109_Baseline.tdd
            - KSH01-010E-02L66628w01-215B14a-OHMX215-UNO256_215_20260406193429_Baseline.tdd
            - KSH01-010E-02L66628w01-215B14a-OHMX215-UNO256_215_20260406200750_Baseline.tdd
            - KSH01-010E-02L66628w01-215B14a-OHMX215-UNO256_215_20260406204109_Baseline.tdd
            - KSH01-010E-02L66628w01-215B14a-OHMX215-UNO256_215_20260406211428_Baseline.tdd
            - KSH01-010E-02L66628w01-215B14a-OHMX215-UNO256_215_20260406214749_Baseline.tdd
            - KSH01-010E-02L66628w01-215B14a-OHMX215-UNO256_215_20260406222111_Baseline.tdd
            - KSH01-010E-02L66628w01-215B14a-OHMX215-UNO256_215_20260406225431_Baseline.tdd
            - KSH01-010E-02L66628w01-215B14a-OHMX215-UNO256_215_20260406232750_Baseline.tdd
            - KSH01-010E-02L66628w01-215B14a-OHMX215-UNO256_215_20260407000109_Baseline.tdd
            - KSH01-010E-02L66628w01-215B14a-OHMX215-UNO256_215_20260407003430_Baseline.tdd
            - KSH01-010E-02L66628w01-215B14a-OHMX215-UNO256_215_20260407010751_Baseline.tdd
            - KSH01-010E-02L66628w01-215B14a-OHMX215-UNO256_215_20260407014110_Baseline.tdd
            - KSH01-010E-02L66628w01-215B14a-OHMX215-UNO256_215_20260407021429_Baseline.tdd
            - KSH01-010E-02L66628w01-215B14a-OHMX215-UNO256_215_20260407024750_Baseline.tdd
            - KSH01-010E-02L66628w01-215B14a-OHMX215-UNO256_215_20260407032109_Baseline.tdd
            - KSH01-010E-02L66628w01-215B14a-OHMX215-UNO256_215_20260407035427_Baseline.tdd
            - KSH01-010E-02L66628w01-215B14a-OHMX215-UNO256_215_20260407042747_Baseline.tdd
            - KSH01-010E-02L66628w01-215B14a-OHMX215-UNO256_215_20260407050109_Baseline.tdd
            - KSH01-010E-02L66628w01-215B14a-OHMX215-UNO256_215_20260407053428_Baseline.tdd
            - KSH01-010E-02L66628w01-215B14a-OHMX215-UNO256_215_20260407060746_Baseline.tdd
            - KSH01-010E-02L66628w01-215B14a-OHMX215-UNO256_215_20260407064106_Baseline.tdd
            - KSH01-010E-02L66628w01-215B14a-OHMX215-UNO256_215_20260407071424_Baseline.tdd
            - KSH01-010E-02L66628w01-215B14a-OHMX215-UNO256_215_20260407074744_Baseline.tdd
            - KSH01-010E-02L66628w01-215B14a-OHMX215-UNO256_215_20260407082102_Baseline.tdd
            - KSH01-010E-02L66628w01-215B14a-OHMX215-UNO256_215_20260407085419_Baseline.tdd
            - KSH01-010E-02L66628w01-215B14a-OHMX215-UNO256_215_20260407092735_Baseline.tdd
            - KSH01-010E-02L66628w01-215B14a-OHMX215-UNO256_215_20260407100051_Baseline.tdd
            - KSH01-010E-02L66628w01-215B14a-OHMX215-UNO256_215_20260407103408_Baseline.tdd
            - KSH01-010E-02L66628w01-215B14a-OHMX215-UNO256_215_20260407110724_Baseline.tdd

Parameters:
  Amplitude  >= 20.0 mV
  Frequency     0.1 - 20.0 Hz
  Periodicity >= 0.4
  Gap merge  <= 30.0 s

========================================================================
  SUMMARY
========================================================================

  Channels with step noise: 3676
  Total segments detected:  7691
  Files with detections:    31

========================================================================
  DETECTIONS
========================================================================

File               Ch    Start      End   Freq      Amp    PreBL   PostBL  Period
---------------------------------------------------------------------------------
20260406182227      4     45.0     60.0   20.0     51.9    964.7   1040.5   0.783
20260406182227     10    110.0    120.0   20.0     82.5    951.0    949.2   0.625
20260406182227     20     55.0     70.0   20.0    103.4    934.8    934.3   0.689
20260406182227     32     25.0     50.0   20.0    320.0    907.4   1420.9   0.829
20260406182227    129     15.0     30.0   20.0     58.3    835.5    836.8   0.649
20260406182227    152     55.0     75.0   20.0     90.9    858.2   1025.8   0.837
20260406182227    157     10.0     45.0   20.0    130.6    865.8    873.5   0.851
20260406182227    178     60.0    100.0   20.0     57.4    898.7    891.9   0.750
20260406182227    199     95.0    115.0   20.0     82.7    929.6    929.1   0.764
20260406182227    216     75.0     90.0   20.0     36.1    977.2    977.1   0.733
20260406182227    230     25.0     40.0   20.0     56.6   1011.6   1079.8   0.752
20260406182227    232     45.0     80.0   20.0    131.1   1014.5   1017.8   0.831
20260406182227    250     35.0     50.0   20.0    105.3   1080.4   1083.3   0.625
20260406182748      1    475.0    490.0   20.0     83.8    974.6   1069.3   0.767
20260406182748      1    750.0    765.0   20.0     29.9   1124.6   1162.4   0.845
20260406182748      1   1020.0   1060.0   20.0     53.5   1158.1   1222.4   0.831
20260406182748      1   1215.0   1235.0   20.0     46.3   1214.3   1217.0   0.821
20260406182748      1   1340.0   1355.0   20.0     42.3   1238.1   1268.0   0.748
20260406182748      2   1560.0   1580.0   20.0    101.0    951.9    947.8   0.864
20260406182748      3    150.0    170.0   20.0     60.2    975.0    976.9   0.763
20260406182748      4   1385.0   1405.0   20.0    109.3    958.4    998.5   0.867
20260406182748      4   1705.0   1745.0   20.0     70.0    957.8   1045.1   0.739
20260406182748      9    330.0    350.0   20.0    127.8    954.9   1206.3   0.874
20260406182748     14     95.0    110.0   20.0     37.9    957.2    956.2   0.717
20260406182748     14   1725.0   1740.0   20.0     33.7    936.3   1013.1   0.797
20260406182748     15    415.0    445.0   20.0    130.3    950.1    953.6   0.832
20260406182748     15   1330.0   1345.0   20.0     88.2    940.8    940.1   0.755
20260406182748     15   1535.0   1550.0   20.0     49.1    938.5   1003.8   0.827
20260406182748     16   1300.0   1355.0   20.0    137.8    939.3    939.6   0.782
20260406182748     16   1555.0   1575.0   20.0     53.4    941.8   1087.0   0.839
20260406182748     16   1660.0   1675.0   20.0     36.4   1084.2   1136.4   0.821
20260406182748     17    250.0    265.0   20.0     45.4    934.2   1005.7   0.809
20260406182748     17    360.0    370.0   20.0     20.6   1030.6   1023.7   0.629
20260406182748     17    685.0    710.0   20.0     61.4   1095.3    926.0   0.827
20260406182748     17   1335.0   1350.0   20.0     56.0    920.9    985.9   0.723
20260406182748     18    495.0    510.0   20.0    100.8    943.2   1093.7   0.780
20260406182748     18    710.0    725.0   20.0     40.8   1125.2   1151.2   0.750
20260406182748     18    785.0    800.0   20.0     20.2   1178.3   1191.5   0.683
20260406182748     18    970.0    985.0   20.0     23.7   1221.6   1216.7   0.602
20260406182748     18   1020.0   1035.0   20.0     32.7   1216.3   1226.5   0.713
20260406182748     18   1145.0   1160.0   20.0     21.0   1213.3   1224.6   0.737
20260406182748     19   1005.0   1020.0   20.0     81.1    934.0   1094.7   0.811
20260406182748     19   1120.0   1135.0   20.0     20.1   1106.8   1128.0   0.808
20260406182748     20   1460.0   1475.0   20.0     83.9    927.7   1093.8   0.827
20260406182748     20   1735.0   1755.0   20.0     52.5   1120.7   1195.2   0.898
20260406182748     22   1550.0   1565.0   20.0     57.1    924.5   1003.8   0.748
20260406182748     22   1635.0   1650.0   20.0     78.0   1040.7    923.7   0.815
20260406182748     24   1515.0   1530.0   20.0     30.0    926.0    925.8   0.743
20260406182748     25   1435.0   1450.0   20.0     42.7    924.3    990.7   0.797
20260406182748     25   1570.0   1590.0   20.0    119.8   1042.7    920.7   0.825
20260406182748     25   1765.0   1780.0   20.0     45.0    917.5    953.8   0.810
20260406182748     27   1435.0   1450.0   20.0     45.4    901.4    997.6   0.749
20260406182748     27   1515.0   1530.0   20.0     23.1   1016.9   1026.2   0.776
20260406182748     28   1550.0   1570.0   20.0     57.0    895.1    894.7   0.824
20260406182748     34   1110.0   1130.0   20.0    165.1    910.2    910.6   0.804
20260406182748     34   1460.0   1505.0   20.0     65.1    908.1   1025.2   0.858
20260406182748     35    770.0    790.0   20.0     80.3    898.7   1098.9   0.886
20260406182748     35    955.0   1020.0   20.0    158.0   1039.9    895.4   0.770
20260406182748     35   1525.0   1540.0   20.0     44.8    895.4    967.0   0.783
20260406182748     35   1675.0   1695.0   20.0    186.0   1021.6    892.5   0.814
20260406182748     36    500.0    515.0   20.0     32.0    908.2    907.4   0.781
20260406182748     37    330.0    365.0   20.0     67.8    911.0    908.4   0.763
20260406182748     41    145.0    160.0   20.0     80.2    896.4    896.1   0.770
20260406182748     43   1700.0   1715.0   20.0     22.6    876.8    931.5   0.757
20260406182748     43   1755.0   1770.0   20.0    118.9    980.1    875.1   0.765
20260406182748     44   1325.0   1345.0   20.0     66.9    898.0    898.9   0.769
20260406182748     45    105.0    120.0   20.0     20.5    893.8    923.6   0.760
20260406182748     45    175.0    190.0   20.0     55.2    925.7    892.8   0.724
20260406182748     46   1110.0   1130.0   20.0    174.4    884.3   1380.6   0.922
20260406182748     48    705.0    720.0   20.0     29.9    891.3    889.7   0.594
20260406182748     49    435.0    455.0   20.0     60.4    886.3    887.8   0.860
20260406182748     49   1170.0   1185.0   20.0     33.5    882.4    921.9   0.756
20260406182748     56   1275.0   1290.0   20.0     59.3    869.1    871.3   0.744
20260406182748     56   1790.0   1800.0   20.0     39.3    865.9    906.5   0.728
20260406182748     57    685.0    700.0   20.0     49.7    873.3   1048.8   0.802
20260406182748     57    785.0    800.0   20.0    155.9   1022.5    869.8   0.766
20260406182748     59    360.0    395.0   20.0     82.5    882.9    884.4   0.767
20260406182748     59   1470.0   1530.0   20.0     69.2    872.1   1082.7   0.881
20260406182748     61   1205.0   1220.0   20.0     27.8    870.7    869.2   0.787
20260406182748     62    480.0    495.0   20.0     22.3    869.5    868.2   0.466
20260406182748     63   1315.0   1330.0   20.0     34.0    855.5    910.6   0.766
20260406182748     63   1375.0   1390.0   20.0    105.3    940.8    854.8   0.742
20260406182748     65     55.0     70.0   20.0     52.0    868.1   1100.7   0.821
20260406182748     66    440.0    455.0   20.0     46.4    860.4    859.9   0.751
20260406182748     66   1690.0   1705.0   14.3     27.6    859.6    894.3   0.679
20260406182748     66   1740.0   1755.0   20.0     76.5    900.4    859.8   0.656
20260406182748     68    185.0    205.0   20.0     32.6    868.5    869.7   0.756
20260406182748     70    345.0    360.0   20.0     60.1    857.2   1005.0   0.790
20260406182748     70   1010.0   1025.0   20.0     35.8   1077.6   1121.6   0.795
20260406182748     70   1325.0   1340.0   20.0     20.9   1125.7   1153.1   0.888
20260406182748     71     45.0     60.0   20.0     38.3    859.0    859.2   0.780
20260406182748     71    170.0    185.0   20.0     42.5    858.9    859.0   0.702
20260406182748     75    210.0    225.0   20.0     28.3    858.7    934.8   0.860
20260406182748     75    350.0    365.0   20.0     51.0    976.6    857.2   0.888
20260406182748     78     90.0    105.0   20.0     77.6    847.7    928.0   0.742
20260406182748     78   1300.0   1315.0   20.0     43.4   1018.0   1094.4   0.889
20260406182748     79    525.0    540.0   20.0     22.9    878.9    878.9   0.777
20260406182748     79    700.0    715.0   20.0     23.6    882.2    859.0   0.821
20260406182748     80   1785.0   1800.0   20.0    123.3    836.7    836.5   0.726
20260406182748     81   1320.0   1365.0   20.0    114.9    848.2    849.3   0.808
20260406182748     81   1490.0   1505.0   20.0     20.0    846.4    874.8   0.755
20260406182748     83   1065.0   1080.0   20.0     43.2    837.0    837.0   0.659
20260406182748     84   1440.0   1455.0   20.0     51.3    827.8    828.1   0.649
20260406182748     86    470.0    490.0   20.0     89.1    843.6    844.4   0.832
20260406182748     89    325.0    345.0   20.0    107.9    841.7    842.9   0.876
20260406182748     90    360.0    375.0   20.0     42.6    855.2    913.0   0.789
20260406182748     90    445.0    460.0   20.0     83.3    941.2    852.1   0.761
20260406182748     90    800.0    815.0   20.0     82.6    848.4    848.3   0.676
20260406182748     93    750.0    765.0   20.0     67.8    867.9   1027.2   0.877
20260406182748     93    940.0    955.0   20.0     25.5   1074.4   1086.0   0.846
20260406182748     96    845.0    860.0   20.0     85.9    839.4    837.9   0.823
20260406182748     97   1150.0   1170.0   20.0     77.5    837.4    837.2   0.766
20260406182748    100    165.0    195.0   20.0     47.4    839.4    840.6   0.755
20260406182748    100   1465.0   1490.0   20.0    190.9    832.4    832.5   0.794
20260406182748    103   1760.0   1775.0   20.0     93.0    863.4   1111.9   0.918
20260406182748    104   1405.0   1425.0   20.0     61.6    842.0    841.2   0.732
20260406182748    105    955.0    970.0   20.0     38.7    848.9    932.1   0.778
20260406182748    105   1025.0   1040.0   20.0    121.5    951.8    848.7   0.770
20260406182748    106    990.0   1005.0   20.0     26.3    835.8    877.1   0.743
20260406182748    110    630.0    690.0   20.0     61.1    838.8    945.0   0.849
20260406182748    110   1425.0   1440.0   20.0     24.2    937.4    992.7   0.800
20260406182748    110   1660.0   1675.0   20.0     23.0    984.3   1012.1   0.819
20260406182748    112   1535.0   1555.0   20.0     35.8    862.4    866.0   0.746
20260406182748    112   1610.0   1625.0   20.0     51.6    861.0    863.6   0.772
20260406182748    113     10.0     25.0   20.0    143.5    850.7    851.5   0.783
20260406182748    113    730.0    750.0   20.0    118.7    851.9    853.2   0.739
20260406182748    115    535.0    570.0   20.0     69.0    839.3    838.7   0.760
20260406182748    115    930.0    950.0   20.0    176.6    836.4    839.1   0.814
20260406182748    116   1550.0   1565.0   20.0     33.2    475.9    477.0   0.752
20260406182748    119    655.0    670.0   20.0     38.9    850.0    850.6   0.741
20260406182748    121    945.0    960.0   20.0     55.4    853.5    852.6   0.688
20260406182748    122    655.0    670.0   20.0     56.5    850.7    911.6   0.751
20260406182748    122   1470.0   1495.0   20.0     64.9    977.0   1018.5   0.824
20260406182748    123    390.0    405.0   20.0     51.3    841.5    842.3   0.648
20260406182748    124    640.0    655.0   20.0     95.2    852.9    968.8   0.757
20260406182748    124    890.0    905.0   20.0     24.2   1002.1    996.4   0.764
20260406182748    124   1045.0   1055.0   20.0     22.7   1010.0   1010.4   0.684
20260406182748    124   1165.0   1180.0   20.0     33.0   1012.8   1015.5   0.671
20260406182748    124   1240.0   1255.0   20.0     22.2   1042.8   1047.8   0.816
20260406182748    124   1570.0   1585.0   20.0     54.9   1040.2   1092.7   0.773
20260406182748    124   1740.0   1755.0   20.0     41.0   1081.5   1150.2   0.902
20260406182748    126   1285.0   1300.0   20.0     87.5    845.0    949.5   0.798
20260406182748    126   1460.0   1550.0   20.0     81.9    973.7   1130.6   0.905
20260406182748    126   1595.0   1610.0   20.0     29.4   1152.3   1176.7   0.696
20260406182748    126   1785.0   1800.0   20.0     21.5   1166.3   1167.1   0.778
20260406182748    127   1210.0   1225.0   20.0     71.9    856.7    856.2   0.756
20260406182748    127   1705.0   1720.0   20.0     39.0    854.6    855.9   0.772
20260406182748    128    500.0    515.0   20.0     53.0    842.3    841.5   0.783
20260406182748    129    975.0    990.0   20.0     54.4    847.2    848.5   0.737
20260406182748    131     65.0     80.0   20.0     25.3    854.6    888.5   0.721
20260406182748    131   1580.0   1595.0   20.0     27.6    968.9    952.1   0.875
20260406182748    132    150.0    165.0   20.0     77.6    852.9    941.5   0.775
20260406182748    133    535.0    550.0   20.0    118.0    850.6   1052.9   0.840
20260406182748    133    865.0    880.0   20.0     22.5   1110.1   1134.5   0.761
20260406182748    134    770.0    790.0   20.0    117.3    850.7    850.3   0.776
20260406182748    134   1395.0   1410.0   20.0     42.1    846.2    947.6   0.772
20260406182748    134   1445.0   1465.0   20.0     67.1    960.5    998.2   0.608
20260406182748    134   1500.0   1520.0   20.0    192.9    995.8    849.2   0.792
20260406182748    136   1670.0   1685.0   20.0     67.3    848.1    948.0   0.753
20260406182748    137   1155.0   1170.0   20.0     45.7    854.8    855.3   0.725
20260406182748    137   1485.0   1500.0   20.0     24.6    854.2    900.5   0.787
20260406182748    140   1280.0   1315.0   20.0    134.2    845.6    846.2   0.757
20260406182748    140   1555.0   1570.0   20.0     45.7    849.8    843.9   0.744
20260406182748    141   1020.0   1035.0   20.0     41.3    875.1    955.5   0.832
20260406182748    141   1130.0   1145.0   20.0     63.2    956.9    874.2   0.785
20260406182748    141   1380.0   1395.0   20.0     28.0    885.4    885.9   0.783
20260406182748    144   1435.0   1450.0   20.0     42.7    848.5    846.6   0.751
20260406182748    147   1230.0   1260.0   20.0     90.3    860.6    864.5   0.796
20260406182748    149    625.0    640.0   20.0     33.7    898.3    863.3   0.854
20260406182748    151    105.0    120.0   20.0     43.5    874.1    931.6   0.767
20260406182748    151    595.0    610.0   20.0     95.8    966.5    871.3   0.753
20260406182748    151   1760.0   1780.0   20.0    122.2    868.6    868.1   0.784
20260406182748    153    720.0    735.0   20.0     58.0    880.6   1016.0   0.846
20260406182748    153    980.0    995.0   20.0    137.8   1024.0    874.7   0.765
20260406182748    153   1455.0   1470.0   20.0     32.7    880.1    879.9   0.766
20260406182748    154    165.0    180.0   20.0     32.9    866.5    914.2   0.794
20260406182748    154    290.0    345.0   20.0     35.1    953.6    862.0   0.828
20260406182748    155   1600.0   1615.0   20.0     48.3    864.0    964.3   0.772
20260406182748    155   1670.0   1685.0   20.0     22.9    976.8   1020.2   0.584
20260406182748    155   1725.0   1740.0   20.0     24.4   1033.7   1057.2   0.508
20260406182748    157    135.0    150.0   20.0     70.5    879.5    878.9   0.837
20260406182748    157   1070.0   1085.0   20.0     95.1    879.2    985.7   0.753
20260406182748    157   1400.0   1415.0   20.0     25.7   1111.2   1142.5   0.873
20260406182748    157   1450.0   1465.0   20.0     21.4   1130.4   1137.7   0.822
20260406182748    158    295.0    310.0   20.0     32.5    870.6    870.8   0.665
20260406182748    163    150.0    165.0   20.0     22.2    895.1    996.9   0.778
20260406182748    163    385.0    400.0   20.0     34.8   1083.0   1108.6   0.717
20260406182748    163   1200.0   1215.0   20.0     20.9   1174.1   1196.9   0.877
20260406182748    164   1670.0   1685.0   20.0     37.3    889.4    890.4   0.792
20260406182748    165   1525.0   1540.0   20.0     24.5    886.3    884.6   0.558
20260406182748    167   1245.0   1265.0   20.0    135.7    881.5   1149.5   0.852
20260406182748    168    805.0    820.0   20.0     30.6    890.7    924.0   0.744
20260406182748    170    720.0    735.0   20.0     29.0    886.0    885.8   0.654
20260406182748    170   1375.0   1390.0   20.0     68.5    879.4    880.0   0.743
20260406182748    170   1575.0   1595.0   20.0     42.1    879.0    881.0   0.756
20260406182748    171   1415.0   1430.0   20.0     22.1    888.5    887.8   0.412
20260406182748    171   1635.0   1665.0   20.0    126.7    889.4   1116.8   0.816
20260406182748    171   1715.0   1730.0   20.0     21.6   1109.5   1141.3   0.697
20260406182748    173   1495.0   1515.0   20.0     78.6    892.5    892.6   0.766
20260406182748    175    120.0    135.0   20.0    106.1    906.1    906.5   0.716
20260406182748    175   1285.0   1300.0   20.0     45.8    903.0    901.0   0.556
20260406182748    176    540.0    555.0   20.0     52.4    889.8    950.1   0.723
20260406182748    178   1770.0   1795.0   20.0     37.3    901.3    904.4   0.745
20260406182748    179    625.0    640.0   20.0     61.8    909.4   1034.0   0.787
20260406182748    179   1010.0   1025.0   20.0     21.4   1036.3   1056.7   0.644
20260406182748    179   1200.0   1215.0   20.0    144.6   1114.4    905.6   0.818
20260406182748    179   1765.0   1800.0   20.0     75.0    912.4   1080.7   0.758
20260406182748    181    720.0    735.0   20.0     44.6    914.2    960.5   0.756
20260406182748    183    525.0    585.0   20.0     80.3    904.6    927.0   0.859
20260406182748    183   1420.0   1440.0   20.0    113.3    902.6    902.4   0.723
20260406182748    185   1175.0   1210.0   20.0     50.8    916.9    918.6   0.773
20260406182748    186   1690.0   1705.0   20.0     81.6    896.1    897.0   0.741
20260406182748    189   1270.0   1310.0   20.0     75.1    928.4    932.4   0.782
20260406182748    189   1395.0   1410.0   20.0     20.2    922.7    924.6   0.601
20260406182748    191     25.0     40.0   20.0     79.9    926.9    926.9   0.765
20260406182748    193   1760.0   1775.0   20.0     29.5   1137.0   1186.1   0.881
20260406182748    195    660.0    675.0   20.0     34.5    918.2    916.7   0.636
20260406182748    196    920.0    935.0   20.0     40.1    925.1    924.3   0.721
20260406182748    196   1490.0   1515.0   20.0     77.2    921.2    923.7   0.751
20260406182748    197   1410.0   1430.0   20.0     36.1    966.3    959.6   0.737
20260406182748    198   1550.0   1570.0   20.0     35.1    944.5    948.2   0.788
20260406182748    199    285.0    305.0   20.0     50.1    944.2    945.9   0.844
20260406182748    200    485.0    500.0   20.0     67.5    943.5   1025.8   0.751
20260406182748    200   1000.0   1015.0   20.0     54.4   1170.8   1227.0   0.806
20260406182748    201    430.0    480.0   20.0     61.3    944.8   1096.8   0.856
20260406182748    201   1265.0   1280.0   20.0     37.7   1056.0   1107.6   0.580
20260406182748    201   1445.0   1460.0   20.0    145.1   1129.7    938.8   0.787
20260406182748    205     30.0     45.0   20.0     83.2    958.3   1123.5   0.834
20260406182748    207   1330.0   1350.0   20.0    150.2    955.7    954.6   0.793
20260406182748    211    875.0    890.0   20.0     39.0    967.6   1073.8   0.875
20260406182748    211   1315.0   1335.0   20.0    127.0   1126.0    963.7   0.778
20260406182748    212    400.0    415.0   20.0    106.8    967.8    983.9   0.750
20260406182748    212   1435.0   1480.0   20.0     76.7    964.5   1202.1   0.864
20260406182748    212   1645.0   1660.0   20.0     32.4   1244.0   1287.8   0.874
20260406182748    213   1250.0   1310.0   20.0     91.3    969.0   1247.2   0.844
20260406182748    213   1350.0   1370.0   20.0    221.5   1257.3    967.1   0.782
20260406182748    213   1475.0   1490.0   20.0     49.2    968.3   1162.7   0.760
20260406182748    213   1530.0   1545.0   20.0    219.4   1184.6    972.1   0.810
20260406182748    213   1785.0   1800.0   20.0     20.6    967.8    964.1   0.592
20260406182748    214    845.0    860.0   20.0     85.1    960.8    960.8   0.786
20260406182748    216   1695.0   1710.0   20.0     55.9    977.8   1044.3   0.748
20260406182748    217    350.0    365.0   20.0     60.7    983.1    984.2   0.779
20260406182748    217    955.0    975.0   20.0    111.0    992.9   1222.9   0.801
20260406182748    218    695.0    715.0   20.0     77.1    983.9   1092.3   0.854
20260406182748    218    775.0    790.0   20.0    124.3   1092.4    983.0   0.741
20260406182748    219   1030.0   1065.0   20.0     76.2    986.3    986.1   0.876
20260406182748    220    660.0    695.0   20.0    217.9    986.2   1020.4   0.846
20260406182748    220    780.0    825.0   20.0     86.9   1047.3    985.6   0.787
20260406182748    221     25.0     40.0   20.0     97.7   1000.0    999.9   0.775
20260406182748    221    715.0    735.0   20.0    108.1    991.7    993.7   0.825
20260406182748    222   1490.0   1510.0   20.0    195.5    982.2    982.3   0.776
20260406182748    223     70.0    105.0   20.0    151.4    990.2    988.9   0.802
20260406182748    223    365.0    395.0   20.0    169.0    987.2    986.3   0.815
20260406182748    224    965.0    980.0   20.0     28.6   1001.5   1083.0   0.775
20260406182748    224   1115.0   1130.0   20.0     25.3   1121.6   1145.4   0.788
20260406182748    224   1275.0   1290.0   20.0     21.4   1200.9   1209.0   0.467
20260406182748    224   1350.0   1365.0   20.0     24.7   1223.7   1237.5   0.742
20260406182748    224   1665.0   1680.0   20.0     49.9   1275.8   1313.7   0.781
20260406182748    225    295.0    345.0   20.0     79.4   1001.4   1175.9   0.763
20260406182748    225    455.0    465.0   20.0     28.7   1153.8   1119.8   0.414
20260406182748    225    720.0    735.0   20.0     30.2   1113.2   1152.0   0.885
20260406182748    225   1100.0   1115.0   20.0     28.3   1188.3   1209.9   0.694
20260406182748    225   1220.0   1240.0   20.0     31.2   1212.7   1249.0   0.825
20260406182748    225   1305.0   1320.0   20.0     35.9   1290.6   1305.2   0.775
20260406182748    225   1385.0   1400.0   20.0     43.2   1306.1   1348.3   0.817
20260406182748    225   1545.0   1560.0   20.0     58.2   1339.4   1356.9   0.837
20260406182748    225   1695.0   1710.0   20.0     23.7   1361.1   1375.8   0.800
20260406182748    227    255.0    285.0   20.0    196.9   1015.5   1018.3   0.770
20260406182748    228   1000.0   1040.0   20.0    160.6   1003.9   1003.9   0.800
20260406182748    228   1755.0   1770.0   20.0     82.8   1000.3    999.5   0.715
20260406182748    229   1785.0   1800.0   20.0     58.7   1028.5   1022.5   0.716
20260406182748    231   1690.0   1715.0   20.0     94.9   1017.3   1020.4   0.849
20260406182748    232   1145.0   1160.0   20.0     64.9   1008.7   1010.1   0.807
20260406182748    233   1145.0   1165.0   20.0    161.6   1025.8   1025.8   0.811
20260406182748    234    510.0    530.0   20.0    263.9   1031.1   1029.6   0.907
20260406182748    235    385.0    400.0   20.0     74.2   1022.8   1021.9   0.628
20260406182748    236    975.0    990.0   20.0     63.3   1030.9   1194.5   0.801
20260406182748    236   1055.0   1095.0   20.0    168.9   1218.9   1033.8   0.880
20260406182748    237    575.0    595.0   20.0     79.2   1028.9   1030.6   0.759
20260406182748    237    745.0    760.0   20.0     53.8   1029.9   1030.0   0.779
20260406182748    237    960.0   1015.0   20.0     61.1   1033.6   1212.5   0.921
20260406182748    237   1350.0   1410.0   20.0     82.2   1225.1   1307.1   0.924
20260406182748    237   1695.0   1710.0   20.0     26.4   1251.1   1274.9   0.865
20260406182748    237   1780.0   1795.0   20.0     41.6   1260.0   1298.6   0.807
20260406182748    238     10.0     25.0   20.0    111.4   1034.7   1034.3   0.702
20260406182748    238   1675.0   1695.0   20.0     68.2   1032.5   1046.5   0.835
20260406182748    239    735.0    750.0   20.0     99.7   1058.4   1233.7   0.829
20260406182748    239   1240.0   1255.0   20.0     30.5   1299.3   1317.7   0.755
20260406182748    240   1245.0   1260.0   20.0     22.8   1095.4   1124.4   0.759
20260406182748    242    150.0    175.0   20.0     87.8   1058.4   1201.9   0.847
20260406182748    242    235.0    250.0   20.0    158.1   1230.8   1057.5   0.752
20260406182748    242    460.0    470.0   20.0     20.0   1054.7   1054.0   0.436
20260406182748    242    715.0    735.0   20.0    156.3   1052.4   1054.9   0.856
20260406182748    242   1320.0   1335.0   20.0     29.4   1051.9   1046.2   0.455
20260406182748    242   1440.0   1455.0   20.0     21.8   1047.1   1121.1   0.484
20260406182748    243    800.0    825.0   20.0    161.4   1176.4   1052.5   0.804
20260406182748    243   1025.0   1045.0   20.0    108.1   1053.5   1293.3   0.870
20260406182748    243   1225.0   1240.0   20.0     28.7   1334.9   1347.3   0.714
20260406182748    243   1335.0   1350.0   20.0     35.3   1350.6   1349.4   0.631
20260406182748    244    575.0    590.0   20.0     57.3   1066.7   1148.6   0.769
20260406182748    244    665.0    680.0   20.0     25.3   1189.3   1158.8   0.832
20260406182748    244    725.0    740.0   20.0     32.4   1152.9   1205.4   0.887
20260406182748    244   1000.0   1015.0   20.0     23.7   1253.2   1261.2   0.669
20260406182748    244   1125.0   1140.0   20.0    107.8   1260.9   1419.5   0.831
20260406182748    244   1325.0   1340.0   20.0     30.4   1398.9   1398.6   0.511
20260406182748    244   1495.0   1510.0   20.0     22.5   1392.1   1394.8   0.701
20260406182748    244   1635.0   1655.0   20.0     27.9   1400.4   1423.6   0.809
20260406182748    244   1695.0   1710.0   20.0     20.9   1427.9   1440.2   0.788
20260406182748    244   1775.0   1790.0   20.0     40.5   1426.0   1445.3   0.741
20260406182748    245    340.0    355.0   20.0     75.2   1072.1   1072.1   0.734
20260406182748    245    910.0    940.0   20.0     47.9   1072.6   1072.1   0.744
20260406182748    245   1000.0   1020.0   20.0     75.9   1071.3   1371.0   0.852
20260406182748    245   1100.0   1125.0   20.0    173.3   1392.0   1067.7   0.708
20260406182748    245   1310.0   1330.0   20.0    141.0   1069.5   1067.2   0.859
20260406182748    246   1650.0   1700.0   20.0     52.1   1050.4   1268.2   0.825
20260406182748    246   1745.0   1760.0   20.0     37.1   1268.3   1263.0   0.748
20260406182748    247   1095.0   1115.0   20.0    137.6   1087.3   1082.8   0.857
20260406182748    249    230.0    250.0   20.0    100.2   1097.9   1098.1   0.742
20260406182748    249   1340.0   1355.0   20.0     25.5   1098.6   1147.7   0.847
20260406182748    249   1400.0   1480.0   20.0    104.2   1185.8   1392.4   0.838
20260406182748    249   1520.0   1555.0   20.0     43.8   1421.5   1459.9   0.828
20260406182748    250    535.0    565.0   20.0     83.8   1078.6   1081.6   0.918
20260406182748    250    960.0    975.0   20.0     23.6   1083.1   1087.4   0.554
20260406182748    250   1745.0   1760.0   20.0     61.7   1073.3   1072.9   0.673
20260406182748    251    485.0    520.0   20.0    117.3   1098.6   1097.9   0.757
20260406182748    251    600.0    615.0   20.0     48.7   1097.5   1268.2   0.744
20260406182748    251    840.0    890.0   20.0     25.1   1377.0   1473.0   0.775
20260406182748    251   1545.0   1560.0   20.0     26.3   1503.8   1536.4   0.820
20260406182748    252    150.0    165.0   20.0     37.6   1080.1   1080.1   0.694
20260406182748    253    705.0    750.0   20.0    177.4   1110.8   1574.4   0.875
20260406182748    254    380.0    405.0   20.0    114.3   1089.5   1088.3   0.817
20260406182748    254    775.0    845.0   20.0    123.0   1089.4   1089.8   0.798
20260406182748    255    265.0    280.0   20.0    104.5   1107.7   1108.8   0.641
20260406190109      1    640.0    675.0   20.0     50.7    968.9   1070.0   0.871
20260406190109      1    725.0    745.0   20.0     77.8   1075.2    968.5   0.809
20260406190109      4    550.0    565.0   20.0    107.7    969.1    970.3   0.784
20260406190109      4   1725.0   1785.0   20.0     29.2    966.4   1144.3   0.775
20260406190109      5   1100.0   1115.0   20.0     27.5    964.1   1075.7   0.728
20260406190109      5   1620.0   1635.0   20.0     99.8   1105.5    956.9   0.771
20260406190109      6     20.0     35.0   20.0     82.4    969.9    968.8   0.667
20260406190109      6   1175.0   1235.0   20.0     43.6    961.1   1193.8   0.723
20260406190109      8   1135.0   1160.0   20.0    165.0    951.6    950.4   0.891
20260406190109     10   1000.0   1015.0   20.0     59.8    951.0    950.3   0.778
20260406190109     11     55.0    105.0   20.0    108.6   1026.1    966.6   0.874
20260406190109     11   1350.0   1370.0   20.0     62.7    959.4   1022.8   0.826
20260406190109     12   1310.0   1330.0   20.0     35.9    944.5   1059.6   0.841
20260406190109     12   1490.0   1550.0   20.0     66.3    996.4    949.0   0.694
20260406190109     17   1370.0   1430.0   20.0     70.3    929.3    928.7   0.768
20260406190109     18   1530.0   1545.0   20.0     76.6    939.0   1022.8   0.768
20260406190109     20    120.0    135.0   20.0     31.4    945.7   1035.3   0.737
20260406190109     20    235.0    250.0   20.0     34.0   1049.0   1079.0   0.880
20260406190109     20    355.0    370.0   20.0     77.4   1088.4    940.9   0.787
20260406190109     20   1040.0   1055.0   20.0     27.6    962.9    935.7   0.739
20260406190109     20   1605.0   1620.0   20.0     58.0    944.0    944.4   0.671
20260406190109     22   1590.0   1605.0   20.0     38.5    932.4   1004.7   0.851
20260406190109     23     45.0     60.0   20.0     43.4    930.7   1093.8   0.787
20260406190109     23    255.0    270.0   20.0     28.8   1142.0   1160.8   0.705
20260406190109     23    500.0    515.0   20.0     21.0   1174.0   1193.8   0.827
20260406190109     27    290.0    305.0   20.0     20.7   1139.5   1184.3   0.762
20260406190109     27    360.0    375.0   20.0     32.6   1201.3   1211.9   0.727
20260406190109     27    625.0    655.0   20.0     35.3   1235.2   1280.3   0.772
20260406190109     31    370.0    400.0   20.0     37.6    915.7    915.9   0.723
20260406190109     31   1420.0   1435.0   20.0     66.6    913.8   1011.6   0.803
20260406190109     32    710.0    765.0   20.0     41.4   1209.4   1229.0   0.632
20260406190109     32    805.0    870.0   20.0     32.7   1215.2   1210.4   0.702
20260406190109     32    930.0   1000.0   20.0     29.4   1218.0   1217.0   0.879
20260406190109     32   1135.0   1145.0   20.0     20.3   1223.5   1223.8   0.822
20260406190109     32   1320.0   1335.0   20.0     57.7   1228.8   1233.0   0.733
20260406190109     33    950.0    965.0   20.0     24.1   1245.1   1261.1   0.777
20260406190109     34   1045.0   1065.0   20.0     58.0    917.5    917.4   0.765
20260406190109     34   1105.0   1120.0   20.0     72.8    922.9    927.8   0.750
20260406190109     34   1325.0   1340.0   20.0     64.8    917.1   1006.9   0.770
20260406190109     34   1380.0   1445.0   20.0     31.9   1006.0   1036.5   0.786
20260406190109     34   1615.0   1630.0   20.0     20.1   1051.3   1059.9   0.586
20260406190109     35    950.0    965.0   20.0     68.1    900.2    984.8   0.747
20260406190109     37   1445.0   1460.0   20.0     26.4    902.7    935.5   0.758
20260406190109     38    530.0    570.0   20.0    188.6    909.1    908.3   0.841
20260406190109     38    995.0   1010.0   20.0     44.9    905.6    904.7   0.659
20260406190109     42    680.0    765.0   20.0     40.4    899.6   1175.2   0.800
20260406190109     42    830.0    845.0   20.0     27.0   1166.7   1196.7   0.797
20260406190109     42    970.0    985.0   20.0    121.5   1161.8    893.8   0.889
20260406190109     43   1670.0   1685.0   20.0     50.3    885.0    962.6   0.808
20260406190109     44    180.0    195.0   20.0     44.2    903.6    903.8   0.747
20260406190109     46    530.0    555.0   20.0     89.2    889.0    888.1   0.762
20260406190109     48      5.0     55.0   20.0     79.3    895.9   1072.4   0.755
20260406190109     48    605.0    655.0   20.0     45.4   1082.8   1097.6   0.749
20260406190109     48    730.0    745.0   20.0     26.2   1108.7   1129.9   0.661
20260406190109     48    890.0    905.0   20.0     23.5   1145.9   1139.7   0.613
20260406190109     48    990.0   1005.0   20.0     31.1   1164.1   1163.4   0.724
20260406190109     48   1045.0   1065.0   20.0     97.6   1173.2   1192.3   0.833
20260406190109     49    845.0    860.0   20.0    100.1    973.6    880.6   0.783
20260406190109     49   1395.0   1415.0   20.0     47.6    884.5    882.6   0.751
20260406190109     51   1175.0   1205.0   20.0    150.3    894.3    892.6   0.762
20260406190109     55    325.0    355.0   20.0     52.3    878.3    879.7   0.808
20260406190109     58   1530.0   1545.0   20.0     21.2    911.7    936.8   0.702
20260406190109     58   1750.0   1765.0   20.0     73.5    947.2   1042.0   0.789
20260406190109     60   1535.0   1565.0   20.0     68.2    875.6    872.5   0.807
20260406190109     61   1505.0   1525.0   20.0     59.0    879.7   1042.7   0.815
20260406190109     61   1590.0   1605.0   20.0     47.1   1048.0   1079.6   0.798
20260406190109     66   1130.0   1170.0   20.0     54.3    862.8    863.4   0.820
20260406190109     67   1405.0   1420.0   20.0     35.7    873.4   1010.5   0.815
20260406190109     67   1725.0   1740.0   20.0    160.9   1024.2    869.2   0.783
20260406190109     68      0.0     10.0   20.0     34.5      0.0   1090.5   0.673
20260406190109     68    595.0    645.0   20.0    114.7   1169.9    867.6   0.941
20260406190109     68    915.0    935.0   20.0     34.1    869.4    870.2   0.731
20260406190109     69    550.0    565.0   20.0     85.8    873.2    965.9   0.728
20260406190109     69   1165.0   1180.0   20.0     48.3   1041.4   1104.9   0.860
20260406190109     72    490.0    505.0   20.0     65.5    852.6    851.8   0.696
20260406190109     72    830.0    850.0   20.0     31.2    852.5    911.2   0.846
20260406190109     72   1015.0   1070.0   20.0    150.4    924.0    849.9   0.807
20260406190109     72   1330.0   1345.0   20.0     76.7    877.7    854.9   0.674
20260406190109     73     30.0     45.0   20.0     85.6    862.0    863.1   0.646
20260406190109     73   1195.0   1210.0   20.0     57.4    860.4    857.8   0.700
20260406190109     74   1275.0   1300.0   20.0    130.6    854.1    855.3   0.883
20260406190109     75    655.0    670.0   20.0     78.7    860.2    853.4   0.842
20260406190109     76    400.0    415.0   20.0     48.9    861.0    912.1   0.746
20260406190109     76    910.0    925.0   20.0     20.2    931.7    973.0   0.621
20260406190109     76   1470.0   1485.0   20.0     25.5   1027.6   1043.0   0.823
20260406190109     76   1520.0   1535.0   20.0     22.8   1044.8   1069.9   0.758
20260406190109     77    365.0    380.0   20.0     26.0    849.3    883.0   0.745
20260406190109     77    810.0    865.0   20.0     65.4    909.2    844.7   0.877
20260406190109     78   1090.0   1170.0   20.0     94.1    850.2    990.6   0.894
20260406190109     78   1215.0   1230.0   20.0     89.2   1011.7    849.1   0.716
20260406190109     79    980.0    995.0   20.0     21.3    975.6   1001.9   0.634
20260406190109     80   1680.0   1700.0   20.0    108.3    848.5    847.4   0.845
20260406190109     82     10.0     20.0   20.0     23.8   1014.2   1061.2   0.566
20260406190109     82   1140.0   1155.0   20.0     20.6   1157.0   1156.3   0.870
20260406190109     83    660.0    700.0   20.0     95.4    842.9    842.1   0.824
20260406190109     84   1670.0   1710.0   20.0     50.1    836.3    913.0   0.800
20260406190109     84   1775.0   1790.0   20.0     24.0    920.8    921.3   0.804
20260406190109     86    160.0    175.0   20.0     66.6    847.1    851.0   0.807
20260406190109     86   1400.0   1420.0   20.0     90.5    845.0    846.1   0.798
20260406190109     88    600.0    620.0   20.0     65.7    860.9    973.0   0.835
20260406190109     88    675.0    690.0   20.0     32.4    983.1   1071.8   0.592
20260406190109     88    865.0    875.0   20.0     35.3   1009.2   1011.9   0.559
20260406190109     88   1220.0   1240.0   20.0     93.8   1056.4    856.6   0.779
20260406190109     89   1555.0   1570.0   20.0    101.2    845.6    999.3   0.763
20260406190109     92     30.0     45.0   20.0     73.9    845.9   1042.6   0.869
20260406190109     92    430.0    450.0   20.0    121.0   1099.0    844.4   0.829
20260406190109     93     50.0     65.0   20.0     25.0    891.3    866.0   0.738
20260406190109     93    405.0    425.0   20.0     37.8    862.5   1049.0   0.838
20260406190109     95    130.0    185.0   20.0     38.3    847.3    954.3   0.845
20260406190109     95    685.0    700.0   20.0     53.4    961.8    860.9   0.788
20260406190109     96   1360.0   1380.0   20.0     71.8    845.5    845.6   0.757
20260406190109     96   1760.0   1775.0   20.0    191.6    845.8   1205.4   0.845
20260406190109     97    135.0    150.0   20.0     76.0    840.9    842.3   0.844
20260406190109     98   1065.0   1080.0   20.0     41.8    847.8    891.4   0.747
20260406190109     98   1245.0   1260.0   20.0     85.8    915.1    848.3   0.742
20260406190109    101   1105.0   1120.0   20.0    114.6    844.5    847.1   0.853
20260406190109    102   1660.0   1730.0   20.0    166.3    877.1   1238.1   0.847
20260406190109    105      5.0     20.0   20.0     87.9    853.5    854.4   0.776
20260406190109    105   1740.0   1755.0   20.0    115.4    854.9    855.5   0.804
20260406190109    108    460.0    475.0   20.0     33.6   1013.0    999.1   0.700
20260406190109    108    830.0    880.0   20.0     52.6   1028.5   1127.3   0.790
20260406190109    108    940.0    955.0   20.0     34.0   1143.4   1195.2   0.738
20260406190109    108   1000.0   1045.0   20.0     61.8   1182.0   1164.5   0.876
20260406190109    108   1280.0   1295.0   20.0     52.5   1157.7   1201.4   0.894
20260406190109    108   1360.0   1375.0   20.0     24.6   1196.0   1189.9   0.505
20260406190109    108   1440.0   1455.0   20.0     26.0   1181.6   1221.1   0.813
20260406190109    108   1500.0   1515.0   20.0     40.4   1221.2   1260.3   0.848
20260406190109    108   1580.0   1640.0   20.0     37.8   1241.0   1247.9   0.787
20260406190109    110    520.0    535.0   20.0     42.7    841.2    840.7   0.758
20260406190109    112    555.0    600.0   20.0    162.7    851.2   1278.5   0.924
20260406190109    114   1055.0   1070.0   20.0     28.2    849.5    896.2   0.758
20260406190109    114   1120.0   1135.0   20.0    123.6    902.0    849.1   0.750
20260406190109    116    185.0    200.0   20.0     70.2    577.5    501.5   0.766
20260406190109    117    765.0    780.0   20.0     55.5    842.6    842.3   0.777
20260406190109    118   1325.0   1340.0   20.0     20.2    853.8    907.4   0.760
20260406190109    118   1505.0   1520.0   20.0     49.7   1023.4   1111.3   0.886
20260406190109    120     35.0     65.0   20.0    113.1    851.0    852.7   0.847
20260406190109    120    230.0    245.0   20.0     68.1    853.0    852.7   0.646
20260406190109    120   1045.0   1060.0   20.0     68.9    859.0    851.1   0.761
20260406190109    120   1725.0   1760.0   20.0    128.2    853.8    854.2   0.850
20260406190109    122    775.0    790.0   20.0     26.8   1052.4   1093.3   0.803
20260406190109    122   1230.0   1245.0   20.0    115.8   1151.5    851.1   0.922
20260406190109    123    395.0    415.0   20.0    106.4    846.1    975.9   0.828
20260406190109    123   1295.0   1310.0   20.0     47.4   1036.3   1090.9   0.897
20260406190109    124    630.0    645.0   20.0     58.6    861.0    927.8   0.749
20260406190109    124   1040.0   1055.0   20.0     20.7    968.6   1018.0   0.685
20260406190109    124   1635.0   1645.0   20.0     22.1   1093.4   1130.6   0.740
20260406190109    125    320.0    335.0   20.0     26.6    847.9    950.7   0.778
20260406190109    125    435.0    450.0   20.0     82.6    970.2    849.0   0.769
20260406190109    127    775.0    835.0   20.0    107.7    859.0    899.3   0.894
20260406190109    127    875.0    890.0   20.0     22.0    928.9   1044.2   0.726
20260406190109    127   1015.0   1030.0   20.0    124.0   1074.6    855.4   0.860
20260406190109    127   1475.0   1490.0   20.0     27.9    858.4    898.8   0.820
20260406190109    127   1655.0   1670.0   20.0     20.8    909.0   1004.1   0.819
20260406190109    127   1755.0   1770.0   20.0     21.4   1014.8   1043.9   0.870
20260406190109    129   1325.0   1355.0   20.0     70.3    851.1    852.7   0.836
20260406190109    130    435.0    450.0   20.0     72.0    859.6    857.9   0.778
20260406190109    131   1360.0   1390.0   20.0     83.0    859.6    867.6   0.808
20260406190109    132   1270.0   1285.0   20.0     26.1   1007.6   1030.9   0.667
20260406190109    135    540.0    560.0   20.0    140.1    859.9   1034.4   0.849
20260406190109    135    615.0    630.0   20.0     20.6   1035.5   1064.2   0.602
20260406190109    135    805.0    820.0   20.0     37.1   1134.8   1171.4   0.750
20260406190109    135   1025.0   1040.0   20.0     34.1   1195.4   1238.5   0.778
20260406190109    136    230.0    245.0   20.0     72.3    860.5   1068.1   0.811
20260406190109    136    840.0    855.0   20.0     24.6   1039.8   1043.5   0.823
20260406190109    136    965.0    980.0   20.0     24.4   1068.5   1078.7   0.751
20260406190109    136   1070.0   1085.0   20.0     20.3   1065.9   1076.6   0.657
20260406190109    137     20.0    110.0   20.0    189.5   1006.2    853.0   0.809
20260406190109    137    615.0    630.0   20.0     56.8    858.9    855.4   0.763
20260406190109    137   1055.0   1135.0   20.0    206.9    852.7    852.8   0.806
20260406190109    137   1630.0   1645.0   20.0     63.9    856.1    855.8   0.804
20260406190109    140    470.0    485.0   20.0     78.7    853.9    947.7   0.763
20260406190109    140   1520.0   1535.0   20.0     39.3   1186.2   1231.2   0.904
20260406190109    142   1165.0   1180.0   20.0     29.0    855.6    967.3   0.891
20260406190109    144    480.0    490.0   20.0     26.1    854.7    931.5   0.774
20260406190109    144    555.0    570.0   20.0    121.7   1032.0    855.4   0.826
20260406190109    145   1215.0   1230.0   20.0     50.1    888.8    889.0   0.789
20260406190109    146   1370.0   1390.0   20.0     70.6    866.6   1028.5   0.790
20260406190109    146   1555.0   1570.0   20.0     24.5   1068.9   1106.5   0.841
20260406190109    146   1635.0   1650.0   20.0     26.1   1118.6   1144.5   0.795
20260406190109    149   1070.0   1085.0   20.0     23.8    977.5    953.1   0.498
20260406190109    150   1045.0   1060.0   20.0     54.2    870.2    871.5   0.618
20260406190109    151    570.0    585.0   20.0     42.2    873.2    938.9   0.759
20260406190109    151    700.0    720.0   20.0    150.4    989.5    902.5   0.798
20260406190109    153   1780.0   1795.0   20.0     66.3    893.4    896.2   0.804
20260406190109    154   1300.0   1310.0   20.0     24.2    950.7    936.2   0.466
20260406190109    154   1570.0   1585.0   20.0     24.1   1022.9   1034.4   0.727
20260406190109    154   1745.0   1760.0   20.0     20.1   1034.7   1042.9   0.499
20260406190109    156    685.0    705.0   20.0    136.0    872.5    872.0   0.835
20260406190109    157    965.0    980.0   20.0     74.5    880.4    880.4   0.808
20260406190109    157   1375.0   1390.0   20.0     62.8    882.5    967.6   0.815
20260406190109    157   1540.0   1560.0   20.0     30.9   1002.1   1045.3   0.863
20260406190109    159     95.0    115.0   20.0    167.2    883.2    884.8   0.824
20260406190109    159    705.0    740.0   20.0     42.8    882.4    983.4   0.772
20260406190109    159   1465.0   1480.0   20.0     24.2   1049.8   1061.5   0.750
20260406190109    160    720.0    770.0   20.0     72.2    884.1    879.2   0.817
20260406190109    160   1115.0   1130.0   20.0     72.0    881.9    953.4   0.741
20260406190109    160   1345.0   1375.0   20.0     30.1    986.0   1037.1   0.804
20260406190109    160   1440.0   1455.0   20.0     24.3   1055.3   1042.1   0.700
20260406190109    160   1560.0   1575.0   20.0     30.9   1065.0   1080.4   0.753
20260406190109    160   1630.0   1645.0   20.0     25.3   1097.3   1097.1   0.529
20260406190109    162    245.0    260.0   20.0     67.8    867.8    942.2   0.754
20260406190109    162   1490.0   1555.0   20.0    118.0    975.8    866.7   0.786
20260406190109    163     75.0     90.0   20.0     39.3   1208.8   1187.9   0.638
20260406190109    164    635.0    650.0   20.0     49.8    887.6    983.3   0.780
20260406190109    164    700.0    715.0   20.0    129.0   1027.3    888.9   0.756
20260406190109    166    815.0    830.0   20.0     54.5    876.7    879.7   0.739
20260406190109    166   1290.0   1305.0   20.0    115.1    875.2   1083.7   0.846
20260406190109    166   1510.0   1540.0   20.0    103.5   1049.3    876.8   0.836
20260406190109    167    795.0    810.0   20.0     83.6    886.6   1053.7   0.857
20260406190109    170   1255.0   1270.0   20.0     67.7    894.9    891.4   0.750
20260406190109    172    165.0    180.0   20.0     47.2    896.5   1005.6   0.790
20260406190109    172    295.0    305.0   20.0     28.6   1040.4   1051.6   0.497
20260406190109    172   1330.0   1345.0   20.0     43.2   1162.4   1190.0   0.831
20260406190109    173   1020.0   1045.0   20.0     38.1    899.4    894.2   0.743
20260406190109    174    770.0    785.0   20.0    108.3    901.5    902.3   0.800
20260406190109    176    180.0    205.0   20.0     77.0    895.1    894.3   0.788
20260406190109    177    515.0    535.0   20.0     74.6    905.7    908.5   0.842
20260406190109    177    650.0    665.0   20.0    208.3    909.4    908.0   0.793
20260406190109    179    475.0    490.0   20.0     46.9    963.9    976.4   0.555
20260406190109    179    890.0    905.0   20.0     27.4   1090.2   1099.1   0.631
20260406190109    179   1010.0   1025.0   20.0     49.0   1122.6   1210.9   0.872
20260406190109    179   1120.0   1135.0   20.0     20.1   1233.8   1255.3   0.863
20260406190109    179   1345.0   1360.0   20.0     22.3   1251.0   1271.7   0.864
20260406190109    180    330.0    345.0   20.0     37.0    894.9    953.5   0.776
20260406190109    180   1130.0   1200.0   20.0     38.9   1018.4   1076.1   0.896
20260406190109    180   1310.0   1325.0   20.0     20.4   1029.4   1052.1   0.630
20260406190109    182     75.0    135.0   20.0    139.0    908.1    907.4   0.886
20260406190109    182   1610.0   1635.0   20.0    149.8    915.6    914.2   0.793
20260406190109    184   1265.0   1290.0   20.0    107.5    916.9    917.4   0.755
20260406190109    186    230.0    245.0   20.0    137.8    910.3    908.4   0.766
20260406190109    186   1225.0   1260.0   20.0    267.5    918.8    919.5   0.741
20260406190109    187    630.0    680.0   20.0    102.9    922.6   1044.9   0.779
20260406190109    187    850.0    900.0   20.0     49.7   1068.8   1120.6   0.890
20260406190109    187    945.0   1035.0   20.0     90.6   1129.7   1159.1   0.910
20260406190109    187   1075.0   1180.0   20.0     76.1   1155.8   1315.7   0.877
20260406190109    188   1575.0   1590.0   20.0     35.5    918.9   1000.6   0.832
20260406190109    188   1650.0   1665.0   20.0     82.1    996.1    919.1   0.784
20260406190109    190     90.0    105.0   20.0     23.2    916.9    953.3   0.751
20260406190109    190    165.0    180.0   20.0     25.7    991.9    987.3   0.592
20260406190109    190    215.0    230.0   20.0     38.0    993.4   1020.8   0.703
20260406190109    190    940.0    955.0   10.0     22.5   1042.3   1025.8   0.563
20260406190109    190   1365.0   1380.0   20.0     28.1   1182.2   1160.6   0.508
20260406190109    193      0.0     15.0   20.0     49.1      0.0   1168.8   0.812
20260406190109    193    125.0    145.0   20.0    130.7   1269.3    925.1   0.967
20260406190109    194   1705.0   1725.0   20.0     58.1    926.7   1010.3   0.850
20260406190109    194   1775.0   1790.0   20.0     22.1   1029.7   1029.7   0.703
20260406190109    199   1040.0   1075.0   20.0    166.5    941.9    945.7   0.847
20260406190109    199   1110.0   1135.0   20.0     57.4    941.3   1053.9   0.817
20260406190109    199   1335.0   1350.0   20.0     23.3   1056.7   1091.2   0.777
20260406190109    199   1420.0   1435.0   20.0     47.9   1101.0   1097.6   0.850
20260406190109    200    695.0    710.0   20.0     79.0    947.1   1114.6   0.857
20260406190109    200   1010.0   1025.0   20.0     31.9   1136.7   1169.7   0.822
20260406190109    200   1160.0   1175.0   20.0     22.5   1174.5   1194.7   0.809
20260406190109    200   1335.0   1350.0   20.0     41.4   1228.0   1253.9   0.834
20260406190109    201     50.0     75.0   20.0    224.5    951.9    951.5   0.781
20260406190109    201    255.0    270.0   20.0    104.9    945.3    946.5   0.767
20260406190109    201   1110.0   1135.0   20.0     84.2    946.5    947.0   0.760
20260406190109    204     40.0     55.0   20.0     42.9    950.1   1000.3   0.775
20260406190109    204    855.0    870.0   20.0     28.2   1088.3   1093.2   0.844
20260406190109    204   1025.0   1040.0   20.0     22.4   1107.7   1132.1   0.790
20260406190109    204   1185.0   1195.0   20.0     20.6   1138.9   1173.0   0.623
20260406190109    206     45.0     80.0   20.0     30.1   1157.3   1184.5   0.594
20260406190109    206    265.0    280.0   20.0     47.0   1178.7   1237.2   0.614
20260406190109    206    800.0    815.0   20.0     41.3   1338.1   1368.1   0.756
20260406190109    207   1160.0   1225.0   20.0     54.3    959.4   1155.1   0.808
20260406190109    207   1280.0   1295.0   20.0     59.9   1142.2   1149.9   0.917
20260406190109    208    100.0    120.0   20.0     80.1    960.4   1071.5   0.825
20260406190109    208   1165.0   1180.0   20.0     23.1   1155.7   1172.7   0.811
20260406190109    209   1790.0   1800.0   20.0     70.5    961.4   1151.2   0.813
20260406190109    214    290.0    350.0   20.0    111.0    966.4    966.7   0.763
20260406190109    214    915.0    930.0   20.0     54.3    972.4   1167.7   0.778
20260406190109    214   1185.0   1200.0   20.0     32.4   1144.1   1206.9   0.868
20260406190109    216    360.0    375.0   20.0     97.3    988.6   1243.4   0.879
20260406190109    216    710.0    725.0   20.0    110.0   1241.5    986.9   0.834
20260406190109    216    795.0    810.0   20.0     59.5    985.8    987.2   0.760
20260406190109    218   1580.0   1605.0   20.0     82.5   1011.9   1295.6   0.847
20260406190109    218   1675.0   1690.0   20.0     25.9   1312.6   1327.1   0.712
20260406190109    219    130.0    145.0   20.0    102.3   1114.8    985.4   0.786
20260406190109    220    285.0    305.0   20.0    212.2    997.6    995.5   0.890
20260406190109    220   1435.0   1450.0   20.0     33.1    992.2   1043.4   0.748
20260406190109    220   1605.0   1620.0   20.0     90.9   1109.5    990.8   0.806
20260406190109    223    615.0    635.0   20.0     84.2    986.6    988.1   0.836
20260406190109    224   1305.0   1320.0   20.0    175.7   1010.5   1022.7   0.857
20260406190109    224   1730.0   1755.0   20.0     33.4   1058.8   1043.3   0.909
20260406190109    225    845.0    855.0   20.0     22.6    998.5    997.9   0.551
20260406190109    227    345.0    370.0   20.0     47.0   1016.5   1190.4   0.741
20260406190109    227   1055.0   1070.0   20.0     39.5   1233.0   1268.4   0.663
20260406190109    227   1150.0   1165.0   20.0     24.3   1292.3   1295.6   0.871
20260406190109    228    595.0    610.0   20.0    207.8   1012.0   1525.7   0.865
20260406190109    229    615.0    630.0   20.0     43.0   1013.6   1060.1   0.753
20260406190109    230    395.0    410.0   20.0    101.6   1019.5   1019.7   0.834
20260406190109    230    450.0    470.0   20.0     83.4   1017.5   1017.1   0.859
20260406190109    230    510.0    530.0   20.0    147.6   1016.4   1016.0   0.828
20260406190109    230    815.0    835.0   20.0     96.7   1017.8   1018.4   0.850
20260406190109    230    960.0    975.0   20.0     20.8   1016.4   1062.0   0.779
20260406190109    230   1170.0   1205.0   20.0     47.2   1218.9   1191.5   0.806
20260406190109    230   1290.0   1305.0   20.0     53.2   1136.3   1202.4   0.443
20260406190109    230   1345.0   1365.0   20.0     52.0   1206.3   1235.5   0.778
20260406190109    230   1590.0   1620.0   20.0     23.8   1295.9   1323.9   0.775
20260406190109    231   1335.0   1380.0   20.0     64.0   1022.8   1312.5   0.865
20260406190109    231   1415.0   1445.0   20.0    289.1   1299.5   1021.9   0.844
20260406190109    234      0.0     15.0   20.0    134.8      0.0   1035.2   0.684
20260406190109    234   1770.0   1785.0   20.0     74.2   1041.5   1030.6   0.786
20260406190109    236    775.0    800.0   20.0     52.5   1035.3   1036.3   0.770
20260406190109    236   1125.0   1155.0   20.0    116.6   1034.2   1035.9   0.784
20260406190109    237    290.0    310.0   20.0     91.5   1027.8   1026.0   0.866
20260406190109    237   1560.0   1575.0   20.0     46.3   1027.0   1023.8   0.794
20260406190109    241    450.0    465.0   20.0     50.4   1067.1   1042.4   0.729
20260406190109    242   1230.0   1300.0   20.0    347.7   1051.3   1049.0   0.870
20260406190109    243    885.0    950.0   20.0     66.5   1045.6   1203.7   0.786
20260406190109    243    990.0   1005.0   20.0     21.8   1214.0   1207.8   0.566
20260406190109    243   1315.0   1375.0   20.0     67.4   1256.8   1357.0   0.796
20260406190109    243   1530.0   1545.0   20.0     29.9   1330.4   1328.0   0.750
20260406190109    243   1670.0   1685.0   20.0     37.3   1307.2   1326.5   0.732
20260406190109    243   1775.0   1790.0   20.0     21.1   1332.5   1316.7   0.750
20260406190109    244     95.0    160.0   20.0     84.3   1073.6   1261.8   0.778
20260406190109    244    265.0    285.0   20.0     55.4   1257.4   1277.6   0.888
20260406190109    244    350.0    365.0   20.0     34.8   1274.9   1288.7   0.756
20260406190109    244   1145.0   1160.0   20.0     23.0   1284.7   1313.8   0.711
20260406190109    244   1290.0   1305.0   20.0     23.4   1297.0   1286.2   0.781
20260406190109    244   1385.0   1400.0   20.0     22.4   1286.3   1303.4   0.807
20260406190109    244   1510.0   1535.0   20.0    166.7   1285.5   1064.5   0.869
20260406190109    245      5.0     20.0   20.0    179.1   1078.3   1079.4   0.770
20260406190109    245    380.0    410.0   20.0     83.0   1073.8   1072.4   0.774
20260406190109    247    725.0    770.0   20.0     93.4   1085.3   1083.2   0.826
20260406190109    247    985.0   1020.0   20.0    119.1   1084.9   1083.4   0.845
20260406190109    248     90.0    105.0   20.0     48.6   1080.7   1168.0   0.740
20260406190109    248    235.0    290.0   20.0     49.6   1294.9   1459.2   0.795
20260406190109    248   1045.0   1060.0   20.0     24.6   1481.2   1503.6   0.821
20260406190109    249   1490.0   1505.0   20.0    138.5   1104.6   1537.0   0.917
20260406190109    250    100.0    280.0   20.0     75.7   1087.6   1257.7   0.738
20260406190109    250    325.0    365.0   20.0     26.0   1270.0   1255.0   0.741
20260406190109    250    465.0    500.0   20.0     23.7   1220.6   1259.5   0.670
20260406190109    250    740.0    755.0   20.0     32.4   1279.6   1274.7   0.493
20260406190109    250    995.0   1010.0   20.0     53.7   1280.6   1268.7   0.618
20260406190109    250   1290.0   1375.0   20.0    103.7   1281.6   1264.5   0.818
20260406190109    250   1510.0   1525.0   20.0     21.4   1250.4   1257.2   0.733
20260406190109    251    355.0    380.0   20.0    196.2   1101.7   1100.0   0.841
20260406190109    251    505.0    525.0   20.0    157.1   1098.9   1099.8   0.879
20260406190109    251    785.0    805.0   20.0    149.9   1098.5   1100.4   0.797
20260406190109    251   1205.0   1225.0   20.0     41.4   1101.8   1311.4   0.848
20260406190109    251   1260.0   1280.0   20.0     54.3   1321.3   1413.8   0.811
20260406190109    251   1370.0   1385.0   20.0     30.9   1429.3   1491.0   0.689
20260406190109    252     70.0     85.0   20.0     21.6   1396.2   1414.4   0.462
20260406190109    252    445.0    460.0   20.0     36.1   1512.8   1527.5   0.704
20260406190109    252    515.0    530.0   20.0     27.2   1539.6   1535.2   0.590
20260406190109    252    850.0   1745.0   20.0     94.5   1568.2   1586.6   0.899
20260406190109    254    130.0    145.0   20.0     27.1   1093.7   1140.4   0.773
20260406190109    254    205.0    230.0   20.0     99.6   1182.8   1284.4   0.849
20260406190109    254    290.0    340.0   20.0    115.4   1251.1   1088.7   0.776
20260406190109    254   1200.0   1215.0   20.0     60.4   1086.7   1084.5   0.628
20260406190109    254   1510.0   1560.0   20.0     76.1   1084.6   1276.1   0.882
20260406190109    254   1710.0   1725.0   20.0     23.4   1293.5   1283.6   0.893
20260406190109    255   1445.0   1465.0   20.0    126.6   1100.1   1103.3   0.709
20260406190109    255   1710.0   1730.0   20.0     45.6   1098.8   1099.5   0.726
20260406190109    256   1450.0   1515.0   20.0    110.3   1100.6   1350.4   0.844
20260406193429      2    890.0    920.0   20.0    132.5    960.5    960.8   0.789
20260406193429      2   1350.0   1365.0   20.0     42.9    966.2   1048.4   0.778
20260406193429      4   1485.0   1500.0   20.0     22.7    971.5    974.1   0.460
20260406193429      8   1750.0   1770.0   20.0     40.4    950.7    951.6   0.806
20260406193429     11   1790.0   1800.0   20.0     70.8    955.2   1052.8   0.803
20260406193429     13    235.0    250.0   20.0     37.1    937.9    980.1   0.745
20260406193429     13    850.0    865.0   20.0    119.7   1080.0    930.6   0.801
20260406193429     14     55.0     75.0   20.0    153.6    953.7    955.0   0.822
20260406193429     16   1130.0   1145.0   20.0     31.2    948.0    947.4   0.745
20260406193429     17   1025.0   1040.0   20.0     30.7    927.6    962.6   0.801
20260406193429     17   1190.0   1230.0   20.0    121.8   1050.3    924.1   0.832
20260406193429     18      0.0     10.0   20.0     60.1      0.0   1064.7   0.759
20260406193429     18    115.0    130.0   20.0    123.1   1078.3    946.2   0.755
20260406193429     19    190.0    205.0   20.0     46.9    946.5    945.9   0.792
20260406193429     20   1020.0   1035.0   20.0     63.0    940.3    941.3   0.704
20260406193429     21    765.0    780.0   20.0     68.8    925.5    925.4   0.756
20260406193429     22     70.0     85.0   20.0     64.0    942.4    940.3   0.770
20260406193429     24   1060.0   1075.0   20.0     41.8    930.8    932.2   0.786
20260406193429     24   1125.0   1140.0   20.0     81.1    931.3    932.9   0.802
20260406193429     26    250.0    275.0   20.0     53.7    933.1    932.0   0.768
20260406193429     26    420.0    440.0   20.0     39.0    930.8    929.3   0.760
20260406193429     27    445.0    460.0   20.0     20.0   1219.8   1220.2   0.669
20260406193429     30   1465.0   1485.0   20.0     49.1    907.6    906.8   0.769
20260406193429     31   1230.0   1245.0   20.0     62.6    914.2   1022.8   0.718
20260406193429     31   1340.0   1355.0   20.0     25.1   1016.2   1034.0   0.816
20260406193429     32    555.0    575.0   20.0    116.0   1285.6   1235.3   0.784
20260406193429     34   1330.0   1355.0   20.0    215.9    920.2    923.7   0.845
20260406193429     37     30.0     45.0   20.0     44.3    907.7    907.9   0.770
20260406193429     37   1270.0   1285.0   20.0     33.9    902.6    934.9   0.748
20260406193429     40    120.0    135.0   20.0     67.0    912.1    910.0   0.746
20260406193429     40    200.0    215.0   20.0     30.1    911.3    947.1   0.761
20260406193429     43   1615.0   1630.0   20.0     42.5    883.9    925.2   0.752
20260406193429     44    560.0    575.0   20.0     47.0    901.9    901.6   0.734
20260406193429     44    875.0    890.0   20.0     20.5    901.8    949.0   0.781
20260406193429     47    190.0    205.0   20.0     63.9    897.7    997.9   0.795
20260406193429     47    250.0    285.0   20.0     87.8   1004.2    898.0   0.904
20260406193429     48     15.0     30.0   20.0     26.6   1095.6   1040.1   0.589
20260406193429     48    715.0    800.0   20.0     48.4   1077.4   1122.3   0.739
20260406193429     48   1280.0   1290.0   20.0     20.4   1151.4   1152.0   0.409
20260406193429     48   1690.0   1705.0   20.0     26.0   1183.7   1130.0   0.896
20260406193429     49   1405.0   1420.0   20.0     43.8    881.8    881.5   0.800
20260406193429     50   1085.0   1100.0   20.0     45.3    891.0    891.3   0.734
20260406193429     52   1080.0   1105.0   20.0     69.4    877.4    877.7   0.755
20260406193429     57    365.0    385.0   20.0     58.7    876.6    876.0   0.747
20260406193429     58    755.0    770.0   20.0     23.8   1057.0   1090.7   0.832
20260406193429     64   1000.0   1015.0   20.0     54.4    861.3    862.0   0.786
20260406193429     65   1030.0   1075.0   20.0     73.3    863.1    862.5   0.847
20260406193429     68    505.0    520.0   20.0    121.4    871.2   1068.8   0.812
20260406193429     68    600.0    615.0   20.0     29.6   1072.4   1064.5   0.477
20260406193429     68    755.0    770.0   20.0     32.8   1095.4   1130.9   0.632
20260406193429     68    920.0    935.0   20.0     25.2   1168.8   1168.3   0.729
20260406193429     68   1250.0   1270.0   20.0     40.4   1217.5   1221.9   0.642
20260406193429     68   1305.0   1390.0   20.0     25.2   1227.7   1227.2   0.512
20260406193429     68   1435.0   1445.0   20.0     27.8   1249.0   1249.2   0.417
20260406193429     68   1505.0   1520.0   20.0     26.0   1246.6   1249.4   0.446
20260406193429     68   1570.0   1670.0   20.0     33.9   1245.8   1240.8   0.700
20260406193429     68   1710.0   1725.0   20.0     23.7   1255.4   1256.4   0.475
20260406193429     68   1765.0   1785.0   20.0     45.7   1263.9   1253.9   0.537
20260406193429     69    775.0    800.0   20.0     33.9    874.4    875.5   0.759
20260406193429     74    335.0    350.0   20.0     51.0    859.1    859.3   0.733
20260406193429     77   1600.0   1615.0   20.0     28.2    845.4    881.7   0.767
20260406193429     78    390.0    405.0   20.0     39.3    851.3    906.5   0.772
20260406193429     78    535.0    550.0   20.0     27.8    918.6    976.3   0.865
20260406193429     78    800.0    815.0   20.0     44.4   1047.0   1093.4   0.803
20260406193429     82    985.0   1000.0   20.0     22.5   1055.4   1056.2   0.661
20260406193429     82   1200.0   1215.0   20.0     23.0   1061.8   1057.1   0.762
20260406193429     82   1540.0   1555.0   20.0     22.4   1059.4   1067.8   0.688
20260406193429     83   1195.0   1245.0   20.0     57.0    858.1    846.7   0.736
20260406193429     84   1025.0   1040.0   20.0     65.4    836.8    839.7   0.782
20260406193429     84   1445.0   1460.0   20.0     90.6    837.7    840.1   0.714
20260406193429     85    840.0    855.0   20.0     22.0    855.9    895.2   0.805
20260406193429     85    955.0    995.0   20.0     49.8    981.4   1055.8   0.569
20260406193429     86   1550.0   1585.0   20.0     78.5    852.4    852.7   0.782
20260406193429     87    720.0    745.0   20.0     57.4    854.0    857.1   0.785
20260406193429     88   1740.0   1755.0   20.0     40.1    865.5    863.1   0.561
20260406193429     90     35.0     55.0   20.0     65.6    853.3    852.1   0.863
20260406193429     91   1695.0   1710.0   20.0     45.5    860.1    927.9   0.794
20260406193429     92    265.0    280.0   20.0     47.4    847.1    848.6   0.758
20260406193429     93      5.0     20.0   20.0     76.3    984.3    867.3   0.879
20260406193429     93   1010.0   1025.0   20.0     28.6    879.2    880.0   0.799
20260406193429     97   1245.0   1265.0   20.0    184.7    843.8    850.6   0.873
20260406193429     99    560.0    575.0   20.0     75.1    838.3    965.2   0.820
20260406193429    100    125.0    140.0   20.0     30.4    841.3    924.1   0.777
20260406193429    100    280.0    295.0   20.0     74.5    954.1    958.4   0.763
20260406193429    100    540.0    555.0   20.0    100.8    962.0    845.0   0.783
20260406193429    100    825.0    845.0   20.0     44.6    845.6    845.2   0.769
20260406193429    101      5.0     20.0   20.0     96.1    975.6    846.5   0.793
20260406193429    102     20.0     45.0   20.0     37.0    846.9    845.9   0.752
20260406193429    102    490.0    505.0   20.0     48.8    848.0    848.3   0.795
20260406193429    107     60.0     85.0   20.0     74.9    856.6    852.4   0.837
20260406193429    108   1015.0   1030.0   20.0     50.0    980.9   1027.4   0.884
20260406193429    109   1220.0   1235.0   20.0     81.4    837.9    984.6   0.799
20260406193429    112    180.0    195.0   20.0    136.2    847.4    850.6   0.726
20260406193429    113   1005.0   1070.0   20.0    111.4    857.6    856.4   0.801
20260406193429    117    135.0    150.0   20.0     33.7    839.8    879.8   0.747
20260406193429    117    435.0    450.0   20.0     78.3    953.7    842.6   0.837
20260406193429    118   1150.0   1165.0   20.0     21.2   1142.4   1163.9   0.758
20260406193429    118   1740.0   1755.0   20.0     21.5   1200.6   1259.9   0.868
20260406193429    119   1315.0   1330.0   20.0     52.0    862.9   1034.7   0.877
20260406193429    120   1375.0   1390.0   20.0     38.7    856.9    858.6   0.537
20260406193429    121    270.0    290.0   20.0     70.1    859.8    861.8   0.801
20260406193429    123    140.0    155.0   20.0     46.1    844.4    842.9   0.685
20260406193429    124    265.0    280.0   20.0     59.6    857.8   1005.5   0.793
20260406193429    124    640.0    655.0   20.0     30.0   1026.9   1077.5   0.832
20260406193429    124    890.0    905.0   20.0     31.1   1101.3   1131.8   0.809
20260406193429    126   1240.0   1285.0   20.0     85.2    856.5    859.3   0.772
20260406193429    127   1250.0   1270.0   20.0     53.3    961.3    953.1   0.687
20260406193429    127   1335.0   1420.0   20.0    125.9    965.2    862.2   0.743
20260406193429    128   1110.0   1125.0   20.0     20.3    850.1    919.8   0.866
20260406193429    128   1305.0   1320.0   20.0     29.2   1007.1   1104.0   0.822
20260406193429    128   1435.0   1450.0   20.0     20.7   1097.3   1099.4   0.841
20260406193429    128   1680.0   1695.0   20.0     71.1   1021.6    849.8   0.903
20260406193429    129    445.0    460.0   20.0     53.7    854.9    856.0   0.617
20260406193429    129   1545.0   1560.0   20.0     30.8    861.9    857.9   0.786
20260406193429    130    740.0    805.0   20.0     93.0    870.0    899.0   0.861
20260406193429    130   1000.0   1015.0   20.0     35.7   1006.8   1051.6   0.851
20260406193429    130   1085.0   1100.0   20.0     21.7   1060.1   1088.0   0.842
20260406193429    130   1790.0   1800.0   20.0     35.1   1097.6   1116.1   0.640
20260406193429    131    370.0    385.0   20.0     83.3    856.3    857.4   0.696
20260406193429    135   1390.0   1410.0   20.0     53.0    864.6    863.5   0.756
20260406193429    136     50.0    150.0   20.0     71.6    858.7   1035.6   0.788
20260406193429    136    800.0    815.0   20.0     28.7   1073.9   1081.0   0.821
20260406193429    136    925.0    940.0   20.0     22.4   1094.0   1111.2   0.741
20260406193429    136   1000.0   1015.0   20.0     25.2   1118.6   1051.9   0.917
20260406193429    136   1205.0   1220.0   20.0     49.3   1053.7   1083.0   0.687
20260406193429    137   1665.0   1680.0   20.0     24.5    862.8    941.4   0.756
20260406193429    138    630.0    645.0   20.0     55.7    856.0    856.3   0.669
20260406193429    139    370.0    400.0   20.0     40.8    864.6    910.0   0.771
20260406193429    139    640.0    655.0   20.0     26.2    916.6    920.7   0.518
20260406193429    139   1050.0   1065.0   20.0     93.0    958.7    865.7   0.753
20260406193429    139   1160.0   1220.0   20.0    205.1    866.6    869.7   0.896
20260406193429    140   1155.0   1170.0   20.0    117.8    865.8   1228.5   0.924
20260406193429    141    355.0    370.0   20.0     39.4    860.8    863.3   0.565
20260406193429    141    490.0    500.0   20.0     24.3    863.2    866.1   0.526
20260406193429    141    985.0   1000.0   20.0     36.2    869.2    907.7   0.765
20260406193429    141   1300.0   1315.0   20.0     90.6    981.9    866.7   0.811
20260406193429    141   1620.0   1645.0   20.0    107.4    875.3    874.6   0.792
20260406193429    142   1130.0   1180.0   20.0     28.0   1188.2   1198.0   0.912
20260406193429    142   1495.0   1510.0   20.0     24.9   1233.0   1222.9   0.862
20260406193429    143     25.0     40.0   20.0     35.7    858.1    906.6   0.809
20260406193429    143    825.0    840.0   20.0     72.9    936.4    857.7   0.766
20260406193429    143   1435.0   1450.0   20.0     50.5    863.4    863.1   0.763
20260406193429    145   1630.0   1645.0   20.0     31.7    891.6    961.5   0.750
20260406193429    145   1785.0   1800.0   20.0    117.9    977.1    893.2   0.713
20260406193429    146   1020.0   1035.0   20.0     32.1   1167.0   1195.9   0.849
20260406193429    148    145.0    160.0   20.0     23.7    872.7    915.1   0.763
20260406193429    148    365.0    385.0   20.0     41.8    981.2    992.6   0.722
20260406193429    148   1730.0   1745.0   20.0     33.1   1093.5   1106.0   0.660
20260406193429    149    435.0    450.0   20.0     93.7    870.5    989.8   0.767
20260406193429    149   1500.0   1515.0   20.0     24.3   1080.1   1106.3   0.772
20260406193429    149   1790.0   1800.0   20.0     20.3   1114.4   1138.3   0.775
20260406193429    150    680.0    700.0   20.0     62.3    879.0    879.7   0.833
20260406193429    151      0.0     15.0   20.0     89.9      0.0   1073.7   0.838
20260406193429    152    200.0    215.0   20.0     27.8    874.9    876.6   0.718
20260406193429    152    815.0    830.0   20.0     59.1    879.2    941.5   0.746
20260406193429    152    895.0    910.0   20.0     59.1    942.1    884.3   0.763
20260406193429    152   1370.0   1385.0   20.0     52.4    880.5    879.6   0.791
20260406193429    152   1560.0   1575.0   20.0     51.1    879.6    880.0   0.672
20260406193429    153    315.0    330.0   20.0     39.7    879.8    879.3   0.804
20260406193429    153    390.0    435.0   20.0    237.6    880.9    881.6   0.896
20260406193429    153    690.0    710.0   20.0     29.8    885.5    886.2   0.753
20260406193429    155   1155.0   1170.0   20.0     24.8   1011.7   1087.1   0.916
20260406193429    155   1290.0   1305.0   20.0     24.0   1096.2   1119.6   0.792
20260406193429    156    135.0    155.0   20.0    114.1    872.8    874.2   0.800
20260406193429    156   1175.0   1190.0   20.0     20.9    880.6    880.2   0.738
20260406193429    156   1665.0   1680.0   20.0     21.0    878.9    916.9   0.757
20260406193429    156   1770.0   1795.0   20.0     99.7    958.4    876.1   0.826
20260406193429    157   1190.0   1210.0   20.0     81.2    887.8    887.6   0.627
20260406193429    158   1495.0   1510.0   20.0     82.3    876.1    879.5   0.721
20260406193429    159    690.0    705.0   20.0     54.2    889.0    887.2   0.788
20260406193429    159   1080.0   1100.0   20.0     78.8    887.6    888.7   0.769
20260406193429    160     35.0     50.0   20.0     37.9    879.7    921.0   0.750
20260406193429    160   1660.0   1675.0   20.0     23.4    999.0   1020.5   0.762
20260406193429    161    455.0    470.0   20.0    204.5    873.2    874.3   0.861
20260406193429    162    465.0    480.0   20.0     83.4    868.8    964.7   0.770
20260406193429    162    645.0    660.0   20.0     20.6   1040.0   1063.9   0.791
20260406193429    162   1040.0   1095.0   20.0     59.7   1117.0   1162.7   0.865
20260406193429    163    490.0    505.0   20.0     80.8    898.6   1045.2   0.787
20260406193429    163    965.0    980.0   20.0     37.6   1106.5   1153.8   0.897
20260406193429    163   1585.0   1600.0   20.0     23.0   1169.1   1182.0   0.790
20260406193429    164    130.0    145.0   20.0     62.4    886.9    886.2   0.768
20260406193429    165    135.0    150.0   20.0     48.8    890.7    960.4   0.776
20260406193429    166   1125.0   1145.0   20.0     45.9    880.9    943.3   0.821
20260406193429    166   1530.0   1545.0   20.0     20.5   1034.6   1058.5   0.594
20260406193429    166   1755.0   1770.0   20.0    111.4   1062.3    880.8   0.853
20260406193429    167     90.0    145.0   20.0     28.0    882.7   1002.0   0.771
20260406193429    169    755.0    775.0   20.0     70.7    891.5    890.3   0.680
20260406193429    170    325.0    355.0   20.0    194.9    891.0    890.8   0.837
20260406193429    171    480.0    500.0   20.0     64.6    894.9    895.1   0.756
20260406193429    171   1600.0   1615.0   20.0    168.1    901.3   1167.9   0.849
20260406193429    173   1350.0   1370.0   20.0     98.4    900.6    899.9   0.744
20260406193429    177     60.0     90.0   20.0    152.9    907.4    909.2   0.774
20260406193429    178    775.0    790.0   20.0     60.7    915.3    914.3   0.754
20260406193429    180   1660.0   1675.0   20.0     72.3    904.7    982.1   0.766
20260406193429    182    735.0    750.0   20.0     55.2    910.0    999.7   0.860
20260406193429    182    790.0    860.0   20.0     46.3   1041.8   1116.5   0.821
20260406193429    182   1225.0   1240.0   20.0     41.1   1102.7   1108.8   0.868
20260406193429    183    705.0    720.0   20.0     60.0    913.0    911.3   0.800
20260406193429    183   1730.0   1745.0   20.0     42.4    914.4    955.4   0.728
20260406193429    184   1000.0   1020.0   20.0     48.6    919.9    918.0   0.778
20260406193429    184   1645.0   1740.0   20.0    203.4    921.5    921.0   0.854
20260406193429    185    595.0    610.0   20.0     52.1    926.1    998.8   0.864
20260406193429    185    675.0    690.0   20.0     41.2    997.9   1012.8   0.713
20260406193429    185   1425.0   1445.0   20.0    133.9   1042.1    922.5   0.791
20260406193429    186   1445.0   1460.0   20.0     50.5    912.8    976.2   0.783
20260406193429    186   1520.0   1540.0   20.0     31.6    976.8   1032.7   0.743
20260406193429    186   1630.0   1645.0   20.0     23.4   1037.5   1013.3   0.678
20260406193429    188    960.0    980.0   20.0     98.5    926.7    926.1   0.853
20260406193429    192    825.0    840.0   20.0     27.6    933.9    969.2   0.749
20260406193429    192    880.0    895.0   20.0     58.1   1139.4   1059.4   0.804
20260406193429    194    935.0    975.0   20.0     43.2    932.7    933.0   0.747
20260406193429    195    860.0    875.0   20.0     28.4    924.9    981.5   0.767
20260406193429    195   1675.0   1720.0   20.0    140.4   1173.7    921.8   0.884
20260406193429    196    505.0    520.0   20.0    100.7    930.6   1041.2   0.750
20260406193429    196    585.0    600.0   20.0     45.8   1049.3    988.9   0.871
20260406193429    196    670.0    680.0   20.0     21.3    991.7   1060.7   0.883
20260406193429    196    765.0    780.0   20.0     35.0   1121.4   1126.4   0.806
20260406193429    197   1465.0   1490.0   20.0     85.3    945.6   1079.3   0.749
20260406193429    197   1660.0   1675.0   20.0     24.4   1070.8   1179.6   0.574
20260406193429    198    610.0    640.0   20.0     93.8    943.6    940.6   0.811
20260406193429    198    765.0    780.0   20.0     31.4    939.7    973.3   0.714
20260406193429    198    935.0    950.0   20.0     36.9    999.7   1062.3   0.840
20260406193429    198   1360.0   1375.0   20.0     21.3   1049.9   1084.5   0.803
20260406193429    198   1430.0   1445.0   20.0     34.1   1110.7   1138.8   0.844
20260406193429    198   1495.0   1540.0   20.0    115.1   1176.6    932.4   0.840
20260406193429    199    310.0    325.0   20.0    121.6    945.7    945.4   0.713
20260406193429    200   1210.0   1225.0   20.0     38.6    951.8   1058.5   0.766
20260406193429    200   1280.0   1295.0   20.0     23.1   1088.1   1080.9   0.627
20260406193429    200   1365.0   1380.0   20.0    132.2   1088.3    951.1   0.797
20260406193429    200   1765.0   1785.0   20.0     29.5    948.0    948.0   0.746
20260406193429    201    565.0    580.0   20.0     97.9    949.6   1176.6   0.818
20260406193429    201    670.0    685.0   20.0     26.8   1218.3   1265.4   0.758
20260406193429    202     30.0     45.0   20.0     92.0    949.2    949.7   0.611
20260406193429    203   1410.0   1425.0   20.0     48.9    961.4   1162.7   0.836
20260406193429    203   1515.0   1530.0   20.0     26.9   1167.8   1208.2   0.794
20260406193429    203   1650.0   1670.0   20.0     29.6   1190.0   1247.3   0.870
20260406193429    204    375.0    390.0   20.0     52.9   1062.6   1105.5   0.851
20260406193429    204   1050.0   1065.0   20.0     23.4   1198.9   1230.0   0.858
20260406193429    204   1175.0   1190.0   20.0     28.1   1200.1   1198.9   0.879
20260406193429    204   1325.0   1340.0   20.0     26.9   1222.3   1241.1   0.897
20260406193429    205     65.0     85.0   20.0    178.5    957.3    957.8   0.871
20260406193429    205    880.0    905.0   20.0     58.5    959.0   1069.3   0.728
20260406193429    205    940.0    955.0   20.0     27.4   1091.8   1071.9   0.574
20260406193429    205   1085.0   1100.0   20.0     23.0   1099.2   1131.0   0.664
20260406193429    205   1290.0   1305.0   20.0     29.6   1124.9   1142.3   0.491
20260406193429    205   1365.0   1380.0   20.0     25.3   1131.7   1165.1   0.513
20260406193429    206     15.0     30.0   20.0     56.5    960.4   1149.2   0.784
20260406193429    206     70.0     90.0   20.0     49.1   1172.8   1274.1   0.768
20260406193429    206   1040.0   1055.0   20.0     35.1   1310.3   1332.5   0.834
20260406193429    207    955.0   1010.0   20.0     44.0    965.7   1157.8   0.786
20260406193429    207   1055.0   1070.0   20.0    156.7   1182.3    962.1   0.740
20260406193429    209   1280.0   1370.0   20.0     93.1    971.2   1239.0   0.842
20260406193429    210    280.0    295.0   20.0    100.6    961.1    963.8   0.793
20260406193429    211    885.0    900.0   20.0     21.7    980.6    977.1   0.452
20260406193429    213     70.0     85.0   20.0     39.6    977.4    975.3   0.791
20260406193429    215    640.0    690.0   20.0     47.4    981.9    983.2   0.766
20260406193429    215   1325.0   1370.0   20.0    129.2    979.4    978.9   0.814
20260406193429    216     70.0     90.0   20.0     79.9    990.2    989.3   0.870
20260406193429    216    235.0    255.0   20.0    142.8    988.1    987.7   0.883
20260406193429    216    480.0    495.0   20.0     38.0    986.9   1132.1   0.792
20260406193429    216    800.0    815.0   20.0    155.1   1221.1    990.1   0.793
20260406193429    218    600.0    620.0   20.0     59.5    994.3    994.2   0.831
20260406193429    218    975.0   1030.0   20.0    101.2    995.1   1215.9   0.793
20260406193429    218   1115.0   1130.0   20.0     38.3   1200.1   1224.1   0.637
20260406193429    218   1165.0   1180.0   20.0    213.9   1221.1    991.9   0.785
20260406193429    219    340.0    355.0   20.0    100.3    985.0   1212.7   0.879
20260406193429    219    410.0    425.0   20.0    229.7   1229.5    985.0   0.809
20260406193429    221    515.0    530.0   20.0     69.6    998.4    998.6   0.751
20260406193429    221   1360.0   1385.0   20.0    117.2    997.8    998.5   0.737
20260406193429    222     25.0     40.0   20.0     66.1    995.3    997.2   0.701
20260406193429    222    385.0    400.0   20.0     73.4    994.0   1199.6   0.833
20260406193429    222    445.0    460.0   20.0     21.7   1227.4   1197.2   0.611
20260406193429    222    530.0    545.0   20.0    125.0   1190.2   1324.5   0.872
20260406193429    223   1520.0   1535.0   20.0    105.7    990.0   1157.6   0.808
20260406193429    223   1650.0   1695.0   20.0     40.9   1171.7   1239.5   0.799
20260406193429    224     30.0    110.0   20.0    251.8    997.4    995.3   0.871
20260406193429    225    105.0    125.0   20.0     58.1   1000.6   1112.1   0.768
20260406193429    225    160.0    190.0   20.0     25.6   1129.4   1144.6   0.697
20260406193429    225    400.0    415.0   20.0     20.5   1247.3   1239.6   0.581
20260406193429    225   1035.0   1050.0   20.0     21.1   1371.9   1369.0   0.818
20260406193429    225   1775.0   1790.0   20.0     20.2   1392.1   1386.2   0.562
20260406193429    226   1025.0   1050.0   20.0     81.7   1013.2   1013.5   0.885
20260406193429    227   1730.0   1795.0   20.0    178.0   1016.3   1016.7   0.803
20260406193429    228   1230.0   1255.0   20.0    157.8   1016.4   1018.4   0.857
20260406193429    229   1495.0   1510.0   20.0     34.8   1014.2   1089.3   0.797
20260406193429    229   1565.0   1580.0   20.0    129.7   1158.9   1011.5   0.791
20260406193429    230    550.0    565.0   20.0     54.7   1019.2   1120.5   0.788
20260406193429    230    635.0    650.0   20.0    202.7   1237.0   1023.7   0.781
20260406193429    231    785.0    800.0   20.0     31.5   1026.3   1220.5   0.784
20260406193429    231   1125.0   1170.0   20.0     44.7   1319.3   1019.4   0.941
20260406193429    231   1375.0   1400.0   20.0    131.6   1022.4   1022.8   0.796
20260406193429    231   1690.0   1705.0   20.0     49.2   1025.8   1033.7   0.533
20260406193429    232    390.0    545.0   20.0     96.1   1015.7   1123.6   0.896
20260406193429    232    770.0    790.0   20.0     28.0   1317.4   1334.8   0.587
20260406193429    232    840.0    855.0   20.0    170.2   1293.5   1018.4   0.847
20260406193429    232   1750.0   1780.0   20.0    149.7   1014.1   1012.6   0.838
20260406193429    233    500.0    515.0   20.0    143.8   1024.7   1267.2   0.859
20260406193429    233   1055.0   1070.0   20.0     25.7   1327.1   1360.5   0.902
20260406193429    233   1235.0   1250.0   20.0     34.0   1350.4   1375.9   0.849
20260406193429    233   1495.0   1510.0   20.0     28.5   1365.1   1385.3   0.908
20260406193429    234    800.0    815.0   20.0     74.5   1039.4   1124.4   0.783
20260406193429    234   1015.0   1030.0   20.0     83.3   1134.3   1040.3   0.788
20260406193429    234   1195.0   1260.0   20.0    142.2   1040.8   1041.7   0.825
20260406193429    235   1110.0   1175.0   20.0     29.9   1023.8   1114.5   0.773
20260406193429    235   1275.0   1290.0   20.0     23.3   1211.8   1260.6   0.765
20260406193429    235   1415.0   1430.0   20.0     49.8   1298.6   1361.6   0.818
20260406193429    235   1480.0   1495.0   20.0     44.9   1375.8   1413.1   0.825
20260406193429    236    145.0    160.0   20.0    123.2   1040.9   1040.1   0.773
20260406193429    236    380.0    395.0   20.0     42.2   1045.9   1047.0   0.793
20260406193429    237   1565.0   1630.0   20.0     54.8   1030.8   1110.8   0.851
20260406193429    237   1665.0   1695.0   20.0    136.5   1131.0   1274.2   0.856
20260406193429    238    680.0    695.0   20.0     56.9   1038.0   1337.3   0.793
20260406193429    238   1000.0   1015.0   20.0     24.4   1382.2   1390.2   0.686
20260406193429    239   1360.0   1380.0   20.0     61.1   1058.5   1058.5   0.753
20260406193429    239   1420.0   1440.0   20.0     65.8   1057.4   1057.7   0.744
20260406193429    241    280.0    295.0   20.0     47.0   1042.8   1192.9   0.747
20260406193429    241    380.0    395.0   20.0    233.5   1329.8   1040.3   0.780
20260406193429    241    910.0    925.0   20.0     57.3   1045.7   1138.9   0.834
20260406193429    241    985.0   1000.0   20.0    135.9   1221.4   1043.3   0.832
20260406193429    241   1195.0   1230.0   20.0    135.1   1042.1   1041.0   0.830
20260406193429    242    440.0    455.0   20.0     46.7   1055.6   1054.2   0.742
20260406193429    243    365.0    415.0   20.0     50.0   1046.3   1210.8   0.824
20260406193429    243    520.0    535.0   20.0     21.3   1200.3   1193.5   0.579
20260406193429    243   1225.0   1265.0   20.0     32.9   1320.8   1375.1   0.859
20260406193429    243   1540.0   1555.0   20.0     32.4   1388.8   1426.9   0.906
20260406193429    244    775.0    810.0   20.0    122.6   1074.4   1287.6   0.885
20260406193429    244    880.0    895.0   20.0    291.1   1311.2   1072.9   0.686
20260406193429    244   1430.0   1445.0   20.0     20.3   1075.7   1069.4   0.808
20260406193429    245    475.0    520.0   20.0    249.7   1071.5   1269.8   0.794
20260406193429    245    560.0    575.0   20.0     87.3   1303.7   1322.2   0.813
20260406193429    245   1055.0   1070.0   20.0     23.7   1364.6   1388.6   0.774
20260406193429    245   1335.0   1350.0   20.0     25.0   1412.9   1427.9   0.789
20260406193429    247    235.0    260.0   20.0    128.5   1082.2   1081.3   0.744
20260406193429    247    425.0    445.0   20.0    205.6   1089.0   1426.0   0.917
20260406193429    248    420.0    435.0   20.0     21.1   1475.8   1498.2   0.854
20260406193429    248    560.0    575.0   20.0     23.1   1538.2   1556.0   0.753
20260406193429    249     10.0     30.0   20.0    228.1   1100.0   1105.2   0.840
20260406193429    250    330.0    345.0   20.0     32.6   1292.8   1314.9   0.730
20260406193429    250    400.0    415.0   20.0     37.2   1335.1   1340.5   0.831
20260406193429    252      0.0     10.0   20.0     26.8      0.0   1375.0   0.720
20260406193429    252    230.0    275.0   20.0     35.6   1498.4   1410.3   0.924
20260406193429    252    410.0    425.0   20.0     41.3   1464.6   1471.5   0.703
20260406193429    252    700.0    715.0   20.0     24.6   1479.1   1500.5   0.628
20260406193429    256      5.0     20.0   20.0     26.2   1406.7   1339.3   0.692
20260406193429    256    160.0    185.0   20.0     20.5   1313.3   1329.8   0.720
20260406193429    256    585.0    600.0   20.0     35.4   1448.1   1462.9   0.727
20260406200750      2    675.0    695.0   20.0     46.3    966.4   1102.1   0.808
20260406200750      2    755.0    770.0   20.0     52.4   1108.3   1047.7   0.820
20260406200750      2    900.0    915.0   20.0     27.8   1091.0   1142.7   0.800
20260406200750      2   1125.0   1140.0   20.0     83.0   1133.1   1139.7   0.476
20260406200750      2   1200.0   1210.0   20.0     21.4   1198.0   1172.9   0.569
20260406200750      2   1565.0   1580.0   20.0     56.1   1200.5   1204.3   0.814
20260406200750      3    395.0    410.0   20.0     57.3    973.4    972.7   0.788
20260406200750      4     20.0     35.0   20.0     74.1    977.7   1050.0   0.749
20260406200750      4    215.0    230.0   20.0     70.5   1047.9    975.2   0.750
20260406200750      9    255.0    270.0   20.0     29.9    956.6   1005.0   0.773
20260406200750      9    390.0    405.0   20.0     22.6   1033.0   1163.0   0.783
20260406200750      9    485.0    500.0   20.0     20.2   1184.2   1207.5   0.828
20260406200750      9    730.0    745.0   20.0     67.5   1176.7    951.1   0.898
20260406200750     10   1210.0   1225.0   20.0     44.9    957.6   1070.6   0.825
20260406200750     11    175.0    190.0   20.0    157.0   1176.6    963.2   0.771
20260406200750     12   1620.0   1680.0   20.0     62.5    956.6   1108.9   0.764
20260406200750     14    125.0    140.0   20.0     39.3    956.6    957.2   0.782
20260406200750     14    440.0    455.0   20.0     70.3    955.4    955.2   0.630
20260406200750     15      5.0     20.0   20.0     23.9   1091.5   1152.2   0.534
20260406200750     15    420.0    465.0   20.0     31.6   1122.2   1192.2   0.773
20260406200750     15    870.0    885.0   20.0     45.2   1200.2   1215.2   0.597
20260406200750     16    825.0    835.0   20.0     22.7   1283.3   1310.2   0.440
20260406200750     17    295.0    310.0   20.0     30.5    935.1    974.3   0.741
20260406200750     21   1310.0   1325.0   20.0     25.8    933.7    959.8   0.753
20260406200750     21   1360.0   1375.0   20.0     49.5    968.3    924.6   0.731
20260406200750     22    280.0    305.0   20.0     81.6    942.9    943.4   0.822
20260406200750     22    990.0   1005.0   20.0     73.5    937.9    938.9   0.772
20260406200750     22   1600.0   1620.0   20.0     67.8    942.4    943.0   0.783
20260406200750     25   1705.0   1720.0   20.0     34.8    922.3    992.6   0.737
20260406200750     26     10.0     30.0   20.0    159.5    931.1    932.0   0.827
20260406200750     26    650.0    720.0   20.0     52.0    927.8   1053.9   0.858
20260406200750     26    775.0    785.0   20.0     26.0   1049.0   1042.0   0.565
20260406200750     28   1075.0   1090.0   20.0    109.2    908.9    909.4   0.774
20260406200750     28   1225.0   1240.0   20.0     60.6    911.0    910.9   0.753
20260406200750     31   1325.0   1340.0   20.0    114.9    915.7    916.0   0.856
20260406200750     32    205.0    225.0   20.0    108.6   1154.9   1172.0   0.914
20260406200750     35   1695.0   1710.0   20.0     43.9    902.9    955.2   0.745
20260406200750     36   1020.0   1035.0   20.0     72.1    909.6    908.8   0.837
20260406200750     36   1630.0   1645.0   20.0     90.8    915.2    923.4   0.742
20260406200750     37    460.0    490.0   20.0    102.7    913.2    910.8   0.759
20260406200750     37   1740.0   1760.0   20.0     66.9    904.6   1092.1   0.834
20260406200750     38   1080.0   1095.0   20.0    134.8    912.3   1373.0   0.760
20260406200750     41    270.0    290.0   20.0     83.9    899.8    997.6   0.785
20260406200750     42    160.0    175.0   20.0     42.8    906.0    975.9   0.788
20260406200750     44    510.0    600.0   20.0    182.2    907.7    907.3   0.868
20260406200750     44   1330.0   1350.0   20.0     60.6    909.7    908.9   0.808
20260406200750     45    685.0    725.0   20.0     44.6    897.9   1067.3   0.769
20260406200750     45    865.0    880.0   20.0     21.4   1074.3   1085.7   0.568
20260406200750     46     40.0     55.0   20.0     33.9    893.9    998.0   0.795
20260406200750     46    740.0    755.0   20.0    128.3   1043.3    892.2   0.835
20260406200750     46   1105.0   1120.0   20.0     24.9    895.4    965.6   0.813
20260406200750     46   1210.0   1225.0   20.0     50.5    942.5    897.1   0.737
20260406200750     47    175.0    195.0   20.0    111.2    901.1   1255.5   0.863
20260406200750     48    775.0    875.0   20.0     80.3   1133.0   1162.7   0.764
20260406200750     50   1350.0   1365.0   20.0     40.6    893.9    987.8   0.773
20260406200750     51    420.0    435.0   20.0     32.5    901.1    947.1   0.721
20260406200750     51    470.0    510.0   20.0     52.4    975.7   1043.7   0.831
20260406200750     51    545.0    560.0   20.0     27.6   1063.2   1126.7   0.848
20260406200750     53   1565.0   1580.0   20.0     24.7    877.0    909.4   0.744
20260406200750     55   1600.0   1615.0   20.0     22.5    881.7    906.7   0.771
20260406200750     55   1660.0   1675.0   20.0     33.7    907.9    881.5   0.729
20260406200750     57    205.0    270.0   20.0    135.9    879.1    922.8   0.805
20260406200750     59    265.0    280.0   20.0     42.0    891.0    889.5   0.649
20260406200750     62    575.0    590.0   20.0     67.0    878.0    877.4   0.773
20260406200750     63    125.0    140.0   20.0     35.1    865.7    960.6   0.787
20260406200750     63    195.0    210.0   20.0     23.8    964.1    970.5   0.744
20260406200750     63    250.0    280.0   20.0     23.0    973.9    968.5   0.604
20260406200750     63    375.0    390.0   20.0     94.6    956.0    869.3   0.746
20260406200750     64    240.0    255.0   20.0     36.3    862.5    867.5   0.813
20260406200750     64   1170.0   1205.0   20.0     32.9    864.2    864.9   0.750
20260406200750     64   1540.0   1555.0   20.0     25.2    865.4    866.7   0.631
20260406200750     65    115.0    145.0   20.0    183.1    867.8    869.7   0.845
20260406200750     66    905.0    920.0   20.0     38.4    877.1    948.6   0.768
20260406200750     66    955.0    970.0   20.0     81.6    981.9    872.5   0.731
20260406200750     66   1385.0   1400.0   20.0     63.7    874.7   1037.9   0.883
20260406200750     68    580.0    595.0   20.0     28.2   1160.4   1183.7   0.475
20260406200750     68   1105.0   1120.0   20.0     43.5   1164.7   1201.0   0.820
20260406200750     68   1490.0   1505.0   20.0     38.1   1184.6   1247.1   0.824
20260406200750     68   1765.0   1780.0   20.0     56.0   1210.6   1255.9   0.779
20260406200750     69   1620.0   1635.0   20.0     28.3    878.6    925.7   0.792
20260406200750     72     45.0     55.0   20.0     24.0    855.7    903.6   0.760
20260406200750     72    185.0    200.0   20.0     52.6    989.4   1064.2   0.803
20260406200750     72    240.0    255.0   20.0    122.7   1043.9    859.3   0.794
20260406200750     72   1540.0   1560.0   20.0    107.9    866.7    865.3   0.793
20260406200750     72   1770.0   1785.0   20.0     30.7    864.9    922.4   0.770
20260406200750     73   1515.0   1560.0   20.0     79.8    864.9    868.8   0.852
20260406200750     74   1045.0   1065.0   20.0     67.9    861.5    862.6   0.784
20260406200750     75   1315.0   1330.0   20.0     30.4    860.4    908.2   0.778
20260406200750     78    340.0    360.0   20.0     53.1    863.7    941.3   0.835
20260406200750     78    695.0    710.0   20.0     20.5    946.3    936.7   0.611
20260406200750     80   1550.0   1580.0   20.0     41.3    948.0    930.7   0.809
20260406200750     80   1620.0   1635.0   20.0     20.8    990.0    982.7   0.793
20260406200750     81    205.0    220.0   20.0     28.0    861.6    896.6   0.774
20260406200750     81    875.0    890.0   20.0     21.3   1057.8   1084.3   0.441
20260406200750     82    930.0    945.0   20.0     37.2   1101.6   1110.2   0.685
20260406200750     85    280.0    295.0   20.0     30.5    854.7    889.6   0.751
20260406200750     89    795.0    905.0   20.0    243.6    853.4   1206.3   0.863
20260406200750     90   1715.0   1760.0   20.0     43.2    861.3   1017.0   0.874
20260406200750     91     15.0     70.0   20.0    114.2   1052.1    860.1   0.882
20260406200750     91    925.0    940.0   20.0     23.8    882.4    877.5   0.882
20260406200750     92   1720.0   1735.0   20.0     39.6    859.9    909.2   0.764
20260406200750     93    820.0    835.0   20.0     27.3    873.8    876.2   0.646
20260406200750     93    960.0    975.0   20.0     24.7    873.6    976.2   0.803
20260406200750     93   1010.0   1025.0   20.0     33.4    994.1   1042.5   0.809
20260406200750     94      0.0     15.0   20.0    160.8      0.0    852.3   0.777
20260406200750     94    500.0    525.0   20.0     52.8    857.2    858.7   0.892
20260406200750     95    400.0    415.0   20.0     57.8    854.9    853.8   0.609
20260406200750     95    640.0    655.0   20.0     42.3    856.8    856.0   0.426
20260406200750     96   1595.0   1610.0   20.0     66.0    861.9    860.2   0.815
20260406200750     97   1240.0   1255.0   20.0     77.7    850.5    849.9   0.632
20260406200750     99      5.0     20.0   20.0     64.6    899.1    837.9   0.754
20260406200750     99    655.0    705.0   20.0     54.6    845.5    845.9   0.767
20260406200750    100    985.0   1000.0   20.0     86.6    850.6    851.6   0.651
20260406200750    101    540.0    560.0   20.0     75.7    854.7    949.7   0.818
20260406200750    101    880.0    895.0   20.0    123.1   1057.6    853.3   0.820
20260406200750    104   1125.0   1140.0   20.0     50.4    853.8    918.1   0.778
20260406200750    104   1335.0   1350.0   20.0     45.7    949.8   1011.6   0.831
20260406200750    104   1505.0   1520.0   20.0     40.7   1002.1   1092.9   0.823
20260406200750    105   1585.0   1600.0   20.0     46.2    863.1    864.0   0.833
20260406200750    108     10.0     25.0   20.0     29.2   1053.0   1044.9   0.847
20260406200750    108     90.0    105.0   20.0     21.2   1057.3   1041.2   0.719
20260406200750    108   1690.0   1705.0   20.0     43.0   1182.0   1109.2   0.733
20260406200750    109    110.0    125.0   20.0     39.3    839.4    887.0   0.768
20260406200750    109   1330.0   1345.0   20.0     26.0   1021.5   1050.3   0.785
20260406200750    111    165.0    180.0   20.0     61.1    837.4    838.6   0.753
20260406200750    112    180.0    205.0   20.0     79.6    852.1    852.5   0.749
20260406200750    112   1230.0   1290.0   20.0     59.3    857.4    960.2   0.767
20260406200750    114    880.0    895.0   20.0     84.1    858.3   1015.8   0.823
20260406200750    114   1100.0   1110.0   20.0     20.5   1095.8   1104.5   0.416
20260406200750    114   1155.0   1165.0   20.0     20.2   1110.1   1132.5   0.617
20260406200750    114   1510.0   1525.0   20.0     23.5   1205.1   1242.8   0.745
20260406200750    115     95.0    110.0   20.0     86.7    842.6    841.5   0.777
20260406200750    116    210.0    225.0   20.0     28.3    577.2    604.6   0.798
20260406200750    117     55.0     70.0   20.0    126.6    840.6    840.8   0.731
20260406200750    117   1055.0   1085.0   20.0    124.3    849.3    848.6   0.831
20260406200750    120    505.0    520.0   20.0     39.3    862.0    995.7   0.814
20260406200750    120    555.0    570.0   20.0    102.4    969.7    863.2   0.760
20260406200750    121    690.0    705.0   20.0     42.3    867.4    958.3   0.790
20260406200750    121    750.0    770.0   20.0    125.1    983.6    865.7   0.801
20260406200750    122   1670.0   1690.0   20.0     97.5    867.4    867.0   0.751
20260406200750    123    390.0    405.0   20.0     38.9    850.8    851.0   0.786
20260406200750    123    555.0    585.0   20.0     61.3    854.3    855.2   0.829
20260406200750    125    970.0    995.0   20.0     27.3    856.3    929.4   0.848
20260406200750    125   1200.0   1215.0   20.0    125.6   1016.6    857.8   0.794
20260406200750    127    640.0    655.0   20.0     78.6    868.8    956.3   0.761
20260406200750    127    715.0    770.0   20.0     95.1   1000.6    890.2   0.865
20260406200750    127   1650.0   1665.0   20.0     34.9    866.1    867.7   0.640
20260406200750    128    715.0    730.0   20.0     48.3    854.9    860.5   0.786
20260406200750    128   1620.0   1635.0   20.0    143.1    860.4   1162.2   0.890
20260406200750    129    115.0    130.0   20.0     30.8    853.9    973.0   0.805
20260406200750    129    510.0    525.0   20.0    112.8   1029.9    858.4   0.749
20260406200750    131    840.0    855.0   20.0     92.1    886.6   1058.6   0.825
20260406200750    131   1025.0   1040.0   20.0     26.7   1092.0   1129.2   0.883
20260406200750    133    420.0    435.0   20.0     99.6    854.8    855.8   0.819
20260406200750    136     90.0    105.0   20.0     90.3    861.5   1071.9   0.820
20260406200750    136    705.0    720.0   20.0     31.6   1126.3   1183.8   0.766
20260406200750    136   1140.0   1155.0   20.0     27.6   1258.6   1230.9   0.868
20260406200750    136   1195.0   1210.0   20.0     36.4   1230.7   1245.1   0.665
20260406200750    138   1230.0   1285.0   20.0     20.4   1028.5   1023.4   0.570
20260406200750    138   1390.0   1405.0   20.0    128.6    968.2    860.9   0.793
20260406200750    139    730.0    740.0   20.0     21.0    874.5    874.7   0.417
20260406200750    140   1580.0   1595.0   20.0     34.4    866.7    867.9   0.545
20260406200750    141     55.0     75.0   20.0     33.5    860.5   1005.9   0.765
20260406200750    141    130.0    150.0   20.0     58.4   1042.6   1016.3   0.903
20260406200750    141    190.0    205.0   20.0    129.2   1013.3    861.8   0.883
20260406200750    141   1255.0   1270.0   20.0     67.9    882.9    868.5   0.810
20260406200750    142    870.0    885.0   20.0     51.8   1180.1   1197.1   0.627
20260406200750    142   1045.0   1060.0   20.0     21.1   1191.6   1188.2   0.809
20260406200750    143   1565.0   1580.0   20.0     32.3    978.0   1030.7   0.702
20260406200750    144     15.0     80.0   20.0    119.8    858.0    859.7   0.881
20260406200750    145   1435.0   1455.0   20.0     82.4    902.6    899.9   0.815
20260406200750    146    570.0    590.0   20.0     53.2    877.4   1026.6   0.827
20260406200750    146   1075.0   1090.0   20.0     28.4   1079.5   1117.4   0.805
20260406200750    147     55.0     70.0   20.0     94.6    863.4   1031.2   0.806
20260406200750    149   1725.0   1740.0   20.0     22.3    999.6   1018.5   0.784
20260406200750    150   1570.0   1610.0   20.0     40.6    887.0   1043.0   0.832
20260406200750    152     85.0    100.0   20.0     42.6    875.6    952.5   0.745
20260406200750    158   1460.0   1475.0   20.0     54.1    909.7    883.7   0.804
20260406200750    159    130.0    150.0   20.0     31.9    882.8    883.2   0.750
20260406200750    161    575.0    590.0   20.0     24.7    883.1    936.8   0.759
20260406200750    161    780.0    800.0   20.0     94.3    947.6    882.5   0.868
20260406200750    162    145.0    160.0   20.0    117.8    872.0    871.3   0.745
20260406200750    162    715.0    735.0   20.0     57.9    879.7    878.9   0.768
20260406200750    162   1650.0   1670.0   20.0     65.7    888.5   1047.2   0.883
20260406200750    164   1560.0   1610.0   20.0     76.8    897.9    983.1   0.853
20260406200750    165    725.0    740.0   20.0     30.6    901.0    903.5   0.538
20260406200750    166    370.0    410.0   20.0     32.1    881.9    988.9   0.787
20260406200750    166    570.0    585.0   20.0     95.8   1000.6    885.2   0.809
20260406200750    166    770.0    825.0   20.0     37.3    886.9    885.8   0.748
20260406200750    166   1290.0   1345.0   20.0    106.2    888.3    889.1   0.780
20260406200750    166   1675.0   1690.0   20.0     24.1    889.8    926.1   0.820
20260406200750    167      5.0     20.0   20.0     34.4    948.5    965.6   0.567
20260406200750    167    855.0    870.0   20.0     21.2   1003.6   1026.0   0.791
20260406200750    167   1080.0   1090.0   20.0     20.9   1060.8   1089.0   0.720
20260406200750    168     30.0     45.0   20.0     75.7    897.5    898.3   0.785
20260406200750    168    200.0    215.0   20.0     41.9    897.1    948.8   0.791
20260406200750    168   1740.0   1755.0   20.0     62.8   1023.8   1026.4   0.822
20260406200750    169     15.0     35.0   20.0     56.3    885.1    885.9   0.715
20260406200750    169   1000.0   1065.0   20.0    134.5    894.1    895.2   0.804
20260406200750    169   1575.0   1590.0   20.0     40.4    893.3    975.5   0.780
20260406200750    169   1630.0   1650.0   20.0    120.3    979.8    899.5   0.767
20260406200750    170   1020.0   1035.0   20.0     61.4   1153.7   1205.8   0.816
20260406200750    170   1175.0   1190.0   20.0     37.4   1211.4   1255.6   0.780
20260406200750    171   1145.0   1160.0   20.0     37.9    902.4   1036.5   0.760
20260406200750    171   1235.0   1265.0   20.0     27.0   1091.7   1123.9   0.840
20260406200750    171   1395.0   1410.0   20.0     22.0   1175.4   1198.5   0.699
20260406200750    172    850.0    865.0   20.0     20.5   1253.0   1264.0   0.861
20260406200750    172    990.0   1005.0   20.0     21.7   1276.2   1258.8   0.833
20260406200750    172   1315.0   1350.0   20.0     27.2   1287.2   1280.6   0.864
20260406200750    172   1775.0   1800.0   20.0     29.6   1307.5   1251.1   0.811
20260406200750    173     65.0     85.0   20.0    113.3    897.4    896.7   0.803
20260406200750    173    620.0    655.0   20.0     57.7    905.8    905.6   0.744
20260406200750    173    795.0    840.0   20.0    151.6    906.1    906.0   0.845
20260406200750    175     85.0    100.0   20.0     55.6    911.2    970.0   0.748
20260406200750    175   1100.0   1120.0   20.0     49.8   1058.8   1131.2   0.780
20260406200750    175   1390.0   1410.0   20.0    123.5   1170.4    913.0   0.894
20260406200750    176    420.0    430.0   20.0     23.5    923.0    915.7   0.401
20260406200750    176    595.0    640.0   20.0     24.1    926.9    964.5   0.740
20260406200750    180    235.0    330.0   20.0     59.8    898.6   1114.7   0.825
20260406200750    180    885.0    900.0   20.0    123.8   1149.1   1310.4   0.809
20260406200750    180    990.0   1030.0   20.0    140.6   1304.2    906.5   0.870
20260406200750    181    570.0    585.0   20.0     50.9    907.3    909.3   0.795
20260406200750    182    945.0    960.0   20.0     27.4   1176.2   1176.9   0.770
20260406200750    182   1095.0   1110.0   20.0     22.9   1184.0   1203.1   0.587
20260406200750    183   1285.0   1305.0   20.0     75.6    915.8    915.0   0.809
20260406200750    184   1720.0   1780.0   20.0    183.3    926.3    927.0   0.764
20260406200750    185    995.0   1010.0   20.0     68.8    929.1   1294.3   0.828
20260406200750    186   1670.0   1690.0   20.0    150.7    924.5    922.7   0.799
20260406200750    187    230.0    250.0   20.0     81.4    922.3    923.5   0.851
20260406200750    187   1025.0   1050.0   20.0     80.2    930.0    930.0   0.768
20260406200750    188    605.0    635.0   20.0    121.3    929.4    930.2   0.893
20260406200750    189    215.0    235.0   20.0     42.7    937.2   1143.4   0.849
20260406200750    189    730.0    745.0   20.0     28.4   1235.9   1251.4   0.854
20260406200750    190      0.0     20.0   20.0     66.2      0.0   1240.7   0.770
20260406200750    190   1320.0   1335.0   20.0     20.7   1302.8   1311.5   0.703
20260406200750    191     55.0     75.0   20.0    149.1    929.0    929.4   0.808
20260406200750    191    450.0    465.0   20.0     44.7    934.8    935.4   0.759
20260406200750    191   1685.0   1700.0   20.0     54.7    934.4    934.9   0.594
20260406200750    192   1395.0   1410.0   20.0    143.5    938.8    944.2   0.819
20260406200750    193    295.0    315.0   20.0    111.2    933.3   1210.5   0.881
20260406200750    195    350.0    365.0   20.0     36.1    924.9    967.8   0.778
20260406200750    195    400.0    415.0   20.0     55.3    985.2    925.5   0.756
20260406200750    195   1760.0   1780.0   20.0     40.1    925.3   1074.9   0.788
20260406200750    196   1500.0   1520.0   20.0     53.6    942.2   1081.9   0.805
20260406200750    197     55.0     70.0   20.0     45.7    943.6   1055.9   0.763
20260406200750    197    245.0    260.0   20.0     30.7   1095.5   1157.0   0.806
20260406200750    197   1035.0   1050.0   20.0     45.3   1286.3   1341.1   0.833
20260406200750    198    920.0    935.0   20.0     62.6    939.7    943.2   0.836
20260406200750    200   1285.0   1300.0   20.0     37.7   1138.6   1142.8   0.590
20260406200750    200   1560.0   1575.0   20.0     38.0   1157.3   1209.3   0.678
20260406200750    201    445.0    460.0   20.0     30.5    947.7   1075.2   0.783
20260406200750    201    500.0    545.0   20.0    185.9   1128.8   1060.2   0.741
20260406200750    201    630.0    645.0   20.0     27.1   1080.5   1096.4   0.858
20260406200750    201    780.0    800.0   20.0    129.8   1085.8    952.8   0.817
20260406200750    202    995.0   1010.0   20.0     28.8    956.4   1053.7   0.731
20260406200750    203    100.0    135.0   20.0    255.1   1264.7   1058.4   0.799
20260406200750    203    955.0    970.0   20.0     21.1   1136.9   1169.2   0.817
20260406200750    204      0.0     10.0   20.0     25.1      0.0   1051.0   0.685
20260406200750    204     55.0     75.0   20.0     59.0   1041.4   1037.9   0.635
20260406200750    204   1495.0   1510.0   20.0     29.6   1258.4   1288.7   0.843
20260406200750    204   1725.0   1740.0   20.0     35.5   1269.0   1310.7   0.903
20260406200750    207   1115.0   1135.0   20.0     55.1    979.3   1282.6   0.892
20260406200750    207   1225.0   1240.0   20.0     20.4   1303.5   1350.3   0.774
20260406200750    208    490.0    505.0   20.0     86.3    961.4    962.0   0.625
20260406200750    209    585.0    605.0   20.0     49.9    971.0   1217.6   0.824
20260406200750    209   1295.0   1310.0   20.0     29.0   1322.1   1327.2   0.669
20260406200750    211   1600.0   1615.0   20.0     61.3    973.9    972.3   0.587
20260406200750    212    985.0   1000.0   20.0     69.0    977.7   1105.7   0.810
20260406200750    212   1165.0   1180.0   20.0     32.5   1171.3   1211.3   0.750
20260406200750    212   1455.0   1470.0   20.0     20.3   1276.0   1290.5   0.710
20260406200750    212   1645.0   1660.0   20.0     26.6   1324.5   1347.7   0.822
20260406200750    213     65.0    130.0   20.0     82.4    976.4   1272.2   0.810
20260406200750    215   1555.0   1570.0   20.0     20.3    983.5    982.1   0.529
20260406200750    215   1660.0   1690.0   20.0    128.6    982.4    982.2   0.869
20260406200750    216    225.0    285.0   20.0     42.3    991.2   1226.0   0.852
20260406200750    216    355.0    370.0   20.0     22.3   1248.1   1263.8   0.690
20260406200750    217    520.0    570.0   20.0     22.7   1403.4   1360.3   0.881
20260406200750    217    730.0    790.0   20.0     67.6   1375.9   1416.7   0.894
20260406200750    217    875.0    890.0   20.0     30.9   1403.8   1422.3   0.911
20260406200750    217    935.0    950.0   20.0     21.7   1418.4   1312.6   0.858
20260406200750    217   1020.0   1035.0   20.0    126.1   1300.9   1429.2   0.745
20260406200750    218   1520.0   1535.0   20.0     68.1    997.4   1005.9   0.680
20260406200750    218   1780.0   1795.0   20.0    109.1    999.5    997.9   0.808
20260406200750    219    305.0    330.0   20.0    246.5    987.2    989.1   0.745
20260406200750    220   1320.0   1415.0   20.0    213.4   1005.0   1000.5   0.799
20260406200750    221    110.0    145.0   20.0     41.7   1004.0   1247.9   0.783
20260406200750    221    190.0    235.0   20.0    225.1   1267.0    999.5   0.800
20260406200750    222    200.0    210.0   20.0     21.0   1298.2   1308.4   0.483
20260406200750    222    475.0    490.0   20.0     25.0   1402.8   1435.0   0.720
20260406200750    222    580.0    595.0   20.0     32.5   1443.7   1468.2   0.826
20260406200750    222   1195.0   1210.0   20.0     44.0   1466.0   1492.4   0.840
20260406200750    222   1305.0   1330.0   20.0     22.3   1488.0   1505.8   0.873
20260406200750    222   1370.0   1440.0   20.0     25.7   1513.8   1514.7   0.913
20260406200750    222   1610.0   1660.0   20.0     23.9   1513.2   1509.4   0.876
20260406200750    223    925.0    940.0   20.0     78.7    997.1   1161.0   0.778
20260406200750    223    990.0   1005.0   20.0    220.4   1205.7    995.6   0.751
20260406200750    225    210.0    265.0   20.0     48.5    998.8   1290.9   0.903
20260406200750    226    880.0    895.0   20.0    125.0   1015.5   1241.6   0.847
20260406200750    229    890.0    905.0   20.0     24.0   1018.1   1057.5   0.653
20260406200750    230   1255.0   1270.0   20.0     31.1   1023.8   1021.9   0.569
20260406200750    231    460.0    475.0   20.0     25.8   1025.2   1064.5   0.765
20260406200750    231   1385.0   1400.0   20.0     21.2   1139.4   1158.0   0.753
20260406200750    231   1575.0   1590.0   20.0     32.2   1164.8   1174.7   0.720
20260406200750    233     35.0     50.0   20.0    160.6   1236.9   1025.1   0.827
20260406200750    233    380.0    395.0   20.0     28.4   1027.0   1063.0   0.749
20260406200750    233    430.0    450.0   20.0    119.7   1073.0   1025.8   0.795
20260406200750    234    955.0    985.0   20.0     62.4   1037.0   1036.7   0.791
20260406200750    235    140.0    155.0   20.0     42.8   1329.8   1363.1   0.733
20260406200750    235    290.0    390.0   20.0    151.6   1446.4   1564.5   0.799
20260406200750    235    640.0    670.0   20.0     34.1   1555.4   1554.6   0.823
20260406200750    235    705.0    750.0   20.0     28.6   1560.8   1564.3   0.831
20260406200750    235    790.0   1045.0   20.0     60.5   1563.1   1568.5   0.878
20260406200750    236   1150.0   1165.0   20.0     45.4   1033.5   1138.7   0.754
20260406200750    236   1280.0   1295.0   20.0     25.7   1165.9   1201.2   0.710
20260406200750    236   1390.0   1405.0   20.0     23.0   1212.0   1236.9   0.679
20260406200750    236   1440.0   1460.0   20.0    159.1   1302.0   1035.2   0.846
20260406200750    236   1535.0   1555.0   20.0     40.8   1034.7   1295.7   0.821
20260406200750    236   1650.0   1665.0   20.0     27.3   1297.2   1337.4   0.637
20260406200750    236   1750.0   1765.0   20.0     46.7   1382.8   1482.9   0.915
20260406200750    237     50.0    125.0   20.0    328.8   1029.7   1027.7   0.820
20260406200750    238    650.0    680.0   20.0     88.2   1035.6   1032.8   0.757
20260406200750    238   1195.0   1220.0   20.0     57.9   1031.4   1165.7   0.926
20260406200750    238   1275.0   1290.0   20.0     23.2   1192.9   1189.3   0.635
20260406200750    238   1605.0   1620.0   20.0     21.9   1197.5   1208.6   0.507
20260406200750    239    195.0    215.0   20.0    136.0   1061.1   1061.9   0.820
20260406200750    240    715.0    755.0   20.0     73.4   1048.9   1046.3   0.837
20260406200750    240   1220.0   1235.0   20.0     25.9   1048.4   1049.0   0.683
20260406200750    240   1655.0   1670.0   20.0     39.9   1050.5   1065.2   0.579
20260406200750    242   1755.0   1775.0   20.0     77.9   1056.7   1156.4   0.836
20260406200750    243    855.0    875.0   20.0     49.6   1066.3   1064.6   0.755
20260406200750    243   1100.0   1115.0   20.0     27.9   1064.3   1102.9   0.802
20260406200750    244    565.0    590.0   20.0    173.5   1072.1   1073.6   0.735
20260406200750    244    665.0    680.0   20.0     76.1   1076.3   1076.0   0.720
20260406200750    244   1330.0   1345.0   20.0     28.9   1074.9   1148.7   0.797
20260406200750    244   1485.0   1530.0   20.0     96.5   1152.3   1204.7   0.759
20260406200750    244   1655.0   1670.0   20.0     20.3   1257.7   1275.1   0.664
20260406200750    245    100.0    125.0   20.0     29.2   1078.3   1078.6   0.810
20260406200750    246   1040.0   1080.0   20.0     75.0   1063.4   1140.3   0.752
20260406200750    249    680.0    690.0   20.0     35.9   1096.5   1097.2   0.498
20260406200750    249    985.0   1000.0   20.0     52.2   1095.8   1306.4   0.819
20260406200750    249   1490.0   1500.0   20.0     22.9   1394.2   1386.4   0.651
20260406200750    249   1615.0   1630.0   20.0     24.7   1395.1   1422.4   0.799
20260406200750    250    350.0    365.0   20.0     26.2   1317.6   1336.8   0.802
20260406200750    250    440.0    485.0   20.0     31.8   1324.4   1374.5   0.758
20260406200750    250    520.0    535.0   20.0     46.4   1378.5   1413.5   0.825
20260406200750    251    355.0    400.0   20.0    175.4   1100.0   1098.6   0.879
20260406200750    251   1185.0   1205.0   20.0    146.6   1100.9   1100.3   0.767
20260406200750    252    590.0    605.0   20.0     26.9   1506.5   1523.5   0.781
20260406200750    253    240.0    270.0   20.0    274.6   1095.0   1095.2   0.773
20260406200750    255     70.0    130.0   20.0    243.3   1109.9   1108.6   0.862
20260406200750    255    470.0    480.0   12.5     22.4   1109.2   1109.2   0.552
20260406200750    255    590.0    655.0   20.0    201.9   1110.0   1106.7   0.812
20260406204109      2    135.0    150.0   20.0     21.0   1180.4   1199.8   0.564
20260406204109      2   1525.0   1540.0   20.0     26.5   1339.4   1355.6   0.867
20260406204109      4     30.0     55.0   20.0     34.7    979.5   1154.3   0.852
20260406204109      4     95.0    110.0   20.0    132.2   1165.6    982.3   0.789
20260406204109      5    370.0    385.0   20.0    126.5    969.6   1165.0   0.830
20260406204109      5    675.0    700.0   20.0     26.1   1163.3   1215.2   0.833
20260406204109      5   1045.0   1060.0   20.0     76.7   1155.6    965.7   0.895
20260406204109      7    980.0    995.0   20.0     49.2    959.1   1023.0   0.761
20260406204109      8   1315.0   1330.0   20.0    119.5    959.2   1135.7   0.825
20260406204109      9   1160.0   1175.0   20.0     33.7    955.0    989.9   0.759
20260406204109      9   1295.0   1310.0   20.0    118.4   1012.1    948.9   0.748
20260406204109     10    115.0    135.0   20.0    110.3   1089.4    965.5   0.784
20260406204109     11    505.0    520.0   20.0     59.0    967.3   1025.8   0.732
20260406204109     14   1445.0   1465.0   20.0    174.8    959.7   1130.3   0.849
20260406204109     15     35.0     50.0   20.0     82.3   1278.5   1149.4   0.933
20260406204109     18    795.0    810.0   20.0     40.6    949.2    949.8   0.753
20260406204109     20   1250.0   1265.0   20.0     49.5    949.7   1069.1   0.788
20260406204109     20   1745.0   1760.0   20.0     49.3   1184.4   1169.8   0.729
20260406204109     21    215.0    230.0   20.0     48.7    935.6    936.3   0.638
20260406204109     22    255.0    270.0   20.0     31.9    949.2    998.7   0.755
20260406204109     22    475.0    495.0   20.0     96.2   1035.5    945.7   0.817
20260406204109     25     85.0    100.0   20.0     50.1    930.2   1009.7   0.767
20260406204109     25    255.0    275.0   20.0    153.4   1056.3    929.4   0.798
20260406204109     25   1060.0   1080.0   20.0     81.6    922.5    923.4   0.751
20260406204109     26    870.0    885.0   20.0     57.4   1071.1   1068.0   0.776
20260406204109     28   1085.0   1105.0   20.0     64.2    915.6    916.6   0.753
20260406204109     29    980.0    995.0   20.0     27.4    912.3    949.4   0.756
20260406204109     29   1060.0   1075.0   20.0     69.0    953.2    912.0   0.728
20260406204109     30    175.0    210.0   20.0     62.4    920.9    924.0   0.760
20260406204109     36    370.0    385.0   20.0     51.1    918.8    970.3   0.751
20260406204109     36   1145.0   1160.0   20.0    142.1   1102.4    912.1   0.785
20260406204109     37   1215.0   1260.0   20.0     89.1    908.5    909.7   0.760
20260406204109     38    595.0    635.0   20.0     41.6    918.0    916.6   0.747
20260406204109     39    845.0    860.0   20.0     90.8   1008.0    906.7   0.700
20260406204109     39   1590.0   1605.0   20.0     68.1    901.7    901.5   0.779
20260406204109     42      0.0     20.0   20.0     35.2      0.0   1075.9   0.592
20260406204109     42    715.0    730.0   20.0     26.4   1118.2   1100.3   0.637
20260406204109     42    825.0    840.0   20.0     30.1   1075.7   1132.4   0.777
20260406204109     42   1105.0   1120.0   20.0     51.9   1138.4   1138.7   0.511
20260406204109     42   1665.0   1675.0   20.0     22.0   1166.6   1171.1   0.418
20260406204109     45      5.0     20.0   20.0     20.4   1092.1   1092.1   0.687
20260406204109     45    270.0    285.0   20.0     34.4   1123.5   1164.7   0.787
20260406204109     46    535.0    550.0   20.0     43.5    902.1    957.1   0.815
20260406204109     46    780.0    795.0   20.0    124.3   1008.1    906.7   0.759
20260406204109     48    635.0    650.0   20.0     47.7   1159.4   1177.5   0.742
20260406204109     48    860.0    885.0   20.0     39.3   1197.4   1205.4   0.713
20260406204109     50      0.0     10.0   20.0     49.6      0.0   1055.2   0.695
20260406204109     52    305.0    320.0   20.0     59.7    887.5    887.4   0.816
20260406204109     52   1450.0   1475.0   20.0     71.6    888.2    890.3   0.763
20260406204109     54    955.0    970.0   20.0     29.0    870.1    899.8   0.755
20260406204109     57     30.0     55.0   20.0    146.9   1054.2    879.6   0.796
20260406204109     59    160.0    175.0   20.0     91.3    893.5    892.9   0.705
20260406204109     60   1505.0   1520.0   20.0     61.9    880.0    880.6   0.700
20260406204109     61    450.0    465.0   20.0     57.1    891.0   1022.8   0.779
20260406204109     61    585.0    600.0   20.0    137.3   1023.5    888.1   0.770
20260406204109     61    670.0    715.0   20.0    117.5    889.5    889.2   0.760
20260406204109     62      0.0     55.0   20.0    146.9      0.0    878.1   0.836
20260406204109     64   1010.0   1025.0   20.0     27.5    931.7    948.9   0.836
20260406204109     64   1075.0   1090.0   20.0     86.9    950.4    866.9   0.843
20260406204109     64   1655.0   1670.0   20.0    140.3    866.4   1193.2   0.877
20260406204109     65    155.0    170.0   20.0    115.5    875.3    876.5   0.779
20260406204109     65    865.0    880.0   20.0     37.8    872.0    972.0   0.740
20260406204109     65   1130.0   1140.0   20.0     27.8    979.7    976.2   0.452
20260406204109     66     35.0     50.0   20.0     55.3    952.2    871.4   0.793
20260406204109     66    510.0    525.0   20.0     23.5    885.5    920.1   0.785
20260406204109     66    680.0    695.0   20.0     87.0    947.7    879.2   0.828
20260406204109     67    610.0    625.0   20.0     38.5    885.9    885.6   0.788
20260406204109     71    165.0    180.0   20.0     82.1    869.4    867.1   0.820
20260406204109     73     70.0     85.0   20.0     31.0    866.2    992.6   0.789
20260406204109     73    845.0    860.0   20.0     24.5   1039.2   1085.5   0.789
20260406204109     73   1010.0   1025.0   20.0     44.1   1110.6   1139.2   0.805
20260406204109     75    265.0    280.0   20.0    136.2   1090.8    865.5   0.821
20260406204109     77   1625.0   1640.0   20.0     25.9    959.5    977.3   0.679
20260406204109     78   1135.0   1150.0   20.0     26.6    862.3    892.2   0.756
20260406204109     78   1190.0   1205.0   20.0     96.7    965.8    862.8   0.769
20260406204109     78   1535.0   1550.0   20.0     21.0    864.3    895.3   0.750
20260406204109     79      5.0     20.0   20.0     28.2    942.0    967.6   0.714
20260406204109     83    430.0    445.0   20.0     33.8    856.3    936.7   0.786
20260406204109     83    695.0    750.0   20.0    202.2   1000.5    852.5   0.765
20260406204109     85     40.0     55.0   20.0     40.5    973.6    975.4   0.785
20260406204109     85    880.0    895.0   20.0     26.6   1042.7   1121.0   0.782
20260406204109     85    940.0    955.0   20.0    173.0   1085.9    855.9   0.780
20260406204109     86   1465.0   1495.0   20.0    127.0    861.7   1099.8   0.789
20260406204109     88     35.0     65.0   20.0    307.5    867.3    868.1   0.800
20260406204109     88    735.0    755.0   20.0     47.4    871.9    871.7   0.827
20260406204109     88    870.0    925.0   20.0    164.5    872.2    872.2   0.859
20260406204109     89    150.0    170.0   20.0     37.4   1304.2   1372.3   0.705
20260406204109     89    225.0    240.0   20.0    250.6   1398.5   1171.6   0.427
20260406204109     93   1295.0   1380.0   20.0     91.1    875.0    871.5   0.791
20260406204109     93   1720.0   1735.0   20.0     33.2    869.6    909.7   0.745
20260406204109     96   1090.0   1105.0   20.0     27.0    859.3    862.6   0.752
20260406204109     97    990.0   1005.0   20.0     27.5    851.4    899.4   0.746
20260406204109     98     45.0     75.0   20.0    129.6    855.7    856.5   0.807
20260406204109     98    920.0    935.0   20.0     37.6    867.5    861.9   0.693
20260406204109     99   1245.0   1265.0   20.0     42.1    847.5    848.2   0.757
20260406204109    101      0.0     10.0   20.0     61.7      0.0    853.2   0.643
20260406204109    101    115.0    130.0   20.0     21.9    853.9    888.7   0.799
20260406204109    101    435.0    445.0   20.0     22.5    975.9    971.0   0.563
20260406204109    101   1465.0   1480.0   20.0     21.4    996.3   1009.8   0.786
20260406204109    103    300.0    315.0   20.0    142.9    872.6   1164.1   0.831
20260406204109    103    370.0    385.0   20.0     23.6   1170.5   1049.9   0.793
20260406204109    104   1010.0   1025.0   20.0     23.6   1081.6   1104.8   0.728
20260406204109    104   1350.0   1365.0   20.0     20.2   1115.3   1141.5   0.794
20260406204109    108     20.0     40.0   20.0    100.0    843.7   1072.0   0.865
20260406204109    108   1765.0   1785.0   20.0     51.4   1024.3   1070.7   0.816
20260406204109    109     85.0    100.0   20.0     55.9    841.7    910.7   0.751
20260406204109    109    980.0    995.0   20.0     30.0    938.3    944.8   0.889
20260406204109    111     95.0    115.0   20.0    100.0    841.7    844.0   0.849
20260406204109    112   1660.0   1675.0   20.0     50.1    866.0    953.5   0.853
20260406204109    114    265.0    280.0   20.0     21.2   1040.6   1060.6   0.661
20260406204109    114    935.0    950.0   20.0     41.8   1169.4   1175.7   0.738
20260406204109    114   1050.0   1090.0   20.0     34.9   1176.7   1182.9   0.769
20260406204109    114   1140.0   1265.0   20.0     35.7   1181.7   1179.7   0.821
20260406204109    114   1415.0   1495.0   20.0     49.3   1176.8   1178.4   0.893
20260406204109    114   1570.0   1585.0   20.0     22.8   1170.0   1176.6   0.830
20260406204109    114   1645.0   1660.0   20.0     20.2   1180.6   1179.1   0.816
20260406204109    114   1790.0   1800.0   20.0     39.4   1182.2   1221.5   0.782
20260406204109    115   1495.0   1510.0   20.0     34.0    851.9    853.0   0.794
20260406204109    117    920.0    935.0   20.0     71.6    853.2    852.6   0.792
20260406204109    120   1605.0   1625.0   20.0     56.4    877.1    868.7   0.775
20260406204109    125    425.0    465.0   20.0    104.4    860.8    862.2   0.767
20260406204109    126    145.0    160.0   20.0     23.0    858.9    916.3   0.758
20260406204109    126    265.0    290.0   20.0     31.5   1002.5   1003.8   0.539
20260406204109    126   1740.0   1760.0   20.0     26.8   1024.9   1043.0   0.820
20260406204109    132    230.0    245.0   20.0     36.5   1047.3   1113.7   0.634
20260406204109    135   1080.0   1095.0   20.0     23.9    873.5    917.6   0.766
20260406204109    135   1140.0   1155.0   20.0     22.4    963.5   1015.1   0.698
20260406204109    135   1255.0   1270.0   20.0     20.6   1058.8   1091.1   0.766
20260406204109    135   1695.0   1710.0   20.0     48.3   1143.6   1198.7   0.902
20260406204109    137    630.0    665.0   20.0     53.8    870.6   1064.9   0.801
20260406204109    137    935.0    950.0   20.0     25.2   1133.5   1142.6   0.584
20260406204109    137   1030.0   1045.0   20.0     94.2   1101.0    863.0   0.898
20260406204109    139      5.0     60.0   20.0     77.3    868.3   1066.2   0.850
20260406204109    139    125.0    140.0   20.0    186.5   1106.1    871.2   0.793
20260406204109    140    570.0    585.0   20.0     26.7    869.5    868.5   0.657
20260406204109    140   1545.0   1560.0   20.0     44.3    868.0    916.4   0.746
20260406204109    140   1700.0   1720.0   20.0     73.5    978.2    881.1   0.806
20260406204109    141     20.0     35.0   20.0     71.7    862.3    862.7   0.763
20260406204109    141    150.0    185.0   20.0    112.0    868.8    869.6   0.787
20260406204109    141    465.0    480.0   20.0     30.6    875.3    953.3   0.762
20260406204109    141    630.0    645.0   20.0     28.8    985.1   1023.3   0.628
20260406204109    141    810.0    830.0   20.0     49.8   1045.4   1050.8   0.760
20260406204109    141    985.0   1000.0   20.0    142.7   1111.0    869.5   0.858
20260406204109    142     25.0     45.0   20.0     88.3   1068.0   1049.6   0.932
20260406204109    143    200.0    230.0   20.0     51.6    864.9    866.9   0.859
20260406204109    143   1130.0   1150.0   20.0     51.7    867.3    977.7   0.804
20260406204109    143   1190.0   1210.0   20.0    190.8   1059.6    868.2   0.827
20260406204109    149     10.0     25.0   20.0     58.1    874.5    946.5   0.758
20260406204109    150    120.0    150.0   20.0     54.2    882.7   1123.8   0.876
20260406204109    150    410.0    425.0   20.0    139.2   1103.3    883.0   0.809
20260406204109    150    940.0    955.0   20.0     87.2    908.8    885.7   0.834
20260406204109    158    990.0   1005.0   20.0     46.1    889.5    887.1   0.786
20260406204109    160    280.0    295.0   20.0     66.4    889.0    888.0   0.665
20260406204109    160   1350.0   1365.0   20.0     69.8    893.7    892.1   0.711
20260406204109    160   1665.0   1680.0   20.0    129.7    890.6    891.8   0.715
20260406204109    160   1760.0   1800.0   20.0    125.3    892.2    891.2   0.831
20260406204109    161   1080.0   1095.0   20.0     83.4    883.7    884.9   0.776
20260406204109    162      0.0     40.0   20.0    206.3      0.0    873.3   0.843
20260406204109    164      0.0     35.0   20.0     78.2      0.0   1037.4   0.826
20260406204109    164    130.0    145.0   20.0    169.3   1048.1    893.0   0.745
20260406204109    164   1445.0   1470.0   20.0     69.6    896.7   1083.1   0.851
20260406204109    166    205.0    230.0   20.0     35.5    885.8   1024.9   0.858
20260406204109    166    705.0    720.0   20.0     44.0   1021.5   1025.0   0.793
20260406204109    166    850.0    865.0   20.0     65.8   1036.7    888.7   0.822
20260406204109    166   1115.0   1130.0   20.0     41.9    891.4    967.9   0.799
20260406204109    166   1325.0   1360.0   20.0     92.0    972.1    893.4   0.809
20260406204109    167     30.0     80.0   20.0     22.7   1067.3   1058.8   0.543
20260406204109    169    875.0    890.0   20.0     60.1    899.3    965.7   0.764
20260406204109    169   1065.0   1080.0   20.0     21.1   1036.2   1035.3   0.824
20260406204109    170      5.0     20.0   20.0     50.9    902.4    971.5   0.769
20260406204109    170    835.0    850.0   20.0     26.7   1084.2   1105.8   0.713
20260406204109    170    930.0    985.0   20.0     27.5   1119.7   1156.7   0.746
20260406204109    170   1520.0   1535.0   20.0     26.4   1188.8   1214.6   0.769
20260406204109    171      5.0     20.0   20.0    165.8   1043.5    896.2   0.784
20260406204109    171    175.0    205.0   20.0     35.9    899.9    994.0   0.762
20260406204109    171    280.0    300.0   20.0    148.3   1031.2    901.8   0.793
20260406204109    173    640.0    665.0   20.0     99.3    908.3    918.4   0.796
20260406204109    173   1145.0   1160.0   20.0     52.9    907.1    913.4   0.624
20260406204109    173   1490.0   1510.0   20.0     66.8    907.1    907.2   0.761
20260406204109    173   1605.0   1640.0   20.0     54.1    904.2   1040.6   0.782
20260406204109    173   1710.0   1725.0   20.0     27.7   1045.3   1045.0   0.585
20260406204109    174   1630.0   1665.0   20.0    203.2    916.0    919.5   0.810
20260406204109    175      5.0     20.0   20.0    200.0   1109.4    911.0   0.832
20260406204109    178    945.0    965.0   20.0     74.4    948.3   1152.6   0.880
20260406204109    178   1155.0   1170.0   20.0     25.5   1158.2   1155.5   0.745
20260406204109    178   1240.0   1280.0   20.0     28.4   1156.6   1193.7   0.684
20260406204109    178   1525.0   1540.0   20.0     23.5   1198.0   1180.8   0.720
20260406204109    178   1635.0   1650.0   20.0     35.5   1181.0   1183.3   0.757
20260406204109    182   1190.0   1205.0   20.0     22.1   1216.8   1260.4   0.899
20260406204109    183   1015.0   1040.0   20.0     99.5    917.3    917.6   0.755
20260406204109    183   1150.0   1165.0   20.0     80.6    918.2   1120.0   0.744
20260406204109    183   1420.0   1435.0   20.0     32.1   1213.1   1251.3   0.903
20260406204109    184      0.0     10.0   20.0    102.0      0.0    924.4   0.750
20260406204109    184   1060.0   1075.0   20.0     72.9    925.1    927.0   0.792
20260406204109    185   1025.0   1040.0   20.0     24.1   1092.7   1117.4   0.631
20260406204109    186   1705.0   1720.0   20.0     22.6    920.7    954.0   0.751
20260406204109    187    300.0    315.0   20.0     91.1    930.5    935.3   0.793
20260406204109    189     60.0    110.0   20.0     94.0    931.5   1261.7   0.890
20260406204109    192      0.0     10.0   20.0     99.9      0.0    937.0   0.583
20260406204109    192    410.0    455.0   20.0    188.9    937.6    938.6   0.796
20260406204109    192   1535.0   1550.0   20.0     59.3    938.8   1185.5   0.932
20260406204109    192   1625.0   1640.0   20.0     35.2   1201.0   1251.0   0.531
20260406204109    192   1675.0   1690.0   20.0     75.4   1241.5   1311.1   0.660
20260406204109    193    980.0    995.0   20.0     48.4    936.4   1078.6   0.809
20260406204109    193   1085.0   1130.0   20.0     62.1   1110.3   1082.4   0.856
20260406204109    193   1175.0   1190.0   20.0     34.2   1091.7   1116.0   0.694
20260406204109    193   1235.0   1250.0   20.0    160.1   1135.0    937.0   0.818
20260406204109    194    195.0    215.0   20.0    166.6    939.4    936.5   0.756
20260406204109    194    480.0    495.0   20.0     37.0    937.5    972.5   0.736
20260406204109    196      0.0     10.0   20.0     31.5      0.0   1058.3   0.534
20260406204109    196    200.0    215.0   20.0    135.3   1148.0    938.2   0.799
20260406204109    196    635.0    650.0   20.0     25.5    942.4    995.2   0.765
20260406204109    196   1025.0   1040.0   20.0    133.7   1101.0    940.0   0.779
20260406204109    196   1285.0   1300.0   20.0     36.7    941.4    940.5   0.726
20260406204109    197     15.0     35.0   20.0     78.7   1260.1    947.0   0.896
20260406204109    198    150.0    180.0   20.0    152.8    940.0    941.2   0.829
20260406204109    198    800.0    820.0   20.0     59.3    951.5   1019.9   0.785
20260406204109    198    855.0    870.0   20.0     41.1   1016.9   1020.6   0.689
20260406204109    199    420.0    445.0   20.0    110.6    952.8    951.6   0.861
20260406204109    200   1085.0   1100.0   20.0    135.6    962.7   1220.2   0.870
20260406204109    200   1195.0   1210.0   20.0     22.3   1230.6   1237.2   0.423
20260406204109    200   1770.0   1785.0   20.0     27.1   1266.0   1274.0   0.776
20260406204109    201     90.0    105.0   20.0    119.0    952.7    956.7   0.820
20260406204109    203     35.0     50.0   20.0    167.9   1142.8    962.7   0.767
20260406204109    203     85.0    105.0   20.0     97.4    965.9   1173.9   0.801
20260406204109    203    280.0    295.0   20.0     21.5   1228.5   1246.7   0.526
20260406204109    203   1075.0   1090.0   20.0     21.8   1349.3   1347.6   0.758
20260406204109    203   1205.0   1220.0   20.0     22.3   1360.6   1367.8   0.682
20260406204109    204    530.0    545.0   20.0     37.8   1202.4   1250.3   0.823
20260406204109    206   1055.0   1070.0   20.0     41.5   1380.3   1399.6   0.885
20260406204109    207    120.0    155.0   20.0     57.0    971.8   1109.5   0.829
20260406204109    207   1085.0   1100.0   20.0     31.6   1327.6   1307.8   0.855
20260406204109    207   1325.0   1340.0   20.0     29.6   1346.6   1341.7   0.908
20260406204109    209    425.0    440.0   20.0    102.6    967.4   1264.3   0.861
20260406204109    209   1230.0   1245.0   20.0     50.1   1245.0   1251.4   0.814
20260406204109    212    315.0    330.0   20.0     28.4   1186.3    977.5   0.935
20260406204109    212    440.0    480.0   20.0    169.9    978.5    981.0   0.836
20260406204109    213     25.0     40.0   20.0     25.5   1229.9   1227.4   0.680
20260406204109    213     85.0    100.0   20.0     33.7   1226.5   1252.9   0.694
20260406204109    213    495.0    510.0   20.0    108.9   1286.0    993.1   0.831
20260406204109    214    450.0    510.0   20.0     45.7    975.9   1197.0   0.755
20260406204109    214    660.0    675.0   20.0     22.6   1195.0   1256.0   0.769
20260406204109    214   1265.0   1280.0   20.0     39.1   1205.8    973.0   0.939
20260406204109    215    845.0    860.0   20.0     78.3    987.8    987.2   0.689
20260406204109    216    140.0    160.0   20.0     44.4    997.3   1231.5   0.856
20260406204109    217     40.0     60.0   20.0    151.7    988.6   1428.3   0.791
20260406204109    217    120.0    135.0   20.0     29.5   1411.4   1460.4   0.560
20260406204109    217    185.0    200.0   20.0     42.9   1469.0   1502.2   0.889
20260406204109    219     55.0     70.0   20.0     41.8    991.1   1072.1   0.754
20260406204109    219    210.0    225.0   20.0     87.5   1085.0   1005.8   0.753
20260406204109    221   1455.0   1470.0   20.0     78.6   1004.1   1004.0   0.742
20260406204109    222     25.0     40.0   20.0     24.8   1293.7   1286.8   0.464
20260406204109    222    155.0    165.0   20.0     25.2   1298.9   1290.7   0.445
20260406204109    222    515.0    530.0   20.0     26.7   1286.3   1276.4   0.740
20260406204109    224     75.0     90.0   20.0     73.2   1007.5   1187.5   0.792
20260406204109    224    215.0    230.0   20.0     35.4   1302.2   1317.6   0.654
20260406204109    225     80.0    150.0   20.0    103.6   1004.7   1444.5   0.792
20260406204109    225    230.0    245.0   20.0     29.7   1449.1   1472.8   0.607
20260406204109    226   1785.0   1800.0   20.0     27.1   1016.8   1057.8   0.758
20260406204109    227     70.0     85.0   20.0     45.4   1022.5   1126.1   0.815
20260406204109    227    935.0    945.0   20.0     22.2   1231.6   1268.9   0.715
20260406204109    227   1675.0   1690.0   20.0     21.4   1282.0   1312.9   0.891
20260406204109    228    610.0    625.0   20.0     38.9   1017.6   1086.1   0.753
20260406204109    228    760.0    775.0   20.0    122.4   1202.8   1021.3   0.841
20260406204109    229    300.0    320.0   20.0    199.3   1019.9   1018.8   0.869
20260406204109    229   1035.0   1070.0   20.0    113.6   1023.0   1368.5   0.881
20260406204109    230    525.0    545.0   20.0     83.6   1023.7   1025.7   0.793
20260406204109    231   1125.0   1140.0   20.0     24.2   1030.3   1036.2   0.594
20260406204109    231   1260.0   1280.0   20.0     43.4   1030.9   1032.3   0.745
20260406204109    232   1275.0   1290.0   20.0     21.5   1022.4   1023.5   0.449
20260406204109    232   1645.0   1660.0   20.0     48.1   1022.2   1020.8   0.792
20260406204109    233    270.0    285.0   20.0     66.6   1029.7   1029.9   0.769
20260406204109    233    460.0    475.0   20.0     73.6   1030.9   1030.0   0.674
20260406204109    234    230.0    250.0   20.0     88.4   1043.9   1041.6   0.830
20260406204109    235      5.0     20.0   20.0     78.3   1572.0   1567.3   0.761
20260406204109    235     90.0    130.0   20.0     23.8   1541.9   1577.6   0.837
20260406204109    236    205.0    235.0   20.0    247.1   1039.0   1039.4   0.857
20260406204109    236   1270.0   1285.0   20.0     68.2   1037.9   1196.9   0.764
20260406204109    236   1400.0   1495.0   20.0    323.4   1210.3   1033.1   0.788
20260406204109    238    215.0    260.0   20.0     75.4   1037.1   1359.8   0.851
20260406204109    238    435.0    450.0   20.0     25.2   1254.3   1253.0   0.625
20260406204109    238    495.0    510.0   20.0     23.4   1245.8   1271.6   0.657
20260406204109    238   1110.0   1150.0   20.0     26.3   1317.0   1328.2   0.827
20260406204109    238   1220.0   1235.0   20.0     20.1   1336.7   1355.2   0.750
20260406204109    238   1315.0   1330.0   20.0     49.0   1350.8   1432.5   0.954
20260406204109    238   1560.0   1575.0   20.0     22.4   1452.7   1469.3   0.566
20260406204109    239    880.0    895.0   20.0     42.2   1065.3   1066.6   0.742
20260406204109    239   1445.0   1500.0   20.0    207.3   1063.8   1062.5   0.763
20260406204109    239   1540.0   1555.0   20.0     48.5   1059.9   1123.4   0.792
20260406204109    240    355.0    370.0   20.0    131.9   1048.4   1048.3   0.803
20260406204109    241    150.0    165.0   20.0    151.3   1047.5   1049.0   0.707
20260406204109    242    975.0   1015.0   20.0    160.9   1060.5   1345.6   0.828
20260406204109    242   1395.0   1410.0   20.0     28.6   1356.5   1356.1   0.725
20260406204109    244   1370.0   1385.0   20.0     27.5   1080.7   1127.4   0.823
20260406204109    244   1495.0   1510.0   20.0     42.5   1153.8   1181.5   0.771
20260406204109    246   1065.0   1080.0   20.0     47.3   1081.0   1134.5   0.731
20260406204109    246   1320.0   1335.0   20.0     35.2   1188.9   1175.6   0.748
20260406204109    246   1595.0   1610.0   20.0     29.0   1218.0   1232.1   0.599
20260406204109    247    320.0    335.0   20.0    106.3   1092.2   1398.1   0.871
20260406204109    247    690.0    705.0   20.0     49.2   1504.7   1554.7   0.795
20260406204109    247   1770.0   1785.0   20.0     48.1   1525.7   1518.2   0.812
20260406204109    248    125.0    140.0   20.0     39.5   1466.1   1327.0   0.790
20260406204109    249    185.0    205.0   20.0    100.4   1102.7   1380.0   0.873
20260406204109    249    250.0    260.0   20.0     20.8   1418.5   1430.2   0.652
20260406204109    249    330.0    345.0   20.0     28.1   1439.9   1458.6   0.546
20260406204109    251    335.0    350.0   20.0     46.4   1104.9   1165.0   0.738
20260406204109    251    400.0    420.0   20.0    136.3   1185.1   1101.7   0.813
20260406204109    253     65.0     85.0   20.0    171.4   1099.9   1098.2   0.886
20260406204109    253    680.0    695.0   20.0     56.3   1097.9   1096.8   0.809
20260406204109    253   1355.0   1375.0   20.0    126.0   1100.5   1092.8   0.901
20260406204109    255    195.0    210.0   20.0    115.2   1113.4   1112.6   0.751
20260406204109    255   1055.0   1070.0   20.0     22.5   1109.8   1107.4   0.449
20260406204109    255   1590.0   1605.0   20.0    131.0   1104.9   1106.1   0.678
20260406211428      1   1130.0   1145.0   20.0     30.1    967.6   1027.9   0.800
20260406211428      2   1590.0   1605.0   20.0     37.6   1323.9   1322.2   0.815
20260406211428      3   1765.0   1780.0   20.0     37.2    960.9    962.0   0.492
20260406211428      4    640.0    655.0   20.0     55.2    979.1    978.3   0.611
20260406211428      5    605.0    620.0   20.0     56.1    965.1    964.2   0.657
20260406211428      5   1330.0   1345.0   20.0     20.1    965.6   1017.7   0.862
20260406211428      6   1520.0   1540.0   20.0     93.0    973.9    973.0   0.761
20260406211428      7    300.0    315.0   20.0     20.9   1148.1   1147.4   0.641
20260406211428      7    620.0    635.0   20.0     26.4   1170.9   1163.7   0.675
20260406211428      8   1305.0   1370.0   20.0    132.8    962.2    964.3   0.801
20260406211428      9    950.0    965.0   20.0     97.7    953.1   1088.1   0.770
20260406211428     10    550.0    580.0   20.0     99.8    966.2    965.9   0.776
20260406211428     12   1375.0   1390.0   20.0     42.1   1186.6    951.0   0.923
20260406211428     12   1565.0   1580.0   20.0     34.8    955.2    953.8   0.606
20260406211428     17    255.0    275.0   20.0     27.1    936.7   1038.3   0.886
20260406211428     19   1175.0   1190.0   20.0     70.4    945.4    946.1   0.747
20260406211428     19   1490.0   1505.0   20.0     25.3    948.1    971.8   0.738
20260406211428     19   1540.0   1555.0   20.0     81.0    987.8    939.6   0.777
20260406211428     20    795.0    820.0   20.0     99.2    957.2    951.6   0.767
20260406211428     24   1725.0   1740.0   20.0     63.0    944.1   1029.3   0.762
20260406211428     25   1215.0   1255.0   20.0    111.5    924.3    924.5   0.890
20260406211428     30    175.0    190.0   20.0     36.4    921.5   1061.9   0.801
20260406211428     30    380.0    395.0   20.0    108.5   1043.4    920.1   0.809
20260406211428     30   1465.0   1490.0   20.0     45.1    918.3    918.2   0.800
20260406211428     30   1685.0   1695.0   16.7     25.4    918.0    924.7   0.409
20260406211428     31    530.0    555.0   20.0    137.7    919.1    920.0   0.811
20260406211428     31   1185.0   1240.0   20.0    104.1    917.8    920.3   0.749
20260406211428     36   1695.0   1710.0   20.0     42.6    916.9   1080.1   0.791
20260406211428     36   1780.0   1800.0   20.0    218.5   1157.3    914.2   0.777
20260406211428     37    795.0    835.0   20.0    158.6    911.3    912.6   0.800
20260406211428     40   1365.0   1380.0   20.0     40.6    922.6   1015.5   0.769
20260406211428     42      0.0     10.0   20.0     43.9      0.0   1098.2   0.817
20260406211428     42     70.0     85.0   20.0     24.2   1117.6   1110.3   0.592
20260406211428     42    475.0    490.0   20.0     20.5   1112.3   1120.0   0.718
20260406211428     45    610.0    630.0   20.0     27.4   1178.9   1223.3   0.710
20260406211428     46   1195.0   1210.0   20.0     47.2    900.2    983.9   0.877
20260406211428     46   1290.0   1305.0   20.0     83.6    987.8    900.3   0.774
20260406211428     48   1405.0   1420.0   20.0     48.5    914.3    969.7   0.751
20260406211428     49    470.0    485.0   20.0     85.5    885.9    983.7   0.746
20260406211428     49    645.0    660.0   20.0     20.3    990.5   1021.7   0.755
20260406211428     49    825.0    840.0   20.0     44.7   1043.9   1074.2   0.859
20260406211428     52   1430.0   1445.0   20.0     78.3    887.8   1045.4   0.827
20260406211428     53    695.0    715.0   20.0     49.2    884.9    983.0   0.824
20260406211428     53    795.0    810.0   20.0    126.1   1045.6   1198.5   0.791
20260406211428     56     40.0     85.0   20.0    177.7    883.8    887.1   0.816
20260406211428     56    575.0    590.0   20.0     66.6    891.4    891.6   0.786
20260406211428     57    250.0    265.0   20.0     50.4    883.4    882.7   0.766
20260406211428     57    730.0    750.0   20.0    102.7    881.3    881.4   0.814
20260406211428     57   1315.0   1335.0   20.0     46.9    879.0    881.7   0.827
20260406211428     58    830.0    845.0   20.0     74.6    881.3    880.9   0.798
20260406211428     58   1740.0   1755.0   20.0     26.1    892.4    925.8   0.739
20260406211428     66    240.0    255.0   20.0     35.6    879.3    944.1   0.868
20260406211428     66    645.0    660.0   20.0     36.1    985.3   1002.1   0.842
20260406211428     66    790.0    825.0   20.0    106.7   1092.3    880.9   0.831
20260406211428     69      0.0     15.0   20.0     37.5      0.0    892.3   0.952
20260406211428     74   1285.0   1340.0   20.0    134.7    872.9    871.1   0.875
20260406211428     74   1655.0   1710.0   20.0     43.6    877.6    960.9   0.881
20260406211428     75   1075.0   1110.0   20.0     72.8    863.3    862.7   0.863
20260406211428     75   1595.0   1610.0   20.0     24.7    859.9    859.0   0.653
20260406211428     80   1180.0   1195.0   20.0     45.1    865.2    862.6   0.688
20260406211428     80   1380.0   1395.0   20.0     33.3    932.3    947.1   0.724
20260406211428     81     75.0     95.0   20.0     26.4   1016.0   1044.5   0.626
20260406211428     82      0.0     10.0   20.0     27.7      0.0   1067.6   0.770
20260406211428     84    375.0    390.0   20.0     58.6    849.6    850.7   0.807
20260406211428     84   1525.0   1540.0   20.0     46.8    851.9    850.3   0.607
20260406211428     85    305.0    320.0   20.0     46.4    857.2    963.0   0.838
20260406211428     85    800.0    815.0   20.0     26.0   1033.7   1058.4   0.779
20260406211428     85   1140.0   1155.0   20.0     46.6   1096.0   1125.0   0.753
20260406211428     86    420.0    435.0   20.0     56.3    865.2    963.7   0.822
20260406211428     86    805.0    820.0   20.0     47.1   1009.7   1034.1   0.508
20260406211428     86   1040.0   1095.0   20.0     35.4   1054.6   1089.6   0.692
20260406211428     86   1310.0   1325.0   20.0     23.4   1059.5   1066.2   0.660
20260406211428     87    405.0    420.0   20.0     28.9    857.5    856.8   0.810
20260406211428     88   1440.0   1455.0   20.0     71.6    922.3   1123.3   0.898
20260406211428     89      5.0     20.0   20.0    145.7    844.7   1160.2   0.850
20260406211428     89   1205.0   1220.0   20.0     92.2   1207.8   1202.5   0.816
20260406211428     90    635.0    650.0   20.0     98.9    866.1    866.2   0.762
20260406211428     90   1040.0   1055.0   20.0     68.8    862.6    940.6   0.745
20260406211428     90   1095.0   1115.0   20.0     29.1    940.0    941.8   0.755
20260406211428     91    885.0    945.0   20.0     69.3    869.4    867.8   0.796
20260406211428     91   1260.0   1275.0   20.0     21.2    877.1    916.0   0.826
20260406211428     93    860.0    880.0   20.0     64.3    878.7    997.6   0.849
20260406211428     94   1575.0   1590.0   20.0     51.6    864.0    864.2   0.744
20260406211428     95   1170.0   1185.0   20.0     26.7    859.2    861.1   0.699
20260406211428     97   1280.0   1295.0   20.0     72.8    857.5    932.9   0.738
20260406211428     98    205.0    265.0   20.0     84.8    860.5    862.7   0.820
20260406211428    100    330.0    345.0   20.0     33.1    859.3    951.0   0.718
20260406211428    100    395.0    410.0   20.0    119.6    934.4    856.7   0.804
20260406211428    100    460.0    475.0   20.0     53.0    858.4    858.4   0.848
20260406211428    100   1005.0   1040.0   20.0     77.7    856.5    895.2   0.772
20260406211428    100   1270.0   1295.0   20.0    126.4    962.3    857.7   0.783
20260406211428    101    270.0    285.0   20.0     66.8    857.2    857.8   0.803
20260406211428    102   1325.0   1340.0   20.0     33.8    861.3    914.8   0.737
20260406211428    103     65.0     85.0   20.0    171.9    858.1    858.7   0.866
20260406211428    104     95.0    110.0   20.0     65.9    853.9    968.0   0.775
20260406211428    104    260.0    275.0   20.0     48.5    984.2    982.9   0.685
20260406211428    104    660.0    680.0   20.0     49.3   1010.5   1033.2   0.753
20260406211428    104   1250.0   1265.0   20.0     20.3   1070.3   1077.8   0.577
20260406211428    105    940.0    955.0   20.0    167.8    867.6    864.7   0.836
20260406211428    105   1205.0   1225.0   20.0     40.7    863.9    924.8   0.836
20260406211428    106    195.0    215.0   20.0    225.6   1182.6    852.3   0.869
20260406211428    106    610.0    630.0   20.0     59.4    858.3    858.4   0.804
20260406211428    106   1785.0   1800.0   20.0     21.0    860.7    936.1   0.664
20260406211428    107    615.0    630.0   20.0     32.3    864.3    929.6   0.854
20260406211428    107    665.0    680.0   20.0     65.2    923.3    864.0   0.699
20260406211428    108    185.0    300.0   20.0     25.0   1200.1   1209.3   0.773
20260406211428    108    350.0    365.0   20.0     28.2   1230.9   1209.9   0.788
20260406211428    108    465.0    480.0   20.0     43.3   1242.7   1224.4   0.754
20260406211428    108    620.0    635.0   20.0     29.3   1255.1   1241.7   0.797
20260406211428    108    745.0    760.0   20.0     30.2   1253.8   1241.4   0.739
20260406211428    108    795.0    810.0   20.0     21.1   1245.4   1227.1   0.806
20260406211428    108    855.0    870.0   20.0     25.0   1256.5   1246.7   0.772
20260406211428    108    915.0    930.0   20.0     25.0   1263.7   1246.4   0.751
20260406211428    108   1010.0   1025.0   20.0     26.5   1268.5   1252.1   0.766
20260406211428    108   1070.0   1110.0   20.0     22.1   1260.1   1266.8   0.720
20260406211428    108   1145.0   1160.0   20.0     21.0   1272.5   1261.5   0.768
20260406211428    108   1235.0   1250.0   20.0     20.7   1279.5   1265.3   0.730
20260406211428    108   1305.0   1320.0   20.0     29.8   1279.5   1262.4   0.742
20260406211428    109    265.0    280.0   20.0     40.8    843.7    911.3   0.784
20260406211428    109   1360.0   1375.0   20.0     20.1   1023.6   1027.7   0.664
20260406211428    110      0.0     10.0   20.0     88.6      0.0    847.9   0.726
20260406211428    110   1265.0   1295.0   20.0     23.3    859.2    974.8   0.835
20260406211428    110   1360.0   1375.0   20.0     48.9    977.4   1042.3   0.797
20260406211428    110   1620.0   1635.0   20.0     25.1   1149.8   1166.4   0.545
20260406211428    111    235.0    275.0   20.0     27.9    842.8    957.9   0.739
20260406211428    111    900.0    915.0   20.0     42.5   1044.7   1058.8   0.826
20260406211428    112    535.0    550.0   20.0    104.6    866.0   1046.6   0.824
20260406211428    113    705.0    720.0   20.0    123.9    863.7    865.2   0.789
20260406211428    113    820.0    840.0   20.0     50.8    864.3    867.0   0.758
20260406211428    114    840.0    855.0   20.0     21.0   1195.9   1212.8   0.854
20260406211428    114   1405.0   1420.0   20.0     24.2   1215.4   1227.4   0.632
20260406211428    115    300.0    325.0   20.0     97.5    850.5    850.2   0.837
20260406211428    117   1185.0   1200.0   20.0     51.0    852.3    852.5   0.680
20260406211428    119    950.0    965.0   20.0     91.3    911.2    863.2   0.688
20260406211428    120    195.0    210.0   20.0     68.5    862.2    861.9   0.693
20260406211428    120    875.0    890.0   20.0     34.6    868.6    867.9   0.779
20260406211428    121    220.0    265.0   20.0    105.8    868.5    864.3   0.816
20260406211428    123    130.0    145.0   20.0     55.0    850.1    851.0   0.791
20260406211428    123   1260.0   1275.0   20.0     39.3    859.9    913.3   0.735
20260406211428    124     35.0     50.0   20.0     90.7    863.4   1220.0   0.806
20260406211428    128    275.0    290.0   20.0     41.9    857.9   1004.7   0.886
20260406211428    128    640.0    700.0   20.0    101.8   1049.3    863.8   0.815
20260406211428    128   1505.0   1520.0   20.0     48.3    914.1    943.3   0.762
20260406211428    129    120.0    135.0   20.0     39.9    894.7    858.7   0.751
20260406211428    134   1655.0   1670.0   20.0     33.8    876.1    875.3   0.794
20260406211428    135    120.0    140.0   20.0     78.7    866.7    985.8   0.778
20260406211428    135    580.0    600.0   20.0     43.3   1049.7   1075.4   0.833
20260406211428    135    915.0    930.0   20.0     22.4   1122.0   1132.9   0.624
20260406211428    136   1285.0   1300.0   20.0     51.9   1191.3   1259.4   0.920
20260406211428    138     85.0    100.0   20.0     47.2    858.8    860.5   0.804
20260406211428    138    480.0    525.0   20.0    117.2    866.8    867.0   0.812
20260406211428    138   1190.0   1205.0   20.0     54.8    869.4    867.1   0.611
20260406211428    138   1320.0   1340.0   20.0     65.1    867.6    867.0   0.817
20260406211428    139     35.0     55.0   20.0    191.8    867.3    869.1   0.785
20260406211428    140   1020.0   1035.0   20.0     40.6    871.9    871.4   0.797
20260406211428    140   1525.0   1540.0   20.0     42.9    873.2    877.6   0.798
20260406211428    143      0.0     30.0   20.0     99.1      0.0    860.6   0.871
20260406211428    143    165.0    225.0   20.0     88.5    863.5    862.9   0.816
20260406211428    143    610.0    625.0   20.0     20.3    869.0    904.7   0.760
20260406211428    143    795.0    810.0   20.0    124.7   1032.3    870.1   0.801
20260406211428    143    990.0   1010.0   20.0     47.3    868.7    868.3   0.813
20260406211428    144   1360.0   1375.0   20.0     40.5    875.3   1011.9   0.802
20260406211428    144   1435.0   1455.0   20.0    141.8   1030.3    872.8   0.849
20260406211428    145   1730.0   1745.0   20.0     21.4    903.3    933.4   0.745
20260406211428    146     25.0     40.0   20.0     34.2    950.6    966.7   0.854
20260406211428    147     35.0     60.0   20.0    140.5    868.1   1068.8   0.864
20260406211428    149      0.0     15.0   20.0     76.2      0.0    995.4   0.762
20260406211428    150   1505.0   1520.0   20.0     79.6    894.3    997.0   0.764
20260406211428    151    720.0    735.0   20.0     29.2    888.8    932.1   0.730
20260406211428    152      0.0     10.0   20.0     44.1      0.0    962.1   0.773
20260406211428    153   1500.0   1515.0   20.0     43.8    892.0    987.1   0.746
20260406211428    153   1615.0   1660.0   20.0    124.7   1023.0   1023.3   0.842
20260406211428    154    450.0    470.0   20.0     83.4    882.4    882.2   0.764
20260406211428    154    760.0    775.0   20.0     29.3    891.4    918.8   0.762
20260406211428    154   1350.0   1365.0   20.0     61.8   1018.4   1064.3   0.833
20260406211428    155     80.0     95.0   20.0     51.6    875.9    978.8   0.777
20260406211428    156    160.0    175.0   20.0    107.1    883.3    889.2   0.634
20260406211428    156    740.0    760.0   20.0     37.9    895.5    895.2   0.781
20260406211428    160   1430.0   1445.0   20.0     70.8    898.0    968.5   0.759
20260406211428    161    250.0    265.0   20.0     62.7    954.8    881.2   0.759
20260406211428    162    565.0    580.0   20.0     29.6    883.8    938.6   0.726
20260406211428    162    680.0    700.0   20.0    117.4    978.9    884.2   0.854
20260406211428    162    795.0    840.0   20.0     48.4    884.4   1027.4   0.876
20260406211428    162   1005.0   1020.0   20.0    105.8   1034.3    883.9   0.823
20260406211428    162   1235.0   1255.0   20.0     51.8    883.8    883.6   0.808
20260406211428    162   1425.0   1440.0   20.0     52.3    880.3    884.4   0.793
20260406211428    162   1580.0   1595.0   20.0     36.7    914.1    881.4   0.716
20260406211428    163    715.0    730.0   20.0     46.0    909.2   1027.5   0.753
20260406211428    163   1540.0   1555.0   20.0     26.9   1111.4   1162.4   0.870
20260406211428    167     30.0     45.0   20.0     21.0   1181.4   1171.6   0.727
20260406211428    167    110.0    125.0   20.0     22.1   1146.4   1175.7   0.772
20260406211428    168    435.0    450.0   20.0     45.0    908.7    967.3   0.782
20260406211428    168    485.0    500.0   20.0     20.3    997.3   1079.2   0.793
20260406211428    168    760.0    775.0   20.0     21.4   1104.8   1123.4   0.781
20260406211428    168    980.0    995.0   20.0     21.8   1148.0   1190.2   0.743
20260406211428    168   1360.0   1410.0   20.0    157.8   1070.0    906.5   0.834
20260406211428    169    250.0    270.0   20.0     99.9    891.1    891.8   0.846
20260406211428    170   1000.0   1015.0   20.0     20.6   1182.0   1206.0   0.773
20260406211428    171    625.0    640.0   20.0     26.0    906.2    905.0   0.618
20260406211428    171    920.0    935.0   20.0     88.9    906.4   1095.9   0.828
20260406211428    172   1065.0   1515.0   20.0     56.7   1281.5   1298.3   0.881
20260406211428    172   1660.0   1795.0   20.0     42.6   1300.9   1303.1   0.870
20260406211428    174    990.0   1010.0   20.0     71.2    917.6    916.8   0.821
20260406211428    175    115.0    130.0   20.0     95.4    974.4    914.3   0.669
20260406211428    176      0.0     20.0   20.0     63.2      0.0   1054.9   0.760
20260406211428    176   1185.0   1200.0   20.0     21.1   1126.0   1144.8   0.721
20260406211428    177    445.0    460.0   20.0     87.1    916.0   1063.1   0.826
20260406211428    177    495.0    510.0   20.0     53.3   1081.0   1084.6   0.595
20260406211428    177    585.0    600.0   20.0     72.2    996.7    917.9   0.749
20260406211428    178      0.0     10.0   20.0     20.2      0.0   1163.5   0.526
20260406211428    178    185.0    200.0   20.0     36.6   1184.1   1176.3   0.786
20260406211428    178    980.0    995.0   20.0     27.5   1271.9   1293.2   0.769
20260406211428    180    765.0    780.0   20.0     53.7    911.8    911.9   0.735
20260406211428    180   1735.0   1750.0   20.0     29.2    911.6    910.1   0.773
20260406211428    181    495.0    510.0   20.0     41.2    909.7    910.7   0.584
20260406211428    181   1560.0   1575.0   20.0     31.2    910.3    910.0   0.662
20260406211428    182   1115.0   1130.0   20.0     20.7   1177.3   1208.5   0.802
20260406211428    183     20.0     35.0   20.0     85.6    910.3    911.4   0.804
20260406211428    184    195.0    210.0   20.0     28.2    925.7    923.7   0.728
20260406211428    185     70.0    120.0   20.0    186.5    927.3    927.8   0.850
20260406211428    186    295.0    320.0   20.0    149.1    920.7    920.4   0.783
20260406211428    187   1565.0   1580.0   20.0     47.9    930.6    984.9   0.738
20260406211428    189      0.0     10.0   20.0     87.8      0.0   1244.5   0.829
20260406211428    189    160.0    175.0   20.0     44.1   1331.0   1166.5   0.924
20260406211428    189    395.0    410.0   20.0     29.1   1164.4   1222.6   0.771
20260406211428    189   1575.0   1590.0   20.0     35.9   1308.7   1325.0   0.545
20260406211428    191    375.0    410.0   20.0     40.1    932.5   1028.0   0.782
20260406211428    191    475.0    490.0   20.0    134.1   1071.0    937.3   0.782
20260406211428    192      0.0     20.0   20.0    196.8      0.0   1031.6   0.813
20260406211428    192    215.0    230.0   20.0     27.7   1097.3   1118.4   0.739
20260406211428    192   1305.0   1320.0   20.0     30.7   1144.8   1149.9   0.775
20260406211428    192   1700.0   1715.0   20.0     39.6   1201.6   1262.2   0.776
20260406211428    194    425.0    470.0   20.0     52.1    937.6   1198.7   0.883
20260406211428    194   1210.0   1225.0   20.0     33.0   1265.3   1292.5   0.680
20260406211428    195     75.0     90.0   20.0     77.9    927.7    927.8   0.626
20260406211428    195    195.0    210.0   20.0     34.9    927.1    971.0   0.749
20260406211428    195    745.0    760.0   20.0     21.1   1078.4   1111.0   0.823
20260406211428    198   1100.0   1120.0   20.0    135.5    944.2    944.8   0.823
20260406211428    199    325.0    345.0   20.0    244.3    951.9   1446.4   0.908
20260406211428    201   1515.0   1530.0   20.0     78.2    954.3    954.9   0.743
20260406211428    202   1315.0   1330.0   20.0     23.0    962.6    960.5   0.716
20260406211428    203      0.0     30.0   20.0     26.3      0.0   1213.5   0.648
20260406211428    203    115.0    130.0   20.0     23.6   1251.5   1296.9   0.834
20260406211428    203    235.0    250.0   20.0     21.8   1221.8   1261.8   0.835
20260406211428    207    935.0    950.0   20.0     23.7   1434.0   1423.6   0.870
20260406211428    207    995.0   1010.0   20.0     24.9   1458.7   1437.3   0.848
20260406211428    210    150.0    165.0   20.0     58.5    969.7   1066.0   0.785
20260406211428    210    200.0    255.0   20.0     43.9   1106.5   1125.8   0.735
20260406211428    210    290.0    305.0   20.0     31.2   1125.5   1107.1   0.782
20260406211428    210    340.0    355.0   20.0    186.9   1109.1    972.8   0.775
20260406211428    213    970.0    985.0   20.0     34.5    983.7    982.4   0.739
20260406211428    214    415.0    435.0   20.0     37.5    974.9   1117.8   0.765
20260406211428    214    735.0    750.0   20.0     27.0   1164.8   1204.4   0.698
20260406211428    215   1405.0   1430.0   20.0     56.1    985.4    987.3   0.852
20260406211428    216     65.0    110.0   20.0     82.6    996.8   1312.6   0.846
20260406211428    216    195.0    210.0   20.0     22.7   1214.3   1242.6   0.751
20260406211428    216    310.0    325.0   20.0     20.5   1246.7   1285.9   0.724
20260406211428    216    800.0    815.0   20.0     41.5   1353.1   1356.3   0.758
20260406211428    217   1050.0   1065.0   20.0     42.1   1465.0   1462.0   0.925
20260406211428    218    385.0    400.0   20.0     47.7   1000.8   1093.2   0.876
20260406211428    218    680.0    695.0   20.0     25.2   1158.6   1173.9   0.653
20260406211428    218    900.0    920.0   20.0     46.9   1206.3   1327.6   0.855
20260406211428    218   1200.0   1215.0   20.0     27.4   1348.3   1365.8   0.848
20260406211428    220   1265.0   1315.0   20.0     36.2   1005.6   1152.0   0.805
20260406211428    220   1360.0   1375.0   20.0    153.3   1252.8   1005.0   0.823
20260406211428    220   1585.0   1600.0   20.0     21.9   1003.6   1042.3   0.771
20260406211428    224    560.0    595.0   20.0    223.5   1004.5   1005.3   0.828
20260406211428    224    960.0    975.0   20.0     98.9   1003.9   1003.6   0.810
20260406211428    225     30.0     55.0   20.0    149.4   1003.9   1461.6   0.867
20260406211428    225    210.0    225.0   20.0     29.8   1536.1   1525.5   0.860
20260406211428    226    680.0    695.0   20.0    266.1   1024.0   1154.2   0.854
20260406211428    226    930.0    945.0   20.0     22.0   1189.6   1199.8   0.840
20260406211428    226   1005.0   1020.0   20.0     41.9   1197.5   1232.5   0.920
20260406211428    226   1770.0   1785.0   20.0     30.4   1348.0   1385.7   0.902
20260406211428    227    115.0    130.0   20.0     22.2   1151.4   1222.3   0.912
20260406211428    229     60.0    110.0   20.0    269.7   1019.7   1021.1   0.763
20260406211428    230   1020.0   1055.0   20.0     81.0   1029.7   1109.3   0.798
20260406211428    231   1030.0   1045.0   20.0     31.6   1030.0   1032.3   0.735
20260406211428    232    435.0    450.0   20.0    103.4   1024.6   1200.8   0.819
20260406211428    232   1160.0   1175.0   20.0     26.6   1341.4   1383.8   0.915
20260406211428    233    820.0    835.0   20.0     48.5   1034.6   1176.1   0.809
20260406211428    233    930.0    945.0   20.0    196.9   1274.2   1037.0   0.815
20260406211428    234     60.0     75.0   20.0     58.7   1040.4   1040.9   0.703
20260406211428    234   1480.0   1495.0   20.0     48.0   1089.7   1239.8   0.857
20260406211428    235    185.0    200.0   20.0     31.8   1583.3   1572.7   0.678
20260406211428    236   1630.0   1645.0   20.0     81.3   1038.0   1036.9   0.733
20260406211428    237    155.0    175.0   20.0    166.5   1032.3   1031.7   0.823
20260406211428    238     55.0     75.0   20.0     45.8   1045.1   1378.8   0.781
20260406211428    238    120.0    155.0   20.0     24.5   1399.8   1408.0   0.814
20260406211428    238    355.0    370.0   20.0     20.1   1466.9   1482.7   0.730
20260406211428    239    405.0    420.0   20.0     44.3   1067.4   1161.3   0.780
20260406211428    239    575.0    590.0   20.0     55.6   1207.8   1194.5   0.791
20260406211428    239    640.0    665.0   20.0     73.3   1242.6   1065.9   0.856
20260406211428    240   1305.0   1320.0   20.0     40.5   1050.5   1053.6   0.508
20260406211428    242    245.0    265.0   20.0     90.8   1063.5   1062.8   0.745
20260406211428    242    570.0    605.0   20.0    242.4   1065.1   1063.0   0.833
20260406211428    244      0.0     10.0   20.0     28.1      0.0   1144.1   0.789
20260406211428    244    205.0    220.0   20.0     21.0   1190.3   1196.5   0.708
20260406211428    244    255.0    270.0   20.0     50.2   1207.8   1244.9   0.817
20260406211428    244   1075.0   1125.0   20.0     30.4   1243.6   1281.1   0.805
20260406211428    244   1335.0   1350.0   20.0     58.5   1331.0   1398.0   0.869
20260406211428    244   1385.0   1400.0   20.0    203.8   1380.3   1070.3   0.802
20260406211428    246     70.0     85.0   20.0     80.4   1073.0   1071.3   0.795
20260406211428    246   1070.0   1090.0   20.0     68.7   1073.9   1078.6   0.811
20260406211428    248    370.0    385.0   20.0     29.8   1395.0   1413.2   0.813
20260406211428    248    445.0    455.0   20.0     20.2   1412.0   1416.7   0.412
20260406211428    248   1170.0   1185.0   20.0     31.0   1447.6   1460.7   0.724
20260406211428    249    160.0    185.0   20.0     55.6   1101.5   1370.6   0.835
20260406211428    249    230.0    245.0   20.0     21.8   1400.2   1437.1   0.611
20260406211428    252     40.0     55.0   20.0     26.1   1585.4   1593.7   0.801
20260406211428    253   1790.0   1800.0   20.0     64.6   1105.0   1353.5   0.853
20260406211428    254    425.0    525.0   20.0    184.0   1097.3   1094.5   0.892
20260406211428    255    555.0    635.0   20.0     71.9   1111.4   1375.8   0.778
20260406211428    255    730.0    745.0   20.0     22.0   1398.2   1452.4   0.733
20260406211428    255   1210.0   1225.0   20.0     46.9   1571.7   1621.9   0.881
20260406214749      1   1545.0   1565.0   20.0     38.5    981.9   1029.2   0.656
20260406214749      3   1230.0   1245.0   20.0     31.7    966.8   1007.3   0.816
20260406214749      4    950.0    965.0   20.0     58.3    975.3    977.1   0.707
20260406214749      4   1395.0   1410.0   20.0     23.9    983.0    995.6   0.422
20260406214749      4   1460.0   1480.0   20.0    108.5    990.7    990.2   0.770
20260406214749      5      0.0     25.0   20.0    189.6      0.0    970.9   0.793
20260406214749      5   1350.0   1365.0   20.0     65.5    964.4   1077.7   0.877
20260406214749      6    155.0    170.0   20.0     38.6    980.8   1056.1   0.781
20260406214749      6    340.0    355.0   20.0    140.0   1122.2    973.1   0.765
20260406214749      8    485.0    560.0   20.0    105.1    965.1    964.5   0.820
20260406214749     10    555.0    615.0   20.0    157.9   1218.9    973.6   0.891
20260406214749     10    750.0    765.0   20.0     92.7    970.6    961.3   0.759
20260406214749     10   1590.0   1600.0   20.0     23.1    968.3    998.8   0.723
20260406214749     11    240.0    300.0   20.0     90.9    968.5    967.3   0.736
20260406214749     11   1125.0   1140.0   20.0     67.7    959.2   1030.6   0.758
20260406214749     12   1460.0   1475.0   20.0     77.7    956.2   1125.2   0.864
20260406214749     13    690.0    705.0   20.0     59.9    947.0    939.6   0.713
20260406214749     17    355.0    370.0   20.0     20.5   1151.4   1139.2   0.659
20260406214749     17    835.0    850.0   20.0     48.7   1143.8   1147.2   0.731
20260406214749     19   1015.0   1035.0   20.0     47.5    942.1   1123.1   0.784
20260406214749     20      0.0     15.0   20.0    153.3      0.0    954.4   0.849
20260406214749     20    365.0    390.0   20.0    102.3    959.9    959.0   0.791
20260406214749     20   1150.0   1170.0   20.0     71.2    970.6    966.2   0.867
20260406214749     20   1215.0   1235.0   20.0     63.8    966.2    963.5   0.862
20260406214749     21    785.0    800.0   20.0     60.3    928.3    927.9   0.825
20260406214749     22   1480.0   1515.0   20.0     67.4    949.9    947.6   0.790
20260406214749     25    230.0    245.0   20.0     76.3    934.7    932.3   0.834
20260406214749     25    420.0    440.0   20.0     83.5    929.1    930.5   0.768
20260406214749     26    215.0    230.0   20.0     25.3   1134.8   1134.5   0.706
20260406214749     26    460.0    505.0   20.0     46.9   1142.8   1184.5   0.852
20260406214749     26    605.0    705.0   20.0     67.3   1186.7   1255.0   0.865
20260406214749     26    740.0    755.0   20.0     26.6   1257.0   1281.4   0.872
20260406214749     26    805.0    820.0   20.0     25.7   1288.5   1315.9   0.794
20260406214749     28    480.0    505.0   20.0     77.2    919.2    918.9   0.800
20260406214749     29   1685.0   1705.0   20.0     56.5    928.6   1044.5   0.812
20260406214749     30    230.0    245.0   20.0     65.7    924.6    924.6   0.768
20260406214749     30   1190.0   1205.0   20.0     89.3    923.7    929.6   0.742
20260406214749     30   1480.0   1495.0   20.0     44.2    934.1    989.6   0.777
20260406214749     31   1365.0   1385.0   20.0     64.6    921.1   1033.0   0.816
20260406214749     32    855.0    870.0   20.0     23.5   1179.9   1184.0   0.737
20260406214749     34   1040.0   1055.0   20.0     69.6    933.8   1014.3   0.850
20260406214749     36   1335.0   1355.0   20.0     31.7    915.5   1075.4   0.811
20260406214749     37     35.0     50.0   20.0     33.1    913.3    997.0   0.744
20260406214749     37    180.0    195.0   20.0     98.5   1036.8    918.6   0.782
20260406214749     37   1710.0   1725.0   20.0     69.1    907.2    997.0   0.776
20260406214749     40    185.0    200.0   20.0    176.0   1176.8    921.3   0.766
20260406214749     41   1645.0   1680.0   20.0     96.9    896.8    901.1   0.776
20260406214749     44   1665.0   1680.0   20.0     31.6    919.8    918.2   0.553
20260406214749     46      0.0     25.0   20.0     48.9      0.0    901.5   0.766
20260406214749     48   1155.0   1170.0   20.0     20.6   1040.4   1059.7   0.769
20260406214749     50   1320.0   1335.0   20.0     22.3   1186.1   1193.0   0.692
20260406214749     53   1225.0   1270.0   20.0     39.1    882.1    925.8   0.756
20260406214749     54   1020.0   1035.0   20.0     41.5   1219.3   1222.0   0.769
20260406214749     55    420.0    475.0   20.0    176.8    887.3    889.4   0.840
20260406214749     55    685.0    700.0   20.0     48.6    885.1    885.0   0.786
20260406214749     56    420.0    435.0   20.0     70.1    892.5    891.3   0.746
20260406214749     57   1390.0   1405.0   20.0    248.1    883.1   1170.3   0.709
20260406214749     61   1190.0   1205.0   20.0     43.5    888.2   1002.2   0.718
20260406214749     61   1350.0   1365.0   20.0    116.5   1003.6    892.7   0.770
20260406214749     61   1485.0   1500.0   20.0     91.2    886.6    981.7   0.751
20260406214749     62   1120.0   1140.0   20.0     52.6    885.0    883.0   0.781
20260406214749     62   1605.0   1620.0   20.0     53.4    884.6   1000.6   0.774
20260406214749     62   1755.0   1770.0   20.0    111.0   1005.9    884.0   0.814
20260406214749     63    455.0    470.0   20.0     42.0    875.4    875.7   0.670
20260406214749     63   1280.0   1295.0   20.0     25.5    875.7    904.6   0.775
20260406214749     63   1550.0   1565.0   20.0     67.5    918.2   1012.0   0.824
20260406214749     63   1640.0   1655.0   20.0     79.1   1001.7    873.3   0.809
20260406214749     64    305.0    320.0   20.0     76.2    873.1    875.3   0.834
20260406214749     64   1610.0   1625.0   20.0     48.1    871.7    959.9   0.773
20260406214749     65    165.0    190.0   20.0    247.2    873.7    880.0   0.879
20260406214749     66   1100.0   1110.0   20.0     21.0    881.7    878.9   0.455
20260406214749     68    685.0    700.0   20.0     71.9   1297.5   1104.1   0.949
20260406214749     71     75.0    160.0   20.0    176.3    866.7    870.2   0.835
20260406214749     71   1320.0   1335.0   20.0     82.5    864.1    977.7   0.760
20260406214749     71   1455.0   1470.0   20.0     28.8    960.1    992.9   0.817
20260406214749     72     25.0     40.0   20.0     41.0    867.3    868.0   0.689
20260406214749     73    115.0    130.0   20.0    191.1    869.8    870.6   0.790
20260406214749     74    115.0    130.0   20.0     28.3    871.7    921.1   0.798
20260406214749     74    165.0    180.0   20.0     36.5    921.3    983.4   0.759
20260406214749     74    465.0    480.0   20.0     59.2   1013.8   1021.6   0.803
20260406214749     74    565.0    580.0   20.0     29.3   1045.2   1057.0   0.860
20260406214749     74   1455.0   1470.0   20.0     69.1   1111.1   1183.1   0.825
20260406214749     74   1740.0   1755.0   20.0     30.3   1131.2   1158.6   0.806
20260406214749     75    565.0    580.0   20.0     23.7    866.7    986.7   0.711
20260406214749     75    645.0    660.0   20.0    198.3   1007.7    865.6   0.763
20260406214749     76    540.0    555.0   20.0     43.8    878.0    882.4   0.734
20260406214749     76   1165.0   1180.0   20.0     23.5    877.1    883.0   0.501
20260406214749     77   1245.0   1285.0   20.0    132.0    854.1    852.6   0.813
20260406214749     78   1040.0   1055.0   20.0     30.9   1219.5   1218.1   0.844
20260406214749     78   1420.0   1435.0   20.0     30.7   1228.9   1239.5   0.894
20260406214749     78   1475.0   1510.0   20.0     28.2   1238.7   1238.7   0.907
20260406214749     78   1595.0   1690.0   20.0     22.5   1241.9   1245.2   0.843
20260406214749     78   1755.0   1770.0   20.0     21.7   1248.7   1248.0   0.847
20260406214749     79    105.0    120.0   20.0     30.0   1010.0   1018.1   0.715
20260406214749     79    710.0    725.0   20.0     21.1   1028.9   1045.0   0.798
20260406214749     79   1135.0   1150.0   20.0     30.9   1027.6   1043.0   0.799
20260406214749     80    525.0    540.0   20.0     41.6    864.8    967.8   0.798
20260406214749     80    835.0    850.0   20.0     27.2   1005.8   1065.3   0.664
20260406214749     80   1040.0   1055.0   20.0    114.6   1059.4    862.4   0.788
20260406214749     84    840.0    855.0   20.0     42.6    848.6    848.3   0.761
20260406214749     84   1505.0   1525.0   20.0     84.8    856.6    855.6   0.781
20260406214749     85    620.0    635.0   20.0     23.6   1115.6   1100.5   0.668
20260406214749     85    675.0    690.0   20.0     27.0   1110.0   1117.5   0.781
20260406214749     86    205.0    220.0   20.0     27.3   1020.5   1049.6   0.693
20260406214749     86   1365.0   1385.0   20.0     94.1   1078.0   1081.9   0.895
20260406214749     89   1380.0   1395.0   20.0     28.7   1214.0   1197.7   0.822
20260406214749     90   1315.0   1330.0   20.0     40.2    864.7    927.7   0.810
20260406214749     90   1485.0   1500.0   20.0     27.7    934.3   1012.6   0.837
20260406214749     90   1760.0   1775.0   20.0     35.6   1032.6   1070.7   0.686
20260406214749     91    125.0    140.0   20.0     23.0    903.1    944.4   0.847
20260406214749     91    405.0    420.0   20.0     30.3    952.9    970.9   0.855
20260406214749     93    285.0    330.0   20.0     68.0    878.3    877.1   0.808
20260406214749     94   1320.0   1340.0   20.0     67.3    866.2    868.2   0.780
20260406214749     95   1115.0   1135.0   20.0     78.0    858.3    858.4   0.833
20260406214749     95   1700.0   1720.0   20.0     67.6    860.0    862.6   0.818
20260406214749     96    915.0    930.0   20.0     42.4    865.1    865.8   0.743
20260406214749     97     60.0     75.0   20.0     40.0    850.4    946.8   0.756
20260406214749     97    560.0    575.0   20.0     22.9    987.4    981.9   0.669
20260406214749     99    735.0    800.0   20.0    122.0    848.6    848.0   0.821
20260406214749    100   1595.0   1610.0   20.0    101.9    859.2    858.1   0.679
20260406214749    100   1665.0   1725.0   20.0     26.0    858.4    944.3   0.759
20260406214749    100   1765.0   1780.0   20.0     47.0    952.6   1074.7   0.713
20260406214749    101   1060.0   1075.0   20.0     81.6    856.9   1043.5   0.808
20260406214749    101   1150.0   1165.0   20.0     24.1   1062.7   1076.3   0.734
20260406214749    102    460.0    475.0   20.0    116.8   1057.8    862.5   0.824
20260406214749    102    550.0    565.0   20.0     52.0    866.3    921.0   0.726
20260406214749    102    825.0    910.0   20.0    123.5    929.8   1120.9   0.773
20260406214749    103   1115.0   1130.0   20.0     63.0    867.6    865.9   0.784
20260406214749    104   1360.0   1375.0   20.0     96.4    861.9   1035.7   0.805
20260406214749    104   1535.0   1550.0   20.0     40.2   1051.3   1076.3   0.599
20260406214749    104   1685.0   1700.0   20.0     23.5   1069.1   1065.8   0.428
20260406214749    105     30.0     50.0   20.0     56.0    865.3    862.5   0.748
20260406214749    105    230.0    255.0   20.0     61.5    867.5    867.0   0.822
20260406214749    105    635.0    650.0   20.0     82.6    868.2    984.0   0.766
20260406214749    105    750.0    765.0   20.0     33.2    992.7   1020.4   0.718
20260406214749    105    975.0    990.0   20.0     20.1   1039.8   1071.2   0.586
20260406214749    105   1245.0   1260.0   20.0     29.7   1115.8   1123.8   0.660
20260406214749    106    200.0    215.0   20.0     27.2    857.1    889.4   0.749
20260406214749    106    395.0    410.0   20.0     22.8    907.6    956.6   0.780
20260406214749    106    465.0    480.0   20.0    100.6    985.2    859.1   0.851
20260406214749    106   1165.0   1185.0   20.0     65.3    857.4    857.6   0.820
20260406214749    106   1385.0   1400.0   20.0     66.8    858.8    858.2   0.721
20260406214749    108    585.0    600.0   20.0     25.1   1287.6   1293.9   0.544
20260406214749    109      5.0     20.0   20.0     63.0    842.4    916.3   0.761
20260406214749    109    915.0    930.0   20.0     29.0    957.5    973.3   0.748
20260406214749    110   1135.0   1150.0   20.0     20.1   1209.0   1199.8   0.813
20260406214749    110   1620.0   1800.0   20.0     23.6   1212.9   1222.9   0.874
20260406214749    111   1155.0   1170.0   20.0     21.6   1133.3   1162.7   0.897
20260406214749    113    155.0    180.0   20.0     31.9    863.5   1069.2   0.811
20260406214749    113    240.0    255.0   20.0     24.8   1068.5   1068.2   0.568
20260406214749    113    300.0    315.0   20.0    159.0   1074.6    865.1   0.805
20260406214749    113    630.0    675.0   20.0     86.7    868.7    868.6   0.774
20260406214749    114    780.0    795.0   20.0     35.0   1229.5   1173.0   0.855
20260406214749    114    935.0    950.0   20.0     20.2   1180.9   1213.6   0.812
20260406214749    114   1050.0   1065.0   20.0     20.2   1208.2   1239.7   0.878
20260406214749    117    660.0    675.0   20.0     43.9    856.3    918.0   0.763
20260406214749    117    710.0    735.0   20.0     47.6    927.8    968.7   0.827
20260406214749    117    840.0    855.0   20.0     33.5    960.8    971.1   0.671
20260406214749    117   1105.0   1120.0   20.0     29.2   1008.7   1040.5   0.843
20260406214749    117   1300.0   1315.0   20.0     23.9   1096.5   1075.1   0.769
20260406214749    119    120.0    135.0   20.0     39.4    861.4   1004.2   0.780
20260406214749    119    170.0    195.0   20.0    223.6   1039.4    863.7   0.791
20260406214749    120    865.0    885.0   20.0     93.0    866.8    866.8   0.831
20260406214749    121   1160.0   1175.0   20.0     60.3    870.5    933.2   0.741
20260406214749    122   1695.0   1715.0   20.0     60.8    870.9    872.9   0.832
20260406214749    123    315.0    330.0   20.0     42.1    871.1    942.4   0.785
20260406214749    123    465.0    480.0   20.0     21.6    962.4    985.9   0.722
20260406214749    123   1340.0   1355.0   20.0     21.5   1011.0   1011.3   0.897
20260406214749    123   1675.0   1690.0   20.0     21.2   1045.4   1047.7   0.770
20260406214749    124    155.0    170.0   20.0    209.2    869.7   1261.8   0.869
20260406214749    125    630.0    645.0   20.0     52.3    864.0    864.3   0.691
20260406214749    128   1285.0   1300.0   20.0     35.9    879.5    932.7   0.759
20260406214749    128   1640.0   1655.0   20.0     22.4    983.1   1007.5   0.593
20260406214749    128   1765.0   1780.0   20.0     21.9   1032.8   1036.7   0.719
20260406214749    131     50.0    125.0   20.0     78.0    923.8   1146.1   0.818
20260406214749    131    175.0    190.0   20.0     21.2   1123.5   1124.3   0.692
20260406214749    131    315.0    330.0   20.0     25.5   1122.8   1146.3   0.759
20260406214749    133   1235.0   1250.0   20.0     57.3    861.2   1026.7   0.803
20260406214749    133   1635.0   1645.0   20.0     21.1   1032.2    980.7   0.646
20260406214749    134     60.0     75.0   20.0     35.3    870.8    919.2   0.786
20260406214749    134    630.0    650.0   20.0    109.3   1036.8    874.1   0.899
20260406214749    135    285.0    310.0   20.0    112.5    873.8    874.7   0.845
20260406214749    135    615.0    635.0   20.0     47.4    876.1    877.9   0.837
20260406214749    135   1770.0   1785.0   20.0     28.3    875.3    902.9   0.743
20260406214749    139   1470.0   1485.0   20.0     57.4    886.1    953.4   0.773
20260406214749    140   1470.0   1500.0   20.0     53.9    872.1    872.6   0.766
20260406214749    141    945.0    960.0   20.0     44.3    872.3    985.8   0.786
20260406214749    143    230.0    245.0   20.0     36.2    867.3    906.3   0.750
20260406214749    144    860.0    885.0   20.0    320.7    875.8    874.1   0.880
20260406214749    147   1030.0   1045.0   20.0     24.3   1177.3   1195.2   0.739
20260406214749    148     45.0    165.0   20.0    158.0    883.6   1109.2   0.888
20260406214749    148    600.0    615.0   20.0     45.7   1091.2    885.9   0.943
20260406214749    149      0.0     10.0   20.0     69.4      0.0    986.8   0.852
20260406214749    149   1025.0   1040.0   20.0     41.7   1084.9   1106.3   0.644
20260406214749    150    210.0    225.0   20.0    128.0    891.3   1117.9   0.812
20260406214749    150    275.0    290.0   20.0     95.4   1118.1    889.5   0.847
20260406214749    150   1105.0   1120.0   20.0     49.1    890.4    889.5   0.724
20260406214749    152    115.0    130.0   20.0     49.6    888.0    977.7   0.823
20260406214749    154    520.0    535.0   20.0     59.1    882.9    942.5   0.750
20260406214749    154    955.0    970.0   20.0     21.8    995.2   1023.1   0.557
20260406214749    155      0.0     50.0   20.0     61.4      0.0   1022.2   0.860
20260406214749    155    970.0   1020.0   20.0     34.4   1027.8   1075.8   0.809
20260406214749    155   1505.0   1520.0   20.0     37.7   1077.5   1094.7   0.762
20260406214749    156    565.0    580.0   20.0     56.1    891.8    894.0   0.759
20260406214749    159    160.0    175.0   20.0     33.7    893.8    944.4   0.739
20260406214749    159   1130.0   1160.0   20.0    105.7    989.3    901.6   0.868
20260406214749    160    730.0    750.0   20.0    115.3    895.2    895.4   0.772
20260406214749    161    120.0    135.0   20.0     30.4    884.4    926.9   0.823
20260406214749    161   1420.0   1435.0   20.0    139.3   1026.4    883.6   0.776
20260406214749    162    420.0    445.0   20.0    111.5    881.8    883.1   0.853
20260406214749    162   1325.0   1340.0   20.0     76.2    886.6    882.5   0.803
20260406214749    163    780.0    795.0   20.0     20.8    913.4    935.4   0.753
20260406214749    165    305.0    325.0   20.0     52.8    902.8    903.2   0.839
20260406214749    165    625.0    660.0   20.0     88.9    905.9    906.3   0.821
20260406214749    165    945.0    965.0   20.0     78.6    904.1    902.0   0.789
20260406214749    167      5.0     20.0   20.0     30.5   1188.5   1215.0   0.737
20260406214749    167    830.0    845.0   20.0     50.7    927.9    911.2   0.763
20260406214749    167   1340.0   1355.0   20.0     48.8    903.0    963.5   0.782
20260406214749    167   1460.0   1475.0   20.0     74.4    968.1    901.7   0.734
20260406214749    170     45.0     80.0   20.0     56.0    905.4   1086.7   0.812
20260406214749    171      0.0     25.0   20.0    148.9      0.0    904.1   0.870
20260406214749    172   1535.0   1550.0   20.0     20.3   1235.0   1247.9   0.574
20260406214749    173   1320.0   1375.0   20.0    102.5    910.0   1130.6   0.864
20260406214749    173   1525.0   1540.0   20.0     24.3   1114.8   1142.5   0.854
20260406214749    174    250.0    275.0   20.0    116.1    920.0    916.2   0.769
20260406214749    174   1555.0   1575.0   17.5     42.6    968.4    969.3   0.586
20260406214749    174   1630.0   1645.0   20.0     32.2    967.8    983.1   0.465
20260406214749    174   1700.0   1800.0   20.0     55.8    985.9   1031.8   0.719
20260406214749    176    225.0    245.0   20.0     72.7    913.9    992.9   0.828
20260406214749    176   1030.0   1045.0   20.0     27.7   1081.3   1087.0   0.600
20260406214749    176   1325.0   1340.0   20.0     22.7   1147.2   1173.0   0.690
20260406214749    176   1420.0   1435.0   20.0     33.3   1170.8   1174.1   0.645
20260406214749    177     20.0     35.0   20.0     28.2    916.8    967.6   0.771
20260406214749    177    155.0    170.0   20.0    126.4   1071.3    918.3   0.759
20260406214749    178     70.0     85.0   20.0    220.9   1383.8   1088.4   0.855
20260406214749    182      0.0     50.0   20.0     80.6      0.0   1098.2   0.776
20260406214749    184      0.0     10.0   20.0    178.8      0.0    927.4   0.799
20260406214749    184    635.0    695.0   20.0     61.9    936.5    933.9   0.768
20260406214749    184    740.0    755.0   20.0     28.9    933.8   1062.0   0.820
20260406214749    184    865.0    880.0   20.0     33.9   1147.4   1154.8   0.823
20260406214749    184   1330.0   1345.0   20.0     27.3   1205.6   1265.7   0.908
20260406214749    185     20.0     75.0   20.0     50.2    932.0   1167.4   0.812
20260406214749    185    155.0    170.0   20.0    173.8   1165.9    932.4   0.795
20260406214749    185    945.0    960.0   20.0     35.0    933.0    933.1   0.795
20260406214749    185   1410.0   1430.0   20.0     58.4    932.6    939.0   0.824
20260406214749    186    370.0    385.0   20.0     97.9    922.4    921.6   0.772
20260406214749    186    905.0    960.0   20.0     54.0    923.7   1037.2   0.829
20260406214749    186   1145.0   1220.0   20.0     89.1   1041.4    926.9   0.898
20260406214749    186   1465.0   1480.0   20.0     24.2    928.1    929.3   0.736
20260406214749    188      0.0     10.0   20.0     22.6      0.0   1141.0   0.725
20260406214749    188    160.0    175.0   20.0     35.8   1092.4   1093.0   0.619
20260406214749    188    295.0    310.0   20.0    163.7   1137.3    934.3   0.811
20260406214749    188    735.0    785.0   20.0     85.5    938.5    936.3   0.755
20260406214749    192     95.0    105.0   20.0     72.1   1126.1   1129.5   0.408
20260406214749    192   1430.0   1445.0   20.0     26.8   1207.1   1236.9   0.715
20260406214749    193    715.0    730.0   20.0     51.3    946.1    945.9   0.666
20260406214749    194    185.0    205.0   20.0     25.0   1164.1   1186.6   0.628
20260406214749    194   1020.0   1035.0   20.0     20.5   1121.4   1126.3   0.657
20260406214749    194   1115.0   1130.0   20.0     21.0   1118.4   1118.6   0.849
20260406214749    194   1250.0   1265.0   20.0     26.7   1124.3   1131.4   0.771
20260406214749    195      0.0     15.0   20.0    158.0      0.0    931.9   0.852
20260406214749    195    620.0    640.0   20.0     37.0    933.3   1093.2   0.842
20260406214749    195    735.0    750.0   20.0    104.4   1078.2    951.6   0.826
20260406214749    196   1275.0   1290.0   20.0     38.8    944.9   1006.3   0.832
20260406214749    196   1335.0   1350.0   20.0     34.5   1033.4   1075.2   0.752
20260406214749    196   1540.0   1565.0   20.0    116.8   1094.4   1092.7   0.798
20260406214749    197    800.0    815.0   20.0     47.0    955.4    999.7   0.695
20260406214749    197   1185.0   1195.0   20.0     20.1   1047.3   1084.5   0.450
20260406214749    197   1350.0   1365.0   20.0     29.7   1110.5   1098.5   0.806
20260406214749    198   1035.0   1050.0   20.0     25.5    945.8    944.8   0.792
20260406214749    198   1160.0   1210.0   20.0    152.5    944.8    963.0   0.856
20260406214749    198   1510.0   1535.0   20.0     54.2    944.0    944.3   0.765
20260406214749    199    620.0    635.0   20.0     41.3    958.7   1002.6   0.761
20260406214749    199    995.0   1010.0   20.0     44.5   1039.6   1098.7   0.806
20260406214749    199   1100.0   1120.0   20.0     81.4   1132.1    953.1   0.817
20260406214749    200    675.0    690.0   20.0     25.5    963.3    988.0   0.737
20260406214749    200   1185.0   1200.0   20.0     20.7   1020.5   1008.3   0.505
20260406214749    202    275.0    295.0   20.0     34.7    960.5   1086.9   0.833
20260406214749    202    355.0    370.0   20.0     32.4   1136.5   1157.7   0.788
20260406214749    202    680.0    695.0   20.0     23.1   1202.4   1229.6   0.564
20260406214749    202    890.0    905.0   20.0     20.5   1193.9   1205.1   0.782
20260406214749    202    945.0    960.0   20.0     39.8   1201.0   1321.0   0.891
20260406214749    202   1340.0   1355.0   20.0     25.7   1132.8    956.4   0.939
20260406214749    207    610.0    625.0   20.0     43.0   1505.4   1476.8   0.725
20260406214749    209   1415.0   1430.0   20.0     45.5    971.7   1063.2   0.819
20260406214749    209   1780.0   1800.0   20.0    161.5   1091.7    967.0   0.811
20260406214749    210   1330.0   1345.0   20.0    103.5   1126.4    970.3   0.874
20260406214749    211    755.0    815.0   20.0     77.8    987.4   1256.2   0.902
20260406214749    211    945.0    960.0   20.0    130.7   1258.6    975.6   0.806
20260406214749    212   1725.0   1800.0   20.0    199.5    979.1    978.9   0.878
20260406214749    216   1570.0   1585.0   20.0     65.9   1476.3   1476.2   0.853
20260406214749    217    130.0    150.0   20.0     68.2   1490.4   1498.6   0.936
20260406214749    218     75.0     95.0   20.0    166.9   1280.6   1002.2   0.886
20260406214749    218    540.0    570.0   20.0     42.4   1001.5   1107.8   0.787
20260406214749    218    610.0    620.0   20.0     20.1   1119.6   1102.4   0.497
20260406214749    218    980.0    995.0   20.0     97.5   1159.1   1280.5   0.799
20260406214749    218   1125.0   1140.0   20.0     30.4   1312.0   1322.7   0.796
20260406214749    219    370.0    385.0   20.0     25.1    993.5   1030.7   0.784
20260406214749    219    500.0    515.0   20.0     22.7   1033.8   1037.7   0.653
20260406214749    219   1285.0   1300.0   20.0     21.9   1211.4   1239.0   0.700
20260406214749    220     20.0     35.0   20.0     24.6   1008.7   1091.0   0.800
20260406214749    221    110.0    170.0   20.0     51.1   1009.3   1096.9   0.812
20260406214749    221    205.0    220.0   20.0     33.9   1118.9   1131.6   0.667
20260406214749    221    325.0    340.0   20.0     39.4   1208.7   1319.7   0.726
20260406214749    221    490.0    510.0   20.0    141.2   1395.5   1004.4   0.917
20260406214749    221   1735.0   1750.0   20.0     78.8   1011.0   1166.0   0.836
20260406214749    223    700.0    715.0   20.0    133.5   1004.4   1002.1   0.765
20260406214749    223    780.0    795.0   20.0     49.8    999.5   1182.0   0.809
20260406214749    223    865.0    880.0   20.0     36.5   1174.7   1190.9   0.664
20260406214749    223    955.0    985.0   20.0    174.8   1178.3    995.9   0.837
20260406214749    224     60.0     75.0   20.0     37.5   1010.4   1006.5   0.730
20260406214749    224    170.0    205.0   20.0     58.9   1007.1   1346.1   0.863
20260406214749    224    965.0    980.0   20.0     27.6   1386.2   1396.6   0.802
20260406214749    227     60.0     75.0   20.0     59.7   1026.5   1126.4   0.793
20260406214749    227   1705.0   1720.0   20.0     23.7   1307.0   1319.4   0.730
20260406214749    229    535.0    585.0   20.0    140.4   1019.9   1024.9   0.791
20260406214749    229   1115.0   1135.0   20.0     54.9   1019.3   1019.5   0.779
20260406214749    229   1540.0   1555.0   20.0     35.8   1017.3   1072.8   0.788
20260406214749    229   1605.0   1660.0   20.0    163.3   1085.2   1014.2   0.822
20260406214749    231      0.0     50.0   20.0     50.4      0.0   1223.6   0.819
20260406214749    231    190.0    240.0   20.0     47.5   1246.9   1323.9   0.790
20260406214749    231    470.0    485.0   20.0     25.3   1361.6   1399.0   0.854
20260406214749    231    905.0    920.0   20.0     35.2   1461.8   1510.9   0.853
20260406214749    232    350.0    425.0   20.0    142.2   1026.8   1025.8   0.883
20260406214749    233    325.0    350.0   20.0    124.7   1030.4   1031.6   0.795
20260406214749    233   1225.0   1240.0   20.0     88.1   1037.8   1279.3   0.870
20260406214749    233   1295.0   1310.0   20.0    148.3   1256.2   1029.4   0.815
20260406214749    234    370.0    425.0   20.0    158.4   1041.2   1040.1   0.815
20260406214749    234   1375.0   1400.0   20.0    184.3   1038.1   1038.9   0.846
20260406214749    234   1745.0   1800.0   20.0    181.1   1036.1   1042.1   0.819
20260406214749    236   1610.0   1625.0   20.0     28.0   1037.1   1034.1   0.736
20260406214749    238      5.0     20.0   20.0     28.3   1343.1   1368.0   0.481
20260406214749    238     80.0    105.0   20.0     23.4   1416.8   1425.0   0.841
20260406214749    238   1265.0   1280.0   20.0     23.3   1423.8   1421.6   0.890
20260406214749    239    465.0    480.0   20.0    126.0   1068.6   1066.1   0.722
20260406214749    240   1050.0   1075.0   20.0    105.6   1050.1   1092.2   0.781
20260406214749    241    285.0    300.0   20.0     46.6   1049.6   1099.4   0.741
20260406214749    241    760.0    775.0   20.0    101.0   1176.0   1047.4   0.818
20260406214749    244    745.0    780.0   20.0     32.3   1078.9   1306.7   0.824
20260406214749    244    910.0    925.0   20.0    200.6   1379.9   1074.8   0.805
20260406214749    246    925.0    940.0   20.0     39.9   1075.8   1159.6   0.784
20260406214749    246   1105.0   1155.0   20.0     58.8   1187.9   1094.4   0.881
20260406214749    247    520.0    570.0   20.0     80.3   1122.4   1121.0   0.801
20260406214749    247   1140.0   1155.0   20.0     31.9   1128.8   1159.7   0.752
20260406214749    247   1310.0   1325.0   20.0     22.6   1132.1   1104.0   0.763
20260406214749    251    160.0    180.0   20.0    114.5   1106.8   1107.8   0.789
20260406214749    254   1460.0   1470.0   20.0     21.6   1090.5   1092.4   0.472
20260406214749    254   1560.0   1575.0   20.0     46.6   1088.8   1138.1   0.754
20260406214749    255   1000.0   1035.0   20.0    194.0   1107.4   1107.5   0.796
20260406214749    255   1405.0   1430.0   20.0    287.4   1104.5   1103.7   0.875
20260406222111      1   1135.0   1150.0   20.0     24.9    970.0   1035.2   0.837
20260406222111      1   1245.0   1260.0   20.0     73.5   1045.2    973.2   0.771
20260406222111      2    290.0    340.0   20.0     29.6   1410.5   1418.1   0.898
20260406222111      2    395.0    430.0   20.0     70.5   1433.7   1434.6   0.928
20260406222111      3   1440.0   1460.0   20.0     59.3    969.6   1063.1   0.838
20260406222111      5      0.0     10.0   20.0     21.7      0.0   1101.9   0.428
20260406222111      5    515.0    545.0   20.0     30.5   1194.7   1198.0   0.677
20260406222111      5    705.0    720.0   20.0     20.5   1173.9   1183.3   0.828
20260406222111      6    195.0    210.0   20.0     46.7    982.5   1024.9   0.742
20260406222111      6    360.0    375.0   20.0     51.3   1025.1    975.3   0.754
20260406222111      6   1290.0   1305.0   20.0     77.5    974.9   1171.5   0.838
20260406222111      6   1460.0   1475.0   20.0     24.1   1164.1   1195.5   0.505
20260406222111      8    100.0    115.0   20.0     32.8    972.1   1110.1   0.801
20260406222111      8    325.0    340.0   20.0     23.5   1165.0   1184.6   0.504
20260406222111      9    350.0    365.0   20.0     43.2    957.4    958.1   0.645
20260406222111     10   1295.0   1310.0   20.0     48.2    972.3   1028.5   0.741
20260406222111     11      5.0     25.0   20.0     53.5    964.1    966.7   0.772
20260406222111     11    965.0    985.0   20.0     77.1    963.2    963.7   0.766
20260406222111     11   1425.0   1440.0   20.0     33.2    963.2    997.9   0.743
20260406222111     14     20.0     40.0   20.0    139.4    964.5    964.2   0.843
20260406222111     14   1225.0   1240.0   20.0    104.0    970.6    974.6   0.807
20260406222111     16     10.0     25.0   20.0     24.7   1199.6   1228.7   0.730
20260406222111     16    125.0    150.0   20.0     39.6   1206.2   1210.9   0.795
20260406222111     16    660.0    675.0   20.0     31.1   1234.3   1260.5   0.720
20260406222111     16   1105.0   1115.0   20.0     20.7   1304.9   1303.2   0.635
20260406222111     16   1260.0   1275.0   20.0     26.2   1312.7   1348.1   0.795
20260406222111     18    150.0    165.0   20.0     95.8    959.0   1107.6   0.843
20260406222111     19    490.0    550.0   20.0     50.6   1180.5   1222.0   0.747
20260406222111     21    125.0    145.0   20.0     57.9    934.7    933.8   0.745
20260406222111     22   1225.0   1250.0   20.0    110.4    949.5    953.4   0.852
20260406222111     24   1595.0   1635.0   20.0    152.7    950.7    952.2   0.859
20260406222111     25   1350.0   1365.0   20.0     32.7    935.3    991.9   0.764
20260406222111     28    390.0    405.0   20.0     47.0    924.6    922.7   0.678
20260406222111     28   1530.0   1550.0   20.0     68.1    920.5    926.7   0.852
20260406222111     30    400.0    415.0   20.0     39.8    924.7    990.7   0.748
20260406222111     30    510.0    525.0   20.0     22.5   1019.1   1023.5   0.738
20260406222111     30    645.0    660.0   20.0     89.7   1043.3   1060.3   0.751
20260406222111     30    725.0    740.0   20.0     28.2   1071.1   1088.1   0.524
20260406222111     30    825.0    840.0   20.0     44.5   1097.3   1088.7   0.848
20260406222111     30    890.0    905.0   20.0     33.4   1088.5   1124.5   0.721
20260406222111     31   1335.0   1350.0   20.0     38.7    921.1    996.4   0.780
20260406222111     34    185.0    205.0   20.0     86.8    938.5    938.6   0.767
20260406222111     35     50.0     65.0   20.0     74.5   1028.3   1146.9   0.893
20260406222111     35    705.0    720.0   20.0     20.8   1244.2   1255.9   0.800
20260406222111     36    920.0    960.0   20.0    122.0    919.2    919.2   0.792
20260406222111     37    615.0    635.0   20.0     83.2    917.8    916.2   0.828
20260406222111     38   1245.0   1265.0   20.0    192.9    924.1    924.3   0.826
20260406222111     38   1690.0   1705.0   20.0    102.7    924.3    924.4   0.823
20260406222111     39   1255.0   1270.0   20.0     76.5    911.3   1030.3   0.825
20260406222111     40   1635.0   1650.0   20.0     30.0    920.4   1109.0   0.765
20260406222111     40   1760.0   1790.0   20.0    166.0   1116.2    921.5   0.767
20260406222111     41    990.0   1005.0   20.0     85.6    899.9    901.4   0.784
20260406222111     43   1295.0   1310.0   20.0    125.9    895.0   1314.4   0.892
20260406222111     45    290.0    305.0   20.0     97.4    910.5    913.6   0.752
20260406222111     47     10.0     55.0   20.0     55.5    965.7    965.3   0.776
20260406222111     48    805.0    820.0   20.0     50.8   1054.0   1114.3   0.828
20260406222111     49    885.0    900.0   20.0    217.9    887.5   1263.0   0.832
20260406222111     50   1460.0   1515.0   20.0     22.5   1297.6   1296.2   0.821
20260406222111     51   1670.0   1685.0   20.0     45.2    941.6    986.6   0.788
20260406222111     52    255.0    270.0   20.0     70.6    894.1   1086.1   0.902
20260406222111     52    340.0    360.0   20.0    156.6   1090.1    893.0   0.797
20260406222111     53    405.0    420.0   20.0     43.5    885.1    936.7   0.753
20260406222111     53    680.0    695.0   20.0    121.9   1000.8    883.1   0.764
20260406222111     53   1440.0   1455.0   20.0     45.6    886.7    886.0   0.783
20260406222111     55    580.0    600.0   20.0     70.7    889.2    890.5   0.765
20260406222111     55    915.0    935.0   20.0    114.9    888.7    890.5   0.861
20260406222111     55   1405.0   1420.0   20.0    107.0    888.2   1104.0   0.866
20260406222111     56   1280.0   1295.0   20.0     42.1    903.1    986.6   0.794
20260406222111     57    350.0    365.0   20.0     41.3    887.1    947.3   0.793
20260406222111     57    465.0    480.0   20.0     82.5    959.3    885.4   0.731
20260406222111     57    970.0    990.0   20.0     93.2    882.8    883.7   0.778
20260406222111     58   1670.0   1685.0   20.0     33.1    886.0    930.9   0.778
20260406222111     61    530.0    545.0   20.0     32.2   1177.2   1187.3   0.564
20260406222111     62   1665.0   1680.0   20.0     45.7    896.8    983.9   0.840
20260406222111     63    710.0    725.0   20.0     36.7    873.9    873.7   0.641
20260406222111     63   1405.0   1420.0   20.0     51.4    874.0    944.7   0.799
20260406222111     64    270.0    285.0   20.0     54.9    876.3    962.0   0.778
20260406222111     64    355.0    370.0   20.0     23.6    974.3   1016.0   0.829
20260406222111     64    455.0    475.0   20.0    170.9   1053.1    875.0   0.832
20260406222111     65    405.0    425.0   20.0    160.5    889.1    875.6   0.821
20260406222111     66    210.0    225.0   20.0     77.7    880.5   1071.9   0.786
20260406222111     66    365.0    380.0   20.0     21.3    987.1   1002.6   0.814
20260406222111     66    730.0    770.0   20.0    118.3    986.3    880.1   0.769
20260406222111     66   1360.0   1375.0   20.0     59.2    886.8   1057.9   0.843
20260406222111     66   1440.0   1455.0   20.0    121.3   1092.2    886.6   0.762
20260406222111     68   1620.0   1645.0   20.0     36.8    886.6    887.7   0.749
20260406222111     71    210.0    240.0   20.0    157.9    867.6    870.1   0.833
20260406222111     72    350.0    365.0   20.0     48.9    874.4    873.8   0.742
20260406222111     73     65.0     80.0   20.0     72.2    866.5    867.6   0.653
20260406222111     74     25.0     45.0   20.0     26.1    868.0    986.8   0.849
20260406222111     74    340.0    365.0   20.0    137.9   1009.2   1030.0   0.737
20260406222111     74    615.0    680.0   20.0     26.4   1090.2   1086.6   0.674
20260406222111     74    765.0    870.0   20.0     37.8   1081.9   1114.3   0.680
20260406222111     74    965.0    980.0   20.0     30.3   1110.9   1108.3   0.795
20260406222111     75      0.0     25.0   20.0     51.1      0.0    860.6   0.793
20260406222111     76    760.0    780.0   20.0     65.4    880.2   1060.3   0.795
20260406222111     76    985.0   1005.0   20.0    152.6   1053.5    878.6   0.830
20260406222111     76   1085.0   1105.0   20.0     46.9    883.0    883.9   0.763
20260406222111     78    960.0    975.0   20.0     44.9   1204.2   1231.9   0.783
20260406222111     79   1425.0   1440.0   20.0     20.5   1153.8   1160.6   0.807
20260406222111     80    465.0    480.0   20.0     30.5    871.1    904.5   0.764
20260406222111     80    570.0    585.0   20.0     23.9    929.4    905.0   0.834
20260406222111     80    625.0    640.0   20.0     26.3    890.6    867.5   0.744
20260406222111     85    785.0    805.0   20.0     50.9    867.4   1079.4   0.808
20260406222111     85    895.0    920.0   20.0     58.0   1108.8   1139.7   0.702
20260406222111     85   1030.0   1045.0   20.0     28.4   1129.0   1159.8   0.778
20260406222111     89   1385.0   1405.0   20.0     25.5   1236.9   1240.4   0.899
20260406222111     91    410.0    425.0   20.0     44.3    872.0    961.7   0.796
20260406222111     91    480.0    500.0   20.0    128.6   1006.8    870.7   0.768
20260406222111     92      5.0     25.0   20.0     50.0    856.9    857.7   0.765
20260406222111     92    125.0    150.0   20.0    136.6    860.5    861.4   0.815
20260406222111     92    630.0    645.0   20.0     83.2    868.0    867.9   0.728
20260406222111     92   1590.0   1605.0   20.0     74.2    868.5    867.9   0.817
20260406222111     92   1665.0   1710.0   20.0     39.4    877.0    866.7   0.761
20260406222111     93    565.0    580.0   20.0     44.9    878.6    956.4   0.769
20260406222111     93    770.0    785.0   20.0     25.3   1046.8   1061.2   0.714
20260406222111     93    885.0    900.0   20.0     22.8   1086.4   1088.5   0.637
20260406222111     95   1140.0   1155.0   20.0     69.4    861.0    860.7   0.592
20260406222111     95   1420.0   1435.0   20.0     40.3    864.5   1113.1   0.703
20260406222111     96   1490.0   1510.0   20.0    100.2    872.9    875.1   0.765
20260406222111     97    310.0    330.0   20.0     45.9    860.1    979.5   0.802
20260406222111     98    680.0    710.0   20.0    103.3    873.8    875.1   0.820
20260406222111     98   1070.0   1085.0   20.0     50.8    870.0    871.4   0.771
20260406222111    100     30.0    105.0   20.0    154.6    852.3    855.8   0.791
20260406222111    100    645.0    660.0   20.0     79.7    865.9    866.6   0.818
20260406222111    100   1720.0   1735.0   20.0     34.5    865.2    864.2   0.762
20260406222111    102    690.0    705.0   20.0     41.9    872.6    872.8   0.748
20260406222111    102   1020.0   1035.0   20.0     33.7    869.4    869.4   0.631
20260406222111    106    155.0    195.0   20.0     75.4    855.8    859.7   0.746
20260406222111    106   1775.0   1795.0   20.0     48.1    861.6    861.1   0.790
20260406222111    107   1280.0   1295.0   20.0     63.2    868.8    878.0   0.569
20260406222111    108    905.0    960.0   20.0     21.6   1359.5   1349.0   0.787
20260406222111    108   1415.0   1430.0   20.0     22.2   1360.4   1355.0   0.720
20260406222111    109      0.0     10.0   20.0     66.9      0.0    935.0   0.748
20260406222111    113   1240.0   1270.0   20.0    110.6    875.2    875.0   0.799
20260406222111    113   1595.0   1610.0   20.0     48.0    872.1    960.4   0.855
20260406222111    119    455.0    470.0   20.0    144.2    871.1    867.6   0.869
20260406222111    119   1090.0   1105.0   20.0     35.7    867.0    983.0   0.742
20260406222111    119   1225.0   1240.0   20.0    114.4   1053.3    869.6   0.887
20260406222111    124    180.0    200.0   20.0    190.2    873.6   1276.7   0.890
20260406222111    124    340.0   1065.0   20.0     39.3   1328.6   1351.2   0.881
20260406222111    124   1330.0   1360.0   20.0     26.9   1325.5   1328.7   0.856
20260406222111    124   1400.0   1425.0   20.0     23.6   1364.7   1359.8   0.861
20260406222111    124   1470.0   1520.0   20.0     22.9   1324.2   1331.9   0.820
20260406222111    124   1570.0   1585.0   20.0     28.7   1360.2   1359.0   0.848
20260406222111    124   1670.0   1685.0   20.0     28.9   1358.0   1358.7   0.814
20260406222111    124   1745.0   1760.0   20.0     27.3   1352.1   1356.2   0.846
20260406222111    125   1165.0   1180.0   20.0     91.2    864.5   1037.1   0.809
20260406222111    125   1475.0   1490.0   20.0     26.8   1062.2   1094.5   0.826
20260406222111    127     40.0     60.0   20.0     23.3    866.1    867.6   0.759
20260406222111    127    700.0    710.0   20.0     31.8    875.3    875.3   0.415
20260406222111    127    955.0    970.0   20.0     65.3    874.1    874.7   0.759
20260406222111    127   1040.0   1055.0   20.0     26.5    904.1    872.6   0.772
20260406222111    128   1050.0   1070.0   20.0     38.4    864.9    866.2   0.859
20260406222111    129    160.0    175.0   20.0     44.4    861.4    945.9   0.793
20260406222111    129    570.0    585.0   20.0     59.1   1038.0   1059.2   0.896
20260406222111    129    810.0    825.0   20.0     37.0   1047.2    975.7   0.908
20260406222111    132     35.0     50.0   20.0     24.6    867.6    902.9   0.784
20260406222111    132    110.0    125.0   20.0     27.4    922.2    932.0   0.714
20260406222111    132   1415.0   1430.0   20.0     21.5    963.2   1016.2   0.876
20260406222111    135   1035.0   1055.0   20.0     60.5    884.1   1049.0   0.912
20260406222111    135   1155.0   1170.0   20.0     68.0   1022.8   1077.2   0.726
20260406222111    135   1295.0   1315.0   20.0    110.0   1032.9    879.1   0.798
20260406222111    135   1780.0   1795.0   20.0     28.9    879.4    929.6   0.781
20260406222111    138   1425.0   1440.0   20.0     41.3    873.8    919.1   0.742
20260406222111    141     45.0     60.0   20.0    160.2    867.9    865.7   0.746
20260406222111    141    275.0    295.0   20.0     99.1    871.7    871.6   0.792
20260406222111    141   1160.0   1175.0   20.0     54.1    884.3   1104.8   0.925
20260406222111    141   1705.0   1720.0   20.0     26.0   1165.3   1162.6   0.839
20260406222111    143     95.0    110.0   20.0     63.0    865.3    989.9   0.876
20260406222111    143    145.0    160.0   20.0    142.2   1040.3    867.5   0.817
20260406222111    144   1505.0   1530.0   20.0    197.1    878.0    877.8   0.882
20260406222111    146    735.0    760.0   20.0    118.4   1221.6   1234.9   0.746
20260406222111    146   1075.0   1090.0   20.0    113.0   1253.6   1256.2   0.763
20260406222111    146   1265.0   1280.0   20.0    104.9   1258.9   1267.3   0.818
20260406222111    149     30.0     50.0   20.0     74.5    876.2   1023.1   0.805
20260406222111    149    235.0    250.0   20.0     20.8   1040.1   1057.8   0.810
20260406222111    149   1140.0   1155.0   20.0     27.9   1146.9   1180.3   0.794
20260406222111    150    605.0    620.0   20.0     78.6    897.0    896.1   0.870
20260406222111    151    175.0    195.0   20.0    103.5    886.0   1125.8   0.886
20260406222111    151   1030.0   1045.0   16.7     23.0   1142.9   1164.4   0.752
20260406222111    152      0.0     15.0   20.0    189.8      0.0    888.9   0.773
20260406222111    152     90.0    105.0   20.0     56.6    890.1    970.0   0.758
20260406222111    152   1465.0   1480.0   20.0     30.5   1047.5   1062.5   0.798
20260406222111    153   1110.0   1125.0   20.0     37.4    894.5   1013.3   0.894
20260406222111    153   1210.0   1225.0   20.0     29.7   1055.2   1048.0   0.728
20260406222111    153   1375.0   1390.0   20.0     29.7   1096.5   1089.9   0.749
20260406222111    154    845.0    860.0   20.0     22.2   1167.1   1214.5   0.831
20260406222111    155      5.0     20.0   20.0     47.2   1040.1   1078.1   0.710
20260406222111    156     25.0     40.0   20.0     81.6    887.5    989.5   0.748
20260406222111    156     80.0     95.0   20.0    134.0    999.3    887.5   0.762
20260406222111    156    320.0    355.0   20.0     37.4    888.3   1009.1   0.811
20260406222111    156    400.0    425.0   20.0     37.9   1016.9   1039.6   0.537
20260406222111    156    945.0    960.0   20.0     32.7   1188.3   1213.9   0.797
20260406222111    158     50.0     65.0   20.0     64.5    885.7    963.9   0.756
20260406222111    159    575.0    630.0   20.0    130.4    900.6    901.4   0.798
20260406222111    159    845.0    860.0   20.0     42.2    901.5   1041.2   0.901
20260406222111    159    910.0    930.0   20.0    167.3   1071.9    898.7   0.825
20260406222111    159   1145.0   1160.0   20.0     60.5    898.2    899.9   0.791
20260406222111    160   1425.0   1470.0   20.0    172.8    900.7    899.4   0.841
20260406222111    160   1680.0   1695.0   20.0     46.8    897.0    897.6   0.741
20260406222111    161   1040.0   1055.0   20.0     39.0    887.9    888.7   0.785
20260406222111    161   1765.0   1780.0   20.0     22.6    903.2    940.9   0.781
20260406222111    162    320.0    345.0   20.0    153.1    881.5    884.5   0.801
20260406222111    162    655.0    680.0   20.0     90.3    890.0    888.7   0.810
20260406222111    164      0.0     15.0   20.0     41.3      0.0   1100.2   0.769
20260406222111    165    665.0    680.0   20.0     41.6    913.9   1076.0   0.788
20260406222111    165    720.0    735.0   20.0    160.1   1145.0    909.0   0.874
20260406222111    165   1045.0   1060.0   20.0     24.4    907.4    911.0   0.510
20260406222111    166    875.0    890.0   20.0     43.2    898.2    970.3   0.780
20260406222111    166   1125.0   1140.0   20.0     28.1   1031.0   1100.6   0.743
20260406222111    166   1185.0   1200.0   20.0     40.4   1097.7   1142.5   0.806
20260406222111    166   1625.0   1640.0   20.0     32.6   1181.4   1223.2   0.858
20260406222111    168   1580.0   1595.0   20.0     40.8    913.3    989.5   0.767
20260406222111    168   1775.0   1790.0   20.0     25.7    996.9   1131.8   0.729
20260406222111    169    100.0    120.0   20.0    143.5    897.6    908.6   0.848
20260406222111    169   1005.0   1020.0   20.0     57.3    900.4    900.1   0.791
20260406222111    169   1785.0   1800.0   20.0     78.1    903.3   1023.7   0.807
20260406222111    173    315.0    330.0   20.0     53.0    907.4    911.5   0.751
20260406222111    173    395.0    425.0   20.0    244.1    908.8    910.4   0.839
20260406222111    175    295.0    320.0   20.0     39.3    920.7   1048.8   0.758
20260406222111    175    940.0    955.0   20.0     21.3   1131.5   1159.1   0.823
20260406222111    177    340.0    355.0   20.0     65.9    919.7    918.7   0.724
20260406222111    178    360.0    410.0   20.0    168.0    920.8    925.8   0.788
20260406222111    180   1300.0   1315.0   20.0    125.0    915.1    913.5   0.766
20260406222111    182     20.0     35.0   20.0     64.2    920.3   1081.9   0.812
20260406222111    183   1785.0   1800.0   20.0     56.4    920.6    920.5   0.759
20260406222111    184      5.0     20.0   20.0     45.1   1051.6   1128.8   0.848
20260406222111    184    160.0    175.0   20.0    173.9   1199.0    928.0   0.754
20260406222111    184    335.0    350.0   20.0     34.5    932.6   1071.4   0.751
20260406222111    184    505.0    520.0   20.0    159.9   1144.4    931.9   0.860
20260406222111    184   1330.0   1345.0   20.0     37.2    934.4    935.3   0.721
20260406222111    185    910.0    925.0   20.0     24.8   1061.4   1101.5   0.754
20260406222111    185   1135.0   1155.0   20.0    181.8   1143.1    932.3   0.882
20260406222111    185   1750.0   1765.0   20.0     24.9    933.2    973.3   0.790
20260406222111    187   1345.0   1360.0   20.0     51.5    936.2   1003.4   0.760
20260406222111    192     30.0     45.0   20.0     33.5    936.4   1075.7   0.874
20260406222111    192     95.0    115.0   20.0     32.8   1096.9   1127.2   0.527
20260406222111    193     75.0    170.0   20.0    243.1    937.2    936.4   0.837
20260406222111    193    545.0    560.0   20.0     69.4    940.0    941.8   0.773
20260406222111    195    275.0    290.0   20.0     51.8    934.8    932.9   0.590
20260406222111    196   1335.0   1350.0   20.0     50.1    947.0    947.1   0.673
20260406222111    197    165.0    180.0   20.0     71.6    951.9   1180.8   0.888
20260406222111    197    230.0    245.0   20.0     23.0   1197.1   1212.8   0.607
20260406222111    197    300.0    320.0   20.0    193.8   1248.3    953.4   0.817
20260406222111    197    360.0    390.0   20.0    119.5    954.5    956.3   0.766
20260406222111    199   1545.0   1570.0   20.0     72.1    958.2    957.5   0.832
20260406222111    200    565.0    580.0   20.0     52.3    966.1   1023.1   0.768
20260406222111    200    645.0    660.0   20.0    124.6   1042.0   1126.3   0.920
20260406222111    200   1740.0   1750.0   20.0     23.1   1106.4   1105.5   0.496
20260406222111    201      0.0     15.0   20.0    147.0      0.0    958.1   0.784
20260406222111    201    420.0    435.0   20.0     94.6    960.3    959.8   0.788
20260406222111    201    845.0    860.0   20.0     60.8    963.8    961.0   0.769
20260406222111    202      0.0     85.0   20.0     88.8      0.0    959.0   0.915
20260406222111    202   1145.0   1205.0   20.0    250.5    963.2    965.8   0.861
20260406222111    202   1265.0   1280.0   20.0     62.3    963.3    964.5   0.711
20260406222111    206    455.0    475.0   20.0     27.0   1287.3   1104.1   0.899
20260406222111    209   1180.0   1200.0   20.0     81.9    983.1   1264.9   0.875
20260406222111    209   1440.0   1455.0   20.0     23.4   1337.0   1344.7   0.807
20260406222111    210    320.0    335.0   20.0     76.3    977.0    978.3   0.620
20260406222111    211    215.0    240.0   20.0    135.2    978.7    977.9   0.842
20260406222111    211    800.0    815.0   20.0    153.0    984.3    981.0   0.803
20260406222111    212    400.0    415.0   20.0     55.5   1140.3   1005.5   0.752
20260406222111    214    655.0    685.0   20.0     69.8    988.7    983.8   0.802
20260406222111    214   1650.0   1665.0   20.0     45.1    977.9    979.0   0.795
20260406222111    215   1300.0   1335.0   20.0     29.9    988.9   1152.6   0.741
20260406222111    215   1410.0   1480.0   20.0     42.8   1165.0   1274.5   0.630
20260406222111    215   1530.0   1545.0   20.0     34.9   1240.5   1279.2   0.677
20260406222111    215   1725.0   1740.0   20.0     25.3   1271.6   1256.2   0.559
20260406222111    216    290.0    325.0   20.0     51.7   1500.8   1509.3   0.860
20260406222111    216    410.0    645.0   20.0     45.4   1501.3   1544.4   0.905
20260406222111    216    710.0    730.0   20.0     22.7   1546.5   1546.5   0.884
20260406222111    216    925.0   1000.0   20.0     24.5   1544.4   1541.0   0.909
20260406222111    216   1040.0   1075.0   20.0     24.3   1543.3   1541.7   0.908
20260406222111    217     95.0    110.0   20.0     44.2   1510.3   1509.6   0.890
20260406222111    217    950.0    965.0   20.0     35.3   1520.7   1581.5   0.935
20260406222111    218   1230.0   1275.0   20.0     43.9   1006.9   1201.8   0.761
20260406222111    218   1585.0   1600.0   20.0     63.0   1274.5   1350.3   0.875
20260406222111    219   1135.0   1155.0   20.0     55.6    995.6   1084.2   0.762
20260406222111    219   1505.0   1520.0   20.0     23.3   1122.3   1130.0   0.491
20260406222111    219   1735.0   1750.0   20.0     21.0   1143.8   1146.3   0.674
20260406222111    220    215.0    225.0   20.0     20.0   1138.3   1174.8   0.776
20260406222111    221   1160.0   1175.0   20.0     21.1   1009.8   1008.8   0.647
20260406222111    221   1700.0   1715.0   20.0     78.4   1009.0   1175.0   0.870
20260406222111    222      5.0     20.0   20.0     45.1   1345.2   1334.8   0.613
20260406222111    223    465.0    480.0   20.0     37.2    998.1   1103.0   0.758
20260406222111    223    565.0    580.0   20.0     24.8   1213.5   1233.3   0.603
20260406222111    227     25.0     85.0   20.0    128.8   1025.7   1339.6   0.813
20260406222111    227    180.0    195.0   20.0     21.8   1402.7   1433.1   0.754
20260406222111    227    395.0    410.0   20.0     26.7   1436.4   1461.0   0.767
20260406222111    227    550.0    565.0   20.0     27.0   1314.6   1334.0   0.720
20260406222111    227    835.0    850.0   20.0     25.2   1254.4   1115.8   0.885
20260406222111    227   1145.0   1160.0   20.0    103.9   1023.7   1027.9   0.716
20260406222111    228   1095.0   1120.0   20.0    130.8   1028.8   1021.6   0.778
20260406222111    228   1570.0   1590.0   20.0     71.1   1025.5   1027.3   0.796
20260406222111    229    335.0    350.0   20.0     64.1   1020.8   1022.7   0.672
20260406222111    229    960.0    975.0   20.0     60.7   1025.8   1024.2   0.459
20260406222111    230   1135.0   1150.0   20.0     42.4   1033.0   1030.1   0.753
20260406222111    230   1700.0   1715.0   20.0     63.3   1027.4   1122.2   0.749
20260406222111    230   1760.0   1775.0   20.0     23.1   1163.4   1166.7   0.548
20260406222111    231    210.0    265.0   20.0     46.2   1315.0   1346.1   0.731
20260406222111    231    385.0    400.0   20.0     68.7   1339.9   1416.0   0.614
20260406222111    231    570.0    580.0   20.0     24.7   1432.5   1452.4   0.410
20260406222111    232     30.0     50.0   20.0     39.8   1030.6   1031.4   0.744
20260406222111    235    235.0    250.0   20.0     73.5   1030.4   1107.9   0.739
20260406222111    235    500.0    520.0   20.0    124.9   1171.9   1244.5   0.605
20260406222111    235    560.0    575.0   20.0     21.7   1244.5   1252.6   0.788
20260406222111    235    890.0    900.0   20.0     77.6   1242.2   1259.0   0.543
20260406222111    235   1105.0   1125.0   20.0     37.3   1260.4   1284.1   0.733
20260406222111    235   1370.0   1420.0   20.0     40.7   1312.3   1337.8   0.799
20260406222111    235   1660.0   1675.0   20.0     44.7   1256.2   1274.9   0.748
20260406222111    236    515.0    530.0   20.0     52.6   1047.0   1117.2   0.741
20260406222111    236    600.0    640.0   20.0    284.5   1141.8   1044.7   0.846
20260406222111    236    855.0    870.0   20.0     55.7   1048.4   1046.3   0.775
20260406222111    237    415.0    430.0   20.0     20.7   1135.0   1150.5   0.784
20260406222111    237   1105.0   1115.0   20.0     21.1   1178.4   1178.8   0.780
20260406222111    237   1515.0   1530.0   20.0     22.5   1208.1   1219.5   0.741
20260406222111    238    940.0    985.0   20.0     27.3   1381.9   1382.6   0.811
20260406222111    239    550.0    565.0   20.0     21.3   1066.8   1066.5   0.582
20260406222111    239    875.0    900.0   20.0     35.9   1067.7   1163.1   0.773
20260406222111    239    975.0    990.0   20.0     52.0   1136.0   1067.4   0.758
20260406222111    239   1740.0   1755.0   20.0    133.7   1062.7   1268.6   0.788
20260406222111    239   1790.0   1800.0   20.0    183.2   1297.2   1062.3   0.795
20260406222111    240     70.0     85.0   20.0     22.2   1057.6   1109.0   0.771
20260406222111    242    495.0    540.0   20.0    182.7   1069.8   1063.6   0.782
20260406222111    244    195.0    210.0   20.0     25.5   1079.2   1079.0   0.755
20260406222111    244    470.0    490.0   20.0    125.3   1079.2   1077.4   0.854
20260406222111    244    960.0    980.0   20.0     57.0   1076.9   1079.5   0.762
20260406222111    244   1040.0   1090.0   20.0    144.4   1079.6   1080.4   0.804
20260406222111    244   1575.0   1600.0   20.0    106.2   1078.6   1079.1   0.790
20260406222111    245   1585.0   1605.0   20.0     84.4   1080.2   1080.1   0.825
20260406222111    246      0.0     85.0   20.0    199.3      0.0   1075.1   0.816
20260406222111    247    310.0    325.0   20.0     47.8   1179.0   1111.7   0.808
20260406222111    251      0.0     10.0   20.0     20.2      0.0   1383.3   0.428
20260406222111    251    210.0    225.0   20.0     25.8   1391.2   1425.4   0.681
20260406222111    251    485.0    500.0   20.0     42.5   1492.0   1515.9   0.784
20260406222111    251    590.0    605.0   20.0     20.2   1530.5   1576.6   0.895
20260406222111    252   1230.0   1250.0   20.0     74.2   1078.6   1078.8   0.765
20260406222111    252   1675.0   1695.0   20.0    242.2   1079.4   1079.0   0.837
20260406222111    253    630.0    670.0   20.0     77.5   1099.9   1098.1   0.765
20260406222111    254   1515.0   1535.0   20.0     57.5   1612.9   1093.4   0.926
20260406222111    255    255.0    275.0   20.0    196.9   1115.5   1113.2   0.802
20260406222111    255   1445.0   1465.0   20.0    149.8   1110.1   1112.3   0.802
20260406222111    255   1790.0   1800.0   20.0     29.5   1105.5   1103.9   0.651
20260406225431      1   1790.0   1800.0   20.0     20.6    975.9    989.2   0.488
20260406225431      3   1270.0   1285.0   20.0     35.8    969.7   1024.4   0.822
20260406225431      3   1325.0   1350.0   20.0     75.7   1020.6    968.8   0.826
20260406225431      3   1790.0   1800.0   20.0     68.2    968.9   1030.0   0.742
20260406225431      4   1145.0   1165.0   20.0     59.2    982.2    984.5   0.827
20260406225431      6    485.0    550.0   20.0     86.3   1272.6    979.5   0.924
20260406225431      6   1560.0   1575.0   20.0     23.9    982.3    991.1   0.579
20260406225431      9   1030.0   1045.0   20.0     41.7    958.8    959.5   0.704
20260406225431      9   1410.0   1425.0   20.0     21.2    953.4    979.8   0.857
20260406225431     10   1530.0   1545.0   20.0     41.5    975.0   1044.8   0.757
20260406225431     10   1635.0   1655.0   20.0     33.3   1065.7   1165.0   0.810
20260406225431     11   1645.0   1660.0   20.0     22.0    966.7    959.6   0.644
20260406225431     12   1020.0   1035.0   20.0     34.3    963.8   1016.7   0.767
20260406225431     12   1125.0   1170.0   20.0     63.5   1039.7   1037.8   0.814
20260406225431     13   1300.0   1315.0   20.0    103.5    935.6    938.9   0.787
20260406225431     13   1585.0   1600.0   20.0     40.1    943.9    940.0   0.505
20260406225431     14    365.0    385.0   20.0    108.5    969.5    968.3   0.812
20260406225431     14   1430.0   1450.0   20.0    103.8    975.1   1170.9   0.881
20260406225431     18    130.0    180.0   20.0    125.3    964.5    962.7   0.822
20260406225431     18   1415.0   1430.0   20.0     53.2    958.9    957.3   0.702
20260406225431     19    460.0    475.0   20.0     30.9   1316.7   1325.3   0.770
20260406225431     20   1330.0   1345.0   20.0     50.9    955.4   1062.3   0.777
20260406225431     20   1395.0   1410.0   20.0    156.8   1151.8    954.3   0.775
20260406225431     20   1730.0   1745.0   20.0     75.7    964.7   1126.1   0.860
20260406225431     22    265.0    280.0   20.0     47.8    958.2   1027.5   0.741
20260406225431     22    555.0    570.0   20.0     23.3   1095.9   1085.8   0.722
20260406225431     22    735.0    750.0   20.0     29.8   1084.0   1113.0   0.686
20260406225431     22    955.0    970.0   20.0     20.5   1122.2   1152.7   0.770
20260406225431     24    905.0    920.0   20.0     93.3   1158.2    946.5   0.889
20260406225431     24   1660.0   1675.0   20.0     27.2    972.5    976.5   0.594
20260406225431     24   1735.0   1750.0   20.0     23.1    966.4    959.8   0.658
20260406225431     25     65.0    105.0   20.0    221.7   1057.2    932.0   0.779
20260406225431     28   1700.0   1720.0   20.0    149.0    948.9    927.6   0.854
20260406225431     29   1680.0   1695.0   20.0    108.8    914.2    917.7   0.729
20260406225431     30    160.0    175.0   20.0     24.8   1003.3    990.3   0.856
20260406225431     30    280.0    295.0   20.0     65.5   1041.8    929.6   0.759
20260406225431     33    245.0    260.0   20.0     41.0   1133.9   1127.5   0.749
20260406225431     33    300.0    310.0   20.0     26.7   1144.2   1165.3   0.515
20260406225431     33    565.0    585.0   20.0     34.7   1182.5   1224.4   0.794
20260406225431     33    880.0    895.0   20.0     30.5   1161.9   1193.4   0.775
20260406225431     34   1135.0   1150.0   20.0     51.0    935.9   1061.4   0.814
20260406225431     34   1205.0   1220.0   20.0    153.2   1101.3    936.4   0.759
20260406225431     34   1610.0   1625.0   20.0     26.5    943.2    954.3   0.641
20260406225431     36   1505.0   1520.0   20.0     54.8    937.1    935.3   0.720
20260406225431     37    235.0    285.0   20.0     64.1    939.1    922.6   0.767
20260406225431     37   1635.0   1650.0   20.0     50.9    923.0   1061.5   0.864
20260406225431     38    530.0    550.0   20.0     36.8    930.2    928.7   0.817
20260406225431     38    745.0    810.0   20.0     87.6    928.0    989.5   0.794
20260406225431     38    920.0    935.0   20.0     33.6   1035.9   1067.2   0.743
20260406225431     38    985.0   1000.0   20.0    132.6   1080.4    922.5   0.767
20260406225431     38   1065.0   1080.0   20.0    100.3    924.9    927.3   0.782
20260406225431     38   1140.0   1155.0   20.0     23.6    925.9    964.2   0.757
20260406225431     38   1255.0   1275.0   20.0     58.2    982.3    923.9   0.862
20260406225431     39      0.0     15.0   20.0    104.5      0.0    910.8   0.699
20260406225431     40    255.0    270.0   20.0    112.3    931.8    928.6   0.763
20260406225431     40   1530.0   1545.0   20.0     25.5    938.2    937.3   0.675
20260406225431     41    175.0    190.0   20.0     27.6    909.4   1083.1   0.697
20260406225431     41    285.0    300.0   20.0    148.4   1109.8    908.6   0.792
20260406225431     41   1615.0   1630.0   20.0    119.0    902.2    928.3   0.635
20260406225431     43   1450.0   1465.0   20.0     41.2    909.1   1030.0   0.795
20260406225431     44    390.0    415.0   20.0    115.1    921.6    921.6   0.781
20260406225431     44    640.0    660.0   20.0    131.9    921.7    919.7   0.797
20260406225431     45    310.0    325.0   20.0     29.1    905.4    905.2   0.735
20260406225431     46   1450.0   1465.0   20.0     70.0    909.5   1014.0   0.780
20260406225431     46   1570.0   1585.0   20.0     20.7    996.3   1013.3   0.752
20260406225431     47    520.0    540.0   20.0     31.3    939.8    938.7   0.813
20260406225431     47   1680.0   1695.0   20.0    118.9    926.1   1181.7   0.874
20260406225431     48     30.0     45.0   20.0     23.1   1096.5   1051.4   0.856
20260406225431     49    450.0    480.0   20.0     47.3   1382.0   1357.4   0.840
20260406225431     49    565.0    585.0   20.0     71.9   1340.5   1356.3   0.824
20260406225431     53   1785.0   1800.0   20.0     92.6    893.5   1115.6   0.888
20260406225431     55   1080.0   1095.0   20.0     24.9    892.1    950.7   0.803
20260406225431     55   1500.0   1515.0   20.0    104.8    990.5    887.5   0.765
20260406225431     56     20.0     35.0   20.0     45.2    892.8   1027.3   0.805
20260406225431     56    175.0    190.0   20.0     22.0   1082.0   1122.6   0.862
20260406225431     56    610.0    625.0   20.0     23.4   1133.5   1145.5   0.792
20260406225431     60    110.0    125.0   20.0     58.3    891.1    893.4   0.712
20260406225431     60   1200.0   1215.0   20.0     24.6    896.1    934.6   0.786
20260406225431     60   1275.0   1290.0   20.0     38.2    970.9    949.3   0.587
20260406225431     62   1535.0   1550.0   20.0     29.8    895.2    980.2   0.814
20260406225431     63      5.0     50.0   20.0     62.9    871.7    958.7   0.727
20260406225431     63    790.0    805.0   20.0     23.9   1081.3   1090.7   0.460
20260406225431     65    445.0    460.0   20.0     75.6    884.5    882.8   0.751
20260406225431     68   1190.0   1225.0   20.0    117.2    893.3    891.2   0.832
20260406225431     68   1350.0   1410.0   20.0     63.4    892.2   1051.7   0.882
20260406225431     70    170.0    185.0   20.0     38.6   1046.0   1121.8   0.847
20260406225431     72    740.0    755.0   20.0     27.5    900.0    878.5   0.750
20260406225431     74     75.0     90.0   20.0     50.4   1001.2   1049.4   0.829
20260406225431     74    850.0    865.0   20.0     38.4   1127.0   1141.9   0.760
20260406225431     74   1090.0   1105.0   20.0     20.4   1148.3   1174.9   0.868
20260406225431     75    835.0    850.0   20.0     43.2    872.2    869.7   0.780
20260406225431     75   1355.0   1375.0   20.0     91.2    866.4    874.8   0.847
20260406225431     77    460.0    475.0   20.0     29.2    864.1    991.0   0.793
20260406225431     77   1145.0   1160.0   20.0     21.0   1041.4   1044.7   0.724
20260406225431     78     30.0     45.0   20.0     22.6   1055.5   1084.1   0.611
20260406225431     78    820.0    835.0   20.0     32.6   1174.5   1237.5   0.866
20260406225431     80    655.0    670.0   20.0     68.4    872.9    872.3   0.790
20260406225431     80   1125.0   1140.0   20.0    101.9    869.1   1058.3   0.840
20260406225431     80   1215.0   1230.0   20.0     35.7   1053.4   1099.2   0.816
20260406225431     83    240.0    255.0   20.0     38.1    858.6    913.0   0.760
20260406225431     86    885.0    900.0   20.0     21.8   1176.0   1197.4   0.792
20260406225431     87    155.0    170.0   20.0     25.6    864.5    863.9   0.569
20260406225431     90     85.0    105.0   20.0    139.9   1030.1    865.4   0.834
20260406225431     90    195.0    220.0   20.0     49.0    869.1   1042.3   0.831
20260406225431     90    930.0    945.0   20.0     25.1   1166.5   1179.0   0.695
20260406225431     90   1125.0   1140.0   20.0     23.2   1168.1   1198.7   0.839
20260406225431     91    130.0    145.0   20.0     37.8    871.7    917.4   0.712
20260406225431     91    790.0    805.0   20.0     23.7    995.2   1017.0   0.763
20260406225431     91   1060.0   1075.0   20.0     48.0   1036.2   1102.4   0.783
20260406225431     93     15.0     25.0   20.0     20.7   1180.0   1163.1   0.699
20260406225431     93   1205.0   1225.0   20.0     53.7   1009.5    878.6   0.924
20260406225431     96    900.0    915.0   20.0     35.3    871.2    870.9   0.795
20260406225431     97   1240.0   1255.0   20.0     20.1   1178.8   1178.9   0.829
20260406225431     98    310.0    330.0   20.0     77.8    875.3    875.7   0.846
20260406225431     98    560.0    575.0   20.0     36.0    874.4    879.4   0.598
20260406225431    100     80.0     95.0   20.0     32.3    859.0   1090.0   0.713
20260406225431    100    150.0    165.0   20.0    212.9   1104.2    860.4   0.783
20260406225431    100   1535.0   1555.0   20.0     64.8    885.6    874.3   0.778
20260406225431    101   1775.0   1790.0   20.0    110.9    863.8   1053.7   0.912
20260406225431    102   1655.0   1670.0   20.0     41.3    877.2    920.5   0.726
20260406225431    102   1705.0   1720.0   20.0     24.9    925.4    946.8   0.581
20260406225431    104    475.0    490.0   20.0     21.0   1018.3   1027.9   0.779
20260406225431    106    850.0    880.0   20.0     38.1    865.8   1053.7   0.751
20260406225431    106    920.0    935.0   20.0    162.0   1117.2    865.7   0.816
20260406225431    106   1635.0   1650.0   20.0     44.8    866.4    917.7   0.755
20260406225431    108   1785.0   1800.0   20.0     44.5   1434.6   1393.7   0.850
20260406225431    109    105.0    120.0   20.0     60.4    849.2   1048.7   0.846
20260406225431    117    675.0    695.0   20.0     39.8    861.2   1004.7   0.784
20260406225431    117    790.0    820.0   20.0    108.6   1055.3    860.2   0.840
20260406225431    117   1290.0   1305.0   20.0     33.4    856.3    872.3   0.750
20260406225431    117   1575.0   1590.0   20.0     35.2    858.4    934.5   0.776
20260406225431    120    845.0    860.0   20.0     70.7    875.7    875.6   0.713
20260406225431    120   1375.0   1390.0   20.0     50.2    876.0    876.3   0.736
20260406225431    123   1405.0   1420.0   20.0     33.0    864.6    912.7   0.783
20260406225431    124    125.0    140.0   20.0    105.9    871.4   1120.5   0.847
20260406225431    124    205.0    225.0   20.0     37.9   1197.1   1336.9   0.675
20260406225431    126   1540.0   1555.0   20.0    373.9    877.5    879.5   0.587
20260406225431    127    710.0    730.0   20.0     50.8    882.2    877.5   0.858
20260406225431    128    230.0    250.0   20.0    116.8    866.7    868.5   0.805
20260406225431    128    410.0    425.0   20.0     62.4    869.5    935.8   0.756
20260406225431    128    470.0    485.0   20.0    116.3    983.0    872.0   0.748
20260406225431    129      0.0     10.0   20.0     73.9      0.0   1038.3   0.789
20260406225431    130     50.0     65.0   20.0    163.0   1182.5    874.2   0.753
20260406225431    133    110.0    125.0   20.0     46.7    862.2    861.9   0.760
20260406225431    134    270.0    285.0   20.0     34.3    880.6    969.7   0.758
20260406225431    134   1295.0   1310.0   20.0     26.9   1062.4   1061.1   0.863
20260406225431    134   1610.0   1625.0   20.0     29.8   1071.1   1090.8   0.721
20260406225431    134   1710.0   1725.0   20.0     58.4   1108.9   1136.2   0.896
20260406225431    135    855.0    875.0   20.0     60.3    881.5    881.8   0.825
20260406225431    135   1670.0   1685.0   20.0     21.2    882.7    889.6   0.506
20260406225431    137      0.0     10.0   20.0     28.7      0.0   1128.2   0.652
20260406225431    138   1460.0   1475.0   20.0     53.0    882.5    880.0   0.833
20260406225431    140    875.0    910.0   20.0     57.7    879.7    881.4   0.774
20260406225431    140   1780.0   1795.0   20.0     36.8    878.4    879.1   0.795
20260406225431    141   1280.0   1295.0   20.0     34.0    875.7    956.6   0.788
20260406225431    141   1485.0   1505.0   20.0    147.4   1002.4    875.0   0.787
20260406225431    143    765.0    785.0   20.0     52.7    877.1    876.6   0.713
20260406225431    143    835.0    855.0   20.0     78.3    878.1    876.3   0.766
20260406225431    144   1405.0   1420.0   20.0     59.8    879.6    878.9   0.722
20260406225431    146    165.0    180.0   20.0     28.9   1092.0   1108.1   0.493
20260406225431    149    530.0    545.0   20.0     62.6    888.9    997.8   0.739
20260406225431    149    815.0    830.0   20.0     21.7   1011.3   1043.0   0.793
20260406225431    149   1200.0   1215.0   20.0     23.7   1088.7   1115.8   0.685
20260406225431    150    745.0    760.0   20.0     71.9    899.5   1001.3   0.746
20260406225431    150    850.0    885.0   20.0     45.1   1027.8   1005.0   0.731
20260406225431    150   1670.0   1685.0   20.0     23.0   1019.1   1017.5   0.702
20260406225431    151    520.0    535.0   20.0     43.2    893.3    895.7   0.798
20260406225431    152      0.0     10.0   20.0     24.0      0.0    892.9   0.873
20260406225431    152    190.0    205.0   20.0     58.1    894.0    994.0   0.793
20260406225431    152    250.0    265.0   20.0     28.0    994.6   1029.2   0.697
20260406225431    152    950.0    965.0   20.0     29.4   1070.9   1098.8   0.817
20260406225431    153    800.0    820.0   20.0     35.1    900.9    902.1   0.808
20260406225431    156     25.0     40.0   20.0     25.7   1116.3   1161.0   0.533
20260406225431    157     20.0     35.0   20.0    322.0   1151.5    896.3   0.736
20260406225431    157   1335.0   1350.0   20.0     20.5    899.9    930.2   0.806
20260406225431    157   1620.0   1655.0   20.0     36.2    938.9   1015.5   0.684
20260406225431    158   1030.0   1070.0   20.0     55.3    894.0    895.2   0.828
20260406225431    159   1425.0   1440.0   20.0     70.3    908.3   1126.1   0.887
20260406225431    160   1225.0   1245.0   20.0     94.6    902.0    901.9   0.807
20260406225431    161    230.0    250.0   20.0    106.3    890.1    891.4   0.811
20260406225431    161   1165.0   1180.0   20.0     40.5    891.4    895.8   0.694
20260406225431    163   1410.0   1430.0   20.0    177.2    922.3    922.3   0.875
20260406225431    165      0.0     40.0   20.0     60.9      0.0   1109.8   0.741
20260406225431    165     85.0    100.0   20.0     22.9   1097.4   1081.8   0.569
20260406225431    165    190.0    210.0   20.0     29.5   1082.8   1078.3   0.745
20260406225431    167   1525.0   1540.0   20.0     30.3   1180.2   1178.2   0.483
20260406225431    168     15.0     50.0   20.0    276.5    910.0    911.7   0.856
20260406225431    168    155.0    170.0   20.0     77.3    911.5   1114.6   0.814
20260406225431    168    325.0    365.0   20.0     27.4   1154.8   1145.6   0.766
20260406225431    168   1050.0   1110.0   20.0     92.3   1159.7   1250.1   0.754
20260406225431    168   1260.0   1275.0   20.0     26.6   1239.4   1301.2   0.788
20260406225431    169    205.0    220.0   20.0     46.3    900.8   1084.6   0.845
20260406225431    169   1380.0   1395.0   20.0     31.5   1176.0   1218.9   0.777
20260406225431    171    240.0    255.0   20.0     51.1    908.4    909.9   0.837
20260406225431    171   1720.0   1770.0   20.0     67.0    912.2   1074.3   0.785
20260406225431    173    265.0    285.0   20.0     32.7    911.5    912.5   0.695
20260406225431    173    470.0    490.0   20.0     71.6    913.6   1069.5   0.908
20260406225431    173   1060.0   1075.0   20.0     39.1   1151.5   1190.3   0.768
20260406225431    175    140.0    210.0   20.0    103.4    921.7   1253.4   0.828
20260406225431    175   1130.0   1145.0   20.0     27.0   1279.8   1287.3   0.789
20260406225431    176     25.0    130.0   20.0     52.4    911.1   1241.0   0.803
20260406225431    177    655.0    670.0   20.0     32.7    927.2    928.9   0.413
20260406225431    177   1665.0   1680.0   20.0     71.9    922.2   1073.4   0.822
20260406225431    177   1740.0   1760.0   20.0    213.5   1162.2    924.5   0.806
20260406225431    178   1040.0   1055.0   20.0    188.7    926.7    927.4   0.756
20260406225431    181    600.0    615.0   20.0     26.5    920.1    950.5   0.759
20260406225431    181    845.0    860.0   20.0     91.4   1064.1    920.8   0.812
20260406225431    181   1255.0   1270.0   20.0     70.0    918.6    918.7   0.743
20260406225431    181   1580.0   1595.0   20.0     72.9    917.0    916.6   0.742
20260406225431    183    575.0    590.0   20.0     25.9    928.2    924.5   0.601
20260406225431    185   1665.0   1690.0   20.0    155.3    937.6    937.4   0.853
20260406225431    186     40.0     55.0   20.0     33.3    927.2    925.7   0.491
20260406225431    186   1010.0   1035.0   20.0     91.1    930.1    931.7   0.753
20260406225431    186   1335.0   1370.0   20.0     68.7    934.0   1102.5   0.865
20260406225431    187   1200.0   1215.0   20.0     27.9   1059.9   1069.7   0.670
20260406225431    188    165.0    185.0   20.0     60.1    938.8    939.2   0.825
20260406225431    188   1055.0   1070.0   20.0     72.4    941.5    942.4   0.747
20260406225431    191   1065.0   1080.0   20.0     77.1    944.2    944.3   0.838
20260406225431    191   1750.0   1765.0   20.0     45.3    942.7   1003.5   0.753
20260406225431    192     90.0    110.0   20.0     82.2    947.4   1177.5   0.851
20260406225431    195     75.0     90.0   20.0     49.0    933.3    934.0   0.779
20260406225431    196    810.0    840.0   20.0     25.9    951.2   1115.7   0.775
20260406225431    196   1210.0   1225.0   20.0     27.0   1175.2   1223.8   0.808
20260406225431    196   1680.0   1695.0   20.0    168.7   1206.9    947.2   0.782
20260406225431    197    255.0    285.0   20.0     28.1    982.4   1095.6   0.840
20260406225431    197    350.0    385.0   20.0    110.2   1185.9    957.0   0.845
20260406225431    197    660.0    680.0   20.0     82.8    962.0    961.5   0.816
20260406225431    197    840.0    855.0   20.0     46.9    964.7   1037.4   0.778
20260406225431    197    955.0   1020.0   20.0     42.8   1133.4   1194.9   0.844
20260406225431    197   1135.0   1145.0   20.0     30.1   1171.8   1195.0   0.433
20260406225431    197   1225.0   1240.0   20.0     40.8   1218.3   1246.6   0.722
20260406225431    197   1315.0   1325.0   20.0     40.2   1238.5   1260.3   0.706
20260406225431    199    280.0    315.0   20.0    189.4    958.1    958.7   0.830
20260406225431    199   1225.0   1245.0   20.0     65.0    963.5    962.9   0.778
20260406225431    200    570.0    585.0   20.0     39.2    970.1   1025.8   0.742
20260406225431    200    630.0    645.0   20.0    144.9   1040.5    971.2   0.774
20260406225431    200   1595.0   1615.0   20.0     64.8    976.8    973.6   0.839
20260406225431    201    145.0    160.0   20.0    156.5    967.6    961.0   0.824
20260406225431    202    170.0    185.0   20.0     41.0    973.9   1078.9   0.764
20260406225431    202    250.0    310.0   20.0    257.2   1108.1    967.3   0.761
20260406225431    205    300.0    320.0   20.0    149.2    971.3    970.9   0.804
20260406225431    205    485.0    500.0   20.0     77.1    968.2    969.5   0.735
20260406225431    206     75.0     90.0   20.0     57.4    972.9   1106.0   0.817
20260406225431    206   1405.0   1435.0   20.0     24.0   1270.3   1294.8   0.875
20260406225431    206   1710.0   1725.0   20.0     21.8   1316.0   1327.0   0.601
20260406225431    208     25.0     85.0   20.0    161.2    975.9    978.4   0.821
20260406225431    208    460.0    475.0   20.0     34.3    976.8    979.5   0.703
20260406225431    208   1055.0   1070.0   20.0     74.3    981.6    988.1   0.724
20260406225431    209     60.0     80.0   20.0    134.3    975.9   1311.7   0.887
20260406225431    209    835.0    860.0   20.0     46.5   1369.3   1385.7   0.852
20260406225431    209    895.0   1130.0   20.0    356.5   1384.8   1407.9   0.854
20260406225431    209   1165.0   1180.0   20.0    267.3   1419.0   1416.6   0.843
20260406225431    209   1230.0   1245.0   20.0    113.9   1413.8   1417.6   0.724
20260406225431    209   1280.0   1350.0   20.0    259.1   1422.7   1439.0   0.887
20260406225431    209   1385.0   1460.0   20.0    293.0   1461.4   1447.3   0.879
20260406225431    209   1620.0   1635.0   20.0    235.8   1437.8   1446.4   0.913
20260406225431    209   1695.0   1800.0   20.0    268.5   1444.7   1463.7   0.899
20260406225431    210      5.0     20.0   20.0     52.1    979.4    982.9   0.749
20260406225431    210    775.0    795.0   20.0    127.1    984.8    985.7   0.806
20260406225431    211    290.0    305.0   20.0     40.2    982.5   1037.7   0.754
20260406225431    211    610.0    625.0   20.0     67.7   1043.4   1049.5   0.755
20260406225431    212    440.0    455.0   20.0     36.0    980.5    981.8   0.721
20260406225431    212    660.0    675.0   20.0     46.4    985.7    984.6   0.801
20260406225431    214   1310.0   1355.0   20.0    116.0    989.2    986.0   0.803
20260406225431    215     20.0     40.0   20.0     33.1   1224.8   1253.1   0.605
20260406225431    215     80.0    130.0   20.0    211.1   1255.7   1246.8   0.826
20260406225431    215    890.0   1100.0   20.0     71.7   1385.0   1406.5   0.929
20260406225431    215   1355.0   1370.0   20.0     26.8   1437.7   1436.0   0.894
20260406225431    218     20.0     35.0   20.0     21.5   1184.3   1221.7   0.458
20260406225431    219    715.0    750.0   20.0     72.3   1005.6   1005.1   0.750
20260406225431    219   1210.0   1225.0   20.0     28.5   1001.7   1039.9   0.779
20260406225431    219   1475.0   1515.0   20.0    103.4   1204.6   1061.7   0.811
20260406225431    219   1725.0   1770.0   20.0     37.7   1149.0   1183.7   0.866
20260406225431    220      0.0     20.0   20.0     93.1      0.0   1030.9   0.779
20260406225431    221    375.0    410.0   20.0    142.8   1010.7   1011.6   0.781
20260406225431    221    610.0    645.0   20.0     55.1   1011.9   1226.4   0.771
20260406225431    221    740.0    755.0   20.0     32.9   1256.3   1254.4   0.722
20260406225431    223     10.0     70.0   20.0    155.1   1004.4   1392.7   0.934
20260406225431    227   1295.0   1310.0   20.0     32.4   1023.8   1027.2   0.723
20260406225431    227   1720.0   1735.0   20.0     43.0   1029.4   1086.5   0.766
20260406225431    230   1090.0   1110.0   20.0     87.2   1033.9   1034.7   0.788
20260406225431    231      0.0     15.0   20.0     26.4      0.0   1309.8   0.683
20260406225431    232   1670.0   1755.0   20.0    161.2   1032.8   1049.6   0.815
20260406225431    233    535.0    550.0   20.0     58.1   1045.6   1037.4   0.686
20260406225431    234    450.0    465.0   20.0     20.0   1102.1   1216.4   0.765
20260406225431    234    595.0    640.0   20.0     37.5   1255.3   1242.2   0.860
20260406225431    234    705.0    720.0   20.0     30.0   1207.8   1231.9   0.678
20260406225431    234   1215.0   1230.0   20.0     57.5   1336.9   1348.8   0.629
20260406225431    235   1020.0   1035.0   20.0     74.3   1030.1   1028.6   0.716
20260406225431    236   1080.0   1130.0   20.0    160.3   1041.9   1042.4   0.789
20260406225431    237    105.0    120.0   20.0     34.8   1039.5   1104.3   0.805
20260406225431    237    285.0    335.0   20.0     35.9   1192.7   1289.4   0.882
20260406225431    238    275.0    320.0   20.0     25.1   1473.7   1497.1   0.746
20260406225431    239    120.0    140.0   20.0    205.1   1071.2   1073.3   0.826
20260406225431    239   1770.0   1785.0   20.0     52.0   1062.2   1192.2   0.798
20260406225431    241    535.0    550.0   20.0     21.4   1054.8   1050.8   0.789
20260406225431    241    695.0    710.0   20.0     37.2   1054.6   1104.5   0.832
20260406225431    241    900.0    920.0   20.0    166.8   1274.2   1050.7   0.880
20260406225431    241   1725.0   1755.0   20.0     28.7   1044.8   1224.1   0.811
20260406225431    242    580.0    595.0   20.0     29.9   1067.7   1228.0   0.836
20260406225431    242    705.0    740.0   20.0     25.7   1301.4   1350.6   0.753
20260406225431    242    775.0    790.0   20.0    186.8   1334.9   1069.1   0.796
20260406225431    242   1055.0   1080.0   20.0    131.9   1068.4   1068.5   0.765
20260406225431    244    530.0    550.0   20.0     98.9   1079.9   1080.2   0.799
20260406225431    245     75.0     95.0   20.0    183.6   1084.2   1083.7   0.759
20260406225431    246    140.0    155.0   20.0     43.6   1077.4   1143.6   0.721
20260406225431    246    230.0    295.0   20.0     32.2   1188.8   1198.9   0.737
20260406225431    246    580.0    595.0   20.0    145.9   1249.3   1072.5   0.769
20260406225431    246    650.0    685.0   20.0    109.2   1076.0   1078.1   0.803
20260406225431    246   1365.0   1385.0   20.0     74.9   1070.8   1071.0   0.879
20260406225431    247    220.0    235.0   20.0     49.0   1095.3   1109.2   0.455
20260406225431    248   1185.0   1200.0   20.0     21.9   1561.8   1584.0   0.803
20260406225431    252     40.0     55.0   20.0     25.1   1295.7   1331.3   0.790
20260406225431    252     95.0    110.0   20.0     22.9   1325.1   1353.4   0.766
20260406225431    252    170.0    185.0   20.0     22.5   1358.0   1355.1   0.573
20260406225431    253   1525.0   1540.0   20.0     49.3   1103.8   1091.2   0.863
20260406225431    254    170.0    190.0   20.0    242.9   1102.4   1104.3   0.914
20260406225431    254   1620.0   1635.0   20.0     85.0   1092.9   1096.8   0.780
20260406225431    255     95.0    115.0   20.0    170.7   1118.0   1119.3   0.843
20260406225431    255    380.0    395.0   20.0     55.7   1114.8   1114.3   0.622
20260406225431    255    475.0    490.0   20.0     24.2   1115.5   1114.1   0.453
20260406232750      1     55.0     70.0   20.0    196.9   1260.6    979.8   0.831
20260406232750      1   1465.0   1480.0   20.0    109.8    972.7   1142.5   0.852
20260406232750      1   1560.0   1575.0   20.0     97.2   1146.9    971.2   0.868
20260406232750      3   1545.0   1565.0   20.0    140.9    982.9    990.8   0.796
20260406232750      3   1725.0   1790.0   20.0     56.2    974.2    972.7   0.809
20260406232750      4   1360.0   1405.0   20.0     69.1    987.5    988.2   0.812
20260406232750      5   1660.0   1675.0   20.0     40.3    971.2   1026.2   0.781
20260406232750      6    970.0    985.0   20.0     25.5    977.4    977.4   0.629
20260406232750      6   1355.0   1380.0   20.0     47.7    979.5   1246.6   0.880
20260406232750      6   1585.0   1600.0   20.0     88.1   1177.4    975.3   0.864
20260406232750      6   1715.0   1735.0   20.0     48.0    980.1    985.4   0.767
20260406232750      9   1105.0   1125.0   20.0     47.6    958.9   1096.5   0.787
20260406232750      9   1675.0   1690.0   20.0     20.1   1074.5   1086.4   0.565
20260406232750      9   1760.0   1775.0   20.0    140.1   1113.4    947.6   0.784
20260406232750     10      0.0     15.0   20.0     28.9      0.0   1232.3   0.528
20260406232750     10    870.0    885.0   20.0     30.5   1296.7   1325.3   0.819
20260406232750     13   1600.0   1630.0   20.0    166.2    937.2    938.0   0.810
20260406232750     14   1360.0   1380.0   20.0     50.3    968.5    967.8   0.770
20260406232750     14   1515.0   1530.0   20.0     52.4    970.0    969.1   0.699
20260406232750     16    145.0    155.0   20.0     21.7   1238.6   1255.3   0.764
20260406232750     16    750.0    765.0   20.0     22.0   1280.5   1293.0   0.686
20260406232750     16   1435.0   1455.0   20.0     35.5   1346.2   1345.2   0.741
20260406232750     18      0.0     20.0   20.0     86.5      0.0    963.6   0.803
20260406232750     18    785.0    800.0   20.0     48.3    960.6    961.9   0.719
20260406232750     20   1705.0   1745.0   20.0     32.5    963.6   1217.2   0.786
20260406232750     22     65.0     80.0   20.0     25.4   1105.4   1110.8   0.691
20260406232750     22    655.0    670.0   20.0     20.3   1101.6   1104.6   0.650
20260406232750     22   1205.0   1220.0   20.0     26.9   1149.3   1179.9   0.626
20260406232750     24    785.0    815.0   20.0     40.1    952.2    952.3   0.762
20260406232750     28    780.0    795.0   20.0     58.7    926.4    926.8   0.807
20260406232750     28   1365.0   1385.0   20.0    157.7    925.5    927.3   0.800
20260406232750     29   1770.0   1785.0   20.0     25.5    915.0    972.1   0.739
20260406232750     30   1685.0   1700.0   20.0     23.0    935.0    982.4   0.754
20260406232750     33    590.0    605.0   20.0     22.4   1207.0   1211.9   0.840
20260406232750     34    295.0    330.0   20.0    190.0    950.3    945.3   0.799
20260406232750     34    940.0    960.0   20.0    178.8    949.3    945.9   0.856
20260406232750     34   1150.0   1165.0   20.0     49.3    941.2    943.4   0.743
20260406232750     36   1230.0   1245.0   20.0     64.2    926.9   1020.5   0.630
20260406232750     37    980.0    995.0   20.0     90.5    915.7    916.5   0.768
20260406232750     38    170.0    185.0   20.0     26.3    931.8    983.1   0.738
20260406232750     38    495.0    510.0   20.0     41.6   1028.7   1084.7   0.703
20260406232750     38    620.0    640.0   20.0    114.0   1052.6    928.7   0.849
20260406232750     38   1790.0   1800.0   20.0     60.4    935.4   1044.5   0.791
20260406232750     40    695.0    710.0   20.0     49.9    930.1    930.8   0.763
20260406232750     40   1680.0   1695.0   20.0     28.9    948.9    997.8   0.805
20260406232750     41   1740.0   1755.0   20.0     31.4    903.2    947.2   0.782
20260406232750     44   1560.0   1595.0   20.0     74.2    925.5    925.4   0.819
20260406232750     45    405.0    420.0   20.0     27.3    906.0    907.4   0.788
20260406232750     46    305.0    320.0   20.0     34.7   1260.3    918.4   0.870
20260406232750     46    535.0    560.0   20.0     32.0    913.4   1055.8   0.904
20260406232750     46    625.0    645.0   20.0     68.0   1066.2    914.5   0.803
20260406232750     46   1015.0   1030.0   20.0     32.9    909.2   1023.3   0.760
20260406232750     46   1095.0   1125.0   20.0    154.2   1048.5    910.0   0.794
20260406232750     46   1750.0   1765.0   20.0     36.5    916.5   1015.1   0.738
20260406232750     47    640.0    660.0   20.0     56.9    923.7    923.4   0.789
20260406232750     49    105.0    120.0   20.0     27.2   1419.0   1451.6   0.907
20260406232750     49    525.0    545.0   20.0    100.6   1371.3   1373.3   0.838
20260406232750     49    725.0    750.0   20.0     43.0   1356.4   1388.0   0.794
20260406232750     52   1575.0   1590.0   20.0     85.1    899.3   1002.0   0.764
20260406232750     53   1545.0   1565.0   20.0     46.8    887.0   1007.9   0.834
20260406232750     55    845.0    870.0   20.0     79.4    888.1    897.7   0.836
20260406232750     55   1585.0   1600.0   20.0     67.5    889.0    889.2   0.747
20260406232750     56      0.0     15.0   20.0     72.0      0.0   1073.1   0.805
20260406232750     56    975.0    990.0   20.0     32.1   1093.3   1156.6   0.745
20260406232750     57    410.0    425.0   20.0     40.8    889.5    887.8   0.729
20260406232750     57    780.0    795.0   20.0     55.4    941.2    887.0   0.744
20260406232750     57   1385.0   1400.0   20.0     28.3    888.5    920.7   0.768
20260406232750     57   1650.0   1665.0   20.0     60.0    925.6    884.6   0.740
20260406232750     57   1780.0   1795.0   20.0     93.6    884.7    970.4   0.748
20260406232750     59    635.0    650.0   20.0     54.4    894.6    970.0   0.752
20260406232750     59    685.0    700.0   20.0     22.6    992.3   1012.0   0.714
20260406232750     59    895.0    910.0   20.0    101.6   1013.1    894.6   0.770
20260406232750     59    955.0    970.0   20.0     29.5    894.0    937.3   0.739
20260406232750     59   1350.0   1365.0   20.0     22.5   1015.4   1036.4   0.784
20260406232750     60     40.0     90.0   20.0     58.3    890.8   1126.7   0.744
20260406232750     60    200.0    265.0   20.0    185.8   1151.1    896.1   0.871
20260406232750     60    655.0    675.0   20.0     60.1    895.2    894.4   0.815
20260406232750     60   1500.0   1515.0   20.0     62.7    897.1    896.4   0.814
20260406232750     62      0.0     20.0   20.0    217.7      0.0    891.5   0.774
20260406232750     62   1250.0   1265.0   20.0     41.9    893.7    963.1   0.740
20260406232750     62   1315.0   1345.0   20.0    134.0    970.5    902.9   0.753
20260406232750     62   1635.0   1650.0   20.0     32.4    896.1    972.1   0.770
20260406232750     64    575.0    590.0   20.0     71.4    885.1   1084.9   0.908
20260406232750     64    775.0    790.0   20.0     22.8   1101.8   1125.5   0.814
20260406232750     64   1395.0   1410.0   20.0     27.1   1118.8   1174.7   0.894
20260406232750     67     10.0     25.0   20.0     33.8    942.1   1010.8   0.877
20260406232750     68   1675.0   1690.0   20.0     23.9    894.6    926.9   0.770
20260406232750     70     10.0     30.0   20.0     98.8    879.3   1199.0   0.816
20260406232750     71    700.0    720.0   20.0     71.1    870.8    871.3   0.807
20260406232750     72   1540.0   1600.0   20.0     65.6    885.6   1006.1   0.792
20260406232750     74    120.0    135.0   20.0     57.9    880.8   1015.7   0.837
20260406232750     74    205.0    220.0   20.0     47.4   1058.4   1071.0   0.892
20260406232750     76   1700.0   1755.0   20.0    128.6    892.8    888.4   0.757
20260406232750     77    330.0    345.0   20.0     24.2    861.0   1048.6   0.751
20260406232750     77    725.0    740.0   20.0     20.3   1068.3   1080.1   0.644
20260406232750     77    905.0    920.0   20.0     42.0   1110.7   1166.1   0.768
20260406232750     77   1075.0   1090.0   20.0     24.8   1191.7   1225.3   0.791
20260406232750     83     30.0     45.0   20.0     53.5    855.3    855.9   0.675
20260406232750     83    235.0    290.0   20.0     79.3    943.4    863.4   0.799
20260406232750     85     40.0     80.0   20.0     69.6   1292.4   1309.7   0.874
20260406232750     85    120.0    885.0   20.0     64.4   1297.4   1356.2   0.925
20260406232750     85    925.0    940.0   20.0     20.1   1352.8   1356.5   0.845
20260406232750     85   1220.0   1405.0   20.0     34.0   1351.4   1330.6   0.903
20260406232750     86     70.0     85.0   20.0     26.1   1215.0   1250.2   0.701
20260406232750     87   1175.0   1190.0   20.0     50.1    866.3    949.3   0.769
20260406232750     87   1515.0   1530.0   20.0     20.9    947.3   1018.1   0.920
20260406232750     91    695.0    710.0   20.0     22.9    951.5   1023.4   0.892
20260406232750     91    835.0    850.0   20.0     20.5   1025.4   1048.7   0.755
20260406232750     92      0.0     15.0   20.0     23.5      0.0   1046.0   0.696
20260406232750     92     75.0     95.0   20.0     30.7   1059.3   1066.6   0.758
20260406232750     92   1300.0   1315.0   20.0     35.5   1190.2   1181.9   0.494
20260406232750     92   1595.0   1610.0   20.0     38.9   1184.1   1198.9   0.794
20260406232750     93    885.0    900.0   20.0     24.6   1243.9   1264.9   0.789
20260406232750     96   1130.0   1145.0   20.0     40.3    873.7   1081.6   0.878
20260406232750     96   1190.0   1205.0   20.0     38.2   1105.6   1057.9   0.748
20260406232750     96   1390.0   1405.0   20.0     23.7   1095.7   1099.8   0.714
20260406232750     97     20.0     35.0   20.0    109.5    854.3   1074.8   0.823
20260406232750     99    710.0    725.0   20.0     26.2    869.9    899.9   0.772
20260406232750     99    760.0    775.0   20.0     26.1    908.9    926.0   0.653
20260406232750    100    415.0    430.0   20.0     43.5    870.2    869.7   0.762
20260406232750    102   1135.0   1150.0   20.0     74.5    884.8   1057.3   0.871
20260406232750    102   1460.0   1475.0   20.0     24.2   1063.3   1108.0   0.853
20260406232750    105      0.0     10.0   20.0     25.1      0.0   1161.6   0.801
20260406232750    105     45.0     60.0   20.0     37.6   1117.8   1208.1   0.939
20260406232750    106    985.0   1000.0   20.0     37.9    937.3    867.0   0.774
20260406232750    106   1695.0   1710.0   20.0     56.2    871.0    873.2   0.705
20260406232750    109     55.0     70.0   20.0     84.8    850.1   1078.5   0.786
20260406232750    112   1525.0   1540.0   20.0     97.2    876.1    876.8   0.822
20260406232750    113    195.0    210.0   20.0     43.7    870.5   1008.3   0.876
20260406232750    113    450.0    465.0   20.0    102.6   1061.4    869.4   0.894
20260406232750    114   1070.0   1085.0   20.0     22.5   1144.7   1160.0   0.419
20260406232750    114   1120.0   1135.0   20.0     28.3   1154.2   1158.6   0.674
20260406232750    115    125.0    140.0   20.0     96.0    856.3    857.4   0.760
20260406232750    117      5.0     25.0   20.0    162.8   1020.0    856.3   0.835
20260406232750    119     25.0     65.0   20.0    190.5    868.9    868.2   0.837
20260406232750    119    305.0    320.0   20.0     69.0    867.9    969.8   0.843
20260406232750    119    395.0    420.0   20.0    174.3    980.1    872.0   0.888
20260406232750    119    510.0    525.0   20.0     40.7    875.7   1024.0   0.879
20260406232750    119    660.0    675.0   20.0     53.5   1040.7    869.7   0.763
20260406232750    119   1530.0   1545.0   20.0     31.2    883.9    916.2   0.757
20260406232750    121     55.0    105.0   20.0    209.0    874.4    873.2   0.825
20260406232750    121    140.0    160.0   20.0    160.8    874.4    875.3   0.844
20260406232750    122    210.0    225.0   20.0     37.6    875.5    922.2   0.749
20260406232750    125     25.0     45.0   20.0    142.4    867.0    865.2   0.805
20260406232750    128   1045.0   1060.0   20.0     38.5    871.8    954.7   0.816
20260406232750    128   1290.0   1305.0   20.0     31.1   1035.7   1076.3   0.625
20260406232750    131   1445.0   1460.0   20.0     65.0    880.4    942.4   0.747
20260406232750    131   1770.0   1785.0   20.0     77.5    951.3    918.1   0.749
20260406232750    133    245.0    260.0   20.0     38.4    870.2    964.3   0.721
20260406232750    133    420.0    440.0   20.0     72.0    980.5    867.6   0.775
20260406232750    134     60.0     90.0   20.0     37.5    876.9   1084.9   0.815
20260406232750    135    230.0    245.0   20.0     80.5    878.8    876.8   0.820
20260406232750    137     20.0     35.0   20.0     78.1   1175.1   1105.6   0.931
20260406232750    138    440.0    475.0   20.0     29.0    879.7    948.3   0.900
20260406232750    139    695.0    710.0   20.0     40.6    881.6    985.3   0.770
20260406232750    139   1340.0   1370.0   20.0     95.4   1026.6   1087.6   0.792
20260406232750    140    250.0    265.0   20.0     24.8    878.5    877.8   0.700
20260406232750    141   1580.0   1595.0   20.0     79.3    878.7    968.5   0.778
20260406232750    141   1645.0   1660.0   20.0     76.7    973.6   1111.4   0.825
20260406232750    142    260.0    280.0   20.0     52.9    931.8    930.7   0.840
20260406232750    143     70.0    105.0   20.0     75.3    868.2    869.3   0.863
20260406232750    144    740.0    755.0   20.0     50.9    889.2    885.4   0.768
20260406232750    144    885.0    900.0   20.0     51.3    882.7    940.4   0.884
20260406232750    144   1040.0   1055.0   20.0     21.5    971.2    971.6   0.542
20260406232750    145     10.0     45.0   20.0    167.9    902.0    905.0   0.790
20260406232750    149     95.0    110.0   20.0     84.5    895.9   1090.4   0.745
20260406232750    149    930.0    945.0   20.0     24.5   1164.0   1188.2   0.740
20260406232750    150   1175.0   1190.0   20.0     26.5   1075.2   1073.0   0.844
20260406232750    150   1675.0   1690.0   20.0     41.0   1205.7   1207.9   0.432
20260406232750    151   1425.0   1440.0   20.0     36.9    893.6    930.8   0.755
20260406232750    153    365.0    380.0   20.0    110.3    897.1    902.3   0.761
20260406232750    153    615.0    635.0   20.0     86.0    905.2    906.7   0.825
20260406232750    153   1215.0   1230.0   20.0     23.1   1082.0   1093.9   0.813
20260406232750    155   1225.0   1245.0   20.0    111.5    897.3   1074.2   0.710
20260406232750    157    575.0    590.0   20.0     54.4   1018.1    900.0   0.745
20260406232750    157    745.0    760.0   20.0     52.6    903.0    965.8   0.718
20260406232750    157    915.0    930.0   20.0     49.4   1033.3   1092.4   0.807
20260406232750    157   1185.0   1195.0   20.0     20.5   1082.7   1073.4   0.733
20260406232750    158   1360.0   1375.0   20.0     25.6    897.9    906.0   0.732
20260406232750    159   1685.0   1700.0   20.0     21.4   1065.6   1090.6   0.784
20260406232750    160    490.0    530.0   20.0    218.1    905.4    905.6   0.817
20260406232750    161     15.0     35.0   20.0    156.6    887.5    886.9   0.804
20260406232750    162    280.0    295.0   20.0     45.4    888.7    936.2   0.733
20260406232750    165   1315.0   1330.0   20.0     23.3   1129.4   1133.7   0.420
20260406232750    166    150.0    225.0   20.0    164.6    899.3    951.6   0.833
20260406232750    168    280.0    300.0   20.0    101.4   1207.9    913.6   0.892
20260406232750    168    545.0    575.0   20.0    151.6    919.1    919.5   0.807
20260406232750    173      5.0     20.0   20.0     21.9   1093.5   1108.9   0.695
20260406232750    174    880.0    965.0   20.0    111.6    927.5   1295.9   0.831
20260406232750    176   1040.0   1055.0   20.0     30.3   1128.9   1156.4   0.762
20260406232750    176   1310.0   1325.0   20.0     20.3   1197.1   1211.9   0.889
20260406232750    177    415.0    430.0   20.0     53.0    922.4   1039.7   0.724
20260406232750    177    775.0    825.0   20.0     39.1   1074.6   1149.4   0.789
20260406232750    177    985.0   1000.0   20.0     22.6   1170.8   1190.7   0.773
20260406232750    177   1665.0   1680.0   20.0     20.3   1251.7   1313.3   0.883
20260406232750    180    165.0    180.0   20.0    115.5    916.2    915.6   0.739
20260406232750    181   1485.0   1525.0   20.0     38.6    923.1   1045.6   0.760
20260406232750    183   1245.0   1270.0   20.0     62.9    937.6    940.3   0.762
20260406232750    185    865.0    920.0   20.0    238.7    938.5    937.6   0.803
20260406232750    186    810.0    825.0   20.0     22.5    934.4    971.3   0.748
20260406232750    186   1255.0   1270.0   20.0     27.2    991.4    999.1   0.783
20260406232750    188    525.0    545.0   20.0     76.9    944.8    944.5   0.765
20260406232750    188   1520.0   1540.0   20.0     64.1    946.4    946.7   0.770
20260406232750    191    890.0    935.0   20.0     67.5    946.2   1088.3   0.770
20260406232750    191   1005.0   1035.0   20.0     30.1   1095.5   1132.2   0.780
20260406232750    195    515.0    535.0   20.0    251.8    936.7    935.4   0.835
20260406232750    196      0.0     20.0   20.0    203.0      0.0    949.5   0.822
20260406232750    196    970.0    985.0   20.0     26.8    954.3    985.3   0.758
20260406232750    196   1060.0   1075.0   20.0     40.9   1004.0    954.0   0.747
20260406232750    197    130.0    145.0   20.0    157.1   1169.2    956.9   0.812
20260406232750    197    270.0    285.0   20.0     33.5    958.8    957.8   0.651
20260406232750    197   1725.0   1740.0   20.0     72.0    958.6    955.7   0.790
20260406232750    199    660.0    675.0   20.0     34.2    961.0   1074.2   0.842
20260406232750    199    730.0    750.0   20.0    127.4   1120.2    963.5   0.800
20260406232750    199    910.0    925.0   20.0    108.5    961.7   1230.9   0.838
20260406232750    200   1580.0   1605.0   20.0     25.7    970.4   1080.9   0.829
20260406232750    201   1130.0   1145.0   20.0     76.8    963.9    964.9   0.758
20260406232750    201   1275.0   1290.0   20.0     32.6    965.5    965.6   0.795
20260406232750    202    480.0    510.0   20.0     84.9    966.7    970.6   0.859
20260406232750    205   1740.0   1775.0   20.0     46.8    973.3   1138.6   0.892
20260406232750    206     10.0     25.0   20.0     23.7   1152.3   1213.1   0.766
20260406232750    209     95.0    120.0   20.0    171.8    976.3   1381.7   0.905
20260406232750    209    225.0    255.0   20.0     29.6   1440.0   1430.1   0.573
20260406232750    209    435.0    470.0   20.0     53.0   1452.8   1462.2   0.865
20260406232750    209    580.0    640.0   20.0    331.4   1481.2   1492.2   0.693
20260406232750    209    700.0    725.0   20.0    366.0   1477.5   1469.0   0.659
20260406232750    209    775.0   1800.0   20.0    338.6   1471.1   1492.2   0.884
20260406232750    210    190.0    215.0   20.0    138.4    981.6    979.9   0.778
20260406232750    213    480.0    520.0   20.0    189.0    989.0    993.1   0.835
20260406232750    213    810.0    820.0   20.0     30.5    992.3    996.6   0.552
20260406232750    214   1340.0   1360.0   20.0     59.0    985.9    985.6   0.767
20260406232750    215      0.0     15.0   20.0     43.0      0.0   1245.2   0.549
20260406232750    215    205.0    220.0   20.0     26.0   1322.1   1371.9   0.820
20260406232750    217     55.0     75.0   20.0    108.5   1381.2   1236.4   0.904
20260406232750    218    100.0    120.0   20.0     55.7   1009.3   1394.6   0.898
20260406232750    218    460.0    475.0   20.0     38.0   1408.7   1428.5   0.721
20260406232750    218    565.0    575.0   20.0     20.6   1451.0   1450.9   0.442
20260406232750    219    105.0    120.0   20.0     20.3   1117.2   1114.0   0.655
20260406232750    219    335.0    350.0   20.0     21.0   1111.0   1123.8   0.806
20260406232750    221    350.0    395.0   20.0     64.8   1014.7   1269.0   0.907
20260406232750    223     25.0     40.0   20.0     29.7   1364.8   1053.3   0.898
20260406232750    227    330.0    345.0   20.0     27.5   1026.1   1145.4   0.744
20260406232750    227    380.0    400.0   20.0    182.4   1200.0   1024.8   0.860
20260406232750    228      5.0     20.0   20.0    214.9   1199.9   1029.4   0.707
20260406232750    228   1535.0   1555.0   20.0     67.8   1026.5   1026.8   0.798
20260406232750    229     75.0     90.0   20.0     22.3   1066.5   1080.7   0.764
20260406232750    230    440.0    455.0   20.0     50.4   1033.7   1033.2   0.582
20260406232750    230   1570.0   1605.0   20.0     56.2   1032.0   1073.9   0.756
20260406232750    231    425.0    440.0   20.0     24.5   1612.4   1600.1   0.542
20260406232750    231    485.0    590.0   20.0     36.3   1606.0   1634.4   0.781
20260406232750    231    885.0    900.0   20.0    116.0   1672.8   1678.6   0.623
20260406232750    231    950.0    965.0   20.0    117.4   1673.9   1676.1   0.621
20260406232750    231   1015.0   1575.0   20.0    132.3   1678.2   1686.9   0.864
20260406232750    232    470.0    485.0   20.0    100.0   1037.9   1250.5   0.784
20260406232750    232    520.0    535.0   20.0    135.5   1303.6   1050.8   0.862
20260406232750    232    950.0    965.0   20.0     20.2   1043.6   1042.3   0.628
20260406232750    235    100.0    115.0   20.0     26.7   1032.7   1070.6   0.782
20260406232750    235    200.0    215.0   20.0     24.7   1173.0   1236.3   0.525
20260406232750    235    285.0    300.0   20.0     30.1   1346.9   1365.1   0.870
20260406232750    235    505.0    550.0   20.0     28.5   1332.2   1356.5   0.789
20260406232750    235    780.0    795.0   20.0     23.4   1384.6   1397.6   0.784
20260406232750    236    315.0    330.0   20.0     25.8   1045.4   1044.8   0.446
20260406232750    237     70.0     90.0   20.0     44.7   1049.3   1083.4   0.844
20260406232750    238    375.0    390.0   20.0     24.4   1523.9   1520.4   0.619
20260406232750    239      0.0     55.0   20.0    309.5      0.0   1074.2   0.788
20260406232750    239    325.0    400.0   20.0     43.9   1073.1   1194.4   0.847
20260406232750    239    470.0    485.0   20.0     22.6   1211.6   1241.6   0.725
20260406232750    239    985.0   1000.0   20.0     22.4   1180.9   1243.5   0.847
20260406232750    239   1500.0   1515.0   20.0     21.8   1348.0   1361.9   0.766
20260406232750    241   1325.0   1340.0   20.0     91.5   1051.8   1051.1   0.702
20260406232750    241   1750.0   1765.0   20.0     25.5   1047.9   1050.7   0.635
20260406232750    244    320.0    335.0   20.0     53.8   1085.1   1084.0   0.817
20260406232750    244   1050.0   1105.0   20.0     29.5   1161.2   1289.1   0.737
20260406232750    244   1330.0   1345.0   20.0     20.4   1265.5   1289.4   0.573
20260406232750    246    785.0    800.0   20.0     33.8   1078.1   1135.4   0.756
20260406232750    246   1095.0   1140.0   20.0    129.1   1189.4   1073.6   0.841
20260406232750    246   1305.0   1325.0   20.0     73.3   1071.5   1072.7   0.826
20260406232750    252   1645.0   1800.0   20.0     79.7   1673.0   1675.2   0.763
20260406232750    253    930.0    955.0   20.0    165.1   1099.4   1097.1   0.846
20260406232750    253   1620.0   1675.0   20.0     88.6   1116.4   1225.1   0.767
20260406232750    254      0.0     25.0   20.0     64.2      0.0   1313.6   0.835
20260406232750    254     65.0     85.0   20.0     64.7   1367.7   1103.9   0.892
20260406232750    254   1675.0   1730.0   20.0     46.5   1106.9   1222.3   0.853
20260406232750    255    975.0    990.0   20.0    102.7   1124.2   1267.4   0.826
20260406232750    255   1210.0   1225.0   20.0     48.1   1235.2   1246.4   0.703
20260406232750    255   1565.0   1580.0   20.0     46.3   1318.0   1350.1   0.725
20260407000109      1    130.0    155.0   20.0    146.6    986.0    985.6   0.871
20260407000109      3    180.0    195.0   20.0     35.5    992.5    986.6   0.821
20260407000109      3   1125.0   1140.0   20.0     62.4    977.4    977.6   0.729
20260407000109      3   1375.0   1390.0   20.0     94.7    976.3   1133.3   0.829
20260407000109      5    800.0    820.0   20.0    178.1   1203.6    985.3   0.819
20260407000109      5   1045.0   1065.0   20.0     57.3    985.2    983.9   0.836
20260407000109      5   1635.0   1650.0   20.0     29.6   1001.6    988.6   0.702
20260407000109      5   1745.0   1765.0   20.0    137.4    975.0    976.2   0.845
20260407000109      9    340.0    355.0   20.0     58.7    966.4   1047.4   0.753
20260407000109     10     30.0     45.0   20.0    114.3    979.9   1299.2   0.864
20260407000109     12   1765.0   1795.0   20.0    250.2    973.3    968.8   0.826
20260407000109     13   1530.0   1545.0   20.0     22.4    948.8    957.5   0.437
20260407000109     13   1600.0   1615.0   20.0     62.5    952.8   1101.1   0.878
20260407000109     16    675.0    690.0   20.0     28.1   1395.9   1400.6   0.839
20260407000109     16    795.0   1060.0   20.0     72.4   1415.0   1418.5   0.903
20260407000109     16   1155.0   1170.0   20.0     44.5   1412.9   1410.0   0.888
20260407000109     16   1220.0   1330.0   20.0     69.1   1416.4   1412.3   0.881
20260407000109     18   1155.0   1185.0   20.0     65.5    972.5    971.3   0.772
20260407000109     18   1570.0   1585.0   20.0     24.5    970.6    971.3   0.513
20260407000109     19   1780.0   1795.0   20.0     71.5    950.7   1074.2   0.815
20260407000109     20      0.0     15.0   20.0     20.6      0.0   1103.6   0.760
20260407000109     20     50.0     70.0   20.0     75.7   1151.8   1179.5   0.815
20260407000109     20    225.0    235.0   20.0     20.5   1220.5   1238.5   0.582
20260407000109     20   1630.0   1645.0   20.0     25.5   1380.5   1385.1   0.525
20260407000109     20   1760.0   1775.0   20.0     29.6   1375.3   1374.6   0.405
20260407000109     24     40.0     55.0   20.0     38.7    960.1   1179.9   0.854
20260407000109     24   1090.0   1240.0   20.0     40.7   1387.5   1380.3   0.883
20260407000109     24   1610.0   1625.0   20.0     35.8   1390.8   1392.8   0.864
20260407000109     25    595.0    610.0   20.0     32.1    995.2   1087.8   0.743
20260407000109     26      0.0     20.0   20.0     32.2      0.0   1253.5   0.912
20260407000109     30    120.0    135.0   20.0     47.8    940.0    942.4   0.837
20260407000109     30   1590.0   1605.0   20.0     25.0    953.5    960.3   0.559
20260407000109     30   1665.0   1675.0   20.0     46.1    937.1    936.8   0.427
20260407000109     34   1495.0   1510.0   20.0     60.2    952.3    953.9   0.736
20260407000109     34   1590.0   1605.0   20.0     23.7    955.2    966.9   0.461
20260407000109     36     40.0     65.0   20.0    129.0    931.6    933.3   0.796
20260407000109     36    130.0    145.0   20.0     63.3    935.1   1040.6   0.816
20260407000109     39   1550.0   1565.0   20.0     26.4    918.6    919.9   0.703
20260407000109     40   1285.0   1300.0   20.0     89.5    935.0    934.4   0.699
20260407000109     40   1600.0   1615.0   20.0     42.3    946.8    951.3   0.630
20260407000109     41   1320.0   1335.0   20.0     63.4    908.6   1057.0   0.819
20260407000109     44    380.0    395.0   20.0     29.8    935.6    934.4   0.627
20260407000109     44    460.0    475.0   20.0     35.4    933.4    977.0   0.734
20260407000109     44    955.0    970.0   20.0     26.4   1084.7   1103.4   0.622
20260407000109     44   1235.0   1250.0   20.0     26.4   1063.8   1092.5   0.900
20260407000109     45    135.0    150.0   20.0     84.7    913.1    913.6   0.691
20260407000109     45    665.0    680.0   20.0     28.1    910.6    914.5   0.737
20260407000109     45   1615.0   1625.0   20.0     26.5    917.3    908.4   0.432
20260407000109     46    120.0    135.0   20.0    162.2   1170.1    918.5   0.895
20260407000109     47   1095.0   1115.0   20.0     51.4    924.1    926.7   0.782
20260407000109     51    410.0    425.0   20.0     31.1    913.0    962.3   0.735
20260407000109     51    555.0    575.0   20.0     60.3    971.8   1032.7   0.545
20260407000109     52   1640.0   1655.0   20.0     20.9    909.8    912.6   0.679
20260407000109     54   1065.0   1080.0   20.0     44.8    925.5    927.8   0.841
20260407000109     55    145.0    160.0   20.0     79.6    900.2    991.4   0.794
20260407000109     55    490.0    505.0   20.0     31.2    994.4   1028.4   0.798
20260407000109     55    895.0    910.0   20.0     66.1   1088.8   1100.5   0.748
20260407000109     56      0.0     10.0   20.0    105.6      0.0   1117.6   0.777
20260407000109     58    455.0    475.0   20.0     70.4    904.0    901.1   0.747
20260407000109     60   1660.0   1675.0   20.0     74.6    925.0    917.2   0.706
20260407000109     62    485.0    565.0   20.0    153.2    906.1   1083.0   0.767
20260407000109     62    845.0    905.0   20.0     96.5   1078.4   1221.8   0.796
20260407000109     62   1010.0   1025.0   20.0     24.1   1194.9   1221.0   0.764
20260407000109     64     65.0     80.0   20.0     33.7   1038.7   1052.5   0.583
20260407000109     64    895.0    910.0   20.0     28.5   1090.9   1117.9   0.734
20260407000109     64   1225.0   1240.0   20.0    125.4   1099.3    888.0   0.837
20260407000109     65   1705.0   1720.0   20.0     28.6    879.5    892.2   0.687
20260407000109     66    655.0    670.0   20.0     77.9    903.2   1102.5   0.820
20260407000109     66    925.0    940.0   20.0     50.7   1151.5   1140.2   0.891
20260407000109     67    130.0    150.0   20.0     39.9    964.7   1027.0   0.900
20260407000109     67    670.0    685.0   20.0     25.4    969.7    933.2   0.761
20260407000109     67    975.0    990.0   20.0     31.0    904.3    903.1   0.737
20260407000109     67   1140.0   1160.0   20.0     53.5    905.8    959.0   0.813
20260407000109     67   1195.0   1210.0   20.0     65.4    960.2    903.2   0.753
20260407000109     67   1740.0   1755.0   20.0     23.2    913.0    908.7   0.604
20260407000109     68   1500.0   1515.0   20.0     93.5    901.2    901.4   0.755
20260407000109     72     15.0     30.0   20.0     32.7    982.3   1000.8   0.699
20260407000109     72    725.0    740.0   20.0     24.6   1062.5   1108.6   0.870
20260407000109     73    175.0    190.0   20.0     30.0    884.1    937.9   0.785
20260407000109     73    225.0    240.0   20.0     41.5    953.4    961.6   0.525
20260407000109     73    330.0    345.0   20.0     30.1    989.9    998.3   0.760
20260407000109     73    630.0    650.0   20.0     68.6   1074.8    885.4   0.827
20260407000109     76    705.0    720.0   20.0     42.5    896.1    951.1   0.713
20260407000109     76   1075.0   1095.0   20.0     86.8   1011.5    893.5   0.860
20260407000109     78    310.0    325.0   20.0     31.0   1295.0   1062.5   0.896
20260407000109     83    930.0    945.0   20.0     64.1    958.1    890.5   0.761
20260407000109     86    935.0    950.0   20.0     20.1   1205.1   1220.5   0.683
20260407000109     86   1445.0   1455.0   20.0     25.6   1227.4   1227.6   0.466
20260407000109     86   1490.0   1500.0   20.0     35.4   1244.8   1246.7   0.555
20260407000109     86   1710.0   1725.0   20.0     33.7   1249.0   1225.3   0.477
20260407000109     87    180.0    205.0   20.0    154.4    870.4    871.7   0.774
20260407000109     87    430.0    495.0   20.0    103.9    873.8    874.2   0.814
20260407000109     89   1315.0   1325.0   20.0     32.0   1476.1   1419.0   0.636
20260407000109     91      5.0     25.0   20.0    205.1    877.1    878.6   0.810
20260407000109     91    355.0    370.0   20.0     34.0    890.8    932.5   0.776
20260407000109     94   1490.0   1510.0   20.0     60.7    889.6    884.7   0.785
20260407000109     95      5.0     20.0   20.0    168.6    981.9    905.6   0.781
20260407000109    100    280.0    305.0   20.0    132.6    877.0    877.7   0.866
20260407000109    100   1455.0   1475.0   20.0     33.4    886.0    972.9   0.838
20260407000109    101     20.0     35.0   20.0    124.7    865.0   1149.9   0.866
20260407000109    101   1210.0   1230.0   20.0     99.4   1115.4    869.1   0.917
20260407000109    103   1455.0   1470.0   20.0     88.6    879.5    880.0   0.645
20260407000109    104     85.0    100.0   20.0     21.3   1057.5   1074.9   0.605
20260407000109    106    555.0    570.0   20.0     47.3    951.4    877.1   0.810
20260407000109    107    320.0    335.0   20.0     33.7    879.0    950.1   0.758
20260407000109    108    150.0    165.0   20.0     23.3   1365.0   1341.2   0.714
20260407000109    108    280.0    295.0   20.0     26.2   1292.2   1167.8   0.927
20260407000109    109    295.0    310.0   20.0     69.5    866.7   1061.8   0.800
20260407000109    113   1600.0   1615.0   20.0     35.9    882.7    879.5   0.680
20260407000109    115     75.0     90.0   20.0     44.3    864.6   1062.7   0.858
20260407000109    115    170.0    190.0   20.0    175.4   1075.1    865.8   0.867
20260407000109    115    900.0    915.0   20.0     35.2    870.4    911.4   0.745
20260407000109    115   1005.0   1015.0   20.0     21.0    964.4   1062.8   0.712
20260407000109    117      0.0     50.0   20.0    103.1      0.0    962.9   0.782
20260407000109    117    405.0    420.0   20.0    110.2   1193.8    866.5   0.951
20260407000109    120    615.0    630.0   20.0     39.2    887.8    940.4   0.754
20260407000109    120    770.0    800.0   20.0     32.4    953.4    938.8   0.834
20260407000109    120   1350.0   1365.0   20.0     27.9   1004.0   1030.0   0.843
20260407000109    121    865.0    880.0   20.0     42.8    891.2    957.2   0.801
20260407000109    121    950.0    965.0   20.0     67.0    970.5    897.0   0.775
20260407000109    121   1685.0   1700.0   20.0     27.0    912.7    883.3   0.879
20260407000109    123     25.0     40.0   20.0     43.9    874.7    922.6   0.759
20260407000109    123   1075.0   1090.0   20.0     20.2   1085.5   1124.6   0.913
20260407000109    126   1425.0   1450.0   20.0    161.3    888.7    890.1   0.830
20260407000109    126   1785.0   1800.0   20.0     70.0    887.4   1048.6   0.918
20260407000109    127     45.0     65.0   20.0    134.7    878.5    878.9   0.764
20260407000109    127   1300.0   1320.0   20.0     77.3    882.9    882.6   0.787
20260407000109    127   1685.0   1705.0   20.0     47.1    887.3    883.5   0.737
20260407000109    128     45.0     60.0   20.0     20.3   1101.7   1115.8   0.612
20260407000109    128    390.0    405.0   20.0     69.5   1192.3    879.2   0.958
20260407000109    128    780.0    795.0   20.0     51.7    950.4    884.6   0.799
20260407000109    128   1090.0   1105.0   20.0     45.1    882.2    955.6   0.771
20260407000109    128   1215.0   1230.0   20.0     27.2   1002.7   1026.2   0.760
20260407000109    128   1360.0   1375.0   20.0    159.2   1088.4    886.3   0.768
20260407000109    130   1025.0   1045.0   20.0     55.7    892.8    893.1   0.763
20260407000109    130   1140.0   1155.0   20.0     59.4    898.3    897.9   0.734
20260407000109    132   1595.0   1610.0   20.0     20.8   1390.3   1385.6   0.884
20260407000109    133   1120.0   1170.0   20.0     74.8    878.9   1041.8   0.823
20260407000109    133   1215.0   1230.0   20.0     24.0   1040.8   1053.4   0.711
20260407000109    134     10.0     25.0   20.0    100.1    882.9   1106.3   0.848
20260407000109    134    125.0    140.0   20.0     20.1   1140.7   1133.0   0.762
20260407000109    134    965.0    980.0   20.0     20.1   1192.6   1198.5   0.802
20260407000109    135    795.0    810.0   20.0     46.9    895.0    893.1   0.776
20260407000109    139      0.0     15.0   20.0    237.2      0.0    881.1   0.844
20260407000109    139    280.0    295.0   20.0    142.3    888.1    889.1   0.740
20260407000109    140   1560.0   1600.0   20.0     82.5    893.7    895.1   0.848
20260407000109    141      0.0     15.0   20.0     65.0      0.0    956.4   0.755
20260407000109    141    995.0   1035.0   20.0    104.4    996.4    941.1   0.773
20260407000109    141   1075.0   1090.0   20.0     25.6   1003.2   1015.0   0.726
20260407000109    141   1280.0   1300.0   20.0     66.8   1004.1    883.6   0.892
20260407000109    144   1420.0   1435.0   20.0     45.3    894.7    895.7   0.820
20260407000109    145    125.0    140.0   20.0     83.1   1018.7    913.0   0.767
20260407000109    147    685.0    700.0   20.0     34.6    920.5    898.6   0.716
20260407000109    147   1675.0   1690.0   20.0     62.8    886.7   1062.3   0.893
20260407000109    148   1660.0   1680.0   20.0    354.9    906.9    909.7   0.836
20260407000109    150   1685.0   1700.0   20.0     33.1   1220.5   1234.3   0.805
20260407000109    151   1550.0   1580.0   20.0     98.6    900.8    912.2   0.823
20260407000109    155    650.0    670.0   20.0     92.3    909.1   1083.1   0.836
20260407000109    155   1105.0   1120.0   20.0     38.4   1098.8   1123.2   0.832
20260407000109    155   1320.0   1335.0   20.0     42.9   1154.1   1215.9   0.724
20260407000109    157    210.0    225.0   20.0     62.5    906.3   1029.0   0.765
20260407000109    157    430.0    445.0   20.0    116.7   1108.6    907.9   0.831
20260407000109    157    490.0    565.0   20.0     54.8    910.4   1169.6   0.790
20260407000109    157    720.0    755.0   20.0     23.9   1168.0   1177.5   0.716
20260407000109    157   1290.0   1305.0   20.0     26.6   1195.4   1197.6   0.762
20260407000109    157   1615.0   1630.0   20.0     24.6   1184.1   1181.2   0.657
20260407000109    158   1160.0   1175.0   20.0     52.1    907.9    966.4   0.754
20260407000109    159     20.0     80.0   20.0    104.4    904.9    957.8   0.793
20260407000109    162    475.0    490.0   20.0     49.4    957.6    963.7   0.833
20260407000109    163   1535.0   1555.0   20.0    153.2    926.9    932.0   0.897
20260407000109    164    400.0    415.0   20.0     20.2   1421.2   1415.9   0.620
20260407000109    164    465.0    500.0   20.0     24.7   1414.1   1423.3   0.654
20260407000109    164    565.0    575.0   20.0     26.2   1430.4   1434.6   0.529
20260407000109    164    875.0    900.0   20.0     36.1   1454.3   1458.9   0.632
20260407000109    164    950.0   1800.0   20.0     46.1   1455.1   1464.0   0.898
20260407000109    165   1055.0   1095.0   20.0     41.0   1192.6   1205.2   0.812
20260407000109    166      0.0     10.0   20.0     67.4      0.0    998.2   0.767
20260407000109    166   1385.0   1400.0   20.0     25.7   1205.6   1205.2   0.719
20260407000109    169    570.0    605.0   20.0    142.2    916.0    915.5   0.774
20260407000109    169    840.0    855.0   20.0     76.0    918.6    920.5   0.795
20260407000109    169   1360.0   1375.0   20.0     46.8    916.5   1026.1   0.920
20260407000109    169   1590.0   1605.0   20.0    177.7   1137.0    911.8   0.805
20260407000109    171    165.0    195.0   20.0    161.8    919.7   1056.2   0.841
20260407000109    171    280.0    295.0   20.0     36.2   1074.3   1097.9   0.753
20260407000109    171   1195.0   1210.0   20.0     27.4   1108.0   1130.1   0.610
20260407000109    173     45.0     60.0   20.0     26.8   1280.6   1270.2   0.645
20260407000109    174   1685.0   1700.0   20.0     58.9    936.4    935.6   0.739
20260407000109    175     20.0     35.0   20.0    121.0    927.2   1260.9   0.888
20260407000109    175   1270.0   1285.0   20.0     22.4   1305.7   1369.4   0.841
20260407000109    176   1140.0   1155.0   20.0     29.2   1172.2   1195.9   0.757
20260407000109    178      5.0     20.0   20.0     37.1   1131.0   1243.1   0.733
20260407000109    178     65.0    100.0   20.0     28.9   1259.9   1164.4   0.821
20260407000109    179    105.0    125.0   20.0     54.4    980.2    981.6   0.830
20260407000109    180    440.0    470.0   20.0    191.2    925.7    925.4   0.811
20260407000109    180   1105.0   1120.0   20.0     44.9    931.7    982.7   0.782
20260407000109    181    730.0    785.0   20.0     44.1    930.2   1080.7   0.842
20260407000109    181    830.0    845.0   20.0     20.9   1084.9   1073.9   0.717
20260407000109    181   1180.0   1195.0   20.0     22.2   1105.0   1163.0   0.752
20260407000109    181   1550.0   1565.0   20.0     23.6   1051.9   1069.1   0.771
20260407000109    181   1765.0   1780.0   20.0     68.9   1034.8    923.6   0.775
20260407000109    184    730.0    745.0   20.0     60.4    955.3   1031.2   0.761
20260407000109    184    910.0    925.0   20.0     52.0   1046.2   1118.3   0.801
20260407000109    184   1015.0   1065.0   20.0     51.7   1123.8   1190.0   0.869
20260407000109    184   1120.0   1135.0   20.0    259.4   1226.3    951.7   0.802
20260407000109    185    365.0    380.0   20.0     47.0    944.5    945.7   0.771
20260407000109    185   1545.0   1570.0   20.0     31.3    948.5   1120.8   0.883
20260407000109    186    600.0    620.0   20.0     67.0    977.1    943.9   0.863
20260407000109    187    450.0    500.0   20.0    130.5    945.5    947.1   0.822
20260407000109    187    550.0    565.0   20.0     60.2    948.5    950.6   0.703
20260407000109    188    390.0    410.0   20.0    228.5    950.8    950.6   0.828
20260407000109    191   1060.0   1075.0   20.0     85.0    954.5   1171.7   0.903
20260407000109    191   1740.0   1755.0   20.0     39.5   1246.4   1253.5   0.791
20260407000109    192     40.0     50.0   20.0     21.8   1115.1   1118.4   0.441
20260407000109    193    300.0    330.0   20.0    152.1    950.5    948.9   0.844
20260407000109    196    485.0    515.0   20.0     27.7    957.9   1033.2   0.894
20260407000109    197    590.0    610.0   20.0     61.7    969.6    968.9   0.765
20260407000109    200   1280.0   1295.0   20.0     29.2    973.7    975.1   0.747
20260407000109    201    185.0    250.0   20.0     94.0    978.7    974.1   0.902
20260407000109    201    300.0    315.0   20.0     24.7    972.2   1002.9   0.838
20260407000109    201   1140.0   1155.0   20.0     66.1   1039.8    970.9   0.751
20260407000109    202      0.0     35.0   20.0     29.0      0.0   1150.8   0.763
20260407000109    202    315.0    330.0   20.0     25.6   1255.5   1271.7   0.819
20260407000109    202   1375.0   1390.0   20.0     57.8    976.7   1129.2   0.840
20260407000109    202   1480.0   1545.0   20.0    181.0   1205.4    975.3   0.910
20260407000109    202   1670.0   1685.0   20.0     67.5    975.4    977.1   0.748
20260407000109    203   1260.0   1275.0   20.0     33.4   1293.5   1339.9   0.905
20260407000109    205    240.0    280.0   20.0    153.2    976.4    977.2   0.822
20260407000109    205   1110.0   1130.0   20.0     56.5    978.5    977.6   0.747
20260407000109    209     10.0     25.0   20.0    177.7    980.0   1413.5   0.918
20260407000109    209    570.0   1390.0   19.9    379.9   1440.4   1513.3   0.856
20260407000109    209   1425.0   1740.0   20.0    265.2   1506.6   1510.0   0.811
20260407000109    209   1775.0   1795.0   20.0    254.6   1506.7   1509.4   0.753
20260407000109    210   1110.0   1125.0   20.0    115.7    992.3   1206.9   0.853
20260407000109    210   1455.0   1470.0   20.0     27.7   1230.3   1266.9   0.810
20260407000109    210   1620.0   1635.0   20.0     35.3   1298.5   1334.8   0.804
20260407000109    211    680.0    695.0   20.0     21.4    992.7   1030.1   0.768
20260407000109    211    745.0    760.0   20.0    132.3   1038.4    991.6   0.703
20260407000109    211   1340.0   1355.0   20.0     32.5    986.5   1033.1   0.734
20260407000109    211   1550.0   1565.0   20.0     31.1   1139.7   1059.3   0.911
20260407000109    212    585.0    600.0   20.0     70.9    994.5    993.9   0.647
20260407000109    213   1430.0   1445.0   20.0     61.0    998.7    997.4   0.614
20260407000109    213   1555.0   1570.0   20.0    126.7    998.9    997.3   0.842
20260407000109    214   1580.0   1620.0   20.0     67.3    992.0    995.4   0.753
20260407000109    215    200.0    215.0   20.0     58.8   1004.2   1226.5   0.836
20260407000109    215    435.0    450.0   20.0     62.1   1421.8   1395.4   0.907
20260407000109    215    765.0   1275.0   20.0     32.1   1422.2   1395.7   0.911
20260407000109    215   1350.0   1565.0   20.0     24.3   1395.3   1444.9   0.917
20260407000109    215   1640.0   1655.0   20.0     22.3   1440.4   1445.0   0.840
20260407000109    215   1740.0   1750.0   20.0     20.7   1441.9   1445.3   0.837
20260407000109    217   1115.0   1135.0   20.0     28.3   1108.1   1108.4   0.771
20260407000109    219      0.0     15.0   20.0     31.8      0.0   1050.1   0.763
20260407000109    219   1280.0   1295.0   20.0     20.5   1145.6   1164.6   0.632
20260407000109    219   1485.0   1525.0   20.0     29.1   1192.5   1236.7   0.786
20260407000109    221    105.0    245.0   20.0     44.5   1019.9   1284.0   0.798
20260407000109    221    310.0    375.0   20.0     39.7   1346.6   1376.3   0.799
20260407000109    223    415.0    430.0   20.0     22.8   1371.6   1368.9   0.679
20260407000109    227     90.0    105.0   20.0     94.0   1034.1   1034.5   0.779
20260407000109    227    505.0    650.0   20.0    164.5   1032.7   1040.3   0.864
20260407000109    229    100.0    140.0   20.0    142.0   1200.7   1047.9   0.887
20260407000109    230    380.0    395.0   20.0     40.5   1041.5   1123.2   0.788
20260407000109    230    475.0    555.0   20.0     53.4   1222.3   1334.9   0.819
20260407000109    231     10.0     80.0   20.0     50.4   1061.0   1329.2   0.857
20260407000109    231    280.0    295.0   20.0     22.3   1331.0   1340.0   0.850
20260407000109    233    185.0    245.0   20.0     55.8   1041.5   1197.7   0.786
20260407000109    233    355.0    380.0   20.0     64.0   1244.0   1358.2   0.678
20260407000109    233    550.0    570.0   20.0     27.9   1439.6   1445.0   0.835
20260407000109    233   1380.0   1395.0   20.0     24.4   1433.1   1449.4   0.861
20260407000109    235    730.0    745.0   20.0     33.4   1056.8   1073.6   0.682
20260407000109    236    890.0    905.0   20.0     21.5   1055.5   1255.0   0.874
20260407000109    236   1550.0   1565.0   20.0     27.8   1380.4   1424.7   0.792
20260407000109    239     15.0     30.0   20.0     37.0   1390.5   1414.4   0.696
20260407000109    240    200.0    220.0   20.0     26.3   1242.8   1300.1   0.825
20260407000109    241      5.0     20.0   20.0     43.3   1280.6   1316.4   0.737
20260407000109    241    225.0    240.0   20.0     34.2   1474.9   1524.5   0.704
20260407000109    241    275.0    290.0   20.0     36.9   1567.3   1591.4   0.717
20260407000109    241   1560.0   1800.0   10.3    133.4   1726.8   1723.1   0.869
20260407000109    242   1155.0   1180.0   20.0     82.0   1083.9   1272.5   0.747
20260407000109    242   1360.0   1375.0   20.0     27.8   1302.2   1245.8   0.844
20260407000109    244    125.0    150.0   20.0    210.9   1092.2   1091.4   0.833
20260407000109    245     15.0     30.0   20.0     55.8   1088.8   1172.2   0.785
20260407000109    245   1320.0   1335.0   20.0     27.8   1202.5   1236.3   0.824
20260407000109    246    760.0    780.0   20.0     62.8   1086.7   1155.5   0.827
20260407000109    246   1270.0   1285.0   20.0    120.3   1182.9   1189.6   0.777
20260407000109    246   1330.0   1345.0   20.0     24.3   1193.1   1198.6   0.713
20260407000109    252     95.0    755.0   16.8    187.8   1617.7   1836.9   0.858
20260407000109    252    885.0    895.0   16.7    163.5   1835.1   1836.0   0.446
20260407000109    252    965.0   1785.0    8.7    172.3   1834.0   1844.5   0.624
20260407000109    254     50.0     65.0   20.0     31.8   1110.4   1136.6   0.737
20260407000109    254   1155.0   1175.0   20.0    173.4   1114.6   1107.5   0.886
20260407000109    255   1185.0   1205.0   20.0    108.1   1115.0   1114.8   0.816
20260407000109    255   1600.0   1625.0   20.0    184.1   1114.0   1111.9   0.812
20260407003430      1    125.0    140.0   20.0     75.9    986.3    984.8   0.710
20260407003430      1   1290.0   1305.0   20.0     71.4    985.1   1140.7   0.919
20260407003430      3      0.0     50.0   20.0    230.0      0.0    986.9   0.774
20260407003430      3   1050.0   1065.0   20.0     91.9    977.5   1157.6   0.847
20260407003430      3   1350.0   1365.0   20.0     37.7   1154.9   1133.8   0.786
20260407003430      3   1625.0   1640.0   20.0    133.6   1122.4    972.4   0.767
20260407003430      4    100.0    135.0   20.0    137.3    999.1    999.4   0.819
20260407003430      4   1615.0   1630.0   20.0     47.4   1002.1   1004.2   0.674
20260407003430      5   1415.0   1460.0   20.0    114.1    979.1    980.7   0.789
20260407003430      6   1330.0   1345.0   20.0     71.4    990.2   1083.0   0.819
20260407003430     10    885.0    900.0   20.0     20.8   1301.9   1327.4   0.818
20260407003430     11     25.0     85.0   20.0     54.0   1105.8   1165.9   0.723
20260407003430     11    390.0    405.0   20.0     34.2   1281.9   1315.9   0.852
20260407003430     12    865.0    880.0   20.0     51.0    971.5    971.7   0.754
20260407003430     13      5.0     35.0   20.0    168.1    950.5    952.8   0.801
20260407003430     13   1270.0   1370.0   20.0     69.3    949.0   1061.6   0.791
20260407003430     14   1195.0   1220.0   20.0     27.9    986.3   1130.1   0.792
20260407003430     14   1280.0   1295.0   20.0     23.6   1159.9   1135.9   0.695
20260407003430     14   1665.0   1680.0   20.0     28.5   1148.2   1169.5   0.613
20260407003430     16    490.0    505.0   20.0     23.9   1359.2   1360.6   0.754
20260407003430     16    970.0    985.0   20.0     20.0   1389.5   1368.4   0.859
20260407003430     18    335.0    350.0   20.0     64.9    973.1    973.7   0.816
20260407003430     18   1205.0   1220.0   20.0     37.6    980.7   1045.1   0.763
20260407003430     18   1300.0   1320.0   20.0     31.4   1068.4   1095.9   0.666
20260407003430     19   1340.0   1355.0   20.0     21.0    977.0   1057.6   0.860
20260407003430     20   1360.0   1595.0   20.0     32.5   1432.8   1444.1   0.815
20260407003430     20   1660.0   1735.0   20.0     29.4   1439.6   1437.0   0.823
20260407003430     21     45.0     65.0   20.0     80.7    945.4    946.4   0.808
20260407003430     21   1160.0   1180.0   20.0    196.6    941.9    943.3   0.820
20260407003430     23    145.0    160.0   20.0     62.7   1030.2   1029.5   0.714
20260407003430     24    460.0    475.0   20.0     20.8   1252.6   1267.5   0.789
20260407003430     24    755.0    770.0   20.0     26.9   1249.3   1271.3   0.707
20260407003430     25    525.0    575.0   20.0     32.9   1171.7   1177.8   0.858
20260407003430     25    720.0    735.0   20.0     39.6   1189.5   1215.5   0.861
20260407003430     28    570.0    625.0   20.0     57.7    936.1    935.9   0.779
20260407003430     29   1490.0   1510.0   20.0     88.7    922.0    930.3   0.865
20260407003430     29   1645.0   1660.0   20.0     29.4    921.5    963.9   0.775
20260407003430     30   1655.0   1670.0   20.0     33.1    945.7    941.6   0.562
20260407003430     33   1580.0   1640.0   20.0     55.2    949.6    947.7   0.838
20260407003430     34   1040.0   1055.0   20.0     32.1    954.0   1034.1   0.807
20260407003430     34   1505.0   1520.0   20.0    103.5   1079.3   1224.5   0.883
20260407003430     34   1700.0   1715.0   20.0     24.0   1239.3   1243.2   0.822
20260407003430     36    380.0    395.0   20.0     27.0    947.4    983.1   0.763
20260407003430     36    665.0    680.0   20.0    149.8   1097.1    933.2   0.771
20260407003430     36   1060.0   1075.0   20.0     38.8    931.3    981.0   0.785
20260407003430     36   1280.0   1340.0   20.0    135.7    987.3    934.4   0.878
20260407003430     37    475.0    490.0   20.0     31.6    928.1    928.1   0.738
20260407003430     37    850.0    865.0   20.0     35.0    925.9    927.4   0.691
20260407003430     37   1100.0   1120.0   20.0     63.9    929.7    928.1   0.846
20260407003430     37   1520.0   1535.0   20.0     28.7    929.5    996.5   0.766
20260407003430     37   1780.0   1800.0   20.0     75.1   1059.7    924.0   0.819
20260407003430     38   1570.0   1585.0   20.0     48.3    965.8    971.9   0.800
20260407003430     39   1370.0   1385.0   20.0     26.2    920.4    962.8   0.788
20260407003430     40    690.0    755.0   20.0     55.2    935.8   1037.0   0.751
20260407003430     40    820.0    835.0   20.0     21.4   1033.2   1040.6   0.741
20260407003430     43    730.0    745.0   20.0     20.9   1267.7   1271.7   0.646
20260407003430     47     60.0    120.0   20.0     98.1    927.7    926.1   0.824
20260407003430     48    120.0    170.0   20.0     23.1   1347.7   1365.5   0.866
20260407003430     51    230.0    245.0   20.0     25.7    941.4    914.7   0.724
20260407003430     52    560.0    605.0   20.0    102.4    914.1    908.9   0.816
20260407003430     52   1060.0   1085.0   20.0     37.9    906.4   1129.0   0.808
20260407003430     52   1250.0   1260.0   20.0     23.1   1155.9   1160.3   0.467
20260407003430     56    125.0    165.0   20.0     98.9    906.6   1143.4   0.859
20260407003430     57    245.0    265.0   20.0     57.6    900.1    900.2   0.806
20260407003430     57   1220.0   1235.0   20.0    106.1    899.9    895.1   0.647
20260407003430     58   1730.0   1745.0   20.0     22.3    904.9    911.0   0.436
20260407003430     59    545.0    560.0   20.0     31.1   1262.3   1267.4   0.718
20260407003430     60   1580.0   1595.0   20.0     24.8    915.8    920.4   0.652
20260407003430     62   1045.0   1060.0   20.0     53.2    905.0    932.6   0.775
20260407003430     65   1470.0   1490.0   20.0     98.7    891.3    894.1   0.774
20260407003430     66    100.0    140.0   20.0     62.1    900.0   1183.8   0.859
20260407003430     66    190.0    210.0   20.0    161.2   1191.0    899.2   0.759
20260407003430     66   1390.0   1410.0   20.0     55.2    904.7   1152.5   0.846
20260407003430     68    245.0    260.0   20.0     26.8    902.9    990.9   0.833
20260407003430     68    305.0    325.0   20.0     33.7   1039.8   1084.0   0.844
20260407003430     68    440.0    455.0   20.0     25.0   1063.3   1098.0   0.807
20260407003430     68   1280.0   1300.0   20.0     42.1   1137.4   1193.2   0.875
20260407003430     73   1780.0   1795.0   20.0    133.4    882.5    885.0   0.793
20260407003430     75     10.0     25.0   20.0     73.6    874.6    875.6   0.712
20260407003430     75    490.0    505.0   20.0     38.3    880.9    884.3   0.621
20260407003430     75   1220.0   1250.0   20.0     76.3    876.9    879.3   0.757
20260407003430     75   1745.0   1760.0   20.0     66.0    876.5    876.7   0.648
20260407003430     76   1520.0   1535.0   20.0     49.9    904.9    899.0   0.768
20260407003430     76   1650.0   1665.0   20.0     61.0    903.0    899.2   0.849
20260407003430     78    210.0    225.0   20.0     35.2    886.9    934.8   0.767
20260407003430     78   1675.0   1690.0   20.0     31.6   1026.1   1080.8   0.810
20260407003430     79    865.0    945.0   20.0     73.5   1481.7   1453.6   0.865
20260407003430     79    980.0   1360.0   20.0    104.9   1456.5   1407.8   0.862
20260407003430     79   1435.0   1445.0   20.0     58.6   1408.5   1412.8   0.650
20260407003430     79   1480.0   1800.0   20.0     54.8   1416.1   1410.8   0.781
20260407003430     80   1190.0   1205.0   20.0     45.0    886.7    886.1   0.790
20260407003430     81   1280.0   1295.0   20.0     37.6    935.3    983.0   0.771
20260407003430     81   1685.0   1700.0   20.0     78.8   1015.5    932.0   0.805
20260407003430     83   1480.0   1535.0   20.0     95.9    869.9    870.0   0.868
20260407003430     84   1610.0   1625.0   20.0     85.6    887.1    879.4   0.911
20260407003430     85    845.0    860.0   20.0     36.7   1196.0   1220.0   0.801
20260407003430     86    215.0    230.0   20.0     26.7   1109.0   1138.7   0.831
20260407003430     87    155.0    180.0   20.0    137.1    871.6    875.4   0.778
20260407003430     91    100.0    135.0   20.0     84.7   1086.2   1099.4   0.799
20260407003430     95    480.0    495.0   20.0     76.8    877.1    876.8   0.611
20260407003430     95    930.0    950.0   20.0     41.1    872.2    871.9   0.740
20260407003430     99    805.0    850.0   20.0    123.5    867.3    866.6   0.810
20260407003430    100     20.0     40.0   20.0    112.0   1070.8    872.8   0.833
20260407003430    101    410.0    425.0   20.0     66.3    875.1    874.7   0.709
20260407003430    101    675.0    690.0   20.0     25.7    876.6    877.0   0.458
20260407003430    103   1565.0   1585.0   20.0     48.4    880.8    881.3   0.769
20260407003430    103   1750.0   1795.0   20.0     81.9    880.4    879.7   0.759
20260407003430    106    850.0    900.0   20.0     35.2    878.2    876.8   0.752
20260407003430    106   1060.0   1075.0   20.0     46.2    876.5    877.4   0.815
20260407003430    106   1625.0   1640.0   20.0     22.5    879.2    882.6   0.542
20260407003430    107     85.0    115.0   20.0     24.5    964.9   1000.8   0.818
20260407003430    107   1070.0   1085.0   20.0     22.2   1038.3   1055.7   0.792
20260407003430    109     25.0     45.0   20.0    109.4    854.3   1133.3   0.955
20260407003430    113   1505.0   1520.0   20.0     44.5    882.4    985.9   0.755
20260407003430    113   1605.0   1620.0   20.0    105.2    997.3    882.1   0.751
20260407003430    115    865.0    880.0   20.0     21.7   1001.7    997.0   0.694
20260407003430    117    240.0    260.0   20.0     72.5    868.4    868.4   0.737
20260407003430    117   1205.0   1225.0   20.0     37.2    873.0    876.5   0.799
20260407003430    118    825.0    870.0   20.0     66.8    929.6    928.7   0.870
20260407003430    118   1680.0   1705.0   20.0     62.5    982.4    939.3   0.844
20260407003430    120   1165.0   1180.0   20.0     32.5    887.9    935.9   0.747
20260407003430    122    120.0    135.0   20.0     66.4    884.5    945.1   0.628
20260407003430    122    195.0    210.0   20.0     49.3    936.4    886.6   0.753
20260407003430    123     45.0     60.0   20.0     34.0    986.3   1119.0   0.799
20260407003430    125    615.0    635.0   20.0     21.6    891.3    896.7   0.761
20260407003430    126    940.0    955.0   20.0     55.8    890.0    889.6   0.726
20260407003430    127    535.0    550.0   20.0     42.3    889.5    889.8   0.713
20260407003430    128    390.0    450.0   20.0     41.5    883.0    939.4   0.784
20260407003430    128   1200.0   1215.0   20.0     70.4    962.8    883.5   0.817
20260407003430    130    355.0    380.0   20.0    100.3    893.4    895.5   0.783
20260407003430    130   1460.0   1495.0   20.0    154.4    898.1    898.8   0.797
20260407003430    133    515.0    530.0   20.0     28.5    879.2    881.5   0.749
20260407003430    134     40.0     60.0   20.0     74.4    886.4   1166.4   0.876
20260407003430    135    990.0   1005.0   20.0     38.7    888.7   1020.6   0.795
20260407003430    135   1045.0   1065.0   20.0    127.8   1106.8    890.7   0.842
20260407003430    135   1405.0   1425.0   20.0     49.0    893.0    963.8   0.816
20260407003430    136   1075.0   1090.0   20.0     73.1    931.7   1017.0   0.766
20260407003430    136   1215.0   1230.0   20.0     23.6   1022.8   1017.8   0.675
20260407003430    138    285.0    325.0   20.0    166.9    885.9    885.9   0.810
20260407003430    138    650.0    670.0   20.0    188.0    892.8    892.5   0.831
20260407003430    138   1735.0   1750.0   20.0     22.5    889.6    889.5   0.683
20260407003430    140     20.0     35.0   20.0     40.2    887.0    939.7   0.749
20260407003430    140     70.0     85.0   20.0     21.5    956.5    982.1   0.460
20260407003430    141   1345.0   1375.0   20.0    103.4    888.8   1097.1   0.843
20260407003430    141   1515.0   1530.0   20.0     27.9   1088.4   1081.0   0.519
20260407003430    141   1645.0   1660.0   20.0     26.7   1115.1   1136.2   0.838
20260407003430    141   1715.0   1730.0   20.0     74.0   1132.9   1209.3   0.757
20260407003430    142    510.0    530.0   20.0     47.4    909.1    909.3   0.780
20260407003430    142   1100.0   1115.0   20.0     34.4    886.8    959.5   0.803
20260407003430    142   1210.0   1235.0   20.0     61.0    992.9   1023.1   0.838
20260407003430    142   1345.0   1360.0   20.0     25.8   1011.4   1024.9   0.694
20260407003430    143    360.0    380.0   20.0     60.0    885.4    886.1   0.825
20260407003430    144   1170.0   1185.0   20.0    108.4    898.7   1128.8   0.838
20260407003430    145   1070.0   1100.0   20.0     53.3    920.6    963.2   0.734
20260407003430    145   1355.0   1370.0   20.0     41.1   1066.8   1072.1   0.717
20260407003430    145   1610.0   1665.0   20.0     30.6   1089.0   1124.0   0.649
20260407003430    147   1330.0   1345.0   20.0     46.0    901.7   1065.6   0.780
20260407003430    147   1730.0   1745.0   20.0     34.4   1126.4   1132.5   0.815
20260407003430    148    470.0    490.0   20.0     70.3    907.9    985.2   0.871
20260407003430    148    785.0    800.0   20.0     34.9   1125.2   1034.8   0.936
20260407003430    148   1395.0   1410.0   20.0     23.2   1053.7   1070.7   0.688
20260407003430    153    340.0    360.0   20.0     64.5    904.9   1094.2   0.853
20260407003430    153    585.0    630.0   20.0     33.9   1098.0   1097.8   0.735
20260407003430    153    830.0    850.0   20.0     35.8   1104.0   1107.7   0.720
20260407003430    153   1025.0   1040.0   20.0     35.4   1120.3   1121.5   0.796
20260407003430    153   1135.0   1155.0   20.0     54.2   1134.8   1158.8   0.781
20260407003430    153   1240.0   1300.0   20.0     39.7   1172.1   1279.5   0.644
20260407003430    155    165.0    210.0   20.0    137.0    890.6   1136.9   0.806
20260407003430    155    650.0    665.0   20.0     27.3   1191.0   1253.5   0.728
20260407003430    155   1385.0   1400.0   20.0     28.1   1228.9   1264.0   0.811
20260407003430    157    130.0    145.0   20.0     26.1   1226.6   1233.3   0.626
20260407003430    158   1700.0   1715.0   20.0     91.3   1013.5    909.7   0.773
20260407003430    159    995.0   1010.0   20.0     23.3   1076.8   1079.6   0.813
20260407003430    159   1260.0   1305.0   20.0     32.3   1097.3   1124.4   0.859
20260407003430    160    505.0    525.0   20.0     69.9    915.4   1133.8   0.886
20260407003430    164      0.0   1800.0   20.0     50.0      0.0   1482.4   0.914
20260407003430    171   1475.0   1485.0   20.0     20.3   1379.4   1374.9   0.863
20260407003430    173     95.0    110.0   20.0    135.8    922.4   1234.8   0.912
20260407003430    173   1095.0   1200.0   20.0     41.9   1381.8   1377.0   0.921
20260407003430    173   1600.0   1710.0   20.0    245.5   1370.5   1296.2   0.930
20260407003430    174    445.0    470.0   20.0     31.4    935.1    937.3   0.816
20260407003430    175    620.0    640.0   20.0    163.5    968.5    946.2   0.858
20260407003430    175    820.0    840.0   20.0     53.5    940.3    941.9   0.801
20260407003430    175   1660.0   1675.0   20.0     95.6    956.3   1174.3   0.837
20260407003430    176      0.0     15.0   20.0     31.3      0.0   1077.0   0.775
20260407003430    176    200.0    215.0   20.0     21.8   1116.8   1110.0   0.502
20260407003430    177   1530.0   1590.0   20.0    149.2    937.6    934.9   0.856
20260407003430    178     95.0    110.0   20.0     60.7   1292.0    979.1   0.945
20260407003430    180      5.0     40.0   20.0     70.5    925.2   1057.9   0.748
20260407003430    181    555.0    570.0   20.0     43.8    933.4    999.2   0.740
20260407003430    181    750.0    765.0   20.0     24.3   1011.6   1028.8   0.830
20260407003430    181   1400.0   1430.0   20.0     24.5   1059.9   1062.7   0.795
20260407003430    184    800.0    815.0   20.0     28.1    962.6    949.9   0.653
20260407003430    184   1285.0   1300.0   20.0     22.3    948.9    967.2   0.559
20260407003430    184   1680.0   1695.0   20.0     41.9    948.4   1073.6   0.792
20260407003430    185    805.0    820.0   20.0     75.1   1347.0   1173.6   0.918
20260407003430    187    165.0    185.0   20.0     72.1    944.6    946.6   0.802
20260407003430    187    585.0    605.0   20.0     74.4    953.4    952.3   0.797
20260407003430    187   1305.0   1320.0   20.0    105.3    950.1    948.9   0.764
20260407003430    188   1065.0   1105.0   20.0     87.3    957.1   1292.3   0.811
20260407003430    188   1210.0   1255.0   20.0     23.8   1342.0   1390.7   0.543
20260407003430    188   1365.0   1425.0   20.0    100.4   1381.9    954.4   0.901
20260407003430    191     85.0    105.0   20.0    221.1    952.1    952.6   0.872
20260407003430    191    290.0    305.0   20.0     49.2    953.4   1020.2   0.810
20260407003430    191   1535.0   1550.0   20.0     40.4   1111.9   1110.0   0.828
20260407003430    193    405.0    420.0   20.0    124.1    951.0    951.8   0.837
20260407003430    195     75.0    115.0   20.0    158.7    943.8    945.7   0.896
20260407003430    195    220.0    240.0   20.0    150.3    942.3    939.4   0.810
20260407003430    195    400.0    415.0   20.0     50.2    941.1    943.5   0.721
20260407003430    195   1580.0   1630.0   20.0     53.2    972.5    986.0   0.936
20260407003430    196   1405.0   1490.0   20.0     29.1   1258.8   1280.3   0.702
20260407003430    196   1595.0   1610.0   20.0     33.7   1281.2   1302.8   0.797
20260407003430    197    425.0    440.0   20.0     35.8    966.1   1086.6   0.823
20260407003430    197    575.0    590.0   20.0     28.7   1133.7   1142.3   0.766
20260407003430    197    995.0   1010.0   20.0     74.0   1185.5   1228.3   0.549
20260407003430    197   1080.0   1095.0   20.0    194.3   1272.8    980.9   0.823
20260407003430    198     35.0    155.0   20.0     54.1    961.7   1114.4   0.853
20260407003430    198    200.0    240.0   20.0    131.0   1092.9    960.8   0.817
20260407003430    198   1675.0   1690.0   20.0     20.8    970.6    968.4   0.702
20260407003430    199    315.0    345.0   20.0     86.0    968.8    967.6   0.796
20260407003430    199   1715.0   1755.0   20.0    129.8    965.9    972.1   0.821
20260407003430    200     50.0     65.0   20.0     87.5   1132.7   1018.4   0.861
20260407003430    200    120.0    135.0   20.0     26.8   1007.7    975.0   0.755
20260407003430    200   1225.0   1240.0   20.0     37.1    983.3    986.7   0.525
20260407003430    203      0.0     75.0   20.0     30.1      0.0   1385.0   0.787
20260407003430    205    480.0    500.0   20.0    142.1    983.1    978.9   0.863
20260407003430    207   1640.0   1670.0   20.0    145.2    976.2    987.3   0.800
20260407003430    209    410.0    545.0   15.6    170.8   1544.7   1576.8   0.802
20260407003430    212    345.0    360.0   20.0     34.4    991.9    993.7   0.618
20260407003430    213    695.0    710.0   20.0     25.6   1025.9   1013.4   0.419
20260407003430    213   1045.0   1060.0   20.0     28.9   1149.7   1010.3   0.550
20260407003430    214     25.0    105.0   20.0    144.1   1154.5   1191.2   0.878
20260407003430    214   1020.0   1035.0   20.0    100.3   1165.6    992.4   0.849
20260407003430    215    240.0    310.0   20.0     82.1   1509.4   1571.2   0.833
20260407003430    215    430.0    515.0   20.0    130.3   1540.7   1557.8   0.852
20260407003430    219     20.0     35.0   20.0     38.6   1001.4   1061.0   0.738
20260407003430    221      0.0     40.0   20.0     28.5      0.0   1424.1   0.658
20260407003430    221    200.0    215.0   20.0     27.0   1524.2   1487.0   0.699
20260407003430    226    190.0    205.0   20.0     91.2   1171.8   1513.0   0.887
20260407003430    227   1090.0   1145.0   20.0    130.4   1036.4   1301.3   0.822
20260407003430    227   1740.0   1755.0   20.0     37.7   1345.9   1365.9   0.744
20260407003430    228   1115.0   1130.0   20.0     59.4   1047.6   1071.5   0.726
20260407003430    229   1050.0   1090.0   20.0    228.7   1036.9   1032.7   0.827
20260407003430    229   1310.0   1350.0   20.0    271.5   1032.9   1030.3   0.827
20260407003430    230    220.0    265.0   20.0     30.4   1044.8   1145.8   0.837
20260407003430    230    300.0    315.0   20.0     22.5   1161.2   1202.3   0.712
20260407003430    230    380.0    395.0   20.0     29.8   1170.1   1256.8   0.789
20260407003430    233     40.0     55.0   20.0     45.9   1044.5   1224.6   0.869
20260407003430    233    205.0    220.0   20.0     28.6   1407.2   1457.3   0.781
20260407003430    237      0.0     15.0   20.0     21.8      0.0   1081.5   0.727
20260407003430    239      0.0     10.0   20.0     20.5      0.0   1489.6   0.607
20260407003430    239    125.0    140.0   20.0     21.7   1491.1   1516.8   0.748
20260407003430    240    295.0    310.0   20.0     29.8   1327.4   1340.2   0.671
20260407003430    240    550.0    565.0   20.0     21.7   1400.8   1401.1   0.750
20260407003430    241      0.0     10.0   10.0    102.1      0.0   1695.6   0.405
20260407003430    242    335.0    350.0   20.0     27.0   1295.2   1317.4   0.799
20260407003430    242    570.0    585.0   20.0     22.0   1369.0   1427.4   0.837
20260407003430    244   1290.0   1310.0   20.0     93.4   1098.7   1094.7   0.823
20260407003430    245    160.0    180.0   20.0     81.2   1089.6   1089.6   0.763
20260407003430    245   1015.0   1040.0   20.0    128.7   1089.9   1096.7   0.807
20260407003430    245   1100.0   1120.0   20.0    102.1   1093.9   1123.5   0.776
20260407003430    246    685.0    705.0   20.0    139.8   1084.4   1085.5   0.862
20260407003430    247    440.0    455.0   20.0     67.0   1099.1   1100.3   0.652
20260407003430    247   1050.0   1065.0   20.0    124.3   1100.9   1313.7   0.848
20260407003430    247   1605.0   1620.0   20.0     28.3   1388.3   1416.2   0.808
20260407003430    252     10.0    750.0    8.9    208.7   1878.6   1885.9   0.697
20260407003430    252    820.0    975.0    8.2    185.6   1899.8   1886.1   0.498
20260407003430    252   1025.0   1040.0    8.3    170.8   1887.6   1893.7   0.468
20260407003430    252   1095.0   1105.0    7.7    166.3   1890.7   1895.0   0.410
20260407003430    253    320.0    380.0   20.0     56.6   1108.6   1373.5   0.796
20260407003430    253    440.0    465.0   20.0     26.3   1363.0   1445.7   0.783
20260407003430    253    520.0    535.0   20.0     39.0   1502.3   1528.7   0.775
20260407003430    255    290.0    340.0   20.0     72.6   1119.3   1417.4   0.831
20260407003430    255    385.0    415.0   20.0     42.3   1419.8   1221.7   0.858
20260407003430    255    480.0    495.0   20.0     28.8   1240.9   1276.9   0.761
20260407003430    255    705.0    720.0   20.0     36.6   1332.8   1363.2   0.552
20260407003430    255    815.0    830.0   20.0     39.5   1375.6   1436.2   0.752
20260407003430    255    880.0    920.0   20.0     32.1   1411.9   1410.2   0.707
20260407003430    255   1080.0   1095.0   20.0     29.3   1384.7   1383.1   0.613
20260407003430    255   1410.0   1425.0   20.0     76.3   1394.7   1437.6   0.717
20260407003430    255   1645.0   1660.0   20.0     47.9   1417.5   1480.0   0.779
20260407003430    255   1715.0   1770.0   20.0     24.4   1490.1   1454.5   0.859
20260407010751      3   1145.0   1165.0   20.0    122.7    979.4    975.7   0.798
20260407010751      3   1770.0   1785.0   20.0     26.5    976.4    995.0   0.672
20260407010751      5    505.0    525.0   20.0    111.4    980.9    981.3   0.775
20260407010751      5    825.0    845.0   20.0    160.9   1114.3    978.6   0.802
20260407010751      5   1420.0   1475.0   20.0    258.8    971.8   1117.6   0.896
20260407010751      5   1560.0   1575.0   20.0     40.3   1131.2   1035.9   0.908
20260407010751      6    180.0    195.0   20.0     21.3    993.5    993.4   0.735
20260407010751      6   1245.0   1260.0   20.0     23.4    991.0   1005.9   0.598
20260407010751      6   1320.0   1335.0   20.0     71.7    987.8    986.4   0.723
20260407010751     10      0.0     10.0   20.0     30.2      0.0   1311.0   0.828
20260407010751     10    745.0    760.0   20.0     34.8   1325.0   1328.9   0.653
20260407010751     12   1005.0   1020.0   20.0     43.8    973.9    972.6   0.449
20260407010751     12   1340.0   1355.0   20.0     21.8    975.5    981.6   0.488
20260407010751     12   1665.0   1680.0   20.0     20.2    982.3    976.8   0.633
20260407010751     12   1775.0   1800.0   20.0    108.5    980.7   1126.9   0.860
20260407010751     13   1345.0   1360.0   20.0     54.5    944.3   1062.6   0.863
20260407010751     14    545.0    565.0   20.0     46.3   1209.8   1221.0   0.652
20260407010751     14    645.0    690.0   20.0     30.6   1274.9   1312.0   0.706
20260407010751     14    950.0    965.0   20.0     37.0   1176.4   1204.7   0.814
20260407010751     14   1095.0   1260.0   20.0    126.6   1197.1   1264.5   0.840
20260407010751     14   1315.0   1350.0   20.0     92.1   1322.4   1264.6   0.816
20260407010751     14   1475.0   1495.0   20.0     55.8   1460.1   1429.8   0.794
20260407010751     16    585.0    600.0   20.0     26.8   1355.3   1366.2   0.776
20260407010751     19    335.0    350.0   20.0     43.6    964.6   1012.7   0.770
20260407010751     19    465.0    480.0   20.0     63.4   1034.3    962.4   0.754
20260407010751     27    660.0    675.0   20.0     37.0   1007.1   1006.6   0.625
20260407010751     28   1155.0   1180.0   20.0     82.5    940.0    938.0   0.790
20260407010751     29     95.0    110.0   20.0     36.5    951.2    930.8   0.747
20260407010751     30   1580.0   1595.0   20.0     20.7    938.5    938.3   0.713
20260407010751     33      5.0     20.0   20.0    116.7   1213.1    954.9   0.902
20260407010751     33    320.0    335.0   20.0     39.4    954.9    953.5   0.857
20260407010751     34    200.0    215.0   20.0     23.8    956.7    985.4   0.739
20260407010751     34    460.0    475.0   20.0     49.0   1001.4    952.0   0.740
20260407010751     34   1770.0   1790.0   20.0     55.1    954.3   1052.8   0.761
20260407010751     37    255.0    275.0   20.0    127.7    934.1    932.8   0.836
20260407010751     38   1540.0   1580.0   20.0    294.2    938.2    946.5   0.837
20260407010751     39   1475.0   1490.0   20.0     23.5    913.6    994.9   0.815
20260407010751     39   1725.0   1740.0   20.0     93.3   1027.9    910.6   0.780
20260407010751     41   1790.0   1800.0   20.0     29.7    933.8   1012.3   0.649
20260407010751     45   1260.0   1280.0   20.0     71.1    908.8   1081.3   0.908
20260407010751     45   1440.0   1455.0   20.0     33.1   1106.6   1098.0   0.821
20260407010751     47    340.0    355.0   20.0     37.5    929.3    984.9   0.782
20260407010751     47    565.0    580.0   20.0    151.6   1047.2    926.4   0.768
20260407010751     51      0.0     30.0   20.0    170.5      0.0    914.5   0.780
20260407010751     51    655.0    670.0   20.0     57.5    913.7    913.3   0.683
20260407010751     52     10.0     80.0   20.0     68.5    909.1   1163.1   0.838
20260407010751     52    125.0    175.0   20.0     24.5   1153.6   1158.2   0.595
20260407010751     54    370.0    385.0   20.0     51.6    887.1    887.5   0.764
20260407010751     55   1180.0   1195.0   20.0     36.7    899.0    950.4   0.744
20260407010751     56    140.0    155.0   20.0     27.0   1186.4   1204.8   0.579
20260407010751     57    740.0    755.0   20.0     64.8    898.1    994.2   0.769
20260407010751     57    800.0    855.0   20.0     36.9   1003.5   1035.0   0.711
20260407010751     57    955.0    970.0   20.0     23.4   1049.6   1077.8   0.734
20260407010751     57   1040.0   1055.0   20.0     26.4   1062.5   1096.2   0.714
20260407010751     57   1140.0   1155.0   20.0    147.4   1075.3    892.2   0.781
20260407010751     57   1550.0   1570.0   20.0    175.7    893.3    889.9   0.875
20260407010751     58   1740.0   1755.0   20.0     45.6    904.2   1183.5   0.915
20260407010751     60      0.0     25.0   20.0     91.9      0.0    906.3   0.828
20260407010751     64    395.0    410.0   20.0     44.2    893.7    893.2   0.588
20260407010751     64   1285.0   1305.0   20.0    171.2    895.0    894.9   0.818
20260407010751     64   1665.0   1685.0   20.0     44.7    893.6    899.4   0.788
20260407010751     65   1320.0   1335.0   20.0     42.0    885.5    883.6   0.652
20260407010751     68    115.0    140.0   20.0     51.7    904.2   1189.8   0.820
20260407010751     68    200.0    215.0   20.0     23.3   1253.7   1171.1   0.889
20260407010751     68    250.0    265.0   20.0     37.7   1228.3   1068.9   0.886
20260407010751     68    845.0    860.0   20.0     20.6   1127.8   1165.9   0.826
20260407010751     72    945.0    960.0   20.0     21.6   1144.9   1162.5   0.790
20260407010751     75    230.0    280.0   20.0     36.1    887.4   1016.0   0.780
20260407010751     75    315.0    330.0   20.0    111.0   1002.8    884.4   0.768
20260407010751     75   1710.0   1760.0   20.0     96.6    886.6    881.9   0.880
20260407010751     76    640.0    655.0   20.0     42.1    899.6    897.3   0.717
20260407010751     76   1500.0   1515.0   20.0     42.5    897.0    897.7   0.720
20260407010751     79   1085.0   1150.0   20.0    149.0   1579.4   1553.0   0.812
20260407010751     79   1205.0   1220.0   20.0    121.1   1551.3   1550.1   0.721
20260407010751     79   1255.0   1300.0   20.0    110.1   1550.9   1548.2   0.770
20260407010751     79   1445.0   1460.0   20.0     98.6   1565.1   1564.6   0.745
20260407010751     80   1665.0   1680.0   20.0     45.5    887.1    940.6   0.756
20260407010751     81      0.0     50.0   20.0     49.2      0.0    998.2   0.942
20260407010751     84   1050.0   1065.0   20.0     27.6    875.1    908.8   0.775
20260407010751     84   1290.0   1305.0   20.0     21.9    958.0    959.6   0.714
20260407010751     87   1225.0   1245.0   20.0     51.2    877.8    877.4   0.799
20260407010751     87   1425.0   1440.0   20.0     48.0    871.9    869.9   0.631
20260407010751     87   1580.0   1595.0   20.0     29.6    870.5    924.3   0.827
20260407010751     87   1675.0   1690.0   20.0     58.3    925.2    870.7   0.746
20260407010751     95    140.0    180.0   20.0    220.5    875.6    877.7   0.851
20260407010751     98    405.0    420.0   20.0     47.6    889.8    939.1   0.747
20260407010751     98   1415.0   1475.0   20.0     29.5   1004.9   1020.3   0.887
20260407010751     98   1590.0   1605.0   20.0     25.2   1027.8   1030.9   0.619
20260407010751    100   1700.0   1720.0   20.0     46.8    880.6    883.7   0.812
20260407010751    102     70.0     85.0   20.0     30.9    880.6    924.8   0.756
20260407010751    103    160.0    210.0   20.0     68.1    884.5   1082.8   0.840
20260407010751    103    250.0    265.0   20.0    187.2   1175.4    884.8   0.822
20260407010751    103   1760.0   1775.0   20.0     49.3    882.0   1003.5   0.857
20260407010751    104     10.0     25.0   20.0    124.3    874.7   1110.7   0.837
20260407010751    104   1435.0   1510.0   20.0     28.0   1262.7   1268.9   0.721
20260407010751    104   1575.0   1595.0   20.0     28.0   1269.4   1264.8   0.633
20260407010751    104   1665.0   1680.0   20.0     25.2   1267.7   1265.6   0.626
20260407010751    107    275.0    290.0   20.0     24.3    883.2    981.6   0.765
20260407010751    107    345.0    360.0   20.0     20.6    993.0    994.3   0.528
20260407010751    107   1300.0   1315.0   20.0     20.9   1023.5   1018.1   0.810
20260407010751    109     55.0     70.0   20.0     87.3    860.6   1146.3   0.896
20260407010751    112    385.0    405.0   20.0     48.6    886.7    887.4   0.794
20260407010751    112   1535.0   1555.0   20.0    125.5    893.6    896.9   0.880
20260407010751    112   1665.0   1675.0   20.0     23.6    895.3    894.4   0.519
20260407010751    115    145.0    160.0   20.0     50.2    869.7    968.8   0.779
20260407010751    115   1240.0   1255.0   20.0     23.0   1126.1   1139.8   0.758
20260407010751    115   1570.0   1585.0   20.0     54.5   1144.0   1219.9   0.814
20260407010751    117   1220.0   1270.0   20.0    157.5    882.4    874.2   0.784
20260407010751    118     15.0     30.0   20.0     63.9    983.9    934.5   0.786
20260407010751    118   1185.0   1200.0   20.0     27.1    927.2    965.0   0.802
20260407010751    118   1370.0   1385.0   20.0     92.4   1014.6    933.0   0.793
20260407010751    120    545.0    560.0   20.0     26.1    888.7   1019.0   0.802
20260407010751    120   1240.0   1255.0   20.0    125.2   1130.7    887.1   0.718
20260407010751    123     35.0     55.0   20.0     81.7    871.3    985.8   0.762
20260407010751    123   1195.0   1210.0   20.0     30.3    999.8   1023.6   0.747
20260407010751    123   1295.0   1380.0   20.0    130.5   1026.9   1050.0   0.815
20260407010751    125   1225.0   1245.0   20.0    210.1    989.3   1012.7   0.857
20260407010751    126   1765.0   1780.0   20.0     33.9    900.2    970.1   0.763
20260407010751    127    160.0    180.0   20.0     30.4    887.5   1024.9   0.920
20260407010751    127    405.0    420.0   20.0    148.6   1110.0    888.8   0.769
20260407010751    128    420.0    435.0   20.0     40.9    882.3    931.3   0.724
20260407010751    128    950.0    965.0   20.0     56.8    943.9    884.5   0.757
20260407010751    129   1765.0   1780.0   20.0     50.0   1390.6   1306.4   0.828
20260407010751    130    700.0    715.0   20.0     94.2    899.5   1007.1   0.783
20260407010751    134     15.0     30.0   20.0     21.3   1105.6   1174.2   0.727
20260407010751    135   1480.0   1500.0   20.0    166.3    896.4   1203.7   0.864
20260407010751    138    150.0    165.0   20.0     32.8    886.4    889.0   0.726
20260407010751    138   1225.0   1240.0   20.0    199.0    891.5    892.5   0.832
20260407010751    139    330.0    375.0   20.0    165.8    895.8    897.7   0.809
20260407010751    139    640.0    655.0   20.0     42.1    898.0    950.8   0.777
20260407010751    139   1195.0   1215.0   20.0     24.6   1050.1   1053.4   0.842
20260407010751    139   1505.0   1520.0   20.0     34.0   1086.4   1128.3   0.787
20260407010751    142     20.0     35.0   20.0    163.6   1130.2    883.7   0.850
20260407010751    143    195.0    210.0   20.0     58.1    885.9    887.3   0.446
20260407010751    145    965.0   1000.0   20.0     96.4    924.0    923.1   0.840
20260407010751    147    100.0    115.0   20.0     30.3    892.2    997.0   0.799
20260407010751    147   1105.0   1120.0   20.0     37.6   1123.4    889.5   0.968
20260407010751    150     40.0     55.0   20.0     23.3   1198.1   1196.5   0.700
20260407010751    151    455.0    475.0   20.0     81.5    903.6    906.7   0.820
20260407010751    153     35.0     50.0   20.0     25.5   1074.0   1064.3   0.543
20260407010751    153   1125.0   1150.0   20.0     77.0   1228.4    943.8   0.861
20260407010751    155      0.0     10.0   20.0    126.1      0.0   1253.2   0.793
20260407010751    157   1405.0   1800.0   20.0     87.4   1392.0   1455.3   0.912
20260407010751    158     95.0    110.0   20.0    125.0    904.8    906.2   0.810
20260407010751    159     95.0    115.0   20.0     54.8    916.5    999.7   0.834
20260407010751    159    525.0    540.0   20.0     24.2   1057.6   1064.0   0.703
20260407010751    159    725.0    740.0   20.0     22.5   1086.7   1095.0   0.740
20260407010751    159   1180.0   1195.0   20.0     28.1   1127.0   1138.1   0.624
20260407010751    160     35.0     50.0   20.0    119.0   1052.5    916.0   0.777
20260407010751    160     85.0    125.0   20.0     89.1    917.1   1121.8   0.920
20260407010751    160   1105.0   1120.0   20.0     26.3   1259.3   1252.3   0.793
20260407010751    161    215.0    230.0   20.0     59.3    898.2    899.5   0.734
20260407010751    161   1140.0   1170.0   20.0     47.2    899.4    901.1   0.754
20260407010751    163   1090.0   1135.0   20.0     48.8    924.2   1197.4   0.752
20260407010751    163   1265.0   1280.0   20.0     23.6   1176.6   1177.2   0.642
20260407010751    164      0.0     15.0   20.0     24.9      0.0   1491.4   0.827
20260407010751    166     85.0    100.0   20.0     46.3    909.2    990.5   0.773
20260407010751    166    595.0    610.0   20.0     20.7   1044.8   1077.6   0.776
20260407010751    166   1320.0   1335.0   20.0     26.7   1147.0   1158.8   0.658
20260407010751    166   1725.0   1740.0   20.0     36.8   1183.2   1182.6   0.733
20260407010751    168   1125.0   1170.0   20.0     57.1    932.3    935.3   0.834
20260407010751    169   1660.0   1675.0   20.0     43.2    910.6    909.3   0.481
20260407010751    171     50.0     70.0   20.0     76.9   1261.3   1306.6   0.736
20260407010751    175    575.0    590.0   20.0     39.3    937.1    934.8   0.786
20260407010751    177   1525.0   1540.0   20.0     63.2    930.8   1118.3   0.848
20260407010751    177   1575.0   1600.0   20.0    154.0   1122.2    930.5   0.766
20260407010751    178     45.0     75.0   20.0     39.5    938.9   1094.7   0.868
20260407010751    178    150.0    185.0   20.0    189.1   1143.7    938.5   0.809
20260407010751    178    900.0    935.0   20.0    109.3    942.0   1167.6   0.877
20260407010751    179     15.0     35.0   20.0     91.3    940.8    940.9   0.827
20260407010751    179    900.0    920.0   20.0     99.3    940.6    953.1   0.782
20260407010751    180    910.0    925.0   20.0    123.8    934.4   1194.4   0.828
20260407010751    180   1005.0   1025.0   20.0    116.3   1223.2    934.7   0.899
20260407010751    180   1195.0   1210.0   16.7     50.3    932.9    988.9   0.752
20260407010751    180   1360.0   1375.0   20.0     22.5   1018.6   1017.2   0.863
20260407010751    181   1355.0   1400.0   20.0     94.3    926.7    925.7   0.734
20260407010751    184     10.0     25.0   20.0     22.5   1149.9   1197.0   0.572
20260407010751    184     75.0     90.0   20.0    168.5   1162.2    947.1   0.768
20260407010751    184   1290.0   1305.0   20.0     21.1    954.6    982.0   0.830
20260407010751    185    320.0    335.0   20.0    203.4   1361.9    950.7   0.892
20260407010751    186    310.0    325.0   20.0     63.2    939.7   1202.6   0.800
20260407010751    186    380.0    420.0   20.0    210.4   1222.4    938.7   0.797
20260407010751    188    790.0    805.0   20.0     25.5    961.7   1014.0   0.736
20260407010751    188    945.0    960.0   20.0     32.3   1030.1   1067.1   0.762
20260407010751    188   1630.0   1645.0   20.0     21.1   1251.1   1251.2   0.636
20260407010751    190     70.0     85.0   20.0     47.3    990.5    989.6   0.723
20260407010751    190   1045.0   1060.0   20.0     88.3    985.6    984.5   0.724
20260407010751    190   1765.0   1785.0   20.0     71.4    981.0    984.5   0.851
20260407010751    191     25.0     40.0   20.0     87.9    954.3   1068.3   0.767
20260407010751    191    100.0    115.0   20.0     21.4   1080.9   1084.3   0.664
20260407010751    191   1115.0   1130.0   20.0     20.2   1144.7   1157.1   0.881
20260407010751    193    210.0    225.0   20.0     52.0    954.2    955.9   0.756
20260407010751    193   1515.0   1530.0   20.0     88.3    950.6    953.4   0.796
20260407010751    193   1660.0   1675.0   20.0     23.7    952.2    951.0   0.627
20260407010751    193   1715.0   1730.0   20.0     26.9    951.6    952.8   0.770
20260407010751    197    310.0    355.0   20.0     89.4    967.2    967.7   0.903
20260407010751    197    910.0    925.0   20.0     57.3    968.7   1047.4   0.790
20260407010751    197   1020.0   1075.0   20.0    115.1   1163.8    971.2   0.883
20260407010751    199    470.0    485.0   20.0     24.7   1186.1    973.7   0.556
20260407010751    199   1715.0   1730.0   20.0     42.1   1023.3    969.7   0.573
20260407010751    200    265.0    285.0   20.0    164.0    983.4    976.5   0.794
20260407010751    201    505.0    525.0   20.0    181.3    982.4    979.9   0.810
20260407010751    201    775.0    795.0   20.0     51.9    976.5    974.7   0.769
20260407010751    201   1270.0   1300.0   20.0    149.5    970.5    970.4   0.820
20260407010751    201   1365.0   1380.0   20.0     81.1    970.6    968.1   0.796
20260407010751    202    590.0    605.0   20.0     36.6    977.7    978.3   0.732
20260407010751    203   1340.0   1370.0   20.0    147.5    963.5    966.0   0.870
20260407010751    203   1635.0   1650.0   20.0     21.7    964.6    963.8   0.532
20260407010751    205   1240.0   1265.0   20.0    110.6    978.3    982.2   0.843
20260407010751    205   1700.0   1715.0   20.0     82.1    978.8    976.5   0.779
20260407010751    207     80.0    160.0   20.0    267.2    974.1    972.7   0.895
20260407010751    207    855.0    870.0   20.0     64.7    972.9    971.8   0.670
20260407010751    207   1660.0   1685.0   20.0     81.9    959.5    967.9   0.749
20260407010751    210    205.0    225.0   20.0    213.6    994.1    992.3   0.777
20260407010751    210    585.0    600.0   20.0     47.3    994.6   1048.7   0.787
20260407010751    210    775.0    790.0   20.0     38.9   1060.8   1069.5   0.633
20260407010751    210   1180.0   1195.0   20.0     54.7   1080.0   1190.9   0.742
20260407010751    210   1600.0   1615.0   20.0     23.6   1285.7   1312.6   0.768
20260407010751    211    220.0    235.0   20.0     45.8    990.4    991.3   0.698
20260407010751    211   1685.0   1700.0   20.0     24.2    990.3   1036.5   0.827
20260407010751    212    525.0    545.0   20.0     31.6    993.0   1208.4   0.826
20260407010751    212    825.0    840.0   20.0     21.8   1241.3   1251.4   0.680
20260407010751    214    425.0    475.0   20.0     58.7    995.5    993.2   0.891
20260407010751    214    730.0    745.0   20.0     66.9    997.9   1210.6   0.830
20260407010751    214   1100.0   1115.0   20.0     24.2   1288.4   1331.0   0.786
20260407010751    214   1565.0   1580.0   20.0     25.5   1378.3   1373.5   0.867
20260407010751    215     30.0     45.0   20.0     36.7   1515.8   1495.9   0.674
20260407010751    218    100.0    115.0   20.0     39.2   1451.1   1480.5   0.735
20260407010751    219    300.0    330.0   20.0     45.7   1005.2   1091.8   0.766
20260407010751    219    430.0    445.0   20.0     29.9   1115.5   1146.2   0.722
20260407010751    219   1255.0   1270.0   20.0     21.8   1215.6   1212.0   0.710
20260407010751    219   1475.0   1490.0   20.0     24.3   1216.5   1242.9   0.784
20260407010751    220     75.0    175.0   20.0     86.9   1591.7   1613.9   0.888
20260407010751    220    215.0    230.0   20.0     75.1   1615.1   1623.4   0.693
20260407010751    220    265.0    300.0    0.9     98.0   1633.2   1646.5   0.597
20260407010751    220    440.0    455.0   20.0     72.8   1640.3   1570.8   0.707
20260407010751    220    615.0    650.0   20.0     65.7   1649.7   1632.2   0.706
20260407010751    220    895.0    910.0   20.0    110.4   1652.5   1665.0   0.639
20260407010751    220    950.0    980.0   20.0     88.1   1656.3   1659.5   0.743
20260407010751    220   1020.0   1030.0   20.0     70.2   1635.0   1652.7   0.616
20260407010751    220   1080.0   1165.0   20.0    104.6   1653.4   1640.8   0.627
20260407010751    220   1215.0   1225.0   20.0    116.1   1670.1   1664.2   0.650
20260407010751    220   1505.0   1530.0   20.0     67.6   1581.8   1588.4   0.662
20260407010751    220   1630.0   1640.0   20.0     98.9   1672.0   1602.0   0.539
20260407010751    220   1720.0   1730.0   20.0    121.6   1601.7   1676.6   0.628
20260407010751    222   1640.0   1655.0   20.0     27.1   1672.8   1621.4   0.854
20260407010751    225    445.0    480.0   20.0     70.0   1016.9   1015.3   0.866
20260407010751    227     35.0     50.0   20.0     69.3   1044.1   1039.5   0.503
20260407010751    227   1275.0   1290.0   20.0    212.6   1041.2   1036.2   0.834
20260407010751    227   1770.0   1785.0   20.0     93.7   1032.0   1143.0   0.758
20260407010751    230     80.0     95.0   20.0     42.8   1047.1   1242.7   0.813
20260407010751    230    130.0    165.0   20.0     21.9   1430.6   1477.9   0.652
20260407010751    232    670.0    705.0   20.0    123.9   1041.1   1043.7   0.774
20260407010751    235    330.0    345.0   20.0     26.2   1268.6   1293.0   0.829
20260407010751    235    480.0    495.0   20.0     28.9   1209.3   1125.0   0.927
20260407010751    235    655.0    670.0   20.0     71.2   1097.7   1098.5   0.778
20260407010751    236    815.0    860.0   20.0     37.7   1059.0   1268.1   0.836
20260407010751    236    940.0    960.0   20.0    144.0   1249.0   1058.2   0.817
20260407010751    236   1155.0   1170.0   20.0     20.2   1059.3   1055.4   0.548
20260407010751    236   1425.0   1440.0   20.0     36.9   1051.1   1114.3   0.869
20260407010751    236   1540.0   1600.0   20.0     29.5   1141.6   1168.3   0.840
20260407010751    236   1660.0   1680.0   20.0     29.5   1144.5   1146.9   0.717
20260407010751    236   1740.0   1755.0   20.0     20.9   1151.1   1195.5   0.595
20260407010751    237     10.0     25.0   20.0     34.6   1044.9   1081.7   0.749
20260407010751    237   1670.0   1685.0   20.0    120.7   1119.0   1136.6   0.825
20260407010751    241     10.0    205.0    3.3    193.8   1811.4   1824.5   0.490
20260407010751    241    240.0    270.0    3.4    187.0   1825.9   1823.4   0.563
20260407010751    241    315.0    325.0    3.1    190.4   1820.2   1819.9   0.408
20260407010751    241    375.0    385.0    3.1    196.5   1820.7   1814.9   0.407
20260407010751    241    865.0    875.0    3.8    148.6   1815.7   1810.8   0.425
20260407010751    241   1065.0   1075.0    1.9    151.8   1748.9   1816.1   0.530
20260407010751    241   1235.0   1270.0   20.0     96.0   1814.1   1824.7   0.735
20260407010751    241   1425.0   1440.0    3.2    146.7   1817.6   1810.5   0.480
20260407010751    241   1475.0   1485.0    3.2    147.9   1816.5   1824.6   0.408
20260407010751    241   1535.0   1545.0    3.2    132.3   1819.7   1831.1   0.400
20260407010751    241   1730.0   1755.0   20.0    139.6   1815.5   1815.5   0.548
20260407010751    242     10.0    110.0   20.0     50.2   1452.8   1480.0   0.870
20260407010751    242    325.0    340.0   20.0     22.0   1483.0   1493.8   0.683
20260407010751    244    735.0    775.0   20.0     89.5   1100.5   1409.6   0.826
20260407010751    245    385.0    400.0   20.0     45.7   1096.5   1233.3   0.751
20260407010751    245   1115.0   1130.0   20.0     37.8   1435.8   1460.4   0.778
20260407010751    245   1315.0   1330.0   20.0    179.0   1517.3   1081.8   0.886
20260407010751    246    415.0    535.0   20.0     57.2   1084.7   1308.7   0.894
20260407010751    247     10.0     25.0   20.0     42.1   1109.8   1221.1   0.741
20260407010751    247    630.0    645.0   20.0     21.0   1279.5   1287.0   0.765
20260407010751    247    855.0    885.0   20.0     93.5   1248.8   1286.8   0.819
20260407010751    247    975.0    990.0   20.0    234.7   1394.4   1113.1   0.858
20260407010751    252    475.0    485.0   20.0     44.7   1928.2   1923.1   0.698
20260407010751    252    605.0    660.0   20.0    175.5   1925.0   1924.1   0.695
20260407010751    252    695.0    705.0   20.0    171.2   1776.1   1924.2   0.687
20260407010751    252    915.0    930.0   20.0    176.5   1931.6   1927.9   0.687
20260407010751    252   1000.0   1015.0   20.0    173.3   1792.0   1920.0   0.763
20260407010751    252   1195.0   1275.0   17.6    176.2   1920.7   1925.0   0.833
20260407010751    252   1335.0   1350.0   20.0    201.2   1928.6   1925.1   0.695
20260407010751    252   1400.0   1445.0   20.0    172.1   1928.4   1922.6   0.694
20260407010751    252   1480.0   1555.0   20.0    182.9   1924.4   1922.8   0.716
20260407010751    252   1605.0   1780.0   19.9    184.4   1923.9   1915.5   0.812
20260407010751    253      0.0     20.0   20.0     22.9      0.0   1623.4   0.748
20260407010751    253     95.0    115.0   20.0    168.9   1653.1   1115.1   0.906
20260407010751    253    965.0    980.0   20.0     45.0   1104.0   1104.3   0.470
20260407010751    253   1540.0   1590.0   20.0     40.2   1099.2   1245.5   0.828
20260407010751    253   1645.0   1660.0   20.0     54.8   1264.3   1277.6   0.472
20260407014110      1    865.0    880.0   20.0     70.2    975.7    976.4   0.826
20260407014110      1   1580.0   1615.0   20.0    100.3    969.7    973.8   0.801
20260407014110      1   1755.0   1775.0   20.0     88.4    969.7   1134.1   0.853
20260407014110      2    370.0    400.0   20.0     43.0   1061.0   1058.8   0.849
20260407014110      2   1215.0   1270.0   20.0    180.8   1057.5   1060.4   0.921
20260407014110      3     10.0     25.0   20.0     53.7    986.3   1067.1   0.747
20260407014110      3    460.0    475.0   20.0    173.7   1107.1    983.1   0.833
20260407014110      6   1260.0   1280.0   20.0     72.3    991.7    988.7   0.831
20260407014110     10    525.0    540.0   20.0     34.3   1306.8   1308.9   0.794
20260407014110     10    770.0    785.0   20.0     42.8   1327.5   1350.9   0.760
20260407014110     12   1615.0   1630.0   20.0     68.8    989.1   1161.6   0.892
20260407014110     13    195.0    210.0   20.0     37.4    955.2   1008.6   0.727
20260407014110     13   1020.0   1035.0   20.0     79.3   1040.0    944.8   0.785
20260407014110     14    280.0    355.0   20.0     22.9   1444.0   1450.1   0.585
20260407014110     14    505.0    525.0   20.0     28.1   1460.4   1475.0   0.734
20260407014110     14    845.0    875.0   20.0     23.0   1491.9   1495.1   0.569
20260407014110     14    935.0    950.0   20.0     25.5   1503.3   1488.9   0.670
20260407014110     14   1045.0   1065.0   20.0     29.1   1498.2   1505.2   0.655
20260407014110     14   1260.0   1270.0    0.4     39.3   1513.4   1521.6   0.533
20260407014110     14   1530.0   1570.0   20.0     27.9   1507.2   1507.3   0.506
20260407014110     15    630.0    660.0   20.0     28.9   1647.1   1645.4   0.811
20260407014110     15   1355.0   1370.0   20.0     20.1   1626.9   1629.0   0.757
20260407014110     15   1450.0   1480.0   20.0     22.7   1635.3   1637.9   0.799
20260407014110     15   1625.0   1640.0   20.0     26.3   1635.9   1631.9   0.841
20260407014110     15   1730.0   1745.0   20.0     22.5   1629.5   1627.9   0.755
20260407014110     19    300.0    315.0   20.0     87.3    957.6    956.9   0.749
20260407014110     19   1710.0   1725.0   20.0     54.5    945.2   1129.7   0.839
20260407014110     21    440.0    450.0   20.0     32.4   1255.9   1261.4   0.409
20260407014110     28   1735.0   1780.0   20.0     63.6    944.5    941.8   0.712
20260407014110     29   1015.0   1035.0   20.0     45.0    926.2    929.5   0.717
20260407014110     30    170.0    205.0   20.0    151.8    947.4    946.8   0.820
20260407014110     30    925.0    955.0   20.0     50.6    942.4    944.6   0.822
20260407014110     30   1000.0   1015.0   20.0     52.2    941.8    942.4   0.682
20260407014110     30   1085.0   1105.0   20.0     31.8    941.0    941.7   0.748
20260407014110     30   1675.0   1695.0   20.0     92.8    940.7    939.6   0.859
20260407014110     35    165.0    180.0   20.0     30.0   1363.6   1363.5   0.737
20260407014110     36    320.0    335.0   20.0     51.4    943.2    942.1   0.805
20260407014110     36    520.0    535.0   20.0    150.3   1046.7    940.5   0.764
20260407014110     37    195.0    210.0   20.0     55.8    931.6    931.2   0.820
20260407014110     37    680.0    695.0   20.0     23.4    926.4    926.4   0.554
20260407014110     37    820.0    835.0   20.0     45.4    923.9    924.0   0.711
20260407014110     38   1340.0   1360.0   20.0     49.2    944.7   1002.2   0.799
20260407014110     38   1450.0   1465.0   20.0     40.2   1024.2   1025.5   0.796
20260407014110     38   1710.0   1725.0   20.0     81.3   1031.4    939.5   0.760
20260407014110     39   1250.0   1265.0   20.0     47.6    921.5    982.5   0.742
20260407014110     40   1520.0   1535.0   20.0     68.1    946.2    945.9   0.817
20260407014110     41    590.0    605.0   20.0     42.7    924.9    990.6   0.756
20260407014110     41    790.0    805.0   20.0    113.8   1066.5    924.5   0.846
20260407014110     41   1165.0   1185.0   20.0     52.9    931.1    927.0   0.810
20260407014110     44    370.0    385.0   20.0     27.2    941.5    940.7   0.593
20260407014110     44   1450.0   1460.0   20.0     21.4    936.6    940.4   0.513
20260407014110     45    100.0    120.0   20.0     86.2   1084.8    914.3   0.820
20260407014110     45    195.0    210.0   20.0     62.3    917.4    989.9   0.766
20260407014110     46    980.0   1005.0   20.0     22.7    932.3    991.8   0.880
20260407014110     46   1230.0   1245.0   20.0     24.0   1023.3   1028.0   0.488
20260407014110     47   1330.0   1355.0   20.0     44.1    918.5   1080.1   0.856
20260407014110     47   1495.0   1510.0   20.0     30.1   1048.0   1042.1   0.765
20260407014110     51    630.0    645.0   20.0     60.9    918.8    917.4   0.694
20260407014110     51    695.0    710.0   20.0     36.2    917.2    916.9   0.859
20260407014110     51   1055.0   1070.0   20.0     23.8    915.4    914.5   0.489
20260407014110     51   1140.0   1155.0   20.0     47.5    912.4    911.8   0.859
20260407014110     52    170.0    190.0   20.0    152.3    917.6    920.5   0.865
20260407014110     52    240.0    260.0   20.0     61.0    913.5   1084.9   0.823
20260407014110     54     30.0     45.0   20.0     64.5    897.3    891.9   0.811
20260407014110     54   1300.0   1315.0   20.0     21.3    896.7    894.1   0.766
20260407014110     54   1495.0   1510.0   20.0     84.2    895.3    893.5   0.791
20260407014110     54   1570.0   1585.0   20.0     49.8    894.4    894.2   0.519
20260407014110     55    475.0    490.0   20.0     37.5   1070.4   1077.8   0.696
20260407014110     55    575.0    610.0   20.0     24.2   1079.1   1112.5   0.703
20260407014110     57    935.0    950.0   20.0     21.0    899.2    901.3   0.411
20260407014110     57   1030.0   1045.0   20.0     32.8    902.1    900.8   0.597
20260407014110     58     90.0    125.0   20.0     47.2    903.5    905.2   0.744
20260407014110     58   1660.0   1715.0   20.0     34.2    991.0   1077.8   0.639
20260407014110     60    940.0    955.0   20.0     66.5    910.0    914.6   0.742
20260407014110     60   1335.0   1350.0   20.0     83.5    921.6   1150.1   0.906
20260407014110     62      5.0     45.0   20.0    184.7    902.6    905.0   0.860
20260407014110     64    125.0    145.0   20.0     55.3    891.4   1011.5   0.852
20260407014110     64    290.0    305.0   20.0     20.3   1036.8   1056.6   0.723
20260407014110     64    575.0    590.0   20.0     24.3   1043.0   1045.7   0.520
20260407014110     64   1525.0   1540.0   20.0     22.7   1171.3   1203.9   0.528
20260407014110     65    580.0    600.0   20.0     78.2    889.0   1115.2   0.858
20260407014110     65    920.0    935.0   20.0    163.0   1183.7    883.5   0.826
20260407014110     66    705.0    720.0   20.0     35.0   1129.4   1179.9   0.743
20260407014110     67    550.0    575.0   20.0     70.9   1201.7   1247.9   0.909
20260407014110     68    755.0    775.0   20.0     62.5   1044.2   1060.0   0.907
20260407014110     68    900.0    915.0   20.0     43.5   1036.5   1039.0   0.731
20260407014110     68   1100.0   1185.0   20.0     32.9   1056.7   1105.9   0.848
20260407014110     68   1660.0   1675.0   20.0     24.7   1096.6   1114.4   0.802
20260407014110     71      0.0     15.0   20.0     25.3      0.0    941.0   0.762
20260407014110     71    730.0    745.0   20.0     24.7   1160.9   1159.3   0.718
20260407014110     73     25.0     40.0   20.0     70.7    882.7    883.2   0.605
20260407014110     73    515.0    540.0   20.0     37.6    886.6   1029.5   0.792
20260407014110     75      0.0     10.0   20.0    113.2      0.0    878.0   0.857
20260407014110     76    120.0    135.0   20.0     31.7    894.8    942.0   0.827
20260407014110     76    680.0    695.0   20.0     28.2   1028.6   1037.7   0.453
20260407014110     76   1340.0   1355.0   20.0     20.3   1032.6   1041.9   0.809
20260407014110     79   1255.0   1270.0   20.0     56.4   1459.8   1077.2   0.937
20260407014110     79   1370.0   1385.0   20.0     41.0   1094.7   1072.7   0.835
20260407014110     81    345.0    385.0   20.0     53.9    928.7    927.8   0.809
20260407014110     87    490.0    505.0   20.0     46.0    876.6    980.2   0.876
20260407014110     87    675.0    690.0   20.0     27.4   1021.1   1044.9   0.671
20260407014110     93   1775.0   1790.0   20.0     51.3    928.1    886.4   0.754
20260407014110     95   1025.0   1065.0   20.0    121.6    879.2    875.8   0.782
20260407014110     95   1245.0   1260.0   20.0     84.8    873.8    984.4   0.787
20260407014110     95   1305.0   1360.0   20.0     30.2   1019.2   1023.6   0.714
20260407014110     98   1055.0   1110.0   20.0    140.9    905.9    892.3   0.781
20260407014110     98   1715.0   1725.0   20.0     38.0    912.0    901.9   0.474
20260407014110     99    650.0    665.0   20.0     28.6    998.8   1027.6   0.663
20260407014110     99    965.0    980.0   20.0     31.5   1017.9   1019.0   0.720
20260407014110    100   1025.0   1060.0   20.0     71.6    883.2    883.9   0.742
20260407014110    101    350.0    375.0   20.0     55.7    879.2    877.1   0.819
20260407014110    101    610.0    650.0   20.0     78.7    877.4    878.3   0.806
20260407014110    102      0.0     15.0   20.0    114.8      0.0    879.7   0.813
20260407014110    103   1235.0   1250.0   20.0     71.6    915.7    880.1   0.770
20260407014110    106    115.0    155.0   20.0     43.5    875.8   1031.2   0.912
20260407014110    107      0.0     10.0   20.0     43.3      0.0    941.4   0.799
20260407014110    107     50.0     65.0   20.0     44.8    963.5    974.2   0.712
20260407014110    107   1050.0   1065.0   20.0     22.3    989.3    997.4   0.766
20260407014110    107   1125.0   1140.0   20.0     30.1    999.2   1011.6   0.702
20260407014110    112    480.0    495.0   20.0     84.4    888.5    984.6   0.747
20260407014110    112    810.0    825.0   20.0     23.3    994.1   1000.9   0.668
20260407014110    115      0.0     20.0   20.0    115.0      0.0   1172.5   0.782
20260407014110    117    995.0   1010.0   20.0     39.7    868.8    920.3   0.738
20260407014110    118   1205.0   1220.0   20.0     25.0    882.5    887.8   0.759
20260407014110    119     90.0    105.0   20.0     79.5    878.4    878.0   0.718
20260407014110    119    745.0    765.0   20.0     61.0    884.7    883.8   0.877
20260407014110    120     75.0    100.0   20.0     69.6    884.9    885.9   0.767
20260407014110    120   1510.0   1525.0   20.0     40.9    895.6    899.3   0.778
20260407014110    120   1620.0   1635.0   18.4     24.8    897.9    893.8   0.424
20260407014110    121   1080.0   1095.0   20.0     21.6    884.5    953.7   0.798
20260407014110    121   1165.0   1180.0   20.0    134.7    993.3    884.6   0.742
20260407014110    122   1215.0   1245.0   20.0     67.7    910.9   1081.8   0.841
20260407014110    123    915.0    930.0   20.0     30.5   1135.2   1144.5   0.654
20260407014110    125    970.0    985.0   20.0     48.1    880.9    943.3   0.733
20260407014110    128    595.0    615.0   20.0     42.8    892.8    893.4   0.757
20260407014110    128   1285.0   1300.0   20.0     53.7    900.2    898.1   0.840
20260407014110    128   1770.0   1800.0   20.0    153.0    899.1    915.8   0.889
20260407014110    131    180.0    215.0   20.0    212.3    883.6    884.2   0.821
20260407014110    133    200.0    240.0   20.0    108.2    919.2    879.2   0.872
20260407014110    133    545.0    560.0   20.0     44.4    884.8    940.3   0.757
20260407014110    133    800.0    820.0   20.0    119.3    986.3    880.5   0.837
20260407014110    133   1425.0   1440.0   20.0     38.5    881.6    959.3   0.735
20260407014110    133   1540.0   1555.0   20.0    114.5   1004.4    880.6   0.774
20260407014110    133   1670.0   1685.0   20.0     29.4    880.1    880.0   0.660
20260407014110    135    745.0    770.0   20.0    189.1    893.9    892.5   0.805
20260407014110    139      0.0     40.0   20.0     26.5      0.0   1113.3   0.765
20260407014110    139     95.0    110.0   20.0    242.1   1134.2    889.5   0.780
20260407014110    139    540.0    555.0   20.0     21.5    897.4    896.5   0.475
20260407014110    139   1265.0   1320.0   20.0    249.8    896.6    901.1   0.783
20260407014110    139   1395.0   1410.0   20.0     46.4    899.5    896.7   0.756
20260407014110    141      0.0     55.0   20.0     96.9      0.0    884.5   0.821
20260407014110    141   1285.0   1305.0   20.0     43.7    890.4    895.1   0.756
20260407014110    142   1525.0   1545.0   20.0     46.7    887.9    883.1   0.757
20260407014110    143     70.0     95.0   20.0     58.0    880.6    884.3   0.766
20260407014110    143    685.0    720.0   20.0     71.5    889.5   1032.6   0.755
20260407014110    143   1665.0   1680.0   20.0     23.1   1062.3   1085.2   0.759
20260407014110    144     45.0    140.0   20.0     57.1    893.4   1036.3   0.814
20260407014110    144    770.0    785.0   20.0     28.5   1032.6   1048.1   0.689
20260407014110    144    925.0    940.0   20.0     59.4   1032.3   1007.0   0.850
20260407014110    144   1320.0   1335.0   20.0     33.4   1019.0   1036.1   0.806
20260407014110    145    110.0    125.0   20.0     30.6    918.3    917.7   0.677
20260407014110    147   1005.0   1020.0   20.0     57.9    893.0    895.0   0.796
20260407014110    150    945.0    965.0   20.0     45.7   1457.8   1472.0   0.875
20260407014110    151   1360.0   1375.0   20.0     34.9    945.0    930.4   0.739
20260407014110    151   1460.0   1475.0   20.0     40.0    924.4    925.5   0.783
20260407014110    153   1680.0   1695.0   20.0     42.9    907.3    907.3   0.796
20260407014110    154   1060.0   1075.0   20.0     21.8    958.7    989.0   0.806
20260407014110    154   1210.0   1225.0   20.0    106.5   1100.9    957.8   0.874
20260407014110    157    335.0    505.0   20.0     30.2   1459.4   1469.0   0.894
20260407014110    157    560.0   1800.0   20.0     64.6   1460.9   1455.0   0.926
20260407014110    159     90.0    110.0   20.0     25.3    911.2    986.7   0.801
20260407014110    159    325.0    340.0   20.0     69.2   1030.0   1112.8   0.827
20260407014110    159    390.0    400.0   20.0     40.5   1134.4   1123.3   0.428
20260407014110    159    880.0    895.0   20.0     21.7   1056.1   1068.4   0.745
20260407014110    160    125.0    140.0   20.0    112.8    916.0   1177.8   0.874
20260407014110    160    820.0    835.0   20.0     24.6   1274.0   1279.7   0.691
20260407014110    161   1295.0   1310.0   20.0     25.3    899.0    970.0   0.800
20260407014110    161   1410.0   1455.0   20.0    158.8   1023.2   1044.5   0.918
20260407014110    168   1490.0   1505.0   20.0     72.6    930.2    930.9   0.746
20260407014110    169     25.0     40.0   20.0     57.2    910.6    911.5   0.677
20260407014110    169   1120.0   1135.0   20.0     55.2    917.9    914.7   0.769
20260407014110    171    150.0    165.0   20.0    205.7    917.9   1308.4   0.851
20260407014110    174     50.0     65.0   20.0     51.5    949.8    936.1   0.782
20260407014110    174   1235.0   1250.0   20.0    115.2    951.3   1130.0   0.811
20260407014110    174   1285.0   1305.0   20.0     72.6   1148.2   1211.7   0.823
20260407014110    174   1555.0   1570.0   20.0     38.4   1213.0   1218.5   0.634
20260407014110    174   1610.0   1625.0   20.0     35.0   1226.1   1229.5   0.696
20260407014110    175     65.0     80.0   20.0    131.4    934.5    932.2   0.733
20260407014110    177      0.0     10.0   20.0     56.1      0.0   1011.7   0.753
20260407014110    177   1460.0   1475.0   20.0     20.8   1076.9   1089.6   0.720
20260407014110    178   1330.0   1400.0   20.0    100.1    941.8    943.4   0.877
20260407014110    179    155.0    170.0   20.0     85.8    933.1    935.3   0.811
20260407014110    179    700.0    715.0   20.0     59.4    963.2    956.1   0.770
20260407014110    179    930.0    945.0   20.0     76.1    956.3    935.9   0.847
20260407014110    180     30.0     55.0   20.0     51.3    927.7   1024.4   0.766
20260407014110    181     10.0     25.0   20.0     36.6    926.6    997.6   0.753
20260407014110    181    235.0    250.0   20.0     22.7   1084.8   1097.8   0.761
20260407014110    181    795.0    810.0   20.0     76.2   1016.6    930.9   0.762
20260407014110    181   1060.0   1110.0   20.0     80.7    932.5   1156.4   0.845
20260407014110    181   1155.0   1170.0   20.0     23.9   1141.3   1155.8   0.505
20260407014110    181   1220.0   1235.0   20.0     21.5   1136.5   1151.7   0.468
20260407014110    181   1320.0   1335.0   20.0    178.0   1198.3    930.5   0.887
20260407014110    183   1315.0   1330.0   20.0     24.2   1098.0   1142.8   0.834
20260407014110    184     80.0     95.0   20.0     93.5    945.1   1191.2   0.887
20260407014110    184    160.0    175.0   20.0    166.5   1200.3    947.4   0.856
20260407014110    186   1135.0   1150.0   20.0     43.6    992.6    946.9   0.739
20260407014110    187      0.0     20.0   20.0     98.5      0.0    946.0   0.770
20260407014110    188      0.0     15.0   20.0     53.4      0.0   1027.0   0.763
20260407014110    190   1105.0   1120.0   20.0    108.5    944.5   1097.6   0.876
20260407014110    190   1595.0   1610.0   20.0     30.9   1140.5   1172.6   0.790
20260407014110    191     60.0     75.0   20.0    106.0    950.0   1099.2   0.772
20260407014110    191    155.0    170.0   20.0     24.9   1096.9   1112.9   0.659
20260407014110    191   1370.0   1385.0   20.0     27.7   1168.4   1171.4   0.682
20260407014110    193    455.0    485.0   20.0    142.6    974.7    956.6   0.832
20260407014110    193   1225.0   1280.0   20.0    119.9    958.4    953.7   0.797
20260407014110    193   1715.0   1730.0   20.0     50.1    954.7   1083.8   0.778
20260407014110    193   1770.0   1785.0   20.0     61.6   1090.1   1094.9   0.635
20260407014110    195    325.0    340.0   20.0     73.5    945.8    955.5   0.777
20260407014110    197    820.0    835.0   20.0     93.1    970.4    971.5   0.614
20260407014110    198    285.0    315.0   20.0    179.4    962.7    967.0   0.873
20260407014110    198   1470.0   1485.0   20.0     21.3    970.0    968.7   0.531
20260407014110    199   1130.0   1145.0   20.0     58.6    970.0    978.4   0.636
20260407014110    199   1780.0   1800.0   20.0     63.2    968.8    965.3   0.657
20260407014110    200   1700.0   1745.0   20.0     35.8    984.6   1082.6   0.804
20260407014110    201    485.0    500.0   20.0     43.7    973.8    973.6   0.678
20260407014110    201    815.0    830.0   20.0     26.3    979.8   1022.6   0.756
20260407014110    201    990.0   1015.0   20.0     47.1   1083.7   1163.3   0.798
20260407014110    201   1355.0   1370.0   20.0     27.3   1264.5   1264.5   0.668
20260407014110    201   1750.0   1765.0   20.0     22.3   1295.9   1327.1   0.803
20260407014110    202    400.0    415.0   20.0     78.4    977.4   1140.5   0.817
20260407014110    202    460.0    475.0   20.0     22.8   1206.2   1277.8   0.649
20260407014110    202   1210.0   1230.0   20.0    124.0   1279.4    977.4   0.930
20260407014110    203   1425.0   1435.0   20.0     28.8    967.6    968.2   0.426
20260407014110    203   1595.0   1610.0   20.0     36.1    966.9    966.5   0.776
20260407014110    207    930.0    950.0   20.0     86.7    968.2    969.0   0.819
20260407014110    208     10.0     65.0   20.0     54.2    987.4   1144.8   0.824
20260407014110    208    665.0    680.0   20.0     38.9   1172.4   1219.0   0.525
20260407014110    210    730.0    760.0   20.0     53.0   1052.9   1004.5   0.848
20260407014110    211     40.0     85.0   20.0    235.2   1233.9    990.6   0.927
20260407014110    211   1075.0   1090.0   20.0     51.3    991.7    990.4   0.719
20260407014110    214     55.0     75.0   20.0     70.7   1178.9   1001.8   0.864
20260407014110    214   1775.0   1790.0   20.0     36.1    994.2    994.2   0.801
20260407014110    219    430.0    445.0   20.0     36.9   1039.6   1011.4   0.722
20260407014110    220    310.0    325.0   20.0     24.7   1638.6   1635.7   0.737
20260407014110    223    315.0    385.0   20.0     35.5   1435.0   1491.7   0.930
20260407014110    223    585.0    640.0   20.0     23.2   1467.5   1465.5   0.908
20260407014110    223    745.0    770.0   20.0     32.9   1464.1   1475.0   0.844
20260407014110    225    340.0    360.0   20.0    178.4   1022.4   1011.8   0.849
20260407014110    227    115.0    130.0   20.0    131.2   1037.6   1038.6   0.804
20260407014110    227    195.0    235.0   20.0     41.5   1076.7   1184.9   0.897
20260407014110    227    465.0    495.0   20.0     28.9   1299.2   1300.6   0.690
20260407014110    227    555.0    590.0   20.0     42.4   1326.8   1319.7   0.821
20260407014110    227    660.0    715.0   20.0     97.9   1315.5   1057.0   0.893
20260407014110    227   1235.0   1285.0   20.0     62.6   1035.5   1034.7   0.792
20260407014110    228      5.0     25.0   20.0     59.1   1037.7   1037.1   0.758
20260407014110    228    345.0    360.0   20.0     76.5   1035.6   1160.0   0.809
20260407014110    228    430.0    455.0   20.0     33.6   1235.4   1113.5   0.761
20260407014110    228   1100.0   1115.0   20.0     69.6   1135.6   1037.9   0.755
20260407014110    228   1175.0   1190.0   20.0     37.7   1039.2   1079.9   0.735
20260407014110    228   1230.0   1245.0   20.0     83.9   1097.2   1035.9   0.856
20260407014110    229    555.0    570.0   20.0     97.8   1036.5   1355.3   0.878
20260407014110    229    795.0    810.0   20.0     20.6   1387.1   1403.1   0.836
20260407014110    232   1475.0   1495.0   20.0     49.2   1047.1   1063.8   0.757
20260407014110    235   1025.0   1075.0   20.0     69.4   1040.1   1179.1   0.876
20260407014110    235   1720.0   1735.0   20.0     40.0   1218.0   1227.2   0.599
20260407014110    235   1785.0   1800.0   20.0     48.9   1225.9   1212.8   0.706
20260407014110    238    350.0    365.0   20.0     23.8   1117.8   1138.9   0.825
20260407014110    241      0.0    430.0   20.0    186.3      0.0   1839.8   0.702
20260407014110    241    520.0   1800.0   20.0    188.3   1837.3   1799.2   0.844
20260407014110    242    770.0    785.0   20.0     54.1   1616.0   1669.1   0.828
20260407014110    244    205.0    225.0   20.0    134.6   1091.5   1407.6   0.930
20260407014110    244   1320.0   1335.0   20.0     32.4   1499.3   1533.0   0.827
20260407014110    245   1225.0   1240.0   20.0    141.0   1086.9   1088.1   0.775
20260407014110    245   1390.0   1415.0   20.0     65.4   1089.5   1087.1   0.767
20260407014110    245   1615.0   1630.0   20.0     68.4   1084.7   1085.5   0.801
20260407014110    246     15.0     65.0   20.0    187.4   1221.2   1231.4   0.780
20260407014110    246    155.0    170.0   20.0     89.0   1234.8   1085.2   0.830
20260407014110    247    255.0    300.0   20.0     59.0   1096.8   1281.8   0.853
20260407014110    247    500.0    550.0   20.0     35.2   1321.5   1376.9   0.805
20260407014110    247    770.0    785.0   20.0     34.3   1389.8   1420.9   0.846
20260407014110    247    910.0    925.0   20.0     45.1   1422.1   1410.5   0.796
20260407014110    247    980.0   1035.0   20.0     25.1   1393.9   1450.5   0.869
20260407014110    247   1165.0   1180.0   20.0     25.7   1457.1   1480.2   0.767
20260407014110    247   1275.0   1320.0   20.0     53.2   1454.5   1536.7   0.770
20260407014110    247   1400.0   1415.0   20.0     25.3   1530.2   1551.5   0.846
20260407014110    252      0.0    930.0   20.0    192.7      0.0   1777.0   0.847
20260407014110    252   1045.0   1085.0   20.0    184.6   1770.6   1772.5   0.794
20260407014110    252   1195.0   1415.0   20.0    199.5   1767.8   1794.1   0.816
20260407014110    252   1485.0   1645.0   20.0    182.7   1791.1   1765.3   0.826
20260407014110    252   1705.0   1730.0   20.0    175.6   1762.3   1766.2   0.814
20260407014110    253     30.0     90.0   20.0     35.4   1347.9   1397.0   0.725
20260407014110    253    170.0    185.0   20.0     26.0   1429.5   1427.0   0.780
20260407014110    253   1445.0   1460.0   20.0     34.7   1727.4   1732.4   0.880
20260407021429      1    245.0    260.0   20.0     27.2    983.9   1034.2   0.816
20260407021429      1    315.0    330.0   20.0     24.6   1144.8   1169.4   0.610
20260407021429      1    365.0    395.0   20.0     31.8   1175.8   1263.4   0.778
20260407021429      1    450.0    465.0   20.0    134.9   1256.2    979.2   0.793
20260407021429      3    160.0    175.0   20.0     57.6    987.5   1109.7   0.732
20260407021429      3    460.0    475.0   20.0     20.3   1144.9   1167.4   0.714
20260407021429     12    910.0    950.0   20.0    168.3    976.8    975.9   0.813
20260407021429     12   1360.0   1380.0   20.0     76.7    978.6    978.5   0.753
20260407021429     13     20.0     35.0   20.0     44.2    953.1    953.9   0.762
20260407021429     13   1275.0   1290.0   20.0     52.9    955.2   1097.6   0.906
20260407021429     19     60.0     80.0   20.0     57.9   1216.4    966.8   0.858
20260407021429     19   1475.0   1490.0   20.0     67.9    955.2   1117.0   0.855
20260407021429     27   1470.0   1485.0   20.0     24.7    989.7    993.2   0.773
20260407021429     28     55.0     70.0   20.0     60.3    942.8    942.6   0.768
20260407021429     28   1145.0   1160.0   20.0     84.1    941.5    943.8   0.811
20260407021429     28   1365.0   1380.0   20.0     20.7    946.2    941.7   0.496
20260407021429     30    545.0    565.0   20.0     51.1    943.2    942.9   0.729
20260407021429     33     25.0     80.0   20.0    132.0   1115.1    947.8   0.851
20260407021429     33    115.0    140.0   20.0     39.3    952.7    948.6   0.787
20260407021429     33   1460.0   1480.0   20.0    189.5    942.6    941.2   0.848
20260407021429     33   1580.0   1595.0   20.0     20.2    937.7    938.8   0.783
20260407021429     34    300.0    315.0   20.0     31.1    956.1   1027.6   0.815
20260407021429     34    410.0    470.0   20.0     97.8   1049.4    964.1   0.817
20260407021429     34   1300.0   1335.0   20.0     91.9   1013.9   1145.0   0.829
20260407021429     36    200.0    215.0   20.0    110.5    948.3    942.1   0.753
20260407021429     36   1500.0   1520.0   20.0     60.5    950.4   1081.6   0.813
20260407021429     37   1240.0   1255.0   20.0     82.9    918.6   1067.0   0.814
20260407021429     38    310.0    325.0   20.0     38.8    942.6   1078.1   0.831
20260407021429     39     50.0     65.0   20.0     65.7    926.8    927.2   0.842
20260407021429     40     15.0     30.0   20.0     51.7    938.2   1039.3   0.759
20260407021429     40     95.0    130.0   20.0     24.0   1123.8   1221.3   0.723
20260407021429     40    185.0    200.0   20.0     43.4   1217.6   1222.9   0.789
20260407021429     40    740.0    755.0   20.0    207.8   1320.0    939.4   0.902
20260407021429     40   1010.0   1090.0   20.0     56.8    938.3   1103.6   0.760
20260407021429     41   1435.0   1500.0   20.0     84.8    930.5   1113.4   0.901
20260407021429     44   1345.0   1365.0   20.0     65.9    936.8    938.0   0.804
20260407021429     45    370.0    385.0   20.0     22.7    914.2    941.5   0.754
20260407021429     45    590.0    610.0   20.0     38.1   1093.7   1160.3   0.755
20260407021429     46    685.0    700.0   20.0     28.5   1088.3   1117.5   0.694
20260407021429     47     85.0    100.0   20.0     37.3    926.7    926.4   0.808
20260407021429     47   1475.0   1490.0   20.0     36.0    916.6    920.0   0.534
20260407021429     52   1460.0   1475.0   20.0     28.5   1282.1   1275.5   0.861
20260407021429     54    315.0    330.0   20.0     44.4    895.7    895.3   0.793
20260407021429     54    415.0    430.0   20.0     39.2    896.3   1024.1   0.843
20260407021429     54    635.0    650.0   20.0    195.4   1059.9    896.1   0.780
20260407021429     54   1430.0   1445.0   20.0     31.4    909.3    903.1   0.515
20260407021429     54   1515.0   1595.0   20.0     46.6    926.8   1062.5   0.830
20260407021429     55    645.0    690.0   20.0     24.7   1029.0   1049.4   0.745
20260407021429     55    760.0    770.0   20.0     20.2   1043.4   1046.9   0.428
20260407021429     55    805.0    860.0   20.0     34.1   1052.7   1053.3   0.729
20260407021429     57      5.0     25.0   20.0    180.7    896.8    898.1   0.830
20260407021429     57   1225.0   1240.0   20.0     62.7    895.5   1030.5   0.869
20260407021429     57   1520.0   1535.0   20.0    109.4   1034.6    894.3   0.814
20260407021429     58   1665.0   1680.0   20.0     43.7    905.2    961.9   0.787
20260407021429     60     85.0    100.0   20.0     30.3    908.5    910.3   0.786
20260407021429     61     50.0     65.0   20.0     26.7   1459.1   1427.8   0.878
20260407021429     62   1350.0   1365.0   20.0     87.2    911.2   1059.6   0.817
20260407021429     64      0.0     15.0   20.0     57.7      0.0   1039.1   0.810
20260407021429     64    415.0    430.0   20.0     23.6   1112.2   1122.3   0.675
20260407021429     66    630.0    650.0   20.0     89.1   1137.2   1037.3   0.881
20260407021429     66    970.0    985.0   20.0     65.6   1097.0   1132.4   0.724
20260407021429     67     40.0     85.0   20.0     49.8   1306.0   1311.1   0.835
20260407021429     67    120.0    140.0   20.0     30.0   1300.1   1298.7   0.849
20260407021429     67    185.0    200.0   20.0     33.9   1296.2   1307.8   0.883
20260407021429     67    555.0    570.0   20.0     40.1   1368.7   1299.2   0.865
20260407021429     67    975.0    990.0   20.0     31.3   1363.0   1291.8   0.873
20260407021429     71      0.0     15.0   20.0     28.5      0.0   1134.1   0.829
20260407021429     71    880.0    895.0   20.0     21.3   1189.2   1195.6   0.872
20260407021429     71    950.0    965.0   20.0     32.2   1184.1   1201.2   0.761
20260407021429     76    900.0    915.0   20.0     28.3   1132.8   1196.4   0.816
20260407021429     80    200.0    220.0   20.0     74.7    886.3    887.1   0.784
20260407021429     81   1150.0   1165.0   20.0     51.4    912.7    994.6   0.869
20260407021429     81   1360.0   1375.0   20.0     20.3   1043.5   1078.1   0.628
20260407021429     85    955.0    970.0   20.0     27.8    923.2    953.4   0.812
20260407021429     87    130.0    195.0   20.0    121.6   1205.2    875.1   0.916
20260407021429     87   1370.0   1385.0   20.0     54.1    874.4    875.7   0.801
20260407021429    100    215.0    235.0   20.0     52.4    882.6    882.5   0.780
20260407021429    101    235.0    255.0   20.0     95.7   1001.2    873.9   0.796
20260407021429    101   1100.0   1120.0   20.0    130.6    874.3    874.3   0.831
20260407021429    102     30.0     45.0   20.0     34.7    883.0    920.3   0.759
20260407021429    103     45.0     60.0   20.0     41.0    882.7   1020.8   0.765
20260407021429    103    110.0    125.0   20.0     59.9   1057.9    903.2   0.890
20260407021429    103    710.0    730.0   20.0     78.8    893.0    883.7   0.853
20260407021429    103   1040.0   1060.0   20.0     75.3    879.2    880.7   0.769
20260407021429    106    145.0    160.0   20.0    142.7   1189.9    878.0   0.818
20260407021429    107     90.0    110.0   20.0     53.4    880.3    952.1   0.887
20260407021429    107    195.0    210.0   20.0     33.4    964.1    976.5   0.445
20260407021429    107    645.0    660.0   20.0     21.9    995.7   1013.2   0.740
20260407021429    111      0.0     10.0   20.0     66.7      0.0   1425.2   0.758
20260407021429    112   1100.0   1115.0   20.0     38.1    920.1    935.6   0.822
20260407021429    112   1225.0   1240.0   20.0     22.9    966.7   1000.3   0.765
20260407021429    112   1275.0   1290.0   20.0    112.1   1014.8    889.3   0.778
20260407021429    113    330.0    350.0   20.0     47.6    882.9    881.5   0.753
20260407021429    117    825.0    840.0   20.0     21.5    874.0    915.2   0.803
20260407021429    117   1060.0   1075.0   20.0     31.4   1020.5   1084.0   0.873
20260407021429    118   1310.0   1320.0   20.0     27.4    887.8    925.0   0.778
20260407021429    119    180.0    195.0   20.0     48.8    878.9   1048.4   0.748
20260407021429    119    245.0    260.0   20.0    102.5   1071.1    881.5   0.752
20260407021429    121    670.0    685.0   20.0     32.9    897.1    897.6   0.796
20260407021429    122    285.0    310.0   20.0     55.0    892.8   1068.5   0.842
20260407021429    122   1205.0   1220.0   20.0     44.9   1110.7   1171.1   0.895
20260407021429    125   1070.0   1100.0   20.0     82.3    898.4    878.9   0.830
20260407021429    126   1260.0   1275.0   20.0     38.7    903.2    902.1   0.751
20260407021429    127    700.0    730.0   20.0     88.1    892.2    893.3   0.836
20260407021429    127   1315.0   1330.0   20.0     39.9    892.5    891.7   0.694
20260407021429    128    385.0    400.0   20.0     44.3    888.8    891.0   0.635
20260407021429    131    145.0    160.0   20.0     85.8    881.8    966.1   0.745
20260407021429    131    220.0    240.0   20.0     72.6    976.7    882.0   0.818
20260407021429    131    715.0    735.0   20.0     32.3    888.6   1016.6   0.884
20260407021429    131    885.0    905.0   20.0     86.1   1078.6    927.8   0.795
20260407021429    134    770.0    785.0   20.0    262.8   1350.0   1208.9   0.723
20260407021429    135    580.0    600.0   20.0     90.6    892.5    896.9   0.863
20260407021429    138   1765.0   1780.0   20.0     63.6    891.6    892.3   0.748
20260407021429    139   1285.0   1300.0   20.0     32.9    912.4    894.3   0.512
20260407021429    141   1400.0   1415.0   20.0     83.4    891.0   1054.4   0.840
20260407021429    142    345.0    360.0   20.0     80.8    882.3    883.2   0.625
20260407021429    142   1325.0   1340.0   20.0     26.6    891.9    890.9   0.495
20260407021429    143    480.0    510.0   20.0     72.8    890.6   1052.5   0.834
20260407021429    145     50.0     65.0   20.0     47.2    920.1    920.8   0.771
20260407021429    147    690.0    735.0   20.0     36.6    899.9    974.2   0.776
20260407021429    147    980.0    995.0   20.0     26.7   1032.5   1026.7   0.680
20260407021429    147   1210.0   1230.0   20.0    124.2   1091.3    889.9   0.881
20260407021429    147   1675.0   1690.0   20.0     92.1    890.2   1056.5   0.809
20260407021429    150    280.0    295.0   20.0     21.8   1481.8   1490.4   0.817
20260407021429    150    500.0    515.0   20.0     22.5   1496.3   1472.6   0.824
20260407021429    150    565.0    580.0   20.0     22.1   1491.2   1496.5   0.862
20260407021429    150    790.0    840.0   20.0     35.3   1498.1   1468.7   0.845
20260407021429    150    895.0   1210.0   20.0     38.9   1475.8   1500.3   0.875
20260407021429    151     85.0    105.0   20.0     41.9   1005.3   1008.6   0.822
20260407021429    151    580.0    595.0   20.0     30.9   1011.3   1011.5   0.779
20260407021429    151   1390.0   1405.0   20.0     20.7   1062.9   1074.2   0.588
20260407021429    153   1760.0   1775.0   20.0     38.3    925.7    926.6   0.566
20260407021429    154   1610.0   1625.0   20.0     52.1    948.0    948.3   0.824
20260407021429    157      0.0   1800.0   20.0     94.8      0.0   1438.6   0.918
20260407021429    158   1155.0   1180.0   20.0     63.5    911.3    913.2   0.791
20260407021429    159    195.0    210.0   20.0     71.2    913.0    987.3   0.746
20260407021429    159   1380.0   1395.0   20.0     31.6   1081.9   1090.3   0.848
20260407021429    159   1545.0   1560.0   20.0     31.0   1085.7   1102.2   0.547
20260407021429    160     10.0     25.0   20.0    137.3    914.1   1217.6   0.882
20260407021429    161   1175.0   1190.0   20.0     44.5    904.6    918.9   0.703
20260407021429    162   1150.0   1165.0   20.0     22.1    916.0    916.5   0.590
20260407021429    163      0.0     20.0   20.0     87.9      0.0   1305.5   0.824
20260407021429    165   1670.0   1685.0   20.0     41.8   1263.2   1285.0   0.878
20260407021429    166     35.0     50.0   20.0     30.2   1084.0   1119.3   0.649
20260407021429    166    835.0    850.0   20.0     33.5   1136.2   1147.0   0.817
20260407021429    166   1125.0   1140.0   20.0     35.2   1134.7   1147.6   0.705
20260407021429    168   1490.0   1500.0   20.0     23.9    938.8    937.9   0.452
20260407021429    168   1755.0   1770.0   20.0    101.4    937.6   1186.0   0.882
20260407021429    171    185.0    305.0   12.8    324.4   1397.0   1374.2   0.586
20260407021429    171    440.0    450.0   20.0    439.0   1454.2   1430.4   0.617
20260407021429    171    725.0    745.0   20.0    322.3   1456.0   1440.2   0.825
20260407021429    171   1075.0   1140.0   20.0    343.7   1471.4   1459.5   0.780
20260407021429    171   1470.0   1490.0   20.0    236.2   1488.4   1472.3   0.729
20260407021429    174    500.0    520.0   20.0    121.8    941.9   1185.1   0.820
20260407021429    174    860.0    875.0   20.0     22.3   1204.5   1221.4   0.711
20260407021429    174   1545.0   1560.0   20.0     26.0   1255.1   1296.3   0.804
20260407021429    174   1775.0   1795.0   20.0    199.8   1359.2    939.7   0.923
20260407021429    176   1480.0   1495.0   20.0     25.0   1243.2   1271.4   0.847
20260407021429    177     25.0     45.0   20.0    114.9    937.8   1079.2   0.894
20260407021429    177    765.0    780.0   20.0     21.8   1130.6   1145.2   0.797
20260407021429    177   1040.0   1055.0   20.0     20.0   1159.6   1152.3   0.762
20260407021429    178   1470.0   1530.0   20.0    118.8    949.5   1168.9   0.774
20260407021429    178   1645.0   1660.0   20.0     31.5   1164.7   1184.1   0.780
20260407021429    179    455.0    470.0   20.0     44.0    934.0    995.4   0.784
20260407021429    179    790.0    805.0   20.0     27.4   1006.2   1084.0   0.801
20260407021429    179   1035.0   1065.0   20.0     37.0   1137.4   1199.1   0.817
20260407021429    181     35.0     50.0   20.0    137.0   1103.0    930.3   0.847
20260407021429    181   1355.0   1420.0   20.0     60.6    929.6   1131.6   0.843
20260407021429    183      5.0     20.0   20.0     32.5    946.5    976.0   0.746
20260407021429    183    365.0    380.0   20.0     29.6   1017.9   1117.5   0.790
20260407021429    184   1195.0   1210.0   20.0     38.5    949.1    955.9   0.702
20260407021429    184   1375.0   1390.0   20.0     58.7   1022.0    950.7   0.796
20260407021429    185    190.0    210.0   20.0    124.7    947.1    948.1   0.798
20260407021429    186      5.0     50.0   20.0    128.2    944.5    945.7   0.840
20260407021429    186    780.0    795.0   20.0     20.8    960.3    949.7   0.562
20260407021429    188    400.0    415.0   20.0     82.0    954.0    960.8   0.800
20260407021429    188    540.0    560.0   20.0     61.7    958.7    962.4   0.741
20260407021429    188   1720.0   1735.0   20.0     48.6    967.0    968.2   0.817
20260407021429    190      0.0     25.0   20.0     79.9      0.0    945.5   0.839
20260407021429    190    555.0    570.0   20.0     38.4    951.8   1033.2   0.785
20260407021429    190   1065.0   1080.0   20.0     42.3   1028.8   1141.6   0.862
20260407021429    193   1030.0   1045.0   20.0     38.4    953.4   1029.7   0.762
20260407021429    193   1190.0   1210.0   20.0     83.3   1077.4   1087.9   0.882
20260407021429    193   1280.0   1295.0   20.0     27.1   1090.5   1112.1   0.567
20260407021429    193   1590.0   1605.0   20.0     32.0   1121.7   1140.4   0.665
20260407021429    193   1720.0   1735.0   20.0    133.7   1108.9    950.8   0.846
20260407021429    197     25.0     40.0   20.0     22.6   1209.9   1194.9   0.761
20260407021429    197    285.0    300.0   20.0    104.0   1174.5    967.9   0.843
20260407021429    197   1720.0   1735.0   20.0     96.7    967.3   1142.0   0.813
20260407021429    198   1220.0   1310.0   20.0     87.0    972.7    969.9   0.769
20260407021429    199    325.0    340.0   20.0     55.5    968.8    967.5   0.675
20260407021429    199   1465.0   1480.0   20.0     56.2   1040.3    976.5   0.831
20260407021429    201    770.0    790.0   20.0    226.4    976.2    977.6   0.837
20260407021429    201   1630.0   1650.0   20.0     22.9    984.5    985.4   0.537
20260407021429    202   1305.0   1320.0   20.0     24.0    980.1    981.9   0.538
20260407021429    202   1375.0   1390.0   20.0     24.2    990.8    980.1   0.476
20260407021429    202   1530.0   1550.0   20.0     64.6    980.7    982.0   0.860
20260407021429    203   1170.0   1185.0   20.0     25.2    997.8    971.3   0.766
20260407021429    205    485.0    500.0   20.0     22.4    984.2    979.5   0.502
20260407021429    208     35.0     70.0   20.0     58.8   1276.6   1171.6   0.884
20260407021429    208    215.0    230.0   20.0     51.7   1264.9   1305.3   0.749
20260407021429    208   1130.0   1145.0   20.0    110.3   1112.8    990.1   0.771
20260407021429    210     70.0     90.0   20.0    151.2    994.9    994.4   0.829
20260407021429    211   1760.0   1775.0   20.0     63.4    995.0    989.8   0.710
20260407021429    212    275.0    310.0   20.0     68.0   1018.7   1212.2   0.886
20260407021429    214    575.0    595.0   20.0     64.9   1001.5   1002.3   0.764
20260407021429    214   1475.0   1490.0   20.0     45.5   1003.8   1001.0   0.681
20260407021429    215    330.0    345.0   20.0     25.9    993.9   1031.7   0.801
20260407021429    215    465.0    495.0   20.0    239.8   1053.1    995.8   0.814
20260407021429    215   1685.0   1700.0   20.0    112.8    993.7    994.0   0.860
20260407021429    218     65.0     80.0   20.0     76.9   1593.5   1574.1   0.856
20260407021429    219     80.0    130.0   20.0     61.0   1006.6   1143.9   0.776
20260407021429    219    170.0    235.0   20.0     43.4   1143.7   1238.1   0.754
20260407021429    220    565.0    580.0   20.0     27.5   1705.0   1702.9   0.775
20260407021429    225      0.0     15.0   20.0     43.4      0.0   1012.5   0.768
20260407021429    225    675.0    690.0   20.0     51.1   1009.2   1077.1   0.771
20260407021429    225   1085.0   1100.0   20.0     22.9   1142.6   1153.7   0.818
20260407021429    225   1300.0   1315.0   20.0     24.8   1169.2   1153.2   0.794
20260407021429    225   1390.0   1405.0   20.0     29.1   1157.9   1155.5   0.852
20260407021429    225   1635.0   1650.0   20.0     50.9   1177.7   1216.4   0.708
20260407021429    227     55.0     70.0   20.0     26.3   1041.2   1092.2   0.739
20260407021429    227    120.0    135.0   20.0    128.8   1106.9   1040.1   0.729
20260407021429    227   1100.0   1135.0   20.0    130.5   1043.0   1039.5   0.765
20260407021429    228     30.0     45.0   20.0     23.7   1107.6   1106.0   0.638
20260407021429    228    185.0    200.0   20.0     33.9   1100.6   1038.7   0.789
20260407021429    228    575.0    605.0   20.0     44.4   1044.2   1193.5   0.894
20260407021429    228    660.0    685.0   20.0     32.3   1235.1   1230.1   0.812
20260407021429    228    730.0    745.0   20.0     21.6   1241.6   1255.6   0.751
20260407021429    228   1600.0   1615.0   20.0     84.6   1263.5   1039.8   0.837
20260407021429    229    755.0    770.0   20.0     25.1   1068.4   1067.1   0.837
20260407021429    229    950.0    965.0   20.0     47.5   1056.7   1048.0   0.756
20260407021429    232    880.0    895.0   20.0     22.7   1044.4   1074.4   0.740
20260407021429    235     35.0    145.0   20.0    206.5   1043.2   1048.3   0.896
20260407021429    238    800.0    815.0   20.0     39.4   1154.5   1185.5   0.793
20260407021429    241      0.0    455.0   20.0    204.4      0.0   1782.1   0.866
20260407021429    241    500.0   1800.0   20.0    194.3   1782.8   1861.6   0.892
20260407021429    244    365.0    380.0   20.0     39.7   1495.1   1513.0   0.846
20260407021429    244    780.0    795.0   20.0     31.2   1514.7   1515.6   0.697
20260407021429    244   1440.0   1455.0   20.0     22.3   1587.2   1587.1   0.844
20260407021429    245    195.0    210.0   20.0     67.7   1090.9   1166.8   0.757
20260407021429    245   1135.0   1150.0   20.0     73.6   1234.5   1240.1   0.730
20260407021429    245   1225.0   1240.0   20.0     22.1   1236.6   1234.2   0.764
20260407021429    247      0.0     60.0   20.0     39.1      0.0   1323.4   0.756
20260407021429    247    175.0    360.0   20.0     46.6   1344.6   1383.1   0.849
20260407021429    247    440.0    510.0   20.0     83.7   1412.7   1399.8   0.751
20260407021429    247    555.0    590.0   20.0     21.1   1456.3   1527.0   0.558
20260407021429    247    635.0    660.0   20.0     59.9   1531.8   1501.9   0.700
20260407021429    247    695.0   1235.0   20.0     99.4   1520.7   1532.2   0.780
20260407021429    247   1335.0   1385.0   20.0     27.1   1568.8   1576.5   0.767
20260407021429    247   1460.0   1630.0   20.0     70.4   1589.2   1542.7   0.791
20260407021429    247   1670.0   1730.0   20.0     97.1   1576.5   1524.5   0.823
20260407021429    248    265.0    280.0   20.0     25.8   1718.8   1693.9   0.723
20260407021429    251    340.0    375.0   20.0    204.9   1136.9   1135.9   0.801
20260407021429    251   1125.0   1140.0   20.0     92.7   1131.2   1138.6   0.670
20260407021429    251   1210.0   1225.0   20.0     85.6   1131.1   1272.4   0.865
20260407021429    252      0.0    525.0   20.0    165.4      0.0   1804.8   0.832
20260407021429    252    615.0   1800.0   20.0    163.1   1802.4   1789.1   0.866
20260407021429    253      0.0   1345.0   20.0    134.0      0.0   1784.5   0.905
20260407021429    253   1445.0   1800.0   20.0    143.0   1809.3   1758.8   0.735
20260407021429    254    755.0    780.0   20.0     59.0   1126.9   1126.2   0.758
20260407024750      1    485.0    500.0   20.0     37.7    984.0    984.1   0.685
20260407024750      4   1250.0   1270.0   20.0    134.4    999.2   1001.5   0.790
20260407024750      4   1680.0   1720.0   20.0    204.3   1007.3   1008.6   0.877
20260407024750      5    220.0    275.0   20.0    103.3    986.9    985.7   0.782
20260407024750      6    740.0    800.0   20.0     70.4    996.1   1256.6   0.792
20260407024750      6    915.0    940.0   20.0    182.1   1236.1    992.9   0.817
20260407024750      6   1485.0   1500.0   20.0     24.2   1000.4    998.8   0.546
20260407024750      6   1650.0   1690.0   20.0    150.6   1006.5   1007.8   0.778
20260407024750      7    450.0    465.0   20.0     23.5   1366.8   1408.8   0.577
20260407024750     12   1055.0   1070.0   20.0     48.0    979.5   1027.6   0.753
20260407024750     12   1360.0   1380.0   20.0     80.7   1058.7    978.9   0.799
20260407024750     13     15.0     30.0   20.0     56.1    958.1   1158.7   0.788
20260407024750     13    450.0    500.0   20.0     30.3   1159.8   1167.6   0.622
20260407024750     13    580.0    595.0   20.0     28.4   1166.1   1171.1   0.657
20260407024750     13    690.0    710.0   20.0    145.8   1162.1    953.1   0.818
20260407024750     13   1630.0   1645.0   20.0     54.5    948.5   1009.7   0.808
20260407024750     13   1700.0   1750.0   20.0     71.5   1022.0    955.2   0.835
20260407024750     18   1485.0   1505.0   20.0     67.5    972.7    972.1   0.859
20260407024750     18   1695.0   1710.0   20.0     20.8    974.6    972.7   0.663
20260407024750     21   1620.0   1635.0   20.0     26.8   1369.3   1399.2   0.785
20260407024750     22    655.0    670.0   20.0     52.0   1019.2   1020.3   0.777
20260407024750     23   1695.0   1715.0   20.0     58.1    999.0    996.1   0.857
20260407024750     29   1085.0   1100.0   20.0     51.6    927.5   1027.2   0.809
20260407024750     29   1145.0   1160.0   20.0    103.2   1037.1    923.5   0.790
20260407024750     29   1385.0   1410.0   20.0     46.8    919.0    923.8   0.763
20260407024750     29   1585.0   1600.0   20.0     38.7    922.4    924.3   0.814
20260407024750     30   1150.0   1165.0   20.0     24.4    951.0    944.5   0.520
20260407024750     31   1340.0   1360.0   20.0    105.7    992.9    993.2   0.772
20260407024750     34   1170.0   1230.0   20.0    114.2    967.9    974.9   0.829
20260407024750     34   1405.0   1420.0   20.0     41.7    997.9    969.7   0.798
20260407024750     36   1555.0   1570.0   20.0     21.4    952.2    944.6   0.688
20260407024750     37    350.0    365.0   20.0     41.3   1031.3   1044.6   0.642
20260407024750     37    615.0    630.0   20.0     38.3   1051.6   1116.9   0.693
20260407024750     37   1525.0   1540.0   20.0     31.6   1104.1   1115.8   0.883
20260407024750     38    655.0    670.0   20.0     29.1   1332.0   1376.5   0.828
20260407024750     38   1075.0   1090.0   20.0     52.9   1281.8    941.5   0.898
20260407024750     39   1525.0   1540.0   20.0     24.9    924.1    939.9   0.618
20260407024750     39   1580.0   1600.0   20.0     30.8    928.5    928.7   0.496
20260407024750     40    360.0    375.0   20.0     77.2   1085.2    944.5   0.739
20260407024750     40   1085.0   1100.0   20.0     29.2    944.4    941.6   0.747
20260407024750     41   1595.0   1610.0   20.0     24.1    917.5    952.1   0.823
20260407024750     44    400.0    415.0   20.0     25.1    945.4    972.6   0.749
20260407024750     46      0.0     10.0   20.0     21.7      0.0   1024.8   0.862
20260407024750     46    465.0    500.0   20.0     60.9   1039.4   1041.2   0.783
20260407024750     46    700.0    715.0   20.0     39.6   1040.2   1035.6   0.675
20260407024750     46    795.0    810.0   20.0     21.8   1015.7   1059.4   0.593
20260407024750     46    980.0    995.0   20.0     41.9   1061.7   1080.7   0.851
20260407024750     47   1465.0   1485.0   20.0    117.7    921.7   1337.9   0.926
20260407024750     51     55.0     70.0   20.0     55.2    920.5    921.7   0.735
20260407024750     51   1520.0   1540.0   20.0     70.1    915.1    913.5   0.802
20260407024750     51   1635.0   1650.0   20.0     27.2    920.1    927.5   0.537
20260407024750     55    700.0    725.0   20.0     29.9   1090.8   1096.6   0.680
20260407024750     58   1065.0   1080.0   20.0     53.5    910.3   1019.9   0.849
20260407024750     58   1265.0   1280.0   20.0     35.0   1046.8   1118.9   0.848
20260407024750     58   1565.0   1585.0   20.0    114.9   1173.3    902.2   0.900
20260407024750     60    130.0    145.0   20.0     54.4    915.0   1031.2   0.879
20260407024750     60    695.0    710.0   20.0    165.9   1222.6    912.6   0.843
20260407024750     61    100.0    115.0   20.0     28.5   1520.2   1537.3   0.799
20260407024750     62    495.0    510.0   20.0     49.5    914.2    913.7   0.820
20260407024750     64    750.0    765.0   20.0     36.1   1140.7   1167.3   0.780
20260407024750     65    185.0    210.0   20.0     27.1    893.4   1083.7   0.811
20260407024750     65    245.0    265.0   20.0     96.4   1051.4    895.3   0.853
20260407024750     66     75.0     90.0   20.0     20.0   1250.0   1210.2   0.800
20260407024750     66    505.0    520.0   20.0    158.2   1150.9   1240.6   0.881
20260407024750     66   1055.0   1070.0   20.0     30.1   1196.4   1206.1   0.733
20260407024750     68   1480.0   1495.0   20.0     20.4   1240.1   1241.0   0.739
20260407024750     76     55.0     70.0   20.0     49.7    902.7    995.2   0.750
20260407024750     80   1780.0   1800.0   20.0     46.5    892.4    968.5   0.829
20260407024750     82   1740.0   1755.0   20.0     59.8    961.8   1028.1   0.803
20260407024750     85     50.0     65.0   20.0     26.5   1015.7   1038.5   0.790
20260407024750     87    325.0    355.0   20.0     60.5    882.3    883.5   0.783
20260407024750     87   1040.0   1055.0   20.0     85.2    878.3   1073.0   0.900
20260407024750     88   1470.0   1485.0   20.0     67.4   1424.4   1425.0   0.822
20260407024750     91     40.0     55.0   20.0     62.4   1056.0   1101.7   0.739
20260407024750     91    210.0    225.0   20.0     20.7   1077.5   1085.5   0.746
20260407024750     93     35.0     50.0   20.0     49.1    891.9   1004.2   0.754
20260407024750     93    245.0    265.0   20.0    174.7   1112.4    894.1   0.796
20260407024750     93   1060.0   1075.0   20.0    107.1    890.6    903.4   0.815
20260407024750     93   1365.0   1380.0   20.0     38.9    894.1    894.9   0.755
20260407024750     93   1675.0   1690.0   20.0     86.1    893.4    893.8   0.830
20260407024750     98    340.0    385.0   20.0     39.8    895.1    896.1   0.765
20260407024750     98    655.0    675.0   20.0    131.2    895.3    895.9   0.832
20260407024750     98   1670.0   1685.0   20.0     20.4    915.3    913.5   0.795
20260407024750    102   1265.0   1280.0   20.0     54.1    896.1    897.0   0.806
20260407024750    103   1150.0   1165.0   20.0     61.6    887.7    886.3   0.744
20260407024750    106     35.0    100.0   20.0    154.0    974.8    886.3   0.816
20260407024750    106   1785.0   1800.0   20.0     20.9    945.4    960.3   0.733
20260407024750    107      5.0     20.0   20.0    107.9    883.1   1064.7   0.794
20260407024750    108   1620.0   1635.0   20.0     33.9    871.5    913.3   0.753
20260407024750    112   1315.0   1330.0   20.0     23.2    891.2    913.9   0.773
20260407024750    112   1595.0   1610.0   20.0     54.9    888.7    972.7   0.756
20260407024750    112   1645.0   1660.0   20.0     82.2    979.0    892.2   0.762
20260407024750    113    375.0    390.0   20.0     25.3    884.2    884.8   0.766
20260407024750    117    685.0    700.0   20.0     27.6   1097.2   1112.8   0.812
20260407024750    117    820.0    835.0   20.0     20.7   1130.5   1130.8   0.803
20260407024750    118     20.0     35.0   20.0     36.9   1042.1   1061.6   0.768
20260407024750    118     75.0     95.0   20.0    100.9   1062.4    883.5   0.925
20260407024750    118   1300.0   1320.0   20.0     30.7    892.6    893.4   0.772
20260407024750    122     80.0     95.0   20.0     22.5   1109.4   1118.2   0.745
20260407024750    122    720.0    735.0   20.0     25.8   1193.4   1239.5   0.847
20260407024750    123      0.0     10.0   20.0     24.4      0.0   1159.2   0.853
20260407024750    125   1700.0   1715.0   20.0     33.6    884.0    886.3   0.631
20260407024750    126   1695.0   1715.0   20.0     80.6    920.6    913.6   0.783
20260407024750    127    100.0    115.0   20.0     34.1    891.6    900.2   0.780
20260407024750    127    590.0    605.0   20.0     20.4    899.6    900.3   0.578
20260407024750    127   1130.0   1145.0   20.0     51.8    895.3    895.2   0.746
20260407024750    127   1380.0   1395.0   20.0     69.3    894.5    896.0   0.713
20260407024750    128    420.0    440.0   20.0    119.5    894.6    892.7   0.751
20260407024750    131    140.0    155.0   20.0     72.5    889.3    982.5   0.751
20260407024750    131    240.0    255.0   20.0     28.9   1043.2   1071.5   0.706
20260407024750    131    680.0    695.0   20.0     26.2   1060.7   1098.6   0.782
20260407024750    131    765.0    780.0   20.0     34.5   1106.3   1097.0   0.647
20260407024750    131    815.0    865.0   20.0    165.0   1097.5   1001.5   0.900
20260407024750    131   1060.0   1075.0   20.0     22.7   1009.8   1013.0   0.803
20260407024750    131   1500.0   1515.0   20.0     21.1   1025.2   1004.5   0.780
20260407024750    131   1715.0   1770.0   20.0     55.8   1017.6   1011.9   0.725
20260407024750    133    595.0    610.0   20.0     53.9    899.7    897.9   0.787
20260407024750    134   1320.0   1355.0   20.0     34.1   1360.6   1364.6   0.865
20260407024750    134   1445.0   1535.0   20.0     27.3   1367.9   1373.1   0.885
20260407024750    134   1595.0   1800.0   20.0     33.3   1374.3   1390.2   0.898
20260407024750    135    405.0    460.0   20.0     35.9    902.2    998.7   0.754
20260407024750    135    700.0    715.0   20.0     31.2   1072.6   1066.8   0.697
20260407024750    136     35.0     50.0   20.0     43.9    995.9   1060.5   0.788
20260407024750    138    100.0    115.0   20.0     25.1    891.6    978.2   0.781
20260407024750    141    390.0    405.0   20.0     28.8    896.1    933.7   0.772
20260407024750    141    545.0    560.0   20.0     34.3    948.8    998.5   0.848
20260407024750    141    680.0    715.0   20.0     28.5   1011.0   1009.6   0.748
20260407024750    141    840.0    855.0   20.0     23.6   1051.5   1061.6   0.661
20260407024750    141    925.0    940.0   20.0     83.7   1057.3    901.9   0.790
20260407024750    142    755.0    770.0   20.0     32.8    897.9    896.5   0.694
20260407024750    142   1655.0   1710.0   20.0     87.2    893.8   1013.2   0.906
20260407024750    143    360.0    375.0   20.0     24.2    891.5    934.1   0.772
20260407024750    143   1225.0   1245.0   20.0    104.9   1076.2    889.9   0.836
20260407024750    143   1385.0   1400.0   20.0     80.4    894.9   1085.0   0.908
20260407024750    143   1475.0   1535.0   20.0     36.3   1096.6   1153.5   0.723
20260407024750    145    185.0    200.0   20.0     74.8    925.2    927.8   0.673
20260407024750    145    355.0    375.0   20.0     43.5    925.8   1142.2   0.849
20260407024750    145    490.0    505.0   20.0    125.5   1120.2    929.0   0.763
20260407024750    150     25.0     40.0   20.0     22.6   1509.9   1509.7   0.826
20260407024750    150    155.0    170.0   20.0     20.1   1511.2   1523.6   0.854
20260407024750    150    205.0    220.0   20.0     23.4   1525.6   1491.1   0.766
20260407024750    150    680.0    695.0   20.0     27.4   1537.9   1514.6   0.777
20260407024750    150    745.0    760.0   20.0     26.5   1529.7   1491.6   0.805
20260407024750    150    925.0    995.0   20.0     31.8   1513.8   1489.8   0.857
20260407024750    150   1035.0   1090.0   20.0     29.5   1524.5   1525.4   0.866
20260407024750    150   1140.0   1285.0   20.0     35.8   1500.4   1488.9   0.853
20260407024750    150   1345.0   1550.0   20.0     36.2   1535.6   1500.2   0.873
20260407024750    150   1615.0   1630.0   20.0     35.7   1537.6   1491.8   0.788
20260407024750    150   1760.0   1800.0   20.0     28.4   1538.4   1494.3   0.887
20260407024750    151    330.0    350.0   20.0     50.3    908.6    913.1   0.793
20260407024750    151    400.0    415.0   20.0     29.9    912.7    964.3   0.805
20260407024750    151   1295.0   1310.0   20.0     26.9   1196.3   1231.4   0.916
20260407024750    153     40.0     55.0   20.0     47.9   1297.1    982.8   0.949
20260407024750    153     90.0    110.0   20.0     83.6    957.8    956.3   0.763
20260407024750    153    180.0    200.0   20.0     37.1    943.3   1058.4   0.900
20260407024750    153    305.0    320.0   20.0     32.4   1077.2   1085.6   0.810
20260407024750    153    935.0    950.0   20.0     30.7   1087.2   1102.4   0.779
20260407024750    153   1500.0   1515.0   20.0     24.3   1166.9   1174.9   0.578
20260407024750    153   1565.0   1580.0   20.0     41.5   1171.9   1221.4   0.761
20260407024750    153   1655.0   1670.0   20.0     22.5   1201.5   1187.7   0.716
20260407024750    153   1725.0   1740.0   20.0     35.0   1151.7   1168.2   0.829
20260407024750    154   1435.0   1455.0   20.0     79.2    948.8    954.9   0.828
20260407024750    156   1715.0   1730.0   20.0     71.7    989.2   1107.4   0.828
20260407024750    157      0.0   1800.0   20.0    134.0      0.0   1538.4   0.897
20260407024750    158    965.0    980.0   20.0     59.3    915.1    913.7   0.638
20260407024750    159    120.0    135.0   20.0     73.5    916.3   1056.2   0.754
20260407024750    159    895.0    910.0   20.0     21.0   1114.5   1130.1   0.761
20260407024750    160      0.0     20.0   20.0    119.9      0.0   1233.1   0.895
20260407024750    161   1615.0   1630.0   20.0     39.9    903.9    903.7   0.597
20260407024750    163    975.0    990.0   20.0     24.4   1280.7   1291.1   0.846
20260407024750    166      0.0     10.0   20.0     24.9      0.0   1216.1   0.765
20260407024750    166    950.0    965.0   20.0     25.4   1204.4   1222.0   0.826
20260407024750    166   1235.0   1250.0   20.0     25.6   1252.9   1296.0   0.687
20260407024750    169    445.0    460.0   20.0     53.9    920.4    922.7   0.776
20260407024750    174   1325.0   1340.0   20.0     24.2    955.3    948.2   0.703
20260407024750    175   1560.0   1580.0   20.0    101.0    940.4   1125.3   0.825
20260407024750    176    895.0    910.0   20.0     40.3   1143.7   1153.7   0.641
20260407024750    176   1360.0   1375.0   20.0     24.6   1182.9   1198.0   0.802
20260407024750    177   1175.0   1190.0   20.0     29.1   1264.3   1320.9   0.800
20260407024750    178      5.0     20.0   20.0     23.6   1134.1   1150.1   0.505
20260407024750    178     65.0     80.0   20.0     20.4   1162.0   1180.8   0.520
20260407024750    179    540.0    555.0   20.0     21.0   1116.0   1128.5   0.704
20260407024750    181      0.0     35.0   20.0    187.0      0.0    934.7   0.809
20260407024750    181    620.0    635.0   20.0     35.0    939.2   1015.9   0.876
20260407024750    181    670.0    685.0   20.0     82.2   1027.6   1066.9   0.787
20260407024750    181    755.0    770.0   20.0    120.9   1051.9    937.2   0.769
20260407024750    181   1020.0   1035.0   20.0     21.4    938.6    972.5   0.784
20260407024750    181   1380.0   1395.0   20.0     28.0   1196.1   1218.7   0.793
20260407024750    183     25.0     40.0   20.0     56.2   1117.5   1048.2   0.826
20260407024750    183   1240.0   1255.0   20.0     42.1   1075.1    936.3   0.903
20260407024750    184   1250.0   1265.0   20.0     36.4    950.7    956.1   0.614
20260407024750    184   1305.0   1320.0   20.0     44.4    951.0   1005.8   0.749
20260407024750    184   1410.0   1425.0   20.0     37.6   1030.2   1060.1   0.777
20260407024750    184   1550.0   1565.0   20.0     31.3   1048.7   1053.0   0.734
20260407024750    185    340.0    355.0   20.0     52.7    954.3    954.3   0.785
20260407024750    185   1720.0   1770.0   20.0     42.5    950.5    951.9   0.784
20260407024750    186    110.0    125.0   20.0     47.0    946.8    952.0   0.694
20260407024750    186    555.0    570.0   20.0     53.2    949.4    950.3   0.624
20260407024750    186   1255.0   1270.0   20.0     22.3    969.0    947.6   0.739
20260407024750    186   1475.0   1490.0   20.0    164.8    950.1    954.1   0.711
20260407024750    186   1625.0   1685.0   20.0     60.6    959.3   1199.8   0.827
20260407024750    187    570.0    585.0   20.0     46.6    958.7   1047.6   0.727
20260407024750    187    825.0    835.0   20.0     20.5   1079.0   1108.0   0.596
20260407024750    187   1585.0   1600.0   20.0     98.3   1114.2    951.4   0.778
20260407024750    188   1235.0   1250.0   20.0     28.5    961.9    961.0   0.717
20260407024750    188   1685.0   1700.0   20.0     22.4    964.1    973.2   0.718
20260407024750    190    370.0    455.0   20.0     55.5    951.3    951.9   0.821
20260407024750    190   1610.0   1630.0   20.0     47.0    945.4    947.2   0.819
20260407024750    193    125.0    140.0   20.0     58.5    959.0   1104.2   0.859
20260407024750    193   1155.0   1170.0   20.0     30.0   1030.9    959.0   0.862
20260407024750    193   1430.0   1460.0   20.0     57.2    960.5   1104.1   0.813
20260407024750    193   1530.0   1545.0   20.0     34.0   1127.9   1127.3   0.664
20260407024750    197   1465.0   1480.0   20.0     36.0    970.9    983.7   0.685
20260407024750    197   1620.0   1680.0   20.0     70.4    971.0    971.8   0.738
20260407024750    198    320.0    345.0   20.0    217.3    967.0    968.5   0.856
20260407024750    199    400.0    415.0   20.0     54.3    974.1    972.7   0.813
20260407024750    200    325.0    340.0   20.0    131.8    980.5    980.8   0.775
20260407024750    201    825.0    865.0   20.0     40.8    982.2   1157.6   0.766
20260407024750    201   1000.0   1015.0   20.0     24.1   1264.8   1294.2   0.700
20260407024750    201   1140.0   1155.0   20.0     93.3   1254.7    974.0   0.932
20260407024750    203     55.0     70.0   20.0     44.2    976.2    975.9   0.751
20260407024750    204    515.0    530.0   20.0     81.7   1032.4   1121.8   0.797
20260407024750    205      5.0     35.0   20.0    143.7    986.2    988.1   0.865
20260407024750    205    445.0    460.0   20.0     41.2    990.1   1077.1   0.808
20260407024750    205    905.0    920.0   20.0    169.0   1170.4    985.1   0.730
20260407024750    205   1150.0   1165.0   20.0     39.0    990.5    987.1   0.775
20260407024750    207    130.0    155.0   20.0    141.9    973.4    972.7   0.803
20260407024750    207   1045.0   1065.0   20.0     91.3    967.4    967.6   0.783
20260407024750    208    230.0    285.0   20.0     94.5    997.4    997.6   0.774
20260407024750    210     95.0    115.0   20.0     40.9   1000.4   1047.0   0.772
20260407024750    210    185.0    200.0   20.0     31.0   1060.8   1145.3   0.808
20260407024750    210   1325.0   1340.0   20.0     22.6   1150.2   1077.3   0.928
20260407024750    210   1490.0   1505.0   20.0     54.1   1079.8    992.4   0.801
20260407024750    210   1695.0   1710.0   20.0     46.1    991.2   1047.6   0.750
20260407024750    211    635.0    650.0   20.0     42.9   1002.4   1004.1   0.651
20260407024750    211    965.0    980.0   20.0     37.1    999.7    998.8   0.783
20260407024750    212    170.0    185.0   20.0     27.3   1187.1   1185.8   0.581
20260407024750    212    465.0    480.0   20.0     20.7   1210.9   1236.6   0.747
20260407024750    212   1035.0   1050.0   20.0     26.4   1270.0   1316.6   0.793
20260407024750    212   1415.0   1430.0   20.0     25.9   1319.8   1333.6   0.781
20260407024750    215     65.0     80.0   20.0     93.5   1003.5   1003.4   0.797
20260407024750    218      0.0     10.0   20.0     98.4      0.0   1592.9   0.832
20260407024750    218    170.0    185.0   20.0    103.6   1587.7   1585.1   0.845
20260407024750    218    265.0    280.0   20.0     93.2   1589.9   1593.4   0.795
20260407024750    218    355.0    370.0   20.0     99.7   1598.7   1590.9   0.821
20260407024750    218    455.0    500.0   20.0     92.8   1600.4   1593.7   0.800
20260407024750    218    610.0    625.0   20.0     99.6   1601.2   1593.7   0.834
20260407024750    218    690.0    705.0   20.0     94.6   1602.9   1594.9   0.850
20260407024750    218    945.0    960.0   20.0     96.5   1603.8   1592.2   0.802
20260407024750    218   1120.0   1135.0   20.0     97.2   1597.9   1589.5   0.798
20260407024750    218   1300.0   1320.0   20.0     94.0   1594.4   1585.7   0.874
20260407024750    219      5.0     35.0   20.0     51.3   1013.4   1365.2   0.826
20260407024750    221     75.0     90.0   20.0     25.3   1567.5   1625.8   0.891
20260407024750    228     75.0     90.0   20.0     46.1   1046.2   1151.4   0.829
20260407024750    228    645.0    660.0   20.0     21.7   1278.5   1329.7   0.732
20260407024750    228    740.0    755.0   20.0     21.2   1346.7   1392.6   0.851
20260407024750    228    795.0    810.0   20.0    112.9   1394.5   1047.7   0.892
20260407024750    228   1375.0   1390.0   20.0     46.5   1058.4   1115.4   0.832
20260407024750    228   1690.0   1705.0   20.0     26.7   1320.9   1327.5   0.825
20260407024750    229     70.0    110.0   20.0     32.9   1306.7   1057.8   0.826
20260407024750    229   1525.0   1540.0   20.0    102.4   1044.0   1281.7   0.905
20260407024750    235    140.0    155.0   20.0    105.0   1046.0   1045.1   0.837
20260407024750    236   1290.0   1310.0   20.0    102.4   1057.3   1059.3   0.851
20260407024750    237     40.0     55.0   20.0     29.8   1046.7   1082.2   0.784
20260407024750    240    190.0    205.0   20.0     35.7   1582.8   1611.0   0.856
20260407024750    241      5.0     20.0   20.0    126.2   1786.1   1796.2   0.878
20260407024750    241    185.0    200.0   20.0    151.4   1789.4   1787.0   0.866
20260407024750    241    385.0    400.0   20.0    113.9   1780.7   1781.0   0.859
20260407024750    241    500.0    520.0   20.0    161.4   1784.5   1773.6   0.857
20260407024750    241    565.0    635.0   20.0    138.2   1777.4   1793.7   0.883
20260407024750    241    885.0    930.0   20.0    154.8   1786.2   1780.0   0.891
20260407024750    241   1310.0   1325.0   20.0    181.2   1774.6   1773.6   0.831
20260407024750    241   1455.0   1550.0   20.0    172.5   1764.6   1773.3   0.888
20260407024750    241   1610.0   1630.0   20.0    160.9   1767.3   1762.8   0.866
20260407024750    241   1670.0   1690.0   20.0    160.5   1767.4   1762.9   0.888
20260407024750    241   1740.0   1800.0   20.0    178.8   1757.0   1758.3   0.881
20260407024750    244    610.0    625.0   20.0     28.0   1517.8   1545.1   0.846
20260407024750    244   1170.0   1185.0   20.0     47.7   1550.0   1550.0   0.808
20260407024750    245   1545.0   1570.0   20.0     95.2   1086.4   1089.0   0.775
20260407024750    247      0.0     20.0   20.0     32.7      0.0   1457.4   0.592
20260407024750    247     60.0     75.0   20.0     26.0   1474.4   1465.8   0.634
20260407024750    247    150.0    165.0   20.0     39.5   1459.8   1483.3   0.619
20260407024750    247    220.0    235.0   20.0     21.4   1504.9   1538.2   0.714
20260407024750    247    515.0    530.0   20.0     42.1   1580.6   1592.6   0.861
20260407024750    251     85.0    100.0   20.0     22.4   1508.5   1207.6   0.948
20260407024750    252      0.0    160.0   20.0     74.5      0.0   1918.7   0.896
20260407024750    252    200.0    780.0   20.0     62.1   1922.9   1910.4   0.912
20260407024750    252    895.0    920.0   20.0     43.5   1905.1   1905.6   0.875
20260407024750    252   1000.0   1080.0   20.0     51.0   1905.1   1905.8   0.885
20260407024750    252   1170.0   1185.0   20.0     66.9   1911.3   1902.4   0.813
20260407024750    252   1240.0   1800.0   20.0     86.4   1910.1   1987.3   0.932
20260407024750    253      0.0   1800.0   20.0    147.1      0.0   1746.5   0.876
20260407024750    254    915.0    930.0   20.0     42.1   1207.1   1112.6   0.755
20260407024750    254   1020.0   1055.0   20.0    260.9   1110.9   1110.9   0.887
20260407024750    256    385.0    400.0   20.0     33.8   1236.5   1269.8   0.878
20260407032109      2    930.0    945.0   20.0     55.6   1049.9   1050.1   0.824
20260407032109      2   1425.0   1445.0   20.0     72.9   1049.6   1054.1   0.797
20260407032109      4   1165.0   1180.0   20.0     23.1   1003.8   1009.2   0.497
20260407032109      4   1220.0   1245.0   20.0     22.4   1013.2   1016.1   0.786
20260407032109      4   1305.0   1370.0   20.0     55.1   1015.4   1216.1   0.806
20260407032109      5     10.0     25.0   20.0     21.4   1063.5   1100.2   0.751
20260407032109      5    650.0    665.0   20.0     36.6   1110.4   1125.6   0.458
20260407032109     12    190.0    205.0   20.0     41.8    985.1   1039.3   0.752
20260407032109     12    830.0    845.0   20.0     29.2   1051.3   1096.5   0.842
20260407032109     12   1050.0   1065.0   20.0     24.9   1141.0   1147.4   0.716
20260407032109     12   1400.0   1415.0   20.0     37.5   1154.4   1196.0   0.787
20260407032109     13      0.0     15.0   20.0     29.3      0.0    957.8   0.640
20260407032109     13    895.0    910.0   20.0     46.5    949.2    949.0   0.793
20260407032109     22     60.0     75.0   20.0     48.4   1022.5   1021.4   0.680
20260407032109     22   1055.0   1070.0   20.0     31.6   1013.8   1027.0   0.644
20260407032109     28   1605.0   1625.0   20.0     23.0    956.1    954.3   0.466
20260407032109     29     25.0     50.0   20.0     80.6    945.7    960.7   0.856
20260407032109     29    455.0    470.0   20.0     28.1    992.3   1012.1   0.823
20260407032109     32   1245.0   1260.0   20.0     21.5   1521.7   1523.9   0.493
20260407032109     33    955.0    970.0   20.0     47.1    939.4    939.1   0.840
20260407032109     33   1585.0   1600.0   20.0     84.8    943.9    939.1   0.408
20260407032109     34   1045.0   1060.0   20.0     65.1    959.9    969.0   0.710
20260407032109     36   1510.0   1520.0   20.0     24.7    956.3    945.1   0.626
20260407032109     37     75.0     90.0   20.0     88.2    936.4   1139.5   0.821
20260407032109     37    475.0    490.0   20.0    161.2   1173.9    932.0   0.629
20260407032109     37   1675.0   1690.0   20.0     52.7    922.2    922.2   0.731
20260407032109     38   1345.0   1365.0   20.0     91.0    948.4   1122.2   0.880
20260407032109     39    640.0    655.0   20.0     36.1    966.6    928.5   0.752
20260407032109     39   1125.0   1140.0   20.0     67.5    926.0    966.3   0.808
20260407032109     39   1175.0   1190.0   20.0     38.8    971.6    930.0   0.751
20260407032109     39   1560.0   1575.0   20.0     37.7    923.6    923.3   0.786
20260407032109     40    235.0    250.0   20.0     30.7    950.1   1024.0   0.859
20260407032109     40    410.0    425.0   20.0    123.5   1060.2    948.5   0.747
20260407032109     40   1055.0   1095.0   20.0     66.4    999.4   1227.4   0.808
20260407032109     40   1500.0   1515.0   20.0     29.7   1271.6   1283.3   0.609
20260407032109     41      0.0     10.0   20.0     32.1      0.0    989.1   0.904
20260407032109     41     95.0    110.0   20.0     26.2   1001.7   1012.1   0.850
20260407032109     41    560.0    600.0   20.0     50.5   1033.0   1151.4   0.885
20260407032109     44   1010.0   1025.0   20.0     61.0    941.0    942.1   0.822
20260407032109     44   1455.0   1465.0   20.0     58.2    942.6    941.5   0.496
20260407032109     46    780.0    795.0   20.0     22.4   1083.4   1070.2   0.865
20260407032109     46   1540.0   1555.0   20.0     23.9   1120.9   1143.5   0.689
20260407032109     47   1555.0   1570.0   20.0     33.5    929.6    923.4   0.738
20260407032109     47   1785.0   1800.0   20.0     42.4    918.6    962.0   0.756
20260407032109     53   1735.0   1750.0   20.0     29.9    947.3    995.9   0.817
20260407032109     54   1345.0   1360.0   20.0     27.8    899.9    901.5   0.486
20260407032109     55    195.0    210.0   20.0     30.3   1225.0   1228.7   0.907
20260407032109     55    790.0    805.0   20.0     23.6   1264.0   1273.5   0.715
20260407032109     57    610.0    680.0   20.0     32.3   1134.5   1230.6   0.875
20260407032109     60    225.0    240.0   20.0    134.0    916.7    917.7   0.889
20260407032109     62    995.0   1010.0   20.0     56.3    924.9    925.5   0.600
20260407032109     63   1110.0   1125.0   20.0     35.2    956.8    955.7   0.601
20260407032109     64    110.0    125.0   20.0     26.3    903.4    952.9   0.856
20260407032109     64    200.0    215.0   20.0     35.1   1000.2   1071.5   0.772
20260407032109     64    345.0    405.0   20.0     29.0   1121.8   1144.8   0.833
20260407032109     68    705.0    720.0   20.0     26.2   1166.5   1184.3   0.574
20260407032109     68    840.0    855.0   20.0     22.8   1192.3   1213.7   0.781
20260407032109     76      5.0     20.0   20.0     30.8   1243.3   1175.5   0.889
20260407032109     80    645.0    660.0   20.0     63.1    894.0    972.9   0.808
20260407032109     80    700.0    720.0   20.0    120.9   1000.9    896.1   0.807
20260407032109     80   1505.0   1525.0   20.0    109.5    910.3   1085.1   0.864
20260407032109     80   1565.0   1580.0   20.0    131.5   1102.0    901.9   0.799
20260407032109     83    105.0    120.0   20.0     27.1    878.2   1008.5   0.761
20260407032109     83    230.0    245.0   20.0    120.7   1032.3    880.8   0.908
20260407032109     83   1030.0   1050.0   20.0    192.2    875.5    878.6   0.918
20260407032109     88   1145.0   1155.0   20.0     21.6    982.8    982.0   0.438
20260407032109     93   1635.0   1655.0   20.0     84.8    904.2   1030.1   0.827
20260407032109     95   1720.0   1735.0   20.0     36.2    892.2    993.5   0.780
20260407032109     96    380.0    395.0   20.0     38.6    961.7    999.3   0.785
20260407032109     96    505.0    520.0   20.0     66.7   1000.6    961.6   0.754
20260407032109     98    550.0    565.0   20.0     51.5    917.8    897.9   0.598
20260407032109     98   1310.0   1335.0   20.0     47.2    899.6    969.0   0.771
20260407032109     99     30.0     45.0   20.0     26.5    868.7    901.0   0.749
20260407032109    100    835.0    850.0   20.0     39.0    891.3    952.7   0.684
20260407032109    100    915.0    930.0   20.0     70.6    971.0    889.4   0.746
20260407032109    101   1200.0   1215.0   20.0     56.4    884.5    884.8   0.687
20260407032109    103    400.0    425.0   20.0     63.2    891.8    891.8   0.875
20260407032109    103   1125.0   1140.0   20.0     83.0    888.7   1012.0   0.797
20260407032109    106    810.0    830.0   20.0     71.8    890.7    889.2   0.786
20260407032109    106   1305.0   1320.0   20.0     47.7    888.2    888.2   0.714
20260407032109    106   1705.0   1725.0   20.0     66.2    888.6    887.5   0.764
20260407032109    107     50.0     65.0   20.0     30.2    888.4    977.8   0.817
20260407032109    112    210.0    245.0   20.0     47.7    890.1    966.8   0.775
20260407032109    112    290.0    305.0   20.0     69.9    965.4    895.2   0.755
20260407032109    112   1115.0   1130.0   20.0     69.0    892.1   1024.0   0.757
20260407032109    112   1170.0   1185.0   20.0     29.5   1024.0   1058.1   0.810
20260407032109    113   1605.0   1625.0   20.0     41.8    882.3    882.1   0.749
20260407032109    118   1380.0   1395.0   20.0     22.8    902.6    901.9   0.605
20260407032109    121    680.0    695.0   20.0     20.5    896.5    922.3   0.760
20260407032109    122      0.0     20.0   20.0     43.2      0.0   1193.6   0.860
20260407032109    125   1195.0   1210.0   20.0     22.4    935.0    901.5   0.922
20260407032109    125   1305.0   1320.0   20.0     25.7    926.9    912.2   0.820
20260407032109    125   1495.0   1515.0   20.0     58.5    914.5   1071.3   0.885
20260407032109    126    465.0    480.0   20.0     52.8    898.2    979.4   0.784
20260407032109    126    580.0    620.0   20.0     31.5   1077.4   1131.6   0.899
20260407032109    126    745.0    760.0   20.0     21.8   1141.9   1172.9   0.803
20260407032109    126    975.0    990.0   20.0     31.2   1161.8   1198.8   0.763
20260407032109    126   1540.0   1555.0   20.0     24.3   1189.3    897.9   0.939
20260407032109    128     20.0     75.0   20.0    244.5    887.0    890.8   0.837
20260407032109    128    595.0    610.0   20.0     25.6    893.6    931.8   0.749
20260407032109    128   1285.0   1300.0   20.0     43.0    959.6   1036.9   0.815
20260407032109    130     20.0     35.0   20.0    111.6    899.6    902.7   0.676
20260407032109    131    530.0    545.0   20.0     27.0    893.4    947.4   0.843
20260407032109    131    580.0    595.0   20.0     32.1   1037.5   1076.8   0.809
20260407032109    133    745.0    760.0   20.0     75.0    891.5    896.1   0.782
20260407032109    133   1255.0   1275.0   20.0     41.0    894.6    894.6   0.799
20260407032109    133   1425.0   1450.0   20.0     48.2    896.4    895.2   0.847
20260407032109    134   1295.0   1310.0   20.0     20.0   1247.1   1248.1   0.797
20260407032109    135      0.0     15.0   20.0     88.3      0.0    941.8   0.900
20260407032109    135    825.0    840.0   20.0     58.1    964.1    896.7   0.772
20260407032109    135    875.0    895.0   20.0     72.9    896.1    896.1   0.839
20260407032109    138    355.0    370.0   20.0     32.4    898.8    990.6   0.888
20260407032109    141    365.0    380.0   20.0     43.9    897.0    900.7   0.742
20260407032109    142   1080.0   1095.0   20.0     58.4    896.1    897.2   0.640
20260407032109    144    365.0    380.0   20.0     55.8    901.8    967.7   0.750
20260407032109    147    695.0    710.0   20.0     35.5    902.8    903.3   0.742
20260407032109    150     15.0    360.0   20.0     48.8   1542.5   1499.9   0.871
20260407032109    150    410.0    425.0   20.0     39.5   1547.7   1544.7   0.800
20260407032109    150    460.0    475.0   20.0     40.2   1550.4   1501.7   0.797
20260407032109    150    535.0    550.0   20.0     39.3   1554.2   1502.3   0.801
20260407032109    150    640.0    655.0   20.0     42.7   1558.7   1503.5   0.783
20260407032109    150    880.0    895.0   20.0     43.3   1570.9   1502.3   0.833
20260407032109    150    965.0    980.0   20.0     40.5   1557.6   1516.7   0.808
20260407032109    150   1015.0   1110.0   20.0     49.4   1566.1   1549.3   0.822
20260407032109    150   1145.0   1160.0   20.0     36.9   1566.6   1511.4   0.810
20260407032109    150   1195.0   1210.0   20.0     42.9   1567.6   1511.2   0.779
20260407032109    150   1250.0   1605.0   20.0     44.1   1571.4   1514.4   0.829
20260407032109    150   1645.0   1660.0   20.0     36.4   1555.2   1520.7   0.810
20260407032109    150   1730.0   1780.0   20.0     38.6   1563.4   1514.5   0.795
20260407032109    151     65.0     80.0   20.0     42.2    909.9   1081.0   0.863
20260407032109    153    970.0    985.0   20.0     27.8   1231.0   1267.9   0.776
20260407032109    156   1710.0   1725.0   20.0     36.5    967.8    968.5   0.705
20260407032109    158    265.0    330.0   20.0     44.2    917.5   1163.5   0.863
20260407032109    158    410.0    425.0   20.0     71.0   1230.0    917.7   0.888
20260407032109    159     60.0     75.0   20.0     89.4    916.7   1068.4   0.785
20260407032109    159    265.0    280.0   20.0     73.2   1107.0   1052.4   0.656
20260407032109    159   1190.0   1205.0   20.0     37.2   1131.5   1146.0   0.685
20260407032109    159   1255.0   1270.0   20.0     22.7   1142.4   1160.9   0.724
20260407032109    159   1575.0   1590.0   20.0     36.2   1165.6   1197.8   0.881
20260407032109    160   1000.0   1015.0   20.0     29.6   1253.9   1255.9   0.712
20260407032109    161     80.0     95.0   20.0     33.3    903.8   1056.1   0.800
20260407032109    161    465.0    480.0   20.0     96.9   1052.5    907.1   0.836
20260407032109    162    610.0    625.0   20.0     32.2    917.8    969.1   0.773
20260407032109    162    710.0    725.0   20.0     67.8   1008.9   1113.8   0.784
20260407032109    162    775.0    795.0   20.0     67.4   1088.5    918.3   0.890
20260407032109    166    535.0    565.0   20.0     29.3   1399.3   1418.1   0.909
20260407032109    166    675.0    690.0   20.0     26.0   1434.0   1419.1   0.889
20260407032109    166    870.0   1450.0   20.0     31.7   1427.5   1440.1   0.898
20260407032109    166   1485.0   1510.0   20.0     20.6   1436.0   1440.3   0.863
20260407032109    166   1580.0   1595.0   20.0     20.8   1434.0   1435.1   0.860
20260407032109    166   1665.0   1790.0   20.0     30.7   1457.1   1450.3   0.917
20260407032109    169     90.0    105.0   20.0     65.5    921.3    920.1   0.803
20260407032109    174    450.0    465.0   20.0     49.7    945.3    946.1   0.505
20260407032109    174   1040.0   1055.0   20.0     69.8    946.2    946.9   0.820
20260407032109    175    560.0    580.0   20.0     45.7    944.2    945.1   0.743
20260407032109    176     65.0     85.0   20.0     68.8   1266.9   1218.9   0.911
20260407032109    178     40.0     95.0   20.0     82.8    943.6   1259.4   0.912
20260407032109    181     95.0    150.0   20.0     45.5    933.2   1014.8   0.900
20260407032109    181    505.0    515.0   20.0     21.5   1075.8   1079.0   0.663
20260407032109    181    660.0    680.0   20.0     46.0   1087.3   1058.2   0.841
20260407032109    181   1605.0   1620.0   20.0     28.3   1232.8   1255.8   0.776
20260407032109    183   1270.0   1310.0   20.0    101.0    947.4   1166.2   0.830
20260407032109    184      5.0     75.0   20.0     91.6    953.0    951.6   0.877
20260407032109    184   1270.0   1285.0   20.0     26.9    962.8    960.8   0.624
20260407032109    185   1215.0   1230.0   20.0     46.2    953.1    953.6   0.734
20260407032109    186    165.0    185.0   20.0     37.8    990.3    948.3   0.858
20260407032109    186   1290.0   1305.0   20.0     65.5    955.4    955.4   0.797
20260407032109    187   1645.0   1660.0   20.0     57.8    955.1    955.1   0.772
20260407032109    187   1710.0   1725.0   20.0     92.3    955.6   1168.0   0.937
20260407032109    188      0.0     10.0   20.0     59.2      0.0    961.3   0.688
20260407032109    188    490.0    505.0   20.0     64.3    962.9    962.0   0.767
20260407032109    188    955.0    975.0   20.0     38.1    966.7    968.2   0.853
20260407032109    188   1070.0   1085.0   20.0     37.1    996.3    971.9   0.748
20260407032109    188   1205.0   1220.0   20.0    170.7    977.9    963.2   0.629
20260407032109    190    560.0    575.0   20.0     40.0    955.3   1037.7   0.852
20260407032109    191   1030.0   1045.0   20.0     25.1   1146.0   1148.0   0.812
20260407032109    191   1510.0   1525.0   20.0     35.6   1154.9   1176.3   0.783
20260407032109    191   1660.0   1675.0   20.0     28.3   1171.8   1172.6   0.858
20260407032109    193    205.0    220.0   20.0    105.5    967.0    969.9   0.772
20260407032109    193    520.0    540.0   20.0    107.7    972.0    975.3   0.888
20260407032109    193    710.0    730.0   20.0     41.1    975.0   1016.6   0.777
20260407032109    193    780.0    795.0   20.0    104.6   1069.7    978.5   0.751
20260407032109    193   1505.0   1525.0   20.0    172.1    962.2    974.2   0.786
20260407032109    194    525.0    545.0   20.0     52.7   1030.0   1028.7   0.844
20260407032109    194    860.0    910.0   20.0     44.3   1026.2   1025.8   0.787
20260407032109    195    640.0    655.0   20.0     39.3    957.9    959.0   0.716
20260407032109    195   1570.0   1585.0   20.0     34.3    957.5   1021.8   0.793
20260407032109    195   1680.0   1695.0   20.0     30.0   1013.2    998.5   0.572
20260407032109    196    750.0    765.0   20.0     44.3   1606.3   1679.4   0.904
20260407032109    199    485.0    540.0   20.0     88.6   1065.0    976.7   0.828
20260407032109    199    805.0    845.0   20.0    107.2    978.0    974.7   0.770
20260407032109    200   1195.0   1295.0   20.0    122.0    985.1    985.9   0.886
20260407032109    203    185.0    200.0   20.0     69.7    984.5   1168.9   0.876
20260407032109    203    315.0    330.0   20.0    240.5   1273.0    976.1   0.827
20260407032109    203   1500.0   1520.0   20.0     40.7   1122.9   1198.9   0.698
20260407032109    203   1585.0   1600.0   20.0     23.5   1241.5   1239.9   0.682
20260407032109    205     90.0    120.0   20.0     99.7    986.3    988.0   0.821
20260407032109    205   1625.0   1640.0   20.0     63.1    996.4    985.1   0.675
20260407032109    206    100.0    120.0   20.0     68.7   1091.2   1090.2   0.805
20260407032109    207   1375.0   1435.0   20.0    151.2   1227.4    967.3   0.861
20260407032109    208    305.0    330.0   20.0    126.7   1009.3   1004.2   0.887
20260407032109    208    435.0    450.0   20.0     38.9   1004.1   1056.2   0.777
20260407032109    208    555.0    575.0   20.0     63.6   1072.9   1094.7   0.841
20260407032109    208   1070.0   1085.0   20.0     20.8   1326.2   1344.7   0.815
20260407032109    208   1325.0   1340.0   20.0     22.3   1344.6   1345.7   0.807
20260407032109    210    790.0    805.0   20.0     77.9   1002.9   1001.5   0.795
20260407032109    210   1585.0   1615.0   20.0    107.4   1000.8   1002.3   0.781
20260407032109    210   1650.0   1665.0   20.0     53.6   1000.9   1007.7   0.777
20260407032109    211   1045.0   1065.0   20.0    104.1   1001.9   1314.2   0.877
20260407032109    212   1555.0   1570.0   20.0     22.7   1433.2   1448.6   0.845
20260407032109    214    340.0    355.0   20.0    165.1   1003.9   1003.5   0.802
20260407032109    215    185.0    265.0   20.0     59.8   1016.0   1147.3   0.771
20260407032109    215   1000.0   1015.0   20.0     41.8   1180.4   1224.7   0.601
20260407032109    215   1085.0   1095.0   20.0     23.6   1239.2   1248.4   0.409
20260407032109    215   1525.0   1540.0   20.0     24.5   1246.4   1226.4   0.580
20260407032109    217     25.0     40.0   20.0     60.0   1066.9   1068.3   0.807
20260407032109    217    115.0    130.0   20.0    143.0   1068.2   1245.5   0.754
20260407032109    217    190.0    205.0   20.0    249.0   1269.6   1065.7   0.815
20260407032109    218      0.0   1800.0   20.0     86.9      0.0   1684.0   0.908
20260407032109    219     25.0     40.0   20.0     21.4   1015.5   1025.9   0.790
20260407032109    219     85.0    105.0   20.0     39.3   1030.6   1285.9   0.838
20260407032109    219    260.0    275.0   20.0     27.6   1382.4   1451.6   0.655
20260407032109    219   1500.0   1620.0   20.0     60.0   1534.2   1550.6   0.810
20260407032109    219   1695.0   1710.0   20.0     24.8   1562.2   1564.0   0.783
20260407032109    219   1790.0   1800.0   20.0     72.6   1565.4   1540.6   0.835
20260407032109    224    475.0    490.0   20.0     40.2   1114.3   1114.0   0.835
20260407032109    227    135.0    190.0   20.0     46.1   1043.9   1210.2   0.779
20260407032109    227    330.0    345.0   20.0     22.3   1180.5   1178.1   0.724
20260407032109    227   1040.0   1055.0   20.0     21.2   1176.3   1187.8   0.776
20260407032109    227   1250.0   1265.0   20.0     80.3   1196.9   1245.7   0.795
20260407032109    228   1075.0   1090.0   20.0     58.8   1050.7   1160.6   0.805
20260407032109    228   1130.0   1145.0   20.0     59.4   1177.0   1203.3   0.845
20260407032109    229      0.0     50.0   20.0    186.7      0.0   1042.1   0.880
20260407032109    229    355.0    370.0   20.0     76.5   1040.5   1040.9   0.826
20260407032109    232      0.0     15.0   20.0     46.3      0.0   1129.4   0.768
20260407032109    232     65.0     80.0   20.0     84.2   1146.2   1048.1   0.773
20260407032109    233     55.0     70.0   20.0     22.8   1632.7   1674.7   0.617
20260407032109    234   1495.0   1510.0   20.0     33.4   1143.8   1145.2   0.523
20260407032109    235    450.0    480.0   20.0     62.0   1041.2   1093.7   0.776
20260407032109    235    540.0    555.0   20.0     56.6   1099.4   1041.9   0.763
20260407032109    238    585.0    600.0   20.0     40.1   1148.3   1219.0   0.913
20260407032109    241      0.0     10.0   20.0     22.6      0.0   1789.3   0.772
20260407032109    241     75.0     90.0   20.0    157.4   1786.6   1784.0   0.888
20260407032109    241    285.0    345.0   20.0    154.1   1783.4   1789.2   0.901
20260407032109    241    560.0    580.0   20.0    173.2   1777.2   1781.3   0.867
20260407032109    241    615.0    660.0   20.0     73.1   1770.9   1783.2   0.885
20260407032109    241    770.0    820.0   20.0    119.9   1789.6   1786.7   0.877
20260407032109    241   1000.0   1040.0   20.0    134.0   1778.6   1776.2   0.847
20260407032109    241   1475.0   1580.0   20.0    149.6   1763.2   1772.4   0.923
20260407032109    244   1085.0   1100.0   20.0     22.9   1616.3   1610.5   0.931
20260407032109    245    810.0    825.0   20.0     66.3   1094.7   1093.3   0.637
20260407032109    247    345.0    360.0   20.0     21.5   1619.0   1637.0   0.733
20260407032109    247    495.0    505.0   20.0     20.3   1676.9   1674.1   0.418
20260407032109    247    800.0    815.0   20.0     23.3   1724.0   1730.8   0.462
20260407032109    247   1635.0   1700.0   20.0     56.8   1116.3   1120.2   0.868
20260407032109    252     75.0    110.0   20.0     62.6   2048.6   2028.2   0.905
20260407032109    252    280.0    325.0   20.0     40.2   2030.4   2027.7   0.847
20260407032109    253      0.0    370.0   20.0    116.6      0.0   1715.7   0.882
20260407032109    253    405.0    475.0   20.0    119.0   1710.0   1717.6   0.891
20260407032109    253    520.0    535.0   20.0    103.4   1714.5   1728.6   0.836
20260407032109    253    570.0    600.0   20.0    111.8   1705.5   1728.8   0.915
20260407032109    253    665.0    705.0   20.0    114.3   1711.1   1726.4   0.902
20260407032109    253    750.0    785.0   20.0     99.8   1714.5   1747.2   0.866
20260407032109    253    870.0    940.0   20.0     97.7   1713.8   1737.6   0.911
20260407032109    253   1055.0   1080.0   20.0     97.9   1698.8   1720.2   0.861
20260407032109    253   1145.0   1185.0   20.0    101.7   1703.6   1737.5   0.898
20260407032109    253   1295.0   1315.0   20.0    100.9   1703.2   1728.8   0.863
20260407032109    253   1405.0   1425.0   20.0    103.1   1696.4   1728.9   0.889
20260407032109    253   1570.0   1590.0   20.0    115.5   1701.7   1733.3   0.855
20260407032109    253   1755.0   1800.0   20.0     33.6   1723.8   1700.3   0.900
20260407032109    254   1015.0   1065.0   20.0    116.7   1116.1   1405.8   0.817
20260407032109    254   1180.0   1195.0   20.0     38.6   1420.4   1413.7   0.836
20260407032109    256    190.0    205.0   20.0     68.3   1296.5   1405.7   0.902
20260407032109    256    260.0    275.0   20.0     29.5   1412.5   1556.4   0.827
20260407035427      1   1185.0   1200.0   20.0     21.6    979.3    994.0   0.733
20260407035427      1   1320.0   1335.0   20.0     63.2   1159.1   1097.3   0.747
20260407035427      4   1195.0   1210.0   20.0     23.3   1003.9   1005.3   0.497
20260407035427      4   1560.0   1575.0   20.0     47.0   1007.8   1104.5   0.859
20260407035427      4   1610.0   1645.0   20.0    165.1   1117.5   1003.8   0.793
20260407035427      5   1055.0   1070.0   20.0     27.6   1075.0   1098.8   0.688
20260407035427      6    770.0    790.0   15.0     42.8    992.6   1080.0   0.797
20260407035427      6    845.0    860.0   20.0     23.3   1144.0   1169.2   0.515
20260407035427      6   1370.0   1380.0   20.0     27.6   1194.4   1161.2   0.738
20260407035427      8   1165.0   1180.0   20.0     49.5   1071.5   1072.5   0.800
20260407035427     12   1220.0   1245.0   20.0     85.4    981.0    981.8   0.790
20260407035427     22   1575.0   1585.0   20.0     21.1   1015.5   1010.1   0.404
20260407035427     23   1055.0   1065.0   20.0     21.2    999.4    999.8   0.422
20260407035427     26    990.0   1005.0   20.0     61.4   1658.2   1661.8   0.916
20260407035427     29    160.0    175.0   20.0     34.2    938.2    980.4   0.766
20260407035427     29    580.0    595.0   20.0     27.0   1038.6   1067.0   0.481
20260407035427     29    685.0    700.0   20.0     27.6   1076.4   1076.9   0.721
20260407035427     30    920.0    935.0   20.0     62.4    943.9    943.7   0.646
20260407035427     30   1045.0   1065.0   20.0    144.3    945.1    956.0   0.806
20260407035427     36   1525.0   1560.0   20.0     70.9    958.5    971.1   0.613
20260407035427     36   1655.0   1710.0   20.0     34.4    972.6   1137.8   0.763
20260407035427     38    450.0    465.0   20.0    158.3    956.9    949.8   0.749
20260407035427     38   1755.0   1775.0   20.0     54.6    942.7    944.8   0.759
20260407035427     40   1155.0   1170.0   20.0     33.1   1172.3   1204.9   0.816
20260407035427     44   1120.0   1135.0   20.0     54.4    941.3    942.1   0.726
20260407035427     44   1630.0   1650.0   20.0     90.9    941.4   1081.3   0.781
20260407035427     44   1690.0   1720.0   20.0     72.6   1078.7    940.5   0.806
20260407035427     46    705.0    775.0   20.0     37.4   1192.3   1206.5   0.828
20260407035427     46    960.0    975.0   20.0     43.0   1220.2   1240.2   0.831
20260407035427     53     15.0     30.0   20.0     67.3   1013.9    922.7   0.768
20260407035427     53     70.0     85.0   20.0     50.4    921.9    924.2   0.662
20260407035427     53    140.0    155.0   20.0     76.3    925.6    923.4   0.817
20260407035427     53    915.0    930.0   20.0     33.1    912.1    964.1   0.889
20260407035427     58   1560.0   1590.0   20.0     46.7    927.4   1145.7   0.866
20260407035427     62     85.0    120.0   20.0     61.7    913.8   1121.4   0.910
20260407035427     62    450.0    470.0   20.0    215.6   1209.0    911.6   0.816
20260407035427     62   1505.0   1520.0   20.0     40.9    916.6    911.7   0.469
20260407035427     65    980.0    995.0   20.0    124.7    927.2   1125.0   0.898
20260407035427     80     65.0    125.0   20.0    111.7    894.0    896.4   0.809
20260407035427     83   1585.0   1615.0   20.0     38.2    885.0    893.2   0.752
20260407035427     84   1105.0   1120.0   20.0     42.2    886.3    883.7   0.653
20260407035427     87    710.0    735.0   19.1    172.7    948.9    884.1   0.782
20260407035427     89   1375.0   1390.0   20.0     33.5    988.6    987.8   0.776
20260407035427     94    530.0    560.0   20.0     47.3    895.3   1103.7   0.772
20260407035427     94    680.0    730.0   20.0     38.9   1112.1   1130.2   0.752
20260407035427     94    790.0    805.0   20.0     40.6   1150.3   1159.7   0.670
20260407035427     94   1235.0   1250.0   20.0     97.0   1179.6    893.1   0.909
20260407035427     95    365.0    380.0   20.0     97.7    888.4    890.5   0.727
20260407035427     98     90.0    115.0   20.0    157.6   1105.0    976.5   0.824
20260407035427     98    925.0    940.0   20.0     27.1   1036.4   1072.1   0.674
20260407035427     98   1210.0   1225.0   20.0     31.1   1109.9   1128.2   0.807
20260407035427    100     50.0     65.0   20.0    109.7    887.3   1057.6   0.826
20260407035427    100    115.0    135.0   20.0     42.8   1096.0   1097.3   0.792
20260407035427    100    190.0    210.0   20.0    122.1   1060.4    890.1   0.826
20260407035427    100    980.0    995.0   20.0     43.3    910.6    890.4   0.676
20260407035427    100   1330.0   1345.0   20.0     69.7    897.9    888.7   0.771
20260407035427    101     45.0     60.0   20.0     52.9    881.4    953.9   0.763
20260407035427    101    570.0    585.0   20.0     21.6    989.5    995.4   0.802
20260407035427    101   1165.0   1180.0   20.0     72.1   1023.4   1075.1   0.686
20260407035427    102   1150.0   1195.0   20.0     84.9    900.2    901.1   0.818
20260407035427    103    700.0    720.0   20.0    181.6    984.6   1214.8   0.708
20260407035427    103    980.0    990.0   20.0     23.7   1062.0   1078.9   0.554
20260407035427    103   1160.0   1175.0   20.0     43.9   1067.6   1066.4   0.688
20260407035427    105    485.0    505.0   20.0     36.9    979.2    979.3   0.810
20260407035427    108   1330.0   1345.0   18.4     28.2    877.6    876.8   0.592
20260407035427    112   1085.0   1100.0   20.0    135.3    891.5    891.2   0.819
20260407035427    118    500.0    515.0   20.0     56.6    894.9    895.3   0.738
20260407035427    119    215.0    240.0   20.0     46.6    889.5    890.7   0.754
20260407035427    120      5.0     20.0   20.0     25.0    896.5    980.3   0.753
20260407035427    120    165.0    185.0   20.0     85.7    987.5    899.7   0.833
20260407035427    120   1525.0   1540.0   20.0     25.0    904.1    897.3   0.551
20260407035427    121   1390.0   1410.0   20.0    258.1    895.3    900.2   0.812
20260407035427    126    230.0    245.0   20.0    128.7   1123.5    898.1   0.884
20260407035427    126   1510.0   1545.0   20.0     32.5    919.8    905.4   0.617
20260407035427    126   1595.0   1610.0   20.0     76.6    910.9    911.3   0.715
20260407035427    126   1720.0   1735.0   20.0     27.1    913.0    934.9   0.563
20260407035427    127   1110.0   1125.0   20.0     24.5    900.0    934.1   0.750
20260407035427    128   1375.0   1435.0   20.0     53.3    892.1    892.0   0.794
20260407035427    130   1295.0   1310.0   20.0     65.5    917.6    907.9   0.765
20260407035427    131    220.0    235.0   20.0     22.3   1090.0   1088.7   0.625
20260407035427    131    305.0    320.0   20.0     24.1   1117.2   1124.4   0.837
20260407035427    131   1575.0   1620.0   20.0     66.1    889.0    967.6   0.785
20260407035427    133   1045.0   1055.0   20.0     29.8    889.7    890.8   0.436
20260407035427    133   1505.0   1520.0   20.0     20.9    887.1    890.1   0.666
20260407035427    134    170.0    185.0   20.0     37.3   1255.9   1254.4   0.766
20260407035427    135    170.0    190.0   20.0     51.1    897.3    927.5   0.868
20260407035427    135    635.0    650.0   20.0    100.7    901.1    917.7   0.910
20260407035427    135   1150.0   1165.0   20.0     23.8    907.1    950.1   0.734
20260407035427    135   1275.0   1290.0   20.0     28.4    959.3   1026.1   0.841
20260407035427    135   1565.0   1580.0   20.0     25.9   1042.2   1090.5   0.795
20260407035427    138    205.0    220.0   20.0     66.0    896.1   1016.1   0.858
20260407035427    138   1095.0   1110.0   20.0     22.0   1010.7   1018.8   0.647
20260407035427    138   1395.0   1410.0   20.0     25.9   1055.5   1016.6   0.893
20260407035427    141    885.0    900.0   20.0     20.5   1046.4   1068.8   0.849
20260407035427    141   1295.0   1310.0   20.0     32.0   1075.5   1079.7   0.524
20260407035427    141   1430.0   1445.0   20.0    145.0   1074.2    893.7   0.792
20260407035427    142    390.0    405.0   20.0     74.1    898.6    897.5   0.792
20260407035427    143    935.0    980.0   20.0     93.5    900.6   1130.9   0.856
20260407035427    143   1210.0   1225.0   20.0     24.0   1169.6   1150.6   0.596
20260407035427    143   1275.0   1295.0   20.0     96.4   1162.1    905.3   0.902
20260407035427    144     10.0     25.0   20.0     83.1    901.8   1013.9   0.823
20260407035427    144    380.0    395.0   20.0     23.0   1032.6   1035.1   0.884
20260407035427    144   1015.0   1030.0   20.0     37.4   1057.6   1059.2   0.816
20260407035427    144   1185.0   1200.0   20.0     46.5   1047.7   1115.5   0.863
20260407035427    144   1335.0   1350.0   20.0     23.0   1116.0   1141.2   0.722
20260407035427    147    760.0    775.0   20.0     26.4    907.4    938.6   0.737
20260407035427    147    835.0    855.0   20.0     45.5    945.4    910.9   0.831
20260407035427    147   1220.0   1240.0   20.0    120.7    905.2    904.9   0.803
20260407035427    148   1150.0   1165.0   20.0     86.3    916.4    918.0   0.730
20260407035427    150      0.0    165.0   20.0     94.0      0.0   1513.9   0.932
20260407035427    150    200.0    630.0   20.0     89.2   1515.0   1511.8   0.929
20260407035427    150    665.0    865.0   20.0     86.2   1513.1   1508.1   0.916
20260407035427    150    905.0   1325.0   20.0     90.0   1511.0   1502.6   0.934
20260407035427    150   1360.0   1385.0   20.0     78.5   1510.0   1510.0   0.911
20260407035427    150   1430.0   1490.0   20.0     83.3   1513.8   1512.2   0.914
20260407035427    150   1550.0   1660.0   20.0     87.9   1511.6   1505.3   0.908
20260407035427    150   1695.0   1720.0   20.0     82.8   1506.4   1507.5   0.911
20260407035427    150   1765.0   1785.0   20.0     90.1   1508.8   1504.3   0.897
20260407035427    151    170.0    185.0   20.0     21.1    913.2   1012.7   0.873
20260407035427    151   1030.0   1045.0   20.0     39.1   1086.1   1089.9   0.790
20260407035427    151   1255.0   1270.0   20.0     27.4   1101.0   1130.9   0.722
20260407035427    151   1525.0   1540.0   20.0     33.4   1097.4   1121.7   0.709
20260407035427    151   1640.0   1655.0   20.0     22.4   1118.9   1132.4   0.684
20260407035427    154    175.0    190.0   20.0     47.5    917.6    981.8   0.833
20260407035427    154    250.0    265.0   20.0    229.7   1161.4    919.8   0.812
20260407035427    154   1080.0   1095.0   20.0     41.4    945.2    918.2   0.607
20260407035427    158     40.0     55.0   20.0     53.5    917.8    916.9   0.794
20260407035427    158   1375.0   1395.0   20.0     39.9    925.4    919.8   0.868
20260407035427    159    185.0    200.0   20.0     28.0    920.5    956.9   0.759
20260407035427    159    555.0    570.0   20.0     66.7    983.4   1053.8   0.840
20260407035427    159    615.0    630.0   20.0     28.0   1055.3   1020.2   0.878
20260407035427    160     40.0     75.0   20.0     50.8   1061.6   1128.9   0.668
20260407035427    161     30.0     45.0   20.0    108.4   1218.7    908.0   0.811
20260407035427    161   1345.0   1360.0   20.0     47.6    907.7    907.1   0.532
20260407035427    162   1480.0   1495.0   20.0     22.3    921.6    919.2   0.663
20260407035427    162   1545.0   1560.0   20.0     33.1    916.9    917.6   0.677
20260407035427    166      5.0   1255.0   20.0     49.1   1403.7   1470.7   0.920
20260407035427    166   1290.0   1785.0   20.0     40.3   1502.5   1442.2   0.925
20260407035427    168    185.0    200.0   20.0     36.5    936.9   1069.2   0.873
20260407035427    168    280.0    295.0   20.0     28.8   1104.5   1125.8   0.712
20260407035427    168    340.0    355.0   20.0     21.3   1142.4   1144.2   0.778
20260407035427    168    990.0   1005.0   20.0     33.1   1003.8    939.0   0.764
20260407035427    169    355.0    370.0   20.0     44.7    924.6    924.0   0.771
20260407035427    174     35.0     50.0   20.0     60.3    948.7   1018.2   0.762
20260407035427    175    140.0    155.0   20.0     58.8    944.3    945.1   0.809
20260407035427    175    715.0    730.0   20.0     44.8    948.1    948.1   0.655
20260407035427    175   1615.0   1630.0   20.0     34.0    944.1   1008.0   0.764
20260407035427    175   1685.0   1715.0   20.0    202.2   1068.4    941.6   0.838
20260407035427    177   1590.0   1605.0   20.0     27.6   1088.1   1098.8   0.519
20260407035427    181    220.0    235.0   20.0     34.0   1328.5   1344.1   0.649
20260407035427    183    110.0    125.0   20.0    124.8   1073.9    940.4   0.821
20260407035427    183   1610.0   1625.0   20.0    136.3    939.9   1259.9   0.916
20260407035427    184   1470.0   1500.0   20.0     84.6    955.6    955.0   0.758
20260407035427    185    815.0    845.0   20.0    125.5    961.8    960.6   0.832
20260407035427    187     80.0    100.0   20.0     57.5    959.7    957.9   0.787
20260407035427    187    995.0   1010.0   20.0     26.9    958.5    958.5   0.653
20260407035427    187   1485.0   1510.0   20.0    228.6    955.3    956.8   0.861
20260407035427    188    185.0    225.0   20.0     68.6    963.6    965.5   0.831
20260407035427    188   1200.0   1270.0   20.0    174.4    973.9    967.1   0.862
20260407035427    188   1750.0   1765.0   20.0     75.3    959.3   1163.2   0.884
20260407035427    189   1375.0   1390.0   20.0     36.6   1044.6   1043.3   0.771
20260407035427    190    175.0    190.0   20.0     91.4    953.9   1118.4   0.785
20260407035427    190    335.0    350.0   20.0     24.0   1147.8   1156.3   0.722
20260407035427    190   1265.0   1280.0   20.0     26.3   1206.0   1208.3   0.818
20260407035427    190   1770.0   1785.0   20.0     21.6   1212.6   1267.2   0.792
20260407035427    191     10.0     35.0   20.0     85.0    963.8   1162.1   0.805
20260407035427    194    395.0    410.0   20.0     22.7   1064.7   1066.5   0.786
20260407035427    194   1170.0   1185.0   20.0     22.9   1116.0   1130.4   0.789
20260407035427    194   1320.0   1335.0   20.0     26.6   1199.5   1255.0   0.547
20260407035427    194   1470.0   1510.0   20.0     37.6   1278.4   1080.3   0.844
20260407035427    197   1415.0   1430.0   20.0     22.7    992.7    984.9   0.674
20260407035427    199   1365.0   1380.0   20.0     22.9    976.2    979.8   0.879
20260407035427    200    525.0    540.0   20.0     54.9    986.4    984.8   0.795
20260407035427    200    985.0   1015.0   20.0     52.1   1025.2   1130.1   0.730
20260407035427    200   1245.0   1260.0   20.0     33.3   1238.1   1143.1   0.639
20260407035427    200   1430.0   1445.0   20.0     22.2   1118.0   1166.4   0.763
20260407035427    200   1660.0   1675.0   20.0     22.2   1253.0   1233.6   0.750
20260407035427    201    400.0    480.0   20.0     35.4    983.1   1332.5   0.795
20260407035427    201    520.0    535.0   20.0     20.5   1282.0   1275.6   0.660
20260407035427    201    900.0    915.0   20.0     20.3   1319.7   1344.6   0.722
20260407035427    202    750.0    765.0   20.0     58.8    990.2    990.3   0.814
20260407035427    202    910.0    930.0   20.0     77.2    986.3    986.8   0.830
20260407035427    203    260.0    275.0   20.0     29.1   1270.9   1334.0   0.804
20260407035427    204    120.0    135.0   20.0     87.2   1032.7   1125.5   0.790
20260407035427    204   1430.0   1445.0   20.0     66.1   1157.4   1177.1   0.829
20260407035427    205    105.0    120.0   20.0     35.1    995.6   1051.8   0.735
20260407035427    205   1015.0   1030.0   20.0     24.4   1088.2   1098.2   0.725
20260407035427    206   1355.0   1370.0   20.0     45.4   1066.0   1116.6   0.880
20260407035427    207   1005.0   1090.0   20.0    110.9    975.6   1122.0   0.913
20260407035427    207   1305.0   1325.0   20.0    132.3   1141.1    971.7   0.900
20260407035427    207   1495.0   1510.0   20.0     23.5    996.6   1004.8   0.831
20260407035427    208    220.0    235.0   20.0     23.3   1241.3   1274.8   0.839
20260407035427    208    465.0    510.0   20.0    100.8   1314.6   1103.7   0.929
20260407035427    208   1005.0   1035.0   20.0     24.2   1199.5   1202.3   0.651
20260407035427    208   1185.0   1200.0   20.0     42.4   1226.8   1306.0   0.822
20260407035427    211    580.0    595.0   20.0     43.5   1001.0   1052.2   0.738
20260407035427    211   1615.0   1630.0   20.0     99.2   1172.4    999.1   0.911
20260407035427    217    610.0    630.0   20.0     83.8   1159.4   1061.9   0.817
20260407035427    219    215.0    280.0   20.0    159.4   1059.6   1344.6   0.885
20260407035427    219    315.0    330.0   20.0     21.1   1337.2   1353.0   0.661
20260407035427    219    770.0    780.0   20.0     72.8   1513.3   1517.3   0.509
20260407035427    219    980.0    995.0   20.0    258.3   1468.7   1573.2   0.661
20260407035427    219   1465.0   1480.0   20.0     27.3   1568.1   1563.4   0.685
20260407035427    227   1160.0   1175.0   20.0     89.2   1046.3   1045.1   0.814
20260407035427    227   1495.0   1510.0   20.0     25.5   1046.3   1043.4   0.702
20260407035427    227   1650.0   1670.0   20.0     85.4   1049.4   1280.8   0.889
20260407035427    228      5.0     80.0   20.0    224.8   1049.0   1048.9   0.850
20260407035427    228    780.0    805.0   20.0    171.6   1047.7   1047.8   0.843
20260407035427    229   1170.0   1210.0   20.0    190.5   1046.6   1099.6   0.932
20260407035427    232    855.0    880.0   20.0    186.3   1046.3   1048.2   0.890
20260407035427    234   1775.0   1795.0   20.0    170.8   1131.9   1131.3   0.768
20260407035427    235   1065.0   1080.0   20.0     22.1   1040.9   1040.2   0.446
20260407035427    236    665.0    680.0   20.0     22.6   1063.2   1064.7   0.702
20260407035427    236   1600.0   1625.0   20.0    199.7   1062.3   1316.6   0.891
20260407035427    237    175.0    190.0   20.0     22.8   1117.3   1140.3   0.805
20260407035427    237    235.0    250.0   20.0     40.9   1150.1   1125.2   0.751
20260407035427    238    240.0    255.0   20.0     86.6   1097.1   1094.4   0.830
20260407035427    238   1525.0   1555.0   20.0    178.1   1041.7   1347.5   0.870
20260407035427    241      0.0     20.0   20.0     38.1      0.0   1804.0   0.878
20260407035427    241     55.0     75.0   20.0    125.4   1793.8   1782.1   0.892
20260407035427    241    140.0    170.0   20.0    151.7   1789.6   1781.1   0.877
20260407035427    241    215.0    280.0   20.0    136.8   1776.3   1788.9   0.920
20260407035427    241    515.0    535.0   20.0    156.6   1779.7   1789.2   0.843
20260407035427    241    670.0    690.0   20.0    120.3   1773.0   1787.0   0.903
20260407035427    241    870.0    890.0   20.0    109.0   1771.7   1771.9   0.874
20260407035427    241   1240.0   1255.0   20.0    159.9   1766.3   1763.6   0.846
20260407035427    245    120.0    245.0   20.0     55.3   1096.5   1401.6   0.861
20260407035427    245    295.0    310.0   20.0     22.4   1419.4   1460.4   0.784
20260407035427    245    380.0    395.0   20.0     36.4   1521.3   1543.5   0.706
20260407035427    245    745.0    760.0   20.0    159.2   1595.6   1102.4   0.936
20260407035427    246    220.0    235.0   20.0     36.4   1091.9   1140.3   0.766
20260407035427    246    355.0    410.0   20.0     51.6   1184.1   1159.6   0.827
20260407035427    246    515.0    560.0   20.0     24.5   1225.0   1266.0   0.555
20260407035427    246    685.0    700.0   20.0     34.1   1278.1   1324.7   0.700
20260407035427    246    900.0    915.0   20.0     20.8   1321.5   1360.1   0.590
20260407035427    246   1200.0   1215.0   20.0     48.6   1348.6   1354.3   0.797
20260407035427    251    330.0    350.0   20.0     89.6   1108.5   1108.3   0.814
20260407035427    251   1035.0   1045.0   20.0     24.9   1111.0   1135.4   0.482
20260407035427    251   1610.0   1625.0   20.0     70.2   1098.2   1098.3   0.763
20260407035427    252   1495.0   1510.0   20.0     39.0   1305.8   1269.2   0.718
20260407035427    253    275.0    290.0   20.0     34.5   1861.9   1809.5   0.916
20260407035427    253    345.0    360.0   20.0    139.5   1752.2   1831.0   0.794
20260407035427    254    110.0    120.0   20.0     20.1   1423.1   1429.5   0.609
20260407035427    254    165.0    190.0   20.0     28.3   1444.3   1427.5   0.713
20260407035427    254    270.0    285.0   20.0     34.4   1419.4   1411.5   0.809
20260407035427    254    745.0    760.0   20.0     39.9   1480.6   1494.3   0.901
20260407035427    254   1160.0   1175.0   20.0     29.7   1522.5   1515.9   0.821
20260407035427    254   1325.0   1340.0   20.0     20.6   1524.9   1527.4   0.812
20260407035427    254   1615.0   1630.0   20.0     20.4   1530.5   1552.8   0.866
20260407042747      1   1105.0   1120.0   20.0     73.1    987.2   1104.5   0.862
20260407042747      2    930.0    965.0   20.0     69.1   1047.2   1046.0   0.852
20260407042747      2   1200.0   1215.0   20.0     52.0   1046.8   1047.8   0.788
20260407042747      2   1465.0   1485.0   20.0     42.4   1047.9   1044.3   0.798
20260407042747      2   1790.0   1800.0   20.0     35.7   1044.3   1041.2   0.548
20260407042747      4    690.0    775.0   20.0     56.4   1006.0   1182.8   0.776
20260407042747      4    975.0    995.0   20.0    165.2   1184.9   1002.4   0.805
20260407042747      6    385.0    445.0   20.0     23.7   1164.2   1203.1   0.634
20260407042747      6    545.0    560.0   20.0     24.1   1210.2   1230.9   0.695
20260407042747     12    545.0    560.0   20.0     31.9    983.6   1020.2   0.731
20260407042747     13     55.0     70.0   20.0     29.4    960.6   1028.0   0.860
20260407042747     18    295.0    310.0   20.0     70.1    982.3    982.6   0.730
20260407042747     18   1200.0   1220.0   20.0     41.9    981.0    994.4   0.502
20260407042747     18   1785.0   1800.0   20.0     24.6    981.6    981.9   0.671
20260407042747     27   1415.0   1430.0   20.0     29.6    978.3    982.1   0.765
20260407042747     29     10.0     25.0   20.0     34.0    934.8    969.9   0.741
20260407042747     29    885.0    900.0   20.0     27.1   1068.4   1063.8   0.785
20260407042747     30    150.0    190.0   20.0     42.5    953.6   1061.2   0.739
20260407042747     30    440.0    455.0   20.0     92.1   1100.2    962.4   0.887
20260407042747     30   1070.0   1085.0   20.0     44.5    948.2    948.8   0.721
20260407042747     30   1340.0   1355.0   20.0     29.0    949.2   1009.6   0.747
20260407042747     30   1390.0   1405.0   20.0     64.6   1017.5   1077.2   0.802
20260407042747     31   1240.0   1255.0   20.0     66.2    982.8    982.4   0.796
20260407042747     33   1125.0   1160.0   20.0     50.6    944.8    941.2   0.756
20260407042747     34    740.0    760.0   20.0     73.8    959.6    960.2   0.801
20260407042747     34    935.0    950.0   20.0     44.9    957.5   1038.4   0.877
20260407042747     34   1325.0   1340.0   20.0     21.7   1240.9   1258.8   0.779
20260407042747     34   1430.0   1445.0   20.0     27.0   1257.6   1292.7   0.735
20260407042747     36    125.0    140.0   20.0     57.2    960.1   1100.4   0.847
20260407042747     36    400.0    415.0   20.0     79.7   1132.5   1133.3   0.771
20260407042747     36    560.0    595.0   20.0     28.6   1142.1   1136.8   0.667
20260407042747     36    680.0    695.0   20.0     73.3   1152.0   1170.1   0.781
20260407042747     36   1110.0   1125.0   20.0     33.2   1200.2   1220.4   0.587
20260407042747     37    605.0    620.0   20.0     44.3    934.4    934.4   0.818
20260407042747     38     20.0     35.0   20.0     44.1    951.9    953.9   0.631
20260407042747     38   1155.0   1225.0   20.0     94.8    949.7   1118.1   0.780
20260407042747     38   1260.0   1340.0   20.0    236.1   1132.6    949.7   0.870
20260407042747     38   1485.0   1500.0   20.0     41.7    947.1   1056.0   0.758
20260407042747     39    785.0    800.0   20.0     20.7   1194.1   1206.2   0.775
20260407042747     49   1685.0   1705.0   20.0     32.8    992.6    992.9   0.787
20260407042747     53    185.0    205.0   20.0     29.6   1106.3    946.0   0.860
20260407042747     58    790.0    805.0   20.0     24.7   1132.5   1130.0   0.686
20260407042747     62   1100.0   1115.0   20.0    212.7    911.6   1289.0   0.872
20260407042747     63   1070.0   1085.0   20.0     80.9    950.7    951.2   0.676
20260407042747     75   1470.0   1485.0   20.0     21.6   1142.5   1141.3   0.650
20260407042747     83    150.0    165.0   20.0     28.1    878.5    923.7   0.814
20260407042747     84    255.0    325.0   20.0    193.8    887.4    888.2   0.888
20260407042747     84   1145.0   1160.0   20.0     79.9    925.4    886.6   0.728
20260407042747     91   1545.0   1560.0   20.0     55.5   1285.4   1335.7   0.810
20260407042747     93    655.0    670.0   20.0     48.7    897.8    897.7   0.728
20260407042747     93   1305.0   1320.0   20.0     74.3    902.0   1211.7   0.742
20260407042747     94    115.0    130.0   20.0     57.7    895.8    896.1   0.799
20260407042747     95      0.0     70.0   20.0     53.1      0.0    887.0   0.828
20260407042747     95    390.0    410.0   20.0    122.7   1145.7    888.4   0.868
20260407042747     98    615.0    630.0   20.0    106.5   1110.7    898.2   0.853
20260407042747     99     10.0     25.0   20.0     21.5   1087.8   1086.4   0.777
20260407042747    100     50.0     65.0   20.0     75.9    888.7   1063.0   0.840
20260407042747    100    120.0    160.0   20.0    163.4   1112.7    890.3   0.887
20260407042747    100   1215.0   1240.0   20.0     80.9    894.4    890.8   0.822
20260407042747    101     35.0     50.0   20.0     31.9    885.8    937.4   0.734
20260407042747    101    160.0    175.0   20.0     21.4    947.5    973.5   0.769
20260407042747    102   1305.0   1320.0   20.0     72.6    926.9    903.2   0.782
20260407042747    102   1565.0   1580.0   20.0     90.8    895.2    895.5   0.765
20260407042747    103     75.0     90.0   20.0     21.4    893.6    926.4   0.783
20260407042747    103    830.0    845.0   20.0     78.1    978.1   1094.4   0.750
20260407042747    105    150.0    165.0   20.0     31.2    976.8    976.5   0.748
20260407042747    105   1285.0   1305.0   20.0     41.4    971.5    972.7   0.834
20260407042747    106     35.0     50.0   20.0    140.6    956.0    889.0   0.865
20260407042747    106   1625.0   1645.0   20.0     61.2    894.6    890.7   0.764
20260407042747    110   1155.0   1170.0   20.0     37.2   1001.5    973.6   0.765
20260407042747    112    975.0    990.0   20.0     46.4    895.8    896.8   0.760
20260407042747    113    305.0    325.0   20.0     58.6    888.6    890.4   0.759
20260407042747    113   1780.0   1800.0   20.0     39.1    890.1   1044.9   0.849
20260407042747    118    455.0    470.0   20.0     62.1    896.7    897.0   0.742
20260407042747    119   1580.0   1595.0   20.0     21.0    891.6    896.6   0.602
20260407042747    120    185.0    200.0   20.0     47.9    898.7    899.3   0.714
20260407042747    120   1195.0   1210.0   20.0    100.2    898.6    899.3   0.745
20260407042747    121   1755.0   1765.0   20.0     20.8    906.2    903.9   0.492
20260407042747    125   1170.0   1185.0   20.0     53.7    898.5    890.3   0.471
20260407042747    125   1460.0   1480.0   20.0    103.4    891.3    888.4   0.829
20260407042747    126    830.0    850.0   20.0     59.1    905.6    905.5   0.833
20260407042747    127    640.0    660.0   20.0    124.7    922.2    902.1   0.816
20260407042747    127   1230.0   1245.0   20.0     60.2    902.4   1029.2   0.842
20260407042747    128    200.0    225.0   20.0    170.0    892.3    892.3   0.838
20260407042747    128    520.0    535.0   20.0     54.3    898.0    896.4   0.725
20260407042747    129    460.0    475.0   20.0     30.7    962.4    962.0   0.691
20260407042747    129   1640.0   1655.0   20.0     46.5    958.9    958.4   0.824
20260407042747    130    380.0    395.0   20.0     94.9    908.8   1075.0   0.823
20260407042747    131   1120.0   1160.0   20.0    103.7    897.6    896.3   0.806
20260407042747    133    555.0    570.0   20.0     32.2    893.4    965.3   0.815
20260407042747    133    925.0    940.0   20.0     28.5   1018.6   1086.1   0.759
20260407042747    133    980.0    995.0   20.0    112.3   1083.3    888.8   0.848
20260407042747    133   1365.0   1380.0   20.0     40.1    892.0    890.4   0.793
20260407042747    133   1735.0   1750.0   20.0     20.8    889.1    894.1   0.583
20260407042747    134      0.0     10.0   20.0     22.5      0.0   1242.1   0.755
20260407042747    134   1280.0   1295.0   20.0     21.7   1259.6   1254.1   0.676
20260407042747    135    110.0    125.0   20.0    210.2   1184.0    897.3   0.808
20260407042747    135   1020.0   1035.0   20.0     65.4    901.9    898.9   0.721
20260407042747    138   1250.0   1265.0   20.0     44.1    897.0    977.9   0.756
20260407042747    138   1595.0   1610.0   20.0     35.2   1031.6   1122.3   0.879
20260407042747    139    830.0    850.0   20.0    148.1    906.2    907.0   0.842
20260407042747    139   1315.0   1330.0   20.0     36.8    908.5    919.6   0.692
20260407042747    139   1755.0   1770.0   20.0     30.1    918.0    923.2   0.554
20260407042747    141   1285.0   1300.0   20.0     37.3    900.5    903.2   0.711
20260407042747    141   1340.0   1355.0   20.0     23.6    910.0    913.3   0.641
20260407042747    141   1685.0   1700.0   20.0     56.7    902.8   1047.0   0.784
20260407042747    142    545.0    570.0   20.0     59.8    900.2    899.2   0.770
20260407042747    142   1005.0   1030.0   20.0     67.5    895.2    896.7   0.795
20260407042747    142   1355.0   1375.0   20.0     54.7    897.3    897.2   0.763
20260407042747    144     85.0    100.0   20.0     45.2    902.1   1039.2   0.759
20260407042747    145    520.0    535.0   20.0     80.3    936.0    937.3   0.747
20260407042747    145    935.0    960.0   20.0    103.1    940.6    933.6   0.860
20260407042747    145   1150.0   1195.0   20.0     87.3    935.9    936.4   0.852
20260407042747    147     80.0     95.0   20.0     29.6    938.9    903.5   0.757
20260407042747    148   1375.0   1390.0   20.0     62.1    922.1   1108.1   0.895
20260407042747    156    275.0    330.0   20.0     55.7    969.5    968.3   0.870
20260407042747    156    880.0    895.0   20.0     51.6    966.5    965.9   0.822
20260407042747    159     75.0    145.0   20.0    107.5    921.6    921.3   0.805
20260407042747    159    380.0    395.0   20.0     51.6    927.8   1146.6   0.815
20260407042747    159    485.0    500.0   20.0     39.9   1194.7   1214.6   0.635
20260407042747    159    730.0    745.0   20.0     43.9   1242.3   1246.6   0.556
20260407042747    160   1280.0   1295.0   20.0     36.2   1226.9   1255.4   0.843
20260407042747    161   1135.0   1155.0   20.0     81.6    908.8    909.4   0.774
20260407042747    162    385.0    400.0   20.0     25.1    918.2    983.1   0.795
20260407042747    162    785.0    800.0   20.0     21.8   1078.3   1068.3   0.741
20260407042747    162    905.0    920.0   20.0     35.2   1080.6   1086.5   0.792
20260407042747    162   1500.0   1515.0   20.0     51.9   1114.4   1129.9   0.840
20260407042747    166      5.0    110.0   20.0     32.7   1447.9   1462.8   0.905
20260407042747    166    175.0    305.0   20.0     39.9   1487.1   1472.8   0.900
20260407042747    171    535.0    550.0   20.0     59.4   1600.9   1636.9   0.784
20260407042747    171    995.0   1010.0   20.0     46.3   1601.7   1628.4   0.772
20260407042747    171   1640.0   1655.0   20.0     56.1   1595.3   1627.4   0.753
20260407042747    174   1780.0   1800.0   20.0    173.3    951.6    964.4   0.784
20260407042747    175   1420.0   1440.0   20.0     71.5    960.3   1193.3   0.894
20260407042747    175   1550.0   1565.0   20.0     20.8   1192.0   1214.0   0.734
20260407042747    179     65.0     80.0   20.0     61.4    945.0   1082.4   0.814
20260407042747    179    275.0    290.0   20.0     21.2   1120.1   1127.5   0.546
20260407042747    184   1675.0   1690.0   20.0     34.3    958.2    955.6   0.530
20260407042747    186   1750.0   1765.0   20.0     20.6    974.4    954.5   0.679
20260407042747    187   1765.0   1780.0   20.0     99.7    959.3   1178.9   0.848
20260407042747    188    140.0    155.0   20.0     61.0    962.2   1091.1   0.756
20260407042747    188    250.0    265.0   20.0     41.3   1149.6   1203.8   0.825
20260407042747    188    825.0    840.0   20.0     24.4   1279.3   1297.8   0.701
20260407042747    188   1215.0   1230.0   20.0     31.5   1264.9   1277.6   0.756
20260407042747    188   1485.0   1550.0   20.0     91.9   1249.5    960.2   0.857
20260407042747    190     15.0     40.0   20.0     78.8   1181.9   1128.2   0.883
20260407042747    194   1225.0   1240.0   20.0     36.2   1016.0   1013.6   0.604
20260407042747    196     45.0     85.0   20.0     76.7   1161.6   1157.0   0.904
20260407042747    197   1180.0   1220.0   20.0     31.6    976.3   1159.8   0.664
20260407042747    197   1270.0   1285.0   20.0    137.3   1173.3    981.6   0.808
20260407042747    199   1070.0   1090.0   20.0    122.7    977.2    999.5   0.871
20260407042747    200      0.0     55.0   20.0    136.2      0.0   1257.9   0.858
20260407042747    200    185.0    205.0   20.0    163.6   1395.3    991.1   0.905
20260407042747    200   1755.0   1790.0   20.0    115.7    980.7   1146.8   0.770
20260407042747    201    225.0    245.0   20.0     87.9    983.5   1237.5   0.872
20260407042747    201    720.0    735.0   20.0     28.9   1253.2   1287.2   0.830
20260407042747    201   1305.0   1355.0   20.0     39.6   1323.0   1336.7   0.744
20260407042747    205    710.0    730.0   20.0    117.9    997.1   1212.4   0.838
20260407042747    206   1135.0   1150.0   20.0     23.3   1335.1   1342.9   0.489
20260407042747    206   1195.0   1205.0   20.0     21.0   1335.9   1339.0   0.524
20260407042747    207    415.0    430.0   20.0     32.4    971.9   1038.8   0.753
20260407042747    208    340.0    355.0   20.0    194.4   1317.9    990.1   0.848
20260407042747    208    475.0    490.0   20.0     27.5    992.9   1063.5   0.786
20260407042747    208   1090.0   1100.0   20.0     25.5   1204.7   1217.0   0.541
20260407042747    208   1355.0   1390.0   20.0     31.3   1229.3   1249.3   0.578
20260407042747    210    710.0    725.0   20.0     47.7   1012.4   1012.1   0.625
20260407042747    211     45.0     75.0   20.0    169.4   1000.3   1000.8   0.837
20260407042747    211    325.0    345.0   20.0    158.6    997.7    998.5   0.854
20260407042747    217    980.0    995.0   20.0     30.0   1054.8   1077.2   0.825
20260407042747    219      5.0     70.0   20.0    134.2   1029.5   1543.9   0.755
20260407042747    225      0.0     10.0   20.0    115.6      0.0   1011.9   0.843
20260407042747    228    930.0    945.0   20.0     29.7   1044.5   1103.4   0.827
20260407042747    228   1410.0   1425.0   20.0    119.6   1149.0   1043.8   0.745
20260407042747    229    155.0    185.0   20.0     71.7   1043.9   1053.2   0.815
20260407042747    229    700.0    760.0   20.0     76.3   1079.0   1060.2   0.944
20260407042747    232     20.0     35.0   20.0     27.1   1052.8   1054.0   0.686
20260407042747    232   1525.0   1540.0   20.0     33.4   1042.8   1041.9   0.789
20260407042747    234    115.0    130.0   20.0     61.9   1214.7   1144.3   0.804
20260407042747    234    355.0    370.0   20.0     44.4   1140.7   1143.0   0.805
20260407042747    235    495.0    515.0   20.0     89.7   1038.6   1040.4   0.789
20260407042747    235    605.0    625.0   20.0    264.2   1043.1   1041.4   0.816
20260407042747    235    675.0    695.0   20.0    104.7   1042.5   1042.7   0.798
20260407042747    235   1345.0   1375.0   20.0    115.9   1036.9   1036.4   0.789
20260407042747    236    355.0    375.0   20.0    181.5   1064.1   1064.1   0.827
20260407042747    236    855.0    870.0   20.0    107.0   1067.1   1250.4   0.801
20260407042747    237    105.0    120.0   20.0     21.2   1048.1   1082.9   0.736
20260407042747    237    445.0    460.0   20.0     20.0   1102.4   1139.3   0.822
20260407042747    237   1170.0   1185.0   20.0     27.9   1186.9   1207.2   0.840
20260407042747    238   1085.0   1105.0   20.0     95.9   1054.6   1066.3   0.912
20260407042747    240    145.0    160.0   20.0     23.8   1637.0   1635.0   0.776
20260407042747    241      0.0     15.0   20.0     35.5      0.0   1790.3   0.781
20260407042747    241    470.0    485.0   20.0    147.9   1755.0   1757.0   0.873
20260407042747    241    670.0    690.0   20.0    154.1   1751.4   1760.2   0.902
20260407042747    241    925.0    945.0   20.0    138.8   1750.7   1755.5   0.888
20260407042747    241   1075.0   1095.0   20.0    134.8   1750.9   1752.9   0.897
20260407042747    241   1130.0   1145.0   20.0     29.3   1751.6   1775.2   0.864
20260407042747    241   1355.0   1375.0   20.0    160.9   1750.1   1754.5   0.848
20260407042747    241   1700.0   1720.0   20.0    155.9   1739.1   1755.1   0.869
20260407042747    246    480.0    535.0   20.0     97.8   1089.3   1314.7   0.783
20260407042747    246    575.0    620.0   20.0     34.4   1327.7   1340.2   0.701
20260407042747    246    790.0    805.0   20.0     24.7   1400.6   1412.9   0.743
20260407042747    246   1580.0   1600.0   20.0    106.7   1359.2   1090.6   0.877
20260407042747    247   1025.0   1040.0   20.0    152.5   1100.8   1332.5   0.849
20260407042747    247   1165.0   1180.0   20.0     21.3   1357.4   1373.4   0.850
20260407042747    247   1415.0   1430.0   20.0     21.9   1390.9   1400.7   0.687
20260407042747    251   1680.0   1695.0   20.0     23.1   1104.2   1101.0   0.501
20260407042747    254    100.0    115.0   20.0     58.5   1129.8   1151.5   0.630
20260407042747    254    335.0    410.0   20.0     28.2   1199.2   1288.2   0.613
20260407050109      1    235.0    250.0   20.0     27.3   1116.6   1128.8   0.695
20260407050109      1    465.0    480.0   20.0     22.6   1125.4   1176.7   0.709
20260407050109      4   1100.0   1115.0   20.0     40.9   1013.3   1009.2   0.752
20260407050109      4   1495.0   1510.0   20.0     32.1   1007.1   1009.6   0.601
20260407050109      4   1650.0   1665.0   20.0     34.1   1011.0   1007.5   0.594
20260407050109     12   1675.0   1690.0   20.0     23.8    996.9    989.6   0.676
20260407050109     13     85.0    100.0   20.0     21.3   1069.9   1073.7   0.466
20260407050109     18   1630.0   1645.0   20.0     44.3    984.2    982.8   0.623
20260407050109     18   1705.0   1745.0   20.0     89.1    999.8    996.8   0.692
20260407050109     20   1680.0   1695.0   20.0     40.9   1116.8   1213.4   0.846
20260407050109     22   1560.0   1575.0   20.0     78.3    999.1   1180.2   0.837
20260407050109     27    840.0    855.0   20.0     41.5    983.0    982.1   0.796
20260407050109     28    600.0    635.0   20.0    117.2    951.0    951.9   0.865
20260407050109     28   1695.0   1730.0   20.0    277.4    950.8   1290.2   0.825
20260407050109     29     60.0     75.0   20.0    109.9   1085.2   1179.4   0.782
20260407050109     29    430.0    445.0   20.0     39.2   1160.2   1194.2   0.712
20260407050109     30    205.0    220.0   20.0     35.0    958.4   1019.0   0.835
20260407050109     30    285.0    300.0   20.0     35.0   1135.0   1179.3   0.718
20260407050109     30    545.0    560.0   20.0     34.2   1191.7   1244.1   0.818
20260407050109     33    410.0    450.0   20.0     54.3    948.3   1004.0   0.826
20260407050109     33   1170.0   1190.0   20.0     71.5    942.0    941.9   0.759
20260407050109     33   1750.0   1765.0   20.0     28.6    952.0   1073.5   0.838
20260407050109     36     25.0     45.0   20.0     89.4    950.4   1229.2   0.800
20260407050109     36     90.0    100.0   20.0     23.2   1254.6   1259.0   0.410
20260407050109     36    865.0    885.0   20.0     34.6   1319.7   1330.5   0.768
20260407050109     37   1005.0   1060.0   20.0     77.3    935.6   1091.7   0.767
20260407050109     38    200.0    305.0   20.0    191.2   1119.9    958.8   0.872
20260407050109     38    645.0    660.0   20.0     40.7    953.4    954.0   0.691
20260407050109     38   1690.0   1735.0   20.0     76.4    966.8   1157.3   0.842
20260407050109     39      0.0     15.0   20.0     25.2      0.0   1223.6   0.792
20260407050109     44   1600.0   1650.0   20.0     44.3    950.7    949.2   0.797
20260407050109     46      0.0     15.0   20.0    133.1      0.0   1420.6   0.887
20260407050109     51   1655.0   1675.0   20.0     69.2    920.8    922.8   0.781
20260407050109     53    790.0    805.0   20.0     89.8   1153.5    927.8   0.889
20260407050109     53   1540.0   1555.0   20.0     58.1    916.2    923.5   0.580
20260407050109     53   1650.0   1665.0   20.0     70.4    911.5   1194.1   0.795
20260407050109     54     15.0     45.0   20.0     96.6    905.9    906.2   0.827
20260407050109     58    775.0    785.0   20.0     20.4   1051.1   1130.9   0.691
20260407050109     58   1155.0   1170.0   20.0     57.3   1133.1   1134.6   0.782
20260407050109     58   1695.0   1725.0   20.0     30.6   1173.0   1201.0   0.761
20260407050109     61     60.0     80.0   20.0     89.1   1512.7   1579.3   0.882
20260407050109     62    930.0    965.0   20.0    110.8    916.0    918.4   0.773
20260407050109     62   1025.0   1040.0   20.0     65.0    922.5    981.9   0.787
20260407050109     62   1345.0   1360.0   20.0     65.7    998.1    917.1   0.746
20260407050109     65    535.0    550.0   20.0     99.3    912.1   1093.8   0.761
20260407050109     65    595.0    635.0   20.0     29.7   1110.4   1106.6   0.610
20260407050109     65    720.0    735.0   20.0     28.1   1109.1   1132.8   0.678
20260407050109     65    780.0    795.0   20.0     39.6   1139.6   1180.2   0.555
20260407050109     65   1000.0   1015.0   20.0    103.5   1183.5   1282.5   0.744
20260407050109     66   1325.0   1340.0   20.0     25.1   1394.4   1390.2   0.793
20260407050109     72    160.0    175.0   20.0     55.4    962.0    963.0   0.761
20260407050109     72   1715.0   1735.0   20.0     74.5    954.9    956.8   0.759
20260407050109     82    265.0    285.0   20.0     34.2    968.0   1012.8   0.812
20260407050109     83   1025.0   1040.0   20.0     34.6    887.6    890.1   0.622
20260407050109     84    175.0    190.0   20.0     46.7    888.8    888.6   0.787
20260407050109     85    110.0    140.0   20.0    130.5    917.7    919.8   0.782
20260407050109     87    100.0    115.0   20.0     57.8    886.8    888.3   0.784
20260407050109     94    385.0    400.0   20.0     36.3    901.8    963.9   0.781
20260407050109     94    515.0    535.0   20.0     89.2    971.1    899.9   0.843
20260407050109     94   1000.0   1015.0   20.0     22.5    901.1    900.9   0.544
20260407050109     96    240.0    255.0   20.0     23.0    965.1    991.2   0.848
20260407050109     96    370.0    385.0   20.0     58.0    998.6    961.3   0.775
20260407050109     98     80.0     95.0   20.0     54.5    903.4    901.5   0.758
20260407050109     98    805.0    820.0   20.0     31.5    901.7    901.1   0.652
20260407050109     98    985.0   1000.0   20.0     21.8    900.6    925.0   0.742
20260407050109    100    160.0    180.0   20.0     30.4    895.7   1027.7   0.857
20260407050109    102    295.0    310.0   20.0     37.2    944.8    899.1   0.758
20260407050109    102    520.0    535.0   20.0     37.8    903.8    897.4   0.767
20260407050109    102    960.0    975.0   20.0     21.5    895.5    905.5   0.508
20260407050109    102   1610.0   1625.0   20.0     50.9    906.0    906.2   0.771
20260407050109    103    200.0    215.0   20.0     38.0    897.4    896.8   0.795
20260407050109    103    470.0    485.0   20.0     56.9    900.3    978.5   0.757
20260407050109    103    780.0    795.0   20.0     20.4   1016.5   1042.1   0.771
20260407050109    103    885.0    905.0   20.0     36.3   1098.6   1161.5   0.849
20260407050109    103   1590.0   1605.0   20.0     47.8    955.1    896.5   0.800
20260407050109    106   1620.0   1635.0   20.0     33.2    895.5    893.9   0.772
20260407050109    108   1020.0   1035.0   20.0     26.1    888.2    884.3   0.534
20260407050109    108   1385.0   1405.0   20.0     27.7   1000.5   1054.9   0.557
20260407050109    108   1465.0   1485.0   20.0     66.1   1080.3    891.1   0.859
20260407050109    108   1650.0   1665.0   20.0     20.5    888.5    912.0   0.476
20260407050109    112     40.0     60.0   20.0    148.6    895.0    895.2   0.785
20260407050109    112   1005.0   1050.0   20.0    104.0    893.3   1068.1   0.701
20260407050109    113   1245.0   1260.0   20.0     88.4    891.6    891.0   0.761
20260407050109    118    405.0    430.0   20.0     46.7    901.7    902.5   0.827
20260407050109    118   1015.0   1035.0   20.0     41.2    901.3    952.8   0.783
20260407050109    119    325.0    340.0   20.0     42.0    896.8    897.3   0.736
20260407050109    120   1105.0   1120.0   20.0    100.0    898.5    899.0   0.791
20260407050109    120   1195.0   1210.0   20.0     29.0    897.3    944.1   0.756
20260407050109    120   1545.0   1560.0   20.0     21.1    977.6   1005.6   0.792
20260407050109    121    940.0    980.0   20.0     60.7    901.5    900.8   0.752
20260407050109    126     50.0     65.0   20.0     61.4    900.4   1031.6   0.769
20260407050109    126    140.0    155.0   20.0    284.7   1131.3    900.8   0.790
20260407050109    126   1295.0   1310.0   20.0     47.6    901.7    901.1   0.620
20260407050109    126   1630.0   1650.0   20.0     32.3    902.8    903.1   0.601
20260407050109    126   1785.0   1800.0   20.0     49.5    907.4   1092.9   0.874
20260407050109    127    335.0    350.0   20.0    179.4    908.6    904.4   0.717
20260407050109    128   1075.0   1090.0   20.0     24.0    902.0    905.9   0.628
20260407050109    128   1555.0   1570.0   20.0     26.5    901.3    989.7   0.562
20260407050109    129    655.0    670.0   20.0     22.5    964.7   1003.6   0.769
20260407050109    129   1295.0   1310.0   20.0     76.7   1051.1    956.2   0.833
20260407050109    131    255.0    270.0   20.0     79.9    896.7    899.7   0.730
20260407050109    131    410.0    425.0   20.0     44.4    898.5    903.2   0.698
20260407050109    133   1465.0   1505.0   20.0     73.8    891.0   1260.3   0.885
20260407050109    135    790.0    805.0   20.0     37.5    906.7    906.6   0.746
20260407050109    135   1115.0   1130.0   20.0     38.4    902.9    915.4   0.709
20260407050109    135   1530.0   1545.0   20.0     20.4    909.6    913.9   0.538
20260407050109    138   1105.0   1120.0   20.0     28.4    898.6    962.3   0.782
20260407050109    138   1480.0   1495.0   20.0     34.1   1081.5   1089.5   0.670
20260407050109    139   1055.0   1070.0   20.0     33.4    917.4    914.8   0.678
20260407050109    139   1560.0   1595.0   20.0    255.7    908.1    909.9   0.805
20260407050109    139   1750.0   1765.0   20.0     41.1    908.4   1055.5   0.789
20260407050109    141    355.0    375.0   20.0     51.4    913.0   1064.1   0.817
20260407050109    141    905.0    965.0   20.0    181.3   1130.6    902.8   0.907
20260407050109    142   1100.0   1115.0   20.0     35.3    899.0    903.3   0.526
20260407050109    142   1600.0   1625.0   20.0     42.2    904.4   1040.3   0.819
20260407050109    143    230.0    245.0   20.0    112.5    899.0   1148.1   0.887
20260407050109    143    330.0    345.0   20.0     64.8   1196.5   1146.2   0.901
20260407050109    143    990.0   1005.0   20.0     35.4   1122.8    900.1   0.958
20260407050109    143   1410.0   1440.0   20.0     67.4    902.5    901.7   0.761
20260407050109    144   1485.0   1500.0   20.0     41.6   1257.9   1269.0   0.715
20260407050109    145    790.0    805.0   20.0     36.1    940.3   1038.5   0.752
20260407050109    145    855.0    875.0   20.0    139.4   1047.9    939.6   0.797
20260407050109    145   1345.0   1370.0   20.0     77.0    935.1   1097.1   0.777
20260407050109    145   1405.0   1415.0   20.0     58.8   1095.0   1146.7   0.639
20260407050109    145   1480.0   1495.0   20.0     53.5   1141.0   1163.0   0.624
20260407050109    151     70.0     85.0   20.0     32.1    919.1   1050.7   0.809
20260407050109    151    180.0    195.0   20.0     22.8   1083.4   1101.5   0.692
20260407050109    151   1155.0   1170.0   20.0     22.6   1102.1   1103.5   0.565
20260407050109    151   1575.0   1590.0   20.0     31.4   1102.1   1114.9   0.634
20260407050109    151   1690.0   1705.0   20.0     42.1   1116.2   1135.0   0.709
20260407050109    154    245.0    260.0   20.0     47.0    907.5    907.6   0.832
20260407050109    154    815.0    835.0   20.0     54.0    905.9    991.4   0.840
20260407050109    154   1160.0   1180.0   20.0    157.9   1078.0    903.8   0.788
20260407050109    154   1645.0   1660.0   20.0     82.6    927.9   1116.9   0.852
20260407050109    156   1340.0   1355.0   20.0     31.3    986.3    959.1   0.807
20260407050109    158    605.0    625.0   20.0     98.6    926.3   1068.8   0.842
20260407050109    158    675.0    705.0   20.0    136.4   1086.9   1065.0   0.928
20260407050109    158   1210.0   1225.0   20.0     29.4   1084.1   1094.8   0.505
20260407050109    161   1005.0   1020.0   20.0     35.3    948.7    914.3   0.747
20260407050109    162   1385.0   1400.0   20.0     31.3   1303.4   1328.7   0.792
20260407050109    169   1565.0   1580.0   20.0     40.7    931.3    927.3   0.559
20260407050109    175      5.0     15.0   20.0     52.3    948.9    949.2   0.615
20260407050109    179    310.0    325.0   20.0     26.0   1205.1   1219.7   0.813
20260407050109    186   1745.0   1800.0   20.0     52.8    955.1   1266.4   0.677
20260407050109    188   1635.0   1700.0   18.8     73.2    980.7   1250.4   0.872
20260407050109    194   1635.0   1650.0   20.0     77.4   1007.3   1107.4   0.807
20260407050109    194   1715.0   1745.0   17.5    112.4   1105.1   1009.0   0.767
20260407050109    195   1605.0   1620.0   20.0     45.5    968.7    967.9   0.802
20260407050109    197   1510.0   1605.0   20.0    456.1    979.5   1484.5   0.846
20260407050109    198   1330.0   1345.0   20.0     47.5    986.1   1030.5   0.751
20260407050109    198   1570.0   1585.0   20.0     88.4   1078.7    979.8   0.776
20260407050109    198   1785.0   1795.0   20.0     46.9    986.6    979.9   0.485
20260407050109    199     10.0     25.0   20.0     21.5   1039.4   1061.5   0.759
20260407050109    200   1200.0   1215.0   20.0     24.3    990.2    983.9   0.694
20260407050109    200   1605.0   1620.0   20.0     83.0    992.2   1186.1   0.853
20260407050109    201    715.0    730.0   20.0     66.1   1377.9   1403.3   0.508
20260407050109    201   1005.0   1020.0   20.0     37.7   1377.5   1392.1   0.768
20260407050109    202   1560.0   1575.0   20.0    103.5    992.9   1165.0   0.902
20260407050109    203    115.0    155.0   20.0    159.4    983.1    986.5   0.847
20260407050109    203    715.0    740.0   20.0    129.4    986.2    983.4   0.832
20260407050109    203   1530.0   1590.0   20.0    108.9    982.5   1151.6   0.771
20260407050109    205    670.0    690.0   20.0     55.6   1002.9   1000.8   0.811
20260407050109    205   1430.0   1445.0   20.0     45.3    991.9    986.3   0.729
20260407050109    205   1630.0   1645.0   20.0     22.2    991.0    988.6   0.501
20260407050109    205   1715.0   1730.0   20.0     69.4    990.1    989.0   0.752
20260407050109    207    170.0    230.0   20.0     76.7    975.9   1031.3   0.895
20260407050109    207   1165.0   1180.0   20.0     94.4   1167.0    998.2   0.942
20260407050109    208     60.0    105.0   20.0     38.4   1139.6   1244.8   0.718
20260407050109    208    215.0    230.0   20.0     23.6   1254.7   1269.2   0.630
20260407050109    208    370.0    385.0   20.0     22.7   1281.8   1203.9   0.846
20260407050109    208    470.0    485.0   20.0     21.8   1203.0   1193.3   0.753
20260407050109    208   1215.0   1305.0   20.0     41.1   1306.6   1312.3   0.858
20260407050109    210    485.0    515.0   20.0     59.7   1002.9   1002.4   0.779
20260407050109    211   1100.0   1115.0   20.0    190.9   1002.1   1006.5   0.875
20260407050109    214   1125.0   1140.0   20.0     68.7   1007.6   1096.7   0.753
20260407050109    214   1250.0   1275.0   20.0     96.0   1108.9   1106.9   0.820
20260407050109    215    285.0    300.0   20.0     40.1   1008.9   1115.2   0.786
20260407050109    215    375.0    405.0   20.0     68.0   1151.8   1384.1   0.761
20260407050109    216   1775.0   1790.0   20.0     31.6   1110.6   1112.0   0.769
20260407050109    218    365.0    380.0   20.0     20.8   1130.5   1129.7   0.665
20260407050109    219    285.0    300.0   20.0     23.2   1668.0   1682.2   0.655
20260407050109    224     50.0     65.0   20.0     63.6   1127.4   1091.5   0.844
20260407050109    225   1700.0   1755.0   20.0     23.7   1010.7   1010.2   0.595
20260407050109    226    210.0    225.0   20.0     49.2   1898.7   1823.3   0.811
20260407050109    226    450.0    465.0   20.0    102.2   1660.2   1387.1   0.679
20260407050109    227    325.0    340.0   20.0     69.4   1044.7   1046.0   0.661
20260407050109    227    445.0    465.0   20.0     50.2   1046.6   1046.5   0.837
20260407050109    229    900.0    920.0   20.0    100.6   1049.0   1046.9   0.791
20260407050109    229   1605.0   1620.0   20.0     88.2   1037.4   1037.7   0.803
20260407050109    229   1665.0   1685.0   20.0     88.9   1038.3   1163.4   0.819
20260407050109    229   1775.0   1790.0   20.0     92.7   1172.6   1305.6   0.850
20260407050109    235    675.0    690.0   20.0    172.0   1048.4   1046.8   0.743
20260407050109    236     60.0     75.0   20.0     20.7   1211.0   1214.3   0.720
20260407050109    236    250.0    265.0   20.0     55.3   1238.2   1240.9   0.731
20260407050109    236    490.0    505.0   20.0     22.3   1222.6   1229.2   0.516
20260407050109    236    980.0   1030.0   20.0     67.0   1252.5   1262.7   0.814
20260407050109    236   1065.0   1145.0   20.0    128.9   1271.9   1063.3   0.774
20260407050109    236   1200.0   1215.0   20.0     44.9   1062.0   1062.2   0.765
20260407050109    236   1575.0   1665.0   20.0    242.0   1100.9   1059.0   0.794
20260407050109    236   1785.0   1800.0   20.0     49.1   1059.9   1056.9   0.811
20260407050109    237    465.0    480.0   20.0     46.5   1120.5   1188.2   0.834
20260407050109    237    565.0    580.0   20.0     25.1   1207.6   1229.7   0.782
20260407050109    238   1785.0   1800.0   20.0     52.1   1047.6   1045.7   0.724
20260407050109    241    330.0    360.0   20.0    131.6   1807.2   1782.4   0.881
20260407050109    241    595.0    615.0   20.0    152.1   1779.5   1762.0   0.889
20260407050109    241    650.0    680.0   20.0     57.2   1760.4   1791.1   0.882
20260407050109    245   1775.0   1790.0   20.0     29.7   1096.6   1173.2   0.898
20260407050109    246     25.0     40.0   20.0    148.8   1253.3   1095.5   0.760
20260407050109    246   1285.0   1300.0   20.0     66.0   1156.8   1262.4   0.823
20260407050109    246   1335.0   1365.0   20.0     54.5   1258.0   1385.0   0.865
20260407050109    246   1430.0   1445.0   20.0    156.0   1358.3   1081.5   0.852
20260407050109    247     60.0     80.0   20.0    110.6   1108.6   1107.7   0.838
20260407050109    247    695.0    715.0   20.0    112.5   1106.5   1109.0   0.833
20260407050109    247    840.0    855.0   20.0     27.5   1103.2   1162.4   0.813
20260407050109    247   1575.0   1590.0   20.0    118.2   1241.1   1096.9   0.851
20260407050109    251    940.0    965.0   20.0    239.2   1107.5   1108.6   0.839
20260407050109    251   1115.0   1130.0   20.0     29.7   1116.0   1106.8   0.676
20260407050109    252    595.0    610.0   20.0     25.0   1195.4   1220.0   0.795
20260407050109    254     10.0     25.0   20.0     20.6   1127.4   1160.3   0.756
20260407050109    254    350.0    390.0   20.0     42.5   1258.8   1287.6   0.583
20260407050109    254    440.0    500.0   20.0     34.6   1303.7   1349.7   0.697
20260407053428      1    630.0    645.0   20.0     20.2   1183.1   1197.2   0.856
20260407053428      1    715.0    730.0   20.0     20.1   1184.0   1180.7   0.777
20260407053428      4      0.0     15.0   20.0     51.9      0.0   1014.2   0.644
20260407053428      4    300.0    315.0   20.0     79.5   1025.1   1021.2   0.758
20260407053428      4   1660.0   1680.0   18.6     51.4   1011.6   1019.9   0.726
20260407053428     12   1070.0   1085.0   20.0     27.5    992.6    990.2   0.759
20260407053428     12   1160.0   1180.0   20.0     41.8    992.1   1048.1   0.778
20260407053428     12   1215.0   1250.0   20.0     95.9   1050.3   1219.6   0.855
20260407053428     13    230.0    245.0   20.0     67.0    969.4    969.0   0.721
20260407053428     13   1055.0   1070.0   20.0     62.0    965.9    975.8   0.684
20260407053428     13   1335.0   1350.0   20.0     74.8    972.4   1130.1   0.892
20260407053428     13   1540.0   1555.0   20.0     33.6   1172.5   1116.2   0.924
20260407053428     18   1095.0   1110.0   20.0     57.5    983.9   1048.9   0.809
20260407053428     18   1305.0   1330.0   20.0     41.1   1053.8   1138.3   0.875
20260407053428     20    550.0    565.0   20.0     25.0   1119.0   1147.5   0.898
20260407053428     23   1085.0   1100.0   20.0     36.1   1008.3   1007.4   0.612
20260407053428     27   1235.0   1255.0   20.0     61.0    995.2   1094.0   0.647
20260407053428     30     25.0     45.0   20.0     79.6    979.2   1304.0   0.911
20260407053428     30    145.0    160.0   20.0     48.7   1361.3   1345.0   0.661
20260407053428     30    330.0    345.0   20.0     26.3   1379.1   1358.9   0.763
20260407053428     31    330.0    345.0   20.0     23.1    989.3   1053.4   0.824
20260407053428     33   1375.0   1390.0   20.0    116.6    943.7   1087.6   0.776
20260407053428     47   1105.0   1115.0   20.0     60.6    933.2   1064.5   0.756
20260407053428     47   1630.0   1650.0   20.0     76.8    941.8    934.8   0.842
20260407053428     49   1675.0   1690.0   20.0     42.0    998.5   1039.1   0.789
20260407053428     58    130.0    145.0   20.0     20.2   1075.7   1110.0   0.726
20260407053428     58   1020.0   1055.0   20.0     46.7   1134.8   1176.9   0.850
20260407053428     58   1215.0   1230.0   20.0     37.3   1166.5   1191.7   0.770
20260407053428     58   1265.0   1280.0   20.0     20.6   1189.4   1157.9   0.673
20260407053428     60   1255.0   1275.0   20.0    111.0    935.6    937.1   0.787
20260407053428     61   1140.0   1155.0   20.0     22.8   1583.6   1553.4   0.893
20260407053428     62    280.0    295.0   20.0     48.3    927.3    927.0   0.789
20260407053428     62   1145.0   1160.0   20.0     27.4    926.0    943.6   0.640
20260407053428     65   1620.0   1670.0   20.0     53.2   1242.8   1188.3   0.807
20260407053428     66    605.0    620.0   20.0     36.8   1487.4   1420.3   0.828
20260407053428     75     65.0     80.0   20.0     24.8   1204.6   1231.8   0.852
20260407053428     79     15.0     30.0   20.0     65.2   1001.0   1061.6   0.755
20260407053428     82    525.0    540.0   20.0     23.7    967.9    990.2   0.850
20260407053428     84     55.0     70.0   20.0     64.5    891.5    893.1   0.776
20260407053428     85   1240.0   1255.0   20.0     40.6    933.8    914.4   0.822
20260407053428     86    190.0    215.0   20.0     22.8   1536.8   1595.9   0.772
20260407053428     89    960.0    975.0   20.0     31.8    993.7   1021.4   0.783
20260407053428     93   1355.0   1375.0   20.0     96.4    906.1   1053.7   0.919
20260407053428     94   1275.0   1295.0   20.0    100.2    901.7   1112.5   0.829
20260407053428     95   1590.0   1605.0   20.0     45.7    897.6    896.7   0.797
20260407053428     96   1360.0   1375.0   20.0     21.2    962.0    960.5   0.752
20260407053428     96   1655.0   1670.0   20.0    127.8    965.2    957.8   0.629
20260407053428     98   1195.0   1210.0   20.0     69.6    923.7   1066.2   0.858
20260407053428     98   1315.0   1330.0   20.0     20.2   1074.3   1090.5   0.834
20260407053428    100    105.0    210.0   20.0     27.5    903.4   1150.2   0.785
20260407053428    103    820.0    840.0   20.0     54.5    901.7    902.1   0.798
20260407053428    106   1115.0   1130.0   20.0     45.9    893.9    894.0   0.758
20260407053428    106   1620.0   1635.0   20.0    128.6    895.7   1229.5   0.851
20260407053428    108    250.0    310.0   20.0     40.8    893.5   1107.1   0.817
20260407053428    108    375.0    390.0   20.0     26.3   1171.6   1079.8   0.880
20260407053428    108    455.0    470.0   20.0    214.9   1144.8    890.9   0.786
20260407053428    112    710.0    760.0   20.0    103.2    901.1   1092.3   0.766
20260407053428    112   1095.0   1110.0   20.0     57.1   1087.3   1093.8   0.579
20260407053428    112   1725.0   1740.0   20.0     59.5   1123.8   1161.6   0.713
20260407053428    113    145.0    160.0   20.0     33.2    935.5    897.4   0.779
20260407053428    113    835.0    850.0   20.0     52.9    898.3    898.3   0.635
20260407053428    118     90.0    110.0   20.0     43.7   1103.1   1144.3   0.717
20260407053428    118   1025.0   1045.0   20.0     38.4    910.9    950.5   0.857
20260407053428    119   1660.0   1690.0   20.0     96.7    905.0   1013.9   0.820
20260407053428    120   1360.0   1405.0   20.0    113.4    903.1    906.0   0.811
20260407053428    125    340.0    415.0   20.0     85.1    901.7    942.5   0.865
20260407053428    125   1140.0   1155.0   20.0    108.2    942.0    900.3   0.767
20260407053428    125   1555.0   1570.0   20.0    136.7    899.4    904.3   0.734
20260407053428    126    570.0    590.0   20.0     29.8    908.2   1050.9   0.839
20260407053428    126    695.0    710.0   20.0     20.3   1062.3   1063.3   0.729
20260407053428    126   1005.0   1020.0   20.0     27.4   1064.6   1093.8   0.732
20260407053428    126   1080.0   1110.0   20.0     35.1   1099.8   1135.0   0.652
20260407053428    127   1310.0   1345.0   20.0     25.2    907.5   1020.2   0.824
20260407053428    128   1035.0   1065.0   20.0     64.8    900.3   1095.8   0.851
20260407053428    128   1155.0   1170.0   20.0     32.0   1145.2   1173.8   0.693
20260407053428    131    285.0    300.0   20.0     48.1    901.4    977.3   0.843
20260407053428    131    340.0    355.0   20.0    148.7   1021.2    906.2   0.763
20260407053428    131   1090.0   1100.0   20.0     25.4    903.6    900.9   0.458
20260407053428    131   1215.0   1265.0   20.0    181.3    900.9    964.8   0.915
20260407053428    133    395.0    425.0   20.0     30.4   1050.2   1080.4   0.836
20260407053428    133    945.0    960.0   20.0     22.5   1055.4   1100.0   0.712
20260407053428    133   1000.0   1015.0   20.0     30.0   1082.5   1093.2   0.743
20260407053428    133   1515.0   1595.0   20.0     48.3   1125.8   1175.6   0.840
20260407053428    135   1080.0   1095.0   20.0     55.8    911.3    973.7   0.754
20260407053428    135   1155.0   1175.0   20.0     72.4    986.9    910.9   0.816
20260407053428    138   1190.0   1205.0   20.0     31.8    989.6   1020.3   0.764
20260407053428    138   1265.0   1280.0   20.0     23.6   1038.7   1078.1   0.582
20260407053428    140   1140.0   1155.0   20.0     33.8    960.8    958.7   0.702
20260407053428    141    505.0    520.0   20.0     56.6    920.0    976.2   0.754
20260407053428    141   1070.0   1110.0   20.0     51.3   1016.5   1059.3   0.871
20260407053428    141   1170.0   1245.0   20.0     66.4   1047.6   1059.5   0.824
20260407053428    141   1310.0   1325.0   20.0     24.9   1029.6   1069.0   0.668
20260407053428    141   1510.0   1525.0   20.0     30.4   1071.2   1115.5   0.666
20260407053428    142     55.0     70.0   20.0    103.1   1081.6    903.5   0.863
20260407053428    143    220.0    255.0   20.0     95.5    905.3    906.8   0.776
20260407053428    143    395.0    415.0   20.0     83.5    906.4    908.3   0.737
20260407053428    144    665.0    680.0   20.0     22.1   1124.9   1115.3   0.731
20260407053428    144    935.0    950.0   20.0     22.0   1110.7   1119.3   0.468
20260407053428    144   1240.0   1255.0   20.0     30.6   1199.7   1284.3   0.757
20260407053428    147    320.0    335.0   20.0     95.6    911.1   1131.5   0.860
20260407053428    148    435.0    495.0   20.0    218.1    924.2    923.7   0.819
20260407053428    150    190.0    205.0   20.0     20.5   1320.4   1286.7   0.656
20260407053428    151    445.0    460.0   20.0     28.0    953.8    945.4   0.551
20260407053428    151   1090.0   1150.0   20.0     78.3    943.6   1215.5   0.799
20260407053428    151   1310.0   1365.0   20.0    191.5   1265.7    931.0   0.842
20260407053428    151   1535.0   1550.0   20.0     31.7    932.6   1157.6   0.924
20260407053428    153   1390.0   1405.0   20.0     27.7   1411.2   1451.3   0.833
20260407053428    154   1320.0   1360.0   20.0     76.1    911.0    910.8   0.830
20260407053428    156   1160.0   1175.0   20.0     23.5    938.3    948.5   0.464
20260407053428    156   1290.0   1320.0   20.0    131.5    944.7    931.4   0.822
20260407053428    156   1680.0   1695.0   20.0     35.7    928.7    935.9   0.595
20260407053428    158    255.0    275.0   20.0     58.9    926.6    925.8   0.826
20260407053428    158   1265.0   1280.0   20.0     38.5    932.2    929.7   0.777
20260407053428    162     90.0    125.0   20.0    233.1    922.8    923.3   0.788
20260407053428    162   1145.0   1160.0   20.0     26.6    936.5    959.9   0.732
20260407053428    164   1750.0   1765.0   20.0     37.5   1227.1   1249.6   0.566
20260407053428    165    425.0    440.0   20.0     95.1   1291.5   1325.6   0.865
20260407053428    166     65.0    110.0   20.0     48.7   1052.3   1044.0   0.797
20260407053428    166    560.0    575.0   20.0     80.2   1037.5   1123.5   0.756
20260407053428    166   1330.0   1345.0   20.0     39.1   1175.6   1230.0   0.721
20260407053428    168   1110.0   1160.0   20.0     26.6    946.8   1207.2   0.816
20260407053428    174    320.0    340.0   20.0     85.8    950.1    951.3   0.824
20260407053428    175    435.0    460.0   20.0     91.0    954.8    955.3   0.781
20260407053428    183    300.0    340.0   20.0     78.4    947.5    949.5   0.761
20260407053428    185   1080.0   1095.0   20.0     43.4    969.6    968.3   0.763
20260407053428    186   1710.0   1725.0   20.0     49.9    961.4   1056.3   0.806
20260407053428    187    275.0    290.0   20.0     41.6    977.6   1034.2   0.732
20260407053428    187    335.0    350.0   20.0     53.2   1061.3   1063.0   0.642
20260407053428    187   1680.0   1695.0   20.0     25.6   1106.2   1099.9   0.824
20260407053428    187   1740.0   1760.0   20.0     96.0   1087.8    969.1   0.787
20260407053428    189    395.0    410.0   20.0     39.2   1043.0   1043.3   0.802
20260407053428    191     60.0     75.0   20.0    138.6    976.5   1185.7   0.807
20260407053428    191    880.0    895.0   20.0     45.4   1228.2   1224.6   0.686
20260407053428    191   1125.0   1140.0   20.0     40.8   1232.9   1241.7   0.816
20260407053428    193    450.0    465.0   20.0     28.1    976.5   1078.2   0.869
20260407053428    193    515.0    530.0   20.0     26.0   1105.9   1109.8   0.680
20260407053428    193    635.0    650.0   20.0    112.5   1118.7    973.0   0.757
20260407053428    194   1275.0   1290.0   20.0     64.5   1027.6   1014.5   0.767
20260407053428    198     75.0     95.0   20.0     65.8    994.9   1064.9   0.858
20260407053428    199   1010.0   1030.0   20.0     80.9    986.6   1179.9   0.838
20260407053428    199   1295.0   1310.0   20.0     30.8   1215.2   1232.0   0.670
20260407053428    199   1665.0   1680.0   20.0     21.5   1278.8   1299.2   0.849
20260407053428    200     75.0     90.0   20.0     75.9    990.4    992.7   0.726
20260407053428    200    635.0    710.0   20.0    158.3    992.5   1274.0   0.857
20260407053428    202    850.0    865.0   20.0     55.0    988.7    988.4   0.760
20260407053428    202    915.0    930.0   20.0    206.6    987.8    989.3   0.740
20260407053428    202   1660.0   1675.0   20.0     51.3    986.9    985.9   0.785
20260407053428    203    725.0    780.0   20.0    159.5    987.6    988.4   0.776
20260407053428    203   1715.0   1730.0   20.0     57.1   1001.8   1077.2   0.752
20260407053428    205    540.0    555.0   20.0     36.4    999.1   1040.9   0.756
20260407053428    205    670.0    750.0   20.0     37.0   1090.2   1117.4   0.822
20260407053428    205   1150.0   1165.0   20.0     29.4   1143.7   1166.6   0.535
20260407053428    205   1235.0   1250.0   20.0     24.2   1154.9   1168.3   0.753
20260407053428    205   1530.0   1545.0   20.0     37.2   1174.5   1199.5   0.787
20260407053428    207    355.0    370.0   20.0     44.0    979.7   1048.7   0.745
20260407053428    207    450.0    465.0   20.0     33.7   1136.3   1180.2   0.787
20260407053428    207    600.0    620.0   20.0    136.0   1237.3    981.4   0.854
20260407053428    210    270.0    285.0   20.0     34.6   1107.2   1153.2   0.650
20260407053428    210    390.0    405.0   20.0     57.4   1115.7   1006.3   0.882
20260407053428    210   1515.0   1530.0   20.0     30.7   1053.4   1020.5   0.778
20260407053428    211   1215.0   1235.0   20.0     28.8   1193.4   1196.5   0.697
20260407053428    211   1365.0   1375.0   20.0     22.2   1185.6   1184.2   0.713
20260407053428    211   1560.0   1575.0   20.0     20.3   1186.1   1197.1   0.813
20260407053428    214   1635.0   1670.0   20.0    134.2   1008.7   1019.5   0.862
20260407053428    215   1340.0   1355.0   20.0     85.3   1333.9   1007.6   0.941
20260407053428    218   1220.0   1235.0   20.0     33.9   1123.3   1123.5   0.651
20260407053428    219    375.0    385.0   20.0     20.2   1675.2   1684.9   0.409
20260407053428    222   1040.0   1055.0   20.0     61.6   1126.6   1124.3   0.804
20260407053428    222   1510.0   1555.0   20.0     48.8   1121.0   1122.8   0.785
20260407053428    227    820.0    845.0   20.0    114.5   1048.7   1053.7   0.778
20260407053428    229   1520.0   1540.0   20.0     88.2   1041.6   1225.1   0.842
20260407053428    231     50.0     65.0   20.0     71.0   1238.4   1253.5   0.654
20260407053428    232   1115.0   1130.0   20.0     33.4   1052.9   1098.6   0.767
20260407053428    232   1300.0   1365.0   20.0    141.4   1215.4   1054.9   0.816
20260407053428    234   1020.0   1035.0   20.0     46.3   1125.7   1191.9   0.809
20260407053428    234   1075.0   1090.0   20.0     84.9   1208.9   1125.8   0.817
20260407053428    236    125.0    140.0   20.0     45.3   1070.7   1069.1   0.687
20260407053428    236    620.0    635.0   20.0     97.2   1070.6   1071.2   0.754
20260407053428    238    690.0    710.0   20.0     86.1   1063.5   1061.1   0.837
20260407053428    238   1360.0   1375.0   20.0     29.6   1086.5   1057.9   0.821
20260407053428    245    285.0    300.0   20.0     92.5   1097.9   1098.2   0.709
20260407053428    247    480.0    495.0   20.0     32.7   1104.4   1147.3   0.658
20260407053428    254    550.0    565.0   20.0     99.1   1256.1   1368.4   0.791
20260407060746      2   1270.0   1285.0   20.0     45.9   1031.4   1172.4   0.916
20260407060746      4    215.0    230.0   20.0     56.1   1014.5   1014.8   0.623
20260407060746      4   1055.0   1070.0   20.0     99.9   1004.1   1003.2   0.798
20260407060746      4   1160.0   1200.0   20.0    242.4   1003.5   1004.3   0.794
20260407060746      4   1365.0   1395.0   20.0     77.7   1010.4   1197.7   0.911
20260407060746      8     30.0     75.0   20.0     60.9   1074.3   1072.6   0.792
20260407060746      8   1605.0   1620.0   20.0     60.0   1058.2   1216.9   0.810
20260407060746     12     10.0     25.0   20.0     72.1    992.5   1159.0   0.848
20260407060746     12     95.0    115.0   20.0    124.5   1232.7    992.1   0.816
20260407060746     12   1545.0   1560.0   20.0    140.7    991.0    992.5   0.723
20260407060746     18    375.0    405.0   20.0     73.7    985.1    986.6   0.803
20260407060746     18   1575.0   1595.0   20.0     36.3    981.7   1055.2   0.893
20260407060746     22   1235.0   1250.0   20.0     22.5   1259.3   1251.9   0.865
20260407060746     22   1725.0   1800.0   20.0    102.7    991.6   1166.3   0.892
20260407060746     23   1240.0   1260.0   20.0     47.5   1010.5    995.5   0.783
20260407060746     27   1740.0   1755.0   20.0     29.9    970.3    971.2   0.660
20260407060746     28   1600.0   1620.0   20.0     42.0    946.5    944.8   0.821
20260407060746     30     50.0     65.0   20.0     34.3    958.0   1077.7   0.767
20260407060746     30    710.0    725.0   20.0     21.0   1202.8   1203.1   0.832
20260407060746     30   1045.0   1060.0   20.0     26.5   1200.4   1196.4   0.818
20260407060746     30   1250.0   1265.0   20.0     28.9   1211.3   1221.1   0.849
20260407060746     31    495.0    510.0   20.0     23.0   1224.1   1258.6   0.758
20260407060746     33   1255.0   1290.0   20.0     58.8    945.8    945.2   0.787
20260407060746     37    835.0    850.0   20.0    101.3    939.0   1108.3   0.861
20260407060746     37    885.0    900.0   20.0     20.8   1093.2   1120.5   0.833
20260407060746     40   1210.0   1225.0   20.0     70.0    953.4    954.6   0.722
20260407060746     42    205.0    220.0   20.0     29.4   1043.7   1043.5   0.780
20260407060746     49   1260.0   1275.0   20.0     25.0    995.2    994.8   0.523
20260407060746     61      0.0     15.0   20.0    138.8      0.0   1604.2   0.879
20260407060746     66      0.0     40.0   20.0     39.2      0.0   1426.2   0.846
20260407060746     66     80.0     95.0   20.0     32.2   1449.6   1429.9   0.835
20260407060746     66    155.0    170.0   20.0     32.4   1456.8   1428.3   0.853
20260407060746     66    315.0    330.0   20.0     20.1   1483.0   1429.2   0.902
20260407060746     66    620.0    635.0   20.0     33.7   1496.4   1428.5   0.820
20260407060746     82    520.0    535.0   20.0     45.7    962.4    960.5   0.830
20260407060746     87    795.0    810.0   20.0     95.5    913.6   1158.5   0.902
20260407060746     89    185.0    200.0   20.0     61.9   1054.6    997.0   0.760
20260407060746     90     95.0    110.0   20.0     30.4    992.3   1027.7   0.766
20260407060746     90   1455.0   1470.0   20.0     24.8   1075.0   1097.9   0.740
20260407060746     95    385.0    400.0   20.0     50.2    897.0    896.9   0.756
20260407060746     96   1230.0   1245.0   20.0     42.9    951.0    961.4   0.529
20260407060746     98    415.0    435.0   20.0     68.6    907.7    906.1   0.873
20260407060746     98   1045.0   1095.0   20.0     31.8    908.2   1015.0   0.825
20260407060746    100     55.0    105.0   20.0    242.1    899.7    896.8   0.849
20260407060746    100    250.0    265.0   20.0     25.8   1143.1   1143.8   0.789
20260407060746    100   1155.0   1170.0   20.0     41.0   1159.5   1178.9   0.839
20260407060746    101    435.0    455.0   20.0     55.9   1323.9   1381.2   0.865
20260407060746    102    645.0    660.0   20.0     33.2    899.7   1009.6   0.801
20260407060746    102    905.0    950.0   20.0    223.7   1051.6    896.7   0.806
20260407060746    104    145.0    160.0   20.0     50.4   1464.1   1496.6   0.832
20260407060746    105    190.0    205.0   20.0     36.1    975.8    975.3   0.710
20260407060746    105    785.0    845.0   20.0     40.7    973.4    972.9   0.819
20260407060746    108    500.0    515.0   20.0     46.5    900.3    890.5   0.769
20260407060746    108   1090.0   1105.0   20.0     31.5    888.1    886.1   0.446
20260407060746    112     30.0     45.0   20.0    131.8   1089.1    898.2   0.779
20260407060746    112   1650.0   1695.0   20.0     78.4    899.9   1208.4   0.870
20260407060746    112   1735.0   1750.0   20.0     33.6   1181.8   1177.6   0.765
20260407060746    113    120.0    140.0   20.0    100.1    897.6    896.8   0.791
20260407060746    118   1160.0   1180.0   20.0    123.4    903.2    918.8   0.914
20260407060746    119    270.0    330.0   20.0    109.0    900.8    904.9   0.841
20260407060746    120   1585.0   1600.0   20.0     23.8    900.5    904.1   0.429
20260407060746    125    360.0    375.0   20.0     34.2    900.5    961.1   0.741
20260407060746    125   1195.0   1210.0   20.0     37.8    978.0    997.3   0.735
20260407060746    125   1705.0   1720.0   20.0     45.0   1015.6    986.2   0.841
20260407060746    126    480.0    495.0   20.0     29.4   1229.5   1222.9   0.725
20260407060746    126   1405.0   1420.0   20.0     22.7   1292.9   1306.7   0.698
20260407060746    127     70.0    100.0   20.0     23.9    905.7   1198.1   0.790
20260407060746    128   1470.0   1485.0   20.0     40.0    965.5    997.9   0.787
20260407060746    130     20.0     55.0   20.0     72.2    911.4    912.1   0.789
20260407060746    130   1120.0   1135.0   20.0     57.6    915.1   1060.4   0.685
20260407060746    131     50.0     65.0   20.0    103.3    905.3    901.7   0.826
20260407060746    131    460.0    475.0   20.0     27.3   1068.3   1065.3   0.618
20260407060746    131   1105.0   1130.0   20.0     94.2   1175.1    909.9   0.898
20260407060746    133     20.0     35.0   20.0     60.4    898.7   1000.8   0.803
20260407060746    133   1415.0   1430.0   20.0     29.8   1087.4   1128.2   0.785
20260407060746    135   1735.0   1750.0   20.0    131.8    909.5    908.5   0.853
20260407060746    138    235.0    250.0   20.0     33.0    918.6    918.5   0.747
20260407060746    138   1030.0   1045.0   20.0     36.3    922.8    963.1   0.810
20260407060746    138   1175.0   1190.0   20.0     59.6    976.6    924.9   0.739
20260407060746    138   1230.0   1315.0   20.0     58.7    924.9   1104.3   0.820
20260407060746    138   1530.0   1545.0   20.0     42.4   1110.8   1208.0   0.808
20260407060746    138   1690.0   1705.0   20.0     22.6   1204.9   1207.3   0.806
20260407060746    140   1155.0   1170.0   20.0     24.5    947.4    951.4   0.780
20260407060746    140   1305.0   1325.0   20.0     77.2    949.6   1102.7   0.819
20260407060746    140   1430.0   1445.0   20.0     36.9   1104.0   1127.3   0.890
20260407060746    141    295.0    325.0   20.0    116.5    906.1    907.7   0.828
20260407060746    141    665.0    680.0   20.0     28.1    939.7    913.6   0.743
20260407060746    141   1135.0   1150.0   20.0     38.5    916.6    913.9   0.564
20260407060746    142     20.0     35.0   20.0    113.4    906.2    905.6   0.751
20260407060746    142   1485.0   1500.0   20.0     30.4    913.9    907.8   0.478
20260407060746    142   1670.0   1685.0   20.0     70.5    921.3   1106.2   0.878
20260407060746    143    510.0    530.0   20.0     47.3    909.4    911.9   0.851
20260407060746    144    835.0    850.0   20.0     22.5   1153.8   1201.8   0.798
20260407060746    144   1410.0   1425.0   20.0     28.8   1164.9   1198.6   0.863
20260407060746    147   1045.0   1060.0   20.0    106.3    912.2    916.9   0.654
20260407060746    148    410.0    425.0   20.0     21.7    923.3    970.5   0.810
20260407060746    151    130.0    145.0   20.0     84.5    922.0   1086.2   0.890
20260407060746    151    490.0    505.0   20.0     38.3   1124.0   1125.4   0.422
20260407060746    153      0.0     15.0   20.0     25.3      0.0   1456.8   0.882
20260407060746    153    495.0    505.0   20.0     28.9   1525.8   1455.4   0.861
20260407060746    153    725.0    760.0   20.0    102.3   1528.7   1437.7   0.859
20260407060746    154    315.0    335.0   20.0     56.4    909.3    909.6   0.861
20260407060746    154   1190.0   1210.0   20.0    114.1    908.1   1100.6   0.831
20260407060746    156    450.0    460.0   20.0     59.7    930.7    929.0   0.595
20260407060746    156    925.0    940.0   20.0     54.9    923.7    923.4   0.865
20260407060746    156   1265.0   1285.0   20.0     63.1    916.2   1120.8   0.931
20260407060746    158    235.0    250.0   20.0     59.5    925.4    922.9   0.737
20260407060746    161    510.0    525.0   20.0     48.2    920.4    919.6   0.634
20260407060746    161   1130.0   1200.0   20.0    137.2    916.8    918.7   0.896
20260407060746    161   1640.0   1655.0   20.0     20.0    915.7    920.4   0.560
20260407060746    162    880.0    895.0   20.0     20.5   1066.2   1044.5   0.769
20260407060746    166     80.0     95.0   20.0     80.7   1117.6   1277.2   0.899
20260407060746    168   1095.0   1110.0   20.0     26.6   1040.2   1102.5   0.599
20260407060746    168   1275.0   1290.0   20.0     25.3   1139.3   1151.7   0.431
20260407060746    169    100.0    115.0   20.0     64.6    967.9   1026.2   0.898
20260407060746    169   1040.0   1055.0   20.0     34.6   1094.3   1164.9   0.817
20260407060746    169   1185.0   1200.0   20.0     47.5   1141.0    939.4   0.885
20260407060746    171     95.0    110.0   20.0     27.7   1667.1   1682.4   0.851
20260407060746    174    105.0    120.0   20.0     62.1    953.0    954.3   0.822
20260407060746    175   1030.0   1050.0   20.0     58.4    954.3    954.3   0.752
20260407060746    177    545.0    565.0   20.0     92.1    968.5   1251.4   0.771
20260407060746    177    815.0    830.0   20.0     38.1   1269.8   1259.5   0.770
20260407060746    177    880.0    895.0   20.0     26.2   1246.8   1293.1   0.867
20260407060746    177   1205.0   1220.0   20.0     30.3   1267.3   1284.0   0.786
20260407060746    177   1275.0   1285.0   20.0     20.5   1274.8   1279.6   0.642
20260407060746    183    625.0    645.0   20.0     66.9    953.0   1025.8   0.835
20260407060746    183   1350.0   1365.0   20.0     20.0   1085.2   1097.9   0.781
20260407060746    184      5.0     20.0   20.0     99.0   1063.8    964.4   0.739
20260407060746    184   1345.0   1360.0   20.0     55.5    990.8   1110.1   0.885
20260407060746    185    775.0    790.0   20.0     88.6    967.6    966.9   0.799
20260407060746    186    970.0   1010.0   20.0    121.1    954.7    954.7   0.872
20260407060746    187     90.0    105.0   20.0    135.0    966.4    969.4   0.837
20260407060746    187    310.0    325.0   20.0     23.6    964.8    964.8   0.534
20260407060746    187   1780.0   1800.0   20.0    136.9    962.9   1191.7   0.840
20260407060746    189   1570.0   1585.0   20.0     32.7   1034.7   1034.2   0.723
20260407060746    190    110.0    125.0   20.0     22.2   1417.7   1430.4   0.445
20260407060746    193    270.0    285.0   20.0     54.8    972.3    982.0   0.811
20260407060746    199     10.0     25.0   20.0     35.1    987.5   1061.0   0.807
20260407060746    199    110.0    125.0   20.0     26.4   1190.3   1194.7   0.831
20260407060746    199    280.0    290.0   20.0     20.3   1248.0   1305.6   0.631
20260407060746    199    650.0    665.0   20.0    118.8   1264.7    986.1   0.947
20260407060746    202     25.0     45.0   20.0    120.4    993.0    992.0   0.815
20260407060746    202   1755.0   1790.0   20.0    128.9    987.3   1252.7   0.821
20260407060746    204    465.0    485.0   20.0     83.8   1494.8   1508.8   0.844
20260407060746    204    560.0    580.0   20.0     96.0   1510.3   1502.3   0.778
20260407060746    204   1600.0   1615.0   20.0    142.3   1498.6   1501.4   0.767
20260407060746    205    405.0    420.0   20.0     76.5   1009.5   1023.6   0.806
20260407060746    205   1110.0   1150.0   20.0     30.4   1077.0   1085.0   0.663
20260407060746    205   1270.0   1285.0   20.0     36.1   1079.9   1114.2   0.699
20260407060746    205   1505.0   1555.0   20.0     25.4   1119.9   1069.0   0.847
20260407060746    207    665.0    685.0   20.0    104.2    980.7    979.6   0.744
20260407060746    207   1300.0   1315.0   20.0     22.2    994.5    978.1   0.659
20260407060746    207   1690.0   1800.0   20.0    137.3    975.3   1154.5   0.852
20260407060746    213    205.0    220.0   20.0     28.9   1209.6   1247.9   0.781
20260407060746    214    300.0    355.0   20.0    130.2   1005.2   1002.9   0.846
20260407060746    215    330.0    345.0   20.0     63.7   1006.9   1081.0   0.752
20260407060746    215    730.0    745.0   20.0     85.2   1129.0   1008.8   0.745
20260407060746    215   1550.0   1565.0   20.0     78.7   1004.1   1002.4   0.730
20260407060746    215   1690.0   1705.0   20.0     45.3   1005.5   1060.5   0.753
20260407060746    217   1005.0   1025.0   20.0     68.2   1050.3   1052.4   0.780
20260407060746    218   1185.0   1200.0   20.0     42.2   1113.2   1112.7   0.804
20260407060746    220      5.0     20.0   20.0     46.9   1857.0   1851.4   0.904
20260407060746    220    100.0    120.0   20.0     38.4   1855.5   1849.7   0.916
20260407060746    220    240.0    265.0   20.0     33.5   1851.6   1846.0   0.912
20260407060746    220    625.0    640.0   20.0     30.2   1845.0   1889.0   0.928
20260407060746    220   1060.0   1075.0   20.0     25.3   1840.0   1881.7   0.929
20260407060746    222    340.0    355.0   20.0     39.4   1123.1   1122.9   0.692
20260407060746    222   1215.0   1255.0   20.0    107.5   1113.6   1112.0   0.791
20260407060746    222   1315.0   1330.0   20.0     65.3   1113.2   1115.0   0.716
20260407060746    224    720.0    735.0   20.0    117.3   1077.2   1309.6   0.800
20260407060746    224    785.0    800.0   20.0    170.2   1374.9   1075.1   0.857
20260407060746    227     95.0    110.0   20.0     36.5   1050.3   1115.6   0.758
20260407060746    227    315.0    330.0   20.0     23.6   1210.6   1249.0   0.637
20260407060746    227    565.0    580.0   20.0     28.8   1309.3   1333.0   0.519
20260407060746    227    730.0    745.0   20.0     34.6   1383.4   1397.4   0.832
20260407060746    227   1185.0   1200.0   20.0     36.5   1430.6   1433.5   0.879
20260407060746    228   1790.0   1800.0   20.0     78.6   1051.4   1074.1   0.669
20260407060746    229    520.0    535.0   20.0     88.5   1045.8   1045.8   0.746
20260407060746    229   1780.0   1795.0   20.0     25.8   1044.2   1044.7   0.774
20260407060746    232   1535.0   1585.0   20.0    128.4   1061.2   1157.2   0.882
20260407060746    232   1685.0   1700.0   20.0     20.9   1177.7   1182.1   0.766
20260407060746    235    720.0    740.0   20.0     75.2   1046.6   1047.1   0.754
20260407060746    236    650.0    665.0   20.0    148.2   1063.7   1349.6   0.887
20260407060746    236   1130.0   1145.0   20.0     51.6   1359.5   1408.4   0.786
20260407060746    244   1645.0   1690.0   20.0     38.7   1164.2   1163.3   0.786
20260407060746    245      0.0     15.0   20.0     95.1      0.0   1101.9   0.810
20260407060746    245    505.0    520.0   20.0     70.6   1095.8   1095.4   0.757
20260407060746    246     55.0     70.0   20.0    131.4   1105.7   1105.0   0.866
20260407060746    247    810.0    825.0   20.0     64.0   1171.9   1104.3   0.793
20260407060746    247   1155.0   1190.0   20.0     77.9   1101.2   1239.2   0.795
20260407060746    247   1335.0   1390.0   20.0     20.5   1278.8   1396.0   0.833
20260407060746    251    450.0    470.0   20.0    257.7   1108.9   1110.4   0.820
20260407060746    251   1710.0   1725.0   20.0     22.2   1103.2   1143.9   0.759
20260407060746    252   1665.0   1680.0   20.0     22.0   1228.6   1223.0   0.799
20260407064106      2   1185.0   1255.0   20.0    104.1   1030.7   1287.6   0.832
20260407064106      4    690.0    705.0   20.0     81.2   1009.2   1146.2   0.830
20260407064106      4    795.0    820.0   20.0     75.5   1167.2   1232.5   0.733
20260407064106      4   1210.0   1230.0   20.0     35.6   1246.3   1091.9   0.922
20260407064106      4   1290.0   1305.0   20.0     20.7   1108.5   1104.0   0.731
20260407064106      4   1485.0   1520.0   20.0     22.8   1132.6   1162.5   0.748
20260407064106      4   1585.0   1605.0   20.0     80.2   1152.7   1166.1   0.857
20260407064106      4   1665.0   1680.0   20.0     57.8   1165.6   1202.5   0.827
20260407064106      8   1390.0   1405.0   20.0     75.1   1059.5   1059.6   0.737
20260407064106     12    255.0    270.0   20.0     22.8   1216.4   1214.6   0.779
20260407064106     12    425.0    465.0   20.0     22.6   1226.2   1236.3   0.668
20260407064106     12    690.0    710.0   20.0     34.5   1281.1   1276.1   0.711
20260407064106     12    850.0    865.0   20.0     26.3   1289.5   1333.8   0.705
20260407064106     18    530.0    545.0   20.0    101.9    984.5    984.1   0.750
20260407064106     18   1115.0   1145.0   20.0     61.5    991.3   1171.5   0.855
20260407064106     18   1235.0   1250.0   20.0     33.4   1171.8   1176.1   0.740
20260407064106     22    275.0    290.0   20.0     23.2   1297.4   1299.9   0.793
20260407064106     22   1450.0   1465.0   20.0     27.2   1322.4   1332.6   0.733
20260407064106     30    110.0    125.0   20.0     34.5    959.0   1056.4   0.783
20260407064106     30    655.0    665.0   20.0     20.0   1106.3   1110.8   0.720
20260407064106     34    230.0    245.0   20.0     40.3    973.0   1040.5   0.898
20260407064106     34    515.0    530.0   20.0     20.2   1169.9   1132.4   0.887
20260407064106     34    640.0    665.0   20.0     31.7   1111.8   1120.5   0.722
20260407064106     34    715.0    730.0   20.0     46.0   1135.6   1168.2   0.849
20260407064106     34    935.0    950.0   20.0     24.4   1107.0   1127.5   0.757
20260407064106     34   1575.0   1590.0   20.0     34.4   1147.2   1146.4   0.643
20260407064106     35    845.0    860.0   20.0     32.9   1188.8   1207.5   0.921
20260407064106     37    540.0    555.0   20.0     90.7    942.0   1209.1   0.890
20260407064106     37    810.0    825.0   20.0     27.2   1185.8   1206.7   0.813
20260407064106     38     20.0     45.0   20.0     43.0    960.8   1122.3   0.811
20260407064106     38    565.0    580.0   20.0    170.4   1180.7    957.5   0.850
20260407064106     38   1330.0   1345.0   20.0     79.5    959.9   1188.9   0.674
20260407064106     40    245.0    260.0   20.0     99.1   1056.0    963.6   0.768
20260407064106     40   1235.0   1290.0   20.0     59.6    983.1   1249.7   0.908
20260407064106     42     65.0     80.0   20.0     56.8   1033.5   1109.9   0.802
20260407064106     42   1725.0   1740.0   20.0     23.7   1298.3   1314.3   0.616
20260407064106     44   1245.0   1260.0   20.0     20.8    953.4   1107.1   0.777
20260407064106     44   1570.0   1585.0   20.0     29.4   1182.8   1188.0   0.782
20260407064106     47   1650.0   1665.0   20.0     59.6    969.1    933.7   0.730
20260407064106     51     45.0     60.0   20.0     96.2    930.8    931.5   0.852
20260407064106     51    190.0    210.0   20.0     37.1    933.9    933.4   0.855
20260407064106     51   1245.0   1260.0   20.0     73.5    935.0   1052.5   0.865
20260407064106     53   1170.0   1185.0   20.0     37.7    914.3    917.7   0.574
20260407064106     54    370.0    400.0   20.0     32.6    908.6    909.2   0.763
20260407064106     60    330.0    345.0   20.0     81.3    926.8   1116.3   0.844
20260407064106     61    645.0    660.0   20.0     76.8   1706.7   1640.9   0.916
20260407064106     65    500.0    515.0   20.0     22.5    930.2    929.3   0.809
20260407064106     80   1020.0   1035.0   20.0     25.6   1144.7    907.6   0.950
20260407064106     80   1450.0   1465.0   20.0    112.7    902.4   1067.3   0.839
20260407064106     83   1460.0   1475.0   20.0     43.4    918.7    919.6   0.666
20260407064106     84    190.0    225.0   20.0    120.9    893.2    893.3   0.773
20260407064106     84   1390.0   1400.0   20.0     45.2    891.6    892.5   0.576
20260407064106     84   1480.0   1505.0   20.0     39.7    902.7   1227.2   0.845
20260407064106     84   1645.0   1705.0   20.0     35.6   1157.6   1170.3   0.864
20260407064106     85   1075.0   1090.0   20.0     52.8    908.2    909.1   0.809
20260407064106     86      0.0     10.0   20.0     99.6      0.0   1583.6   0.749
20260407064106     88   1270.0   1285.0   20.0     52.5    970.4    972.7   0.761
20260407064106     88   1320.0   1335.0   20.0     26.5    972.0   1013.3   0.789
20260407064106     88   1405.0   1420.0   20.0     56.6   1014.3    971.8   0.767
20260407064106     90    595.0    610.0   20.0     46.5   1027.0    982.9   0.780
20260407064106     93     65.0     80.0   20.0     50.3    906.3    906.2   0.709
20260407064106     93    325.0    350.0   20.0     45.7    908.4    907.9   0.753
20260407064106     94   1600.0   1630.0   20.0     25.9    909.1    907.6   0.727
20260407064106     98    165.0    180.0   20.0    113.3   1156.4    922.7   0.925
20260407064106     98    225.0    305.0   20.0     61.0    919.5   1104.6   0.827
20260407064106     98    685.0    700.0   20.0     32.0   1021.2   1027.4   0.922
20260407064106    103    125.0    145.0   20.0    123.6    900.7   1163.8   0.915
20260407064106    103    330.0    345.0   20.0     21.7   1316.5   1113.2   0.822
20260407064106    103    670.0    685.0   20.0     21.3   1045.7   1062.3   0.833
20260407064106    103   1360.0   1375.0   20.0     29.5   1077.5    924.2   0.918
20260407064106    108    105.0    145.0   20.0     79.1    890.7    891.3   0.845
20260407064106    108   1310.0   1325.0   20.0     36.9    890.9    943.3   0.767
20260407064106    108   1660.0   1675.0   20.0    126.7    992.0    890.1   0.761
20260407064106    110    580.0    595.0   20.0     42.1    967.1    966.2   0.833
20260407064106    112    315.0    350.0   20.0     35.1    906.2    901.8   0.792
20260407064106    113   1200.0   1220.0   20.0     70.2    927.2   1063.2   0.887
20260407064106    113   1340.0   1355.0   20.0     23.2   1108.2   1120.2   0.633
20260407064106    118    190.0    205.0   20.0     32.6    902.0    965.3   0.772
20260407064106    118    360.0    425.0   20.0     56.9    963.3   1066.1   0.872
20260407064106    118    555.0    570.0   20.0    165.5   1148.7    902.8   0.877
20260407064106    119    580.0    600.0   20.0     84.5    905.4    903.4   0.791
20260407064106    119   1110.0   1125.0   20.0     71.3    901.1    902.1   0.757
20260407064106    119   1485.0   1505.0   20.0    102.6    903.3   1069.5   0.802
20260407064106    119   1590.0   1605.0   20.0    111.6   1120.7    904.2   0.878
20260407064106    120   1425.0   1455.0   20.0     58.1    906.3    907.1   0.758
20260407064106    125   1190.0   1205.0   20.0     63.8    902.0    900.8   0.792
20260407064106    127    620.0    635.0   20.0     55.6    915.1   1122.4   0.892
20260407064106    127    835.0    880.0   20.0     20.8   1145.1   1165.5   0.865
20260407064106    129   1490.0   1505.0   20.0     35.9    954.8    955.4   0.766
20260407064106    130    425.0    450.0   20.0    134.8    916.6    917.8   0.903
20260407064106    131     10.0     25.0   20.0     34.6    904.2   1035.9   0.771
20260407064106    131    440.0    455.0   20.0     21.3   1064.0   1065.6   0.752
20260407064106    131    790.0    805.0   20.0     32.6   1126.1   1129.7   0.740
20260407064106    131   1510.0   1525.0   20.0     64.7   1242.8    903.2   0.877
20260407064106    133    370.0    385.0   20.0     49.1    908.5    908.3   0.790
20260407064106    133    745.0    805.0   20.0     43.1    914.4   1022.5   0.864
20260407064106    133   1055.0   1065.0   20.0     23.2   1028.1   1040.3   0.677
20260407064106    133   1205.0   1240.0   20.0     95.0   1036.8    911.7   0.852
20260407064106    133   1545.0   1570.0   20.0     95.0    913.7   1061.1   0.837
20260407064106    140    900.0    915.0   20.0     47.7    947.7    948.0   0.795
20260407064106    141    915.0    930.0   20.0     26.2    907.9    943.9   0.744
20260407064106    141   1070.0   1085.0   20.0     95.8   1009.8    907.4   0.779
20260407064106    142     10.0     25.0   20.0    180.9   1133.8    905.2   0.796
20260407064106    142    305.0    320.0   20.0     32.3    907.1    943.6   0.690
20260407064106    142    360.0    395.0   20.0     79.4    951.9   1161.2   0.908
20260407064106    145    160.0    175.0   20.0     43.0   1348.3   1294.5   0.763
20260407064106    147   1120.0   1135.0   20.0     55.1    916.0    916.7   0.728
20260407064106    148    700.0    715.0   20.0     20.7   1138.2   1150.6   0.771
20260407064106    151    165.0    185.0   20.0    118.5    936.2   1173.1   0.833
20260407064106    151   1080.0   1095.0   20.0     23.4   1199.8   1215.2   0.753
20260407064106    153    340.0    360.0   20.0     41.8   1553.7   1470.9   0.758
20260407064106    153    550.0    605.0   20.0    139.4   1455.7   1482.6   0.916
20260407064106    154    390.0    405.0   20.0     26.9    911.9    963.0   0.766
20260407064106    154    520.0    535.0   20.0    126.0   1083.9    913.2   0.819
20260407064106    156   1155.0   1170.0   20.0     42.6    918.3    918.1   0.752
20260407064106    158     75.0    115.0   20.0     64.4    924.2   1020.2   0.811
20260407064106    158    150.0    165.0   20.0     93.1   1029.4    927.4   0.749
20260407064106    158    460.0    475.0   20.0     36.7    928.7    988.3   0.776
20260407064106    158    560.0    580.0   20.0     25.3   1008.0   1043.4   0.910
20260407064106    161     10.0     25.0   20.0     92.2    920.2    919.2   0.822
20260407064106    161   1205.0   1220.0   20.0     52.7    921.3    920.2   0.791
20260407064106    161   1255.0   1270.0   20.0     20.0    920.4    923.8   0.629
20260407064106    162    555.0    570.0   20.0     43.8   1121.2   1139.1   0.709
20260407064106    162    880.0    895.0   20.0     26.3   1151.1   1163.9   0.679
20260407064106    162   1075.0   1090.0   20.0     20.7   1170.1   1168.3   0.753
20260407064106    162   1730.0   1745.0   20.0     32.5   1233.6   1245.4   0.810
20260407064106    166    295.0    310.0   20.0     23.9   1371.1   1374.9   0.707
20260407064106    168     90.0    105.0   20.0     36.8    945.0    944.8   0.795
20260407064106    168    375.0    390.0   20.0     84.5    945.9   1105.2   0.854
20260407064106    168    590.0    605.0   20.0     25.8   1099.4   1128.8   0.757
20260407064106    168    860.0    875.0   20.0     46.9   1192.0   1179.7   0.860
20260407064106    169   1065.0   1080.0   20.0     27.8    934.1    935.0   0.710
20260407064106    171    565.0    580.0   20.0     42.6   1669.4   1697.8   0.820
20260407064106    174   1520.0   1535.0   20.0     63.5    951.8   1051.4   0.753
20260407064106    175    175.0    190.0   20.0     52.3    953.7    954.0   0.797
20260407064106    175    340.0    355.0   20.0     68.8    955.3    955.4   0.798
20260407064106    183   1145.0   1160.0   20.0     29.1    950.7   1060.3   0.797
20260407064106    183   1195.0   1210.0   20.0     23.6   1061.5   1089.4   0.648
20260407064106    183   1330.0   1360.0   20.0     36.8   1028.5   1124.6   0.837
20260407064106    184   1155.0   1170.0   20.0     65.9    962.6   1047.3   0.744
20260407064106    184   1215.0   1230.0   20.0     20.3   1050.7   1065.3   0.808
20260407064106    184   1670.0   1690.0   20.0     26.6   1113.2   1124.1   0.785
20260407064106    186      0.0     15.0   20.0     98.4      0.0    961.2   0.761
20260407064106    188    605.0    620.0   20.0     42.9    981.4    973.6   0.869
20260407064106    188   1090.0   1110.0   20.0     82.1    983.4    974.4   0.771
20260407064106    188   1185.0   1200.0   20.0     24.8    976.7    972.4   0.757
20260407064106    189    370.0    385.0   20.0     33.4   1039.0   1073.6   0.758
20260407064106    189    500.0    515.0   20.0     61.7   1083.4   1038.6   0.809
20260407064106    191    270.0    310.0   20.0    105.0   1372.5   1409.9   0.811
20260407064106    193     60.0     80.0   20.0     95.8    970.0    970.0   0.828
20260407064106    194    760.0    780.0   20.0     48.4    999.8   1057.8   0.872
20260407064106    194   1230.0   1245.0   20.0     25.7   1112.2   1121.6   0.697
20260407064106    194   1515.0   1530.0   20.0     58.1   1106.5    997.1   0.771
20260407064106    195    275.0    290.0   20.0     59.5    965.8    968.8   0.794
20260407064106    195   1225.0   1240.0   20.0     67.6    964.9    998.2   0.846
20260407064106    195   1565.0   1580.0   20.0     23.3    964.1    962.1   0.709
20260407064106    195   1645.0   1675.0   20.0    227.0    961.3    960.6   0.822
20260407064106    196    150.0    165.0   20.0     56.0   1069.4   1067.7   0.768
20260407064106    199    870.0    885.0   20.0     65.9    991.5    990.8   0.660
20260407064106    199   1545.0   1560.0   20.0    103.3    986.6   1084.2   0.866
20260407064106    199   1750.0   1765.0   20.0    107.4   1079.5    998.7   0.755
20260407064106    204    610.0    630.0   20.0     78.2   1498.9   1506.7   0.869
20260407064106    204   1025.0   1060.0   20.0     86.8   1496.3   1516.2   0.830
20260407064106    204   1195.0   1215.0   20.0     78.4   1513.0   1619.7   0.854
20260407064106    204   1260.0   1275.0   20.0     61.7   1599.6   1513.8   0.789
20260407064106    205    770.0    785.0   20.0     23.1   1136.2   1142.7   0.683
20260407064106    205   1185.0   1200.0   20.0     25.9   1225.2   1249.0   0.740
20260407064106    205   1360.0   1375.0   20.0     22.9   1225.5   1228.6   0.658
20260407064106    205   1480.0   1560.0   20.0     38.3   1227.4   1249.7   0.781
20260407064106    205   1720.0   1735.0   20.0     41.4   1268.9   1305.4   0.813
20260407064106    207    160.0    180.0   20.0    103.8    980.7    981.0   0.847
20260407064106    208     25.0     35.0   20.0     36.9   1486.1   1536.6   0.667
20260407064106    214   1645.0   1660.0   20.0     47.3   1011.1   1009.5   0.721
20260407064106    215    330.0    350.0   20.0     76.0   1011.0   1011.4   0.869
20260407064106    215   1100.0   1150.0   20.0    165.7   1015.6   1012.7   0.897
20260407064106    215   1245.0   1260.0   20.0     27.4   1017.5   1014.7   0.551
20260407064106    217     35.0     55.0   20.0     53.2   1056.1   1054.3   0.780
20260407064106    217    430.0    445.0   20.0     20.5   1050.9   1054.6   0.594
20260407064106    218    905.0    930.0   20.0     58.7   1114.7   1115.2   0.817
20260407064106    219   1190.0   1205.0   20.0     70.5   1699.0   1752.2   0.871
20260407064106    224   1115.0   1130.0   20.0     20.2   1072.7   1073.6   0.440
20260407064106    227    235.0    255.0   20.0     54.2   1051.3   1292.0   0.868
20260407064106    227    370.0    415.0   20.0     25.4   1339.9   1356.8   0.613
20260407064106    227   1075.0   1090.0   20.0     32.4   1434.0   1445.7   0.583
20260407064106    232    775.0    790.0   20.0    192.2   1056.6   1055.1   0.843
20260407064106    232   1570.0   1585.0   20.0    108.0   1070.5   1072.1   0.791
20260407064106    235   1205.0   1220.0   20.0     41.3   1043.5   1056.7   0.643
20260407064106    236   1145.0   1205.0   20.0    224.8   1090.5   1068.1   0.799
20260407064106    241    445.0    465.0   20.0    140.6   1816.3   1782.5   0.846
20260407064106    241    625.0    660.0   20.0    128.5   1777.0   1780.3   0.865
20260407064106    241   1675.0   1700.0   20.0    154.4   1757.6   1766.3   0.875
20260407064106    245   1020.0   1035.0   20.0     35.1   1097.0   1136.1   0.754
20260407064106    245   1115.0   1130.0   20.0    114.1   1203.1   1097.9   0.742
20260407064106    246   1480.0   1560.0   20.0    138.8   1090.8   1227.1   0.881
20260407064106    246   1625.0   1660.0   20.0     72.6   1237.9   1173.1   0.756
20260407064106    246   1720.0   1765.0   20.0    125.5   1236.3   1281.0   0.904
20260407064106    247    190.0    210.0   20.0     89.8   1106.7   1106.4   0.795
20260407064106    247   1330.0   1345.0   20.0     65.0   1099.3   1099.0   0.805
20260407064106    248     75.0     90.0   20.0     31.5   1596.9   1578.3   0.885
20260407071424      4     80.0     95.0   20.0     24.0   1172.2   1170.2   0.805
20260407071424      4    635.0    650.0   20.0     32.7   1187.0   1247.4   0.911
20260407071424      5    355.0    370.0   20.0     21.2   1149.0   1159.7   0.805
20260407071424      8    995.0   1015.0   20.0     22.7   1147.7   1327.7   0.762
20260407071424     12     30.0     45.0   20.0     72.4   1334.2   1442.6   0.700
20260407071424     18    730.0    770.0   20.0    134.6    983.9    984.0   0.829
20260407071424     18   1045.0   1060.0   20.0     28.4    983.8    987.6   0.598
20260407071424     20    715.0    730.0   20.0     26.2   1135.5   1172.5   0.830
20260407071424     20   1350.0   1365.0   20.0     25.0   1208.9   1296.8   0.768
20260407071424     22    650.0    665.0   20.0     72.3    988.6    989.7   0.550
20260407071424     22   1050.0   1070.0   20.0    105.6    995.1   1312.0   0.816
20260407071424     27   1435.0   1450.0   20.0     23.9    976.7    978.6   0.608
20260407071424     27   1490.0   1520.0   20.0     40.0    990.2    979.2   0.805
20260407071424     27   1595.0   1625.0   20.0     76.5    975.9   1115.6   0.847
20260407071424     28   1150.0   1165.0   20.0     40.0    968.1    956.2   0.691
20260407071424     30    155.0    165.0   20.0     63.2   1035.5   1108.0   0.408
20260407071424     33   1650.0   1665.0   20.0     20.9    962.4   1010.3   0.766
20260407071424     34     55.0     70.0   20.0     28.3   1189.3   1126.8   0.818
20260407071424     34    110.0    135.0   20.0    152.7   1123.0    978.4   0.831
20260407071424     38    440.0    450.0   20.0     20.1    979.5   1044.3   0.893
20260407071424     38    495.0    520.0   20.0     48.2   1051.6   1088.1   0.760
20260407071424     38    675.0    690.0   20.0     21.3   1152.1   1154.8   0.555
20260407071424     38    765.0    785.0   20.0     34.8   1157.9   1186.0   0.590
20260407071424     38    925.0    960.0   20.0     47.9   1177.5   1161.9   0.787
20260407071424     38   1090.0   1105.0   20.0     25.1   1179.6   1183.7   0.460
20260407071424     40   1145.0   1160.0   20.0     21.8    957.8    993.8   0.787
20260407071424     40   1365.0   1380.0   20.0     22.6    987.7    955.4   0.751
20260407071424     42    125.0    140.0   20.0     25.3   1161.7   1116.7   0.934
20260407071424     42   1030.0   1045.0   20.0     58.4   1172.5   1027.9   0.853
20260407071424     44     30.0     50.0   20.0     61.1    954.6   1196.3   0.856
20260407071424     44    665.0    680.0   20.0     21.4   1261.9   1268.5   0.694
20260407071424     47   1140.0   1180.0   20.0     48.3    934.8   1067.4   0.914
20260407071424     51     15.0     30.0   20.0     51.8    956.4    940.0   0.802
20260407071424     51    780.0    795.0   20.0     70.1    944.9   1019.0   0.740
20260407071424     53   1350.0   1380.0   20.0    142.4    916.4    919.6   0.779
20260407071424     62    490.0    505.0   20.0     50.5    925.3    924.1   0.597
20260407071424     65    170.0    185.0   20.0     49.7    977.7    929.4   0.760
20260407071424     65   1115.0   1140.0   20.0     48.7    921.5    922.2   0.854
20260407071424     82   1535.0   1550.0   20.0     24.7   1211.8   1196.5   0.770
20260407071424     84     55.0    105.0   20.0     36.3    895.7   1107.6   0.787
20260407071424     84    900.0    915.0   20.0     20.9   1090.7   1102.3   0.503
20260407071424     84   1095.0   1110.0   20.0     73.9   1090.3    892.1   0.713
20260407071424     88     30.0     45.0   20.0     47.3    975.5   1048.4   0.784
20260407071424     88    655.0    670.0   20.0     30.2   1181.4   1168.1   0.779
20260407071424     88    990.0   1005.0   20.0    158.9   1169.2    969.7   0.857
20260407071424     90    215.0    230.0   20.0     40.2    985.5    984.9   0.691
20260407071424     93    305.0    320.0   20.0     32.0    911.0    950.6   0.753
20260407071424     93   1000.0   1060.0   20.0     67.6   1010.1    908.8   0.847
20260407071424     94   1790.0   1800.0   20.0     29.2    903.5    906.4   0.694
20260407071424     96    385.0    400.0   20.0     24.0    946.9    975.0   0.804
20260407071424     96    680.0    695.0   20.0     21.4   1031.1   1050.0   0.843
20260407071424     96   1765.0   1780.0   20.0     23.7   1078.6   1118.2   0.751
20260407071424    102    465.0    480.0   20.0     24.9    905.7    904.9   0.794
20260407071424    106   1730.0   1740.0   20.0     67.8    897.6    894.3   0.448
20260407071424    108   1135.0   1170.0   20.0     28.6    951.1   1020.3   0.789
20260407071424    108   1425.0   1470.0   20.0     49.5    998.5   1010.7   0.887
20260407071424    110   1580.0   1595.0   20.0     22.2    953.3    953.2   0.452
20260407071424    113    250.0    285.0   20.0     37.9    905.0   1095.3   0.811
20260407071424    113   1370.0   1390.0   20.0     31.9   1155.9   1146.7   0.764
20260407071424    113   1525.0   1540.0   20.0     25.6   1159.3   1172.3   0.689
20260407071424    119    560.0    575.0   20.0     47.5    907.7    985.2   0.787
20260407071424    119   1115.0   1130.0   20.0     22.4   1069.8   1079.9   0.712
20260407071424    119   1310.0   1325.0   20.0     61.3   1092.2   1143.6   0.872
20260407071424    120     20.0     35.0   20.0     85.9    908.8   1072.3   0.804
20260407071424    120     90.0    150.0   20.0     46.4   1103.4   1153.6   0.654
20260407071424    120    255.0    310.0   20.0     50.7   1150.7   1202.6   0.696
20260407071424    120    400.0    415.0   20.0     45.6   1212.2   1199.5   0.756
20260407071424    120    545.0    590.0   20.0    261.0   1202.1    910.9   0.828
20260407071424    121    150.0    170.0   20.0     54.3    909.3    909.8   0.790
20260407071424    126     10.0     25.0   20.0     21.9   1262.2   1351.7   0.783
20260407071424    127     20.0     40.0   20.0     76.9    916.1   1199.4   0.913
20260407071424    127   1230.0   1245.0   20.0     43.9   1312.0   1327.1   0.749
20260407071424    129   1155.0   1170.0   20.0     39.2    950.7    950.2   0.831
20260407071424    130    710.0    730.0   20.0     43.2    922.0    973.4   0.864
20260407071424    130    915.0    930.0   20.0     52.4    981.2    918.4   0.744
20260407071424    131   1335.0   1350.0   20.0     30.2    933.5   1045.1   0.765
20260407071424    131   1400.0   1415.0   20.0     25.8   1043.7   1093.4   0.862
20260407071424    133     30.0     45.0   20.0     57.4    902.4   1078.3   0.860
20260407071424    133    220.0    235.0   20.0     26.2   1123.7   1131.3   0.734
20260407071424    133    270.0    285.0   20.0     99.7   1140.6   1201.7   0.743
20260407071424    133    325.0    340.0   20.0     38.6   1182.1   1245.8   0.747
20260407071424    134   1565.0   1580.0   20.0     26.3   1352.1   1377.9   0.919
20260407071424    135    330.0    345.0   20.0     44.4    913.0    916.6   0.792
20260407071424    138      5.0     20.0   20.0     22.7    906.8    952.2   0.789
20260407071424    138    545.0    560.0   20.0     44.6    990.9   1037.6   0.650
20260407071424    138   1230.0   1245.0   20.0     24.4   1093.2   1101.8   0.726
20260407071424    138   1295.0   1310.0   20.0     24.8   1112.5   1096.5   0.561
20260407071424    138   1675.0   1690.0   20.0     22.4   1104.5   1113.8   0.818
20260407071424    143   1775.0   1790.0   20.0     21.4    909.4    906.2   0.588
20260407071424    145    720.0    745.0   20.0    129.0    949.2    957.6   0.834
20260407071424    145   1590.0   1635.0   20.0    166.6    946.2    954.6   0.858
20260407071424    147    630.0    645.0   20.0     23.8    919.7    920.1   0.421
20260407071424    147   1670.0   1685.0   20.0     54.2    913.0    914.9   0.710
20260407071424    148     10.0     35.0   20.0    113.8    928.7   1178.9   0.873
20260407071424    148    855.0    870.0   20.0     25.6   1244.7   1249.9   0.753
20260407071424    148   1485.0   1500.0   20.0     24.1   1242.8   1260.6   0.680
20260407071424    148   1645.0   1660.0   20.0     21.4   1306.2   1310.2   0.602
20260407071424    151    130.0    185.0   20.0     73.6    935.9   1124.1   0.897
20260407071424    151   1370.0   1415.0   20.0     28.3   1162.3   1191.0   0.673
20260407071424    153     60.0     75.0   20.0     23.4   1453.4   1514.6   0.897
20260407071424    153    320.0    375.0   20.0     59.2   1520.5   1498.9   0.924
20260407071424    153   1155.0   1190.0   20.0     47.9   1462.0   1458.4   0.902
20260407071424    154     85.0    100.0   20.0     25.5   1154.7   1161.1   0.790
20260407071424    154    195.0    210.0   20.0     45.5   1185.5   1217.0   0.793
20260407071424    154    245.0    295.0   20.0     49.5   1218.7   1258.3   0.720
20260407071424    158   1405.0   1420.0   20.0     38.8    927.5    925.6   0.780
20260407071424    168     75.0     95.0   20.0     95.4    949.9   1154.0   0.883
20260407071424    168    140.0    155.0   20.0     54.1   1166.5   1184.0   0.678
20260407071424    168    385.0    400.0   20.0     30.0   1202.1   1201.2   0.692
20260407071424    171    775.0    790.0   20.0     21.2   1697.6   1719.6   0.792
20260407071424    177     60.0     75.0   20.0     21.6   1231.3   1264.5   0.537
20260407071424    183   1435.0   1485.0   20.0    227.9    956.9    973.6   0.854
20260407071424    185    480.0    495.0   20.0     65.3    969.2    969.7   0.807
20260407071424    185   1115.0   1130.0   20.0    168.5    968.3    968.8   0.823
20260407071424    190    440.0    455.0   20.0     68.0   1590.7   1584.6   0.662
20260407071424    193    210.0    220.0   20.0     24.9    973.2    974.7   0.419
20260407071424    194     80.0     95.0   20.0     63.2   1088.4   1003.7   0.823
20260407071424    196    515.0    540.0   20.0     56.3   1060.2   1060.5   0.821
20260407071424    197    255.0    275.0   20.0     61.9    992.3    991.4   0.849
20260407071424    199   1335.0   1350.0   20.0     37.2    995.5    992.3   0.706
20260407071424    200   1280.0   1295.0   20.0     22.1   1269.3   1269.5   0.810
20260407071424    204    180.0    215.0   20.0     55.8   1527.2   1520.3   0.820
20260407071424    204    455.0    495.0   20.0     81.0   1518.0   1519.2   0.815
20260407071424    204    625.0    655.0   20.0     73.7   1523.6   1522.7   0.808
20260407071424    204   1215.0   1245.0   20.0     77.1   1516.8   1524.7   0.847
20260407071424    207    305.0    320.0   20.0     40.1    979.5   1040.0   0.827
20260407071424    207    375.0    395.0   20.0    150.3   1094.8    982.8   0.773
20260407071424    207    455.0    470.0   20.0     23.9    979.0    978.8   0.492
20260407071424    207   1265.0   1300.0   20.0     69.8    977.7    977.6   0.760
20260407071424    211     45.0     85.0   20.0    285.3   1011.0   1013.2   0.842
20260407071424    214    555.0    570.0   20.0     26.6   1011.2   1037.1   0.761
20260407071424    214    690.0    705.0   20.0     48.4   1062.3   1008.2   0.755
20260407071424    214   1125.0   1140.0   20.0     44.2   1042.7   1008.9   0.729
20260407071424    214   1300.0   1320.0   20.0     50.9   1007.7   1008.4   0.767
20260407071424    214   1425.0   1440.0   20.0     24.7   1008.3   1063.6   0.767
20260407071424    214   1550.0   1565.0   20.0     53.7   1209.3   1007.9   0.821
20260407071424    214   1615.0   1725.0   20.0    164.3   1005.6   1007.2   0.911
20260407071424    215     15.0     35.0   20.0    105.1   1016.6   1016.6   0.791
20260407071424    215   1445.0   1460.0   20.0    107.2   1027.8   1266.0   0.864
20260407071424    215   1595.0   1610.0   20.0     26.0   1289.1   1295.4   0.832
20260407071424    216    765.0    780.0   20.0     69.6   1102.5   1102.3   0.722
20260407071424    217    125.0    140.0   20.0     56.8   1056.4   1056.0   0.837
20260407071424    217    840.0    870.0   20.0     62.5   1050.4   1050.5   0.747
20260407071424    225   1130.0   1150.0   20.0    247.6   1014.6   1013.5   0.887
20260407071424    225   1500.0   1550.0   20.0     37.9   1006.8   1135.5   0.837
20260407071424    225   1660.0   1675.0   20.0     63.4   1172.2   1188.8   0.681
20260407071424    225   1750.0   1770.0   20.0    108.4   1194.1   1004.5   0.867
20260407071424    227      0.0     30.0   20.0    129.9      0.0   1417.6   0.874
20260407071424    228    595.0    610.0   20.0     21.0   1062.1   1058.8   0.812
20260407071424    228   1490.0   1505.0   20.0     24.7   1060.3   1054.2   0.715
20260407071424    229    975.0    995.0   20.0    158.7   1044.3   1044.8   0.804
20260407071424    232    375.0    395.0   20.0     27.8   1056.4   1065.0   0.927
20260407071424    235   1080.0   1100.0   20.0     76.0   1045.1   1045.4   0.797
20260407071424    236    955.0    970.0   20.0    110.1   1077.7   1077.0   0.894
20260407071424    236   1180.0   1200.0   20.0     47.9   1089.7   1091.2   0.744
20260407071424    238    810.0    860.0   20.0    132.2   1067.7   1322.2   0.857
20260407071424    241     35.0     50.0   20.0     85.7   1852.0   1947.9   0.863
20260407071424    242    125.0    140.0   20.0    127.6   1193.0   1190.6   0.705
20260407071424    242   1135.0   1150.0   20.0     23.8   1177.8   1178.7   0.683
20260407071424    244    700.0    715.0   20.0     69.8   1157.0   1155.1   0.721
20260407071424    245    200.0    215.0   20.0     76.6   1101.4   1101.3   0.758
20260407071424    246    165.0    180.0   20.0     54.3   1153.2   1096.8   0.756
20260407071424    246   1065.0   1080.0   20.0     28.2   1143.8   1144.1   0.769
20260407071424    247   1630.0   1645.0   20.0     65.4   1099.2   1098.7   0.645
20260407071424    251   1235.0   1250.0   20.0     27.0   1109.0   1111.8   0.510
20260407071424    252   1075.0   1090.0   20.0     32.3   1281.5   1297.1   0.809
20260407074744      4    540.0    555.0   20.0     23.9   1217.0   1231.2   0.778
20260407074744      4    945.0    965.0   20.0     30.8   1166.9   1155.2   0.826
20260407074744      8    970.0   1025.0   20.0     23.1   1337.2   1361.3   0.705
20260407074744     23     65.0     80.0   20.0     54.5    998.7   1070.6   0.799
20260407074744     23    120.0    135.0   20.0     41.4   1072.4   1000.6   0.775
20260407074744     27   1550.0   1590.0   20.0     48.8    970.3    970.1   0.816
20260407074744     28    130.0    145.0   20.0     47.9    958.8   1059.2   0.806
20260407074744     28    185.0    200.0   20.0    107.5   1142.3    958.9   0.719
20260407074744     28   1200.0   1215.0   20.0     38.0    954.6   1057.9   0.804
20260407074744     28   1255.0   1275.0   20.0    194.7   1063.5    953.5   0.930
20260407074744     33      0.0     10.0   20.0    161.8      0.0    951.6   0.768
20260407074744     34    265.0    280.0   20.0     44.7    970.5   1038.9   0.755
20260407074744     34    670.0    715.0   20.0    132.8   1068.8   1010.7   0.795
20260407074744     34   1050.0   1085.0   20.0    163.8    970.8    972.2   0.821
20260407074744     38    910.0    925.0   20.0     80.7    961.3   1152.1   0.882
20260407074744     38   1010.0   1050.0   20.0     33.3   1162.7   1193.8   0.731
20260407074744     38   1120.0   1135.0   20.0     23.4   1202.1   1191.5   0.627
20260407074744     38   1215.0   1230.0   20.0     59.9   1198.5   1253.8   0.881
20260407074744     40     15.0     35.0   20.0    119.6   1101.1    962.7   0.822
20260407074744     40   1195.0   1210.0   20.0     25.1    959.0   1106.0   0.794
20260407074744     40   1345.0   1360.0   20.0     34.1   1173.6   1160.4   0.679
20260407074744     40   1445.0   1460.0   20.0    104.2    988.8   1160.8   0.833
20260407074744     44     20.0     85.0   20.0    166.3   1071.8   1295.9   0.912
20260407074744     44    440.0    455.0   20.0     23.5   1285.0   1309.0   0.704
20260407074744     44    610.0    625.0   20.0     36.7   1290.4   1293.7   0.437
20260407074744     47     60.0     75.0   20.0     43.8    939.8    942.4   0.746
20260407074744     47   1325.0   1340.0   20.0     28.9    937.4    970.6   0.783
20260407074744     51   1755.0   1770.0   20.0     48.6    925.8    992.9   0.760
20260407074744     60     90.0    130.0   20.0    208.5   1165.2    932.7   0.931
20260407074744     62    275.0    290.0   20.0    103.4    941.3    931.4   0.617
20260407074744     62    365.0    380.0   20.0     26.1    931.2    957.9   0.735
20260407074744     62    650.0    665.0   20.0     44.4   1008.2    928.3   0.806
20260407074744     62    910.0    930.0   20.0     68.5    926.9   1003.8   0.779
20260407074744     62   1365.0   1385.0   20.0    101.0   1036.6    932.9   0.845
20260407074744     72    330.0    345.0   20.0     48.3    943.0    939.0   0.824
20260407074744     76    305.0    325.0   20.0     43.0    979.9    979.5   0.787
20260407074744     76    470.0    485.0   20.0    117.5    978.0   1078.7   0.731
20260407074744     83    205.0    220.0   20.0     24.7    920.2    891.3   0.749
20260407074744     84    345.0    365.0   20.0     52.7    897.1    896.7   0.745
20260407074744     84   1310.0   1325.0   20.0     51.8    893.2   1041.1   0.848
20260407074744     84   1645.0   1660.0   20.0     20.5   1060.4   1059.9   0.784
20260407074744     88      0.0     30.0   20.0     29.7      0.0    973.9   0.829
20260407074744     88    955.0    970.0   20.0     52.2    968.4    970.2   0.808
20260407074744     94    385.0    400.0   20.0     28.6    907.5   1027.9   0.768
20260407074744     94    455.0    470.0   20.0     22.3   1061.6   1073.9   0.637
20260407074744     94    655.0    675.0   20.0     86.9   1135.2   1214.2   0.801
20260407074744     96     35.0     50.0   20.0     35.6    956.5   1000.7   0.850
20260407074744     96    485.0    515.0   20.0    151.5   1009.2   1011.0   0.806
20260407074744     96   1590.0   1605.0   20.0     20.4   1248.9   1270.4   0.863
20260407074744     98    125.0    165.0   20.0     54.2    910.7    909.3   0.875
20260407074744    102   1145.0   1160.0   20.0     20.1    904.2    904.3   0.647
20260407074744    103    705.0    720.0   20.0     31.7    903.8    903.1   0.676
20260407074744    103    755.0    770.0   20.0     45.9    902.6    902.6   0.750
20260407074744    103   1630.0   1645.0   20.0     23.1    899.3    899.7   0.737
20260407074744    108    965.0    980.0   20.0     37.2    894.6    998.1   0.915
20260407074744    108   1135.0   1150.0   20.0     33.2   1038.2   1049.8   0.599
20260407074744    108   1235.0   1250.0   20.0    130.6   1033.6    894.0   0.760
20260407074744    113     85.0    100.0   20.0     33.2    907.4    986.9   0.809
20260407074744    118   1325.0   1350.0   20.0     53.3    948.7   1132.2   0.908
20260407074744    119     10.0     25.0   20.0     65.4   1132.6   1176.3   0.754
20260407074744    119    155.0    185.0   20.0     62.1   1204.6    909.7   0.873
20260407074744    122    185.0    195.0   20.0     27.4   1282.3   1296.5   0.561
20260407074744    127     85.0    100.0   20.0     23.9   1248.4   1285.0   0.657
20260407074744    127    410.0    425.0   20.0     43.7   1315.7   1322.8   0.660
20260407074744    127    555.0    630.0   20.0     50.5   1360.8   1365.1   0.831
20260407074744    127    750.0    765.0   20.0     51.9   1370.9   1367.1   0.757
20260407074744    127    905.0    920.0   20.0     25.0   1378.9   1351.9   0.890
20260407074744    127    995.0   1010.0   20.0     26.6   1358.4   1359.1   0.828
20260407074744    129     50.0     65.0   20.0     26.2   1038.4   1059.0   0.704
20260407074744    129    140.0    205.0   20.0     72.0   1100.6    953.1   0.868
20260407074744    129    930.0    945.0   20.0     41.1    948.2    947.8   0.754
20260407074744    130     65.0     80.0   20.0     99.6   1035.5    919.8   0.774
20260407074744    130   1435.0   1455.0   20.0    147.9    919.2    918.1   0.842
20260407074744    135   1655.0   1680.0   20.0     56.9    912.7    912.9   0.763
20260407074744    138    915.0    930.0   20.0     28.1    908.5    961.9   0.794
20260407074744    138   1015.0   1030.0   20.0     25.1   1034.7   1062.2   0.519
20260407074744    138   1220.0   1255.0   20.0     38.2   1065.5   1058.8   0.624
20260407074744    138   1320.0   1335.0   20.0     26.6   1065.3   1078.3   0.740
20260407074744    138   1415.0   1430.0   20.0     27.7   1071.3   1074.3   0.421
20260407074744    138   1485.0   1500.0   20.0     20.4   1069.4   1102.4   0.657
20260407074744    138   1555.0   1595.0   20.0     22.9   1092.1   1118.1   0.689
20260407074744    138   1635.0   1645.0   20.0     27.8   1103.4   1102.7   0.418
20260407074744    138   1700.0   1715.0   20.0     24.8   1097.8   1117.5   0.670
20260407074744    138   1785.0   1800.0   20.0     23.1   1138.0   1155.4   0.692
20260407074744    140    620.0    635.0   20.0     77.7    935.1    934.4   0.715
20260407074744    142    300.0    315.0   20.0     84.4    909.6    909.1   0.689
20260407074744    142    785.0    825.0   20.0     35.9    912.4   1136.3   0.875
20260407074744    142    880.0    895.0   20.0     20.7   1135.8   1138.1   0.711
20260407074744    142    930.0    955.0   20.0    127.6   1135.0    911.5   0.872
20260407074744    143    110.0    145.0   20.0     28.7    914.2    987.5   0.841
20260407074744    153     90.0    110.0   20.0     42.7   1451.3   1504.6   0.896
20260407074744    153    565.0    580.0   20.0     20.0   1535.5   1526.6   0.785
20260407074744    153    690.0    705.0   20.0     77.4   1531.6   1602.6   0.867
20260407074744    158    190.0    260.0   20.0     97.7    929.9    929.6   0.850
20260407074744    168    345.0    360.0   20.0     33.9   1088.9   1098.2   0.613
20260407074744    168    730.0    745.0   20.0     45.0   1142.3   1244.0   0.866
20260407074744    169   1015.0   1030.0   20.0     42.3    936.7    936.3   0.698
20260407074744    171    635.0    650.0   20.0     41.1   1696.1   1718.7   0.757
20260407074744    174     50.0     65.0   20.0     27.0   1103.0   1073.0   0.756
20260407074744    174    135.0    150.0   20.0     23.4   1074.9   1079.5   0.770
20260407074744    177    115.0    130.0   20.0     33.2   1233.6   1265.4   0.768
20260407074744    183   1195.0   1225.0   20.0    118.3    954.5    954.2   0.768
20260407074744    183   1680.0   1700.0   20.0     62.3    952.9    952.2   0.783
20260407074744    184    480.0    505.0   20.0     50.9    965.9    967.2   0.831
20260407074744    185   1220.0   1275.0   20.0     58.6    968.4   1130.7   0.752
20260407074744    185   1480.0   1495.0   20.0     22.6   1147.8   1164.9   0.744
20260407074744    194    910.0    950.0   20.0     80.7    966.4    967.9   0.844
20260407074744    197    180.0    200.0   20.0     54.9    995.8    991.2   0.786
20260407074744    197   1175.0   1190.0   20.0     20.6    994.1    994.0   0.646
20260407074744    204    605.0    635.0   20.0     66.6   1540.0   1532.2   0.883
20260407074744    204    780.0    805.0   20.0     77.0   1539.0   1532.2   0.837
20260407074744    210    710.0    725.0   20.0     56.2   1008.9   1008.0   0.587
20260407074744    211    860.0    875.0   20.0     34.3   1008.0   1079.5   0.866
20260407074744    211    920.0    975.0   20.0     41.0   1079.0   1133.9   0.792
20260407074744    214     15.0     65.0   20.0     50.2   1016.0   1175.6   0.843
20260407074744    214    100.0    135.0   20.0     89.8   1179.3   1227.0   0.746
20260407074744    214    255.0    270.0   20.0     20.3   1224.1   1251.7   0.474
20260407074744    214    370.0    380.0   20.0     24.3   1281.1   1301.6   0.472
20260407074744    214    630.0    645.0   20.0    132.5   1427.8   1014.6   0.932
20260407074744    214   1035.0   1055.0   20.0     62.8   1011.1   1011.8   0.812
20260407074744    215   1000.0   1020.0   20.0     65.9   1012.0   1016.6   0.768
20260407074744    220      0.0     15.0   20.0     48.1      0.0   1941.8   0.891
20260407074744    225    145.0    165.0   20.0     75.3   1196.1   1019.3   0.838
20260407074744    227    685.0    795.0   20.0     76.3   1081.6   1367.0   0.934
20260407074744    228    425.0    440.0   20.0     38.0   1056.6   1097.0   0.751
20260407074744    228    585.0    600.0   20.0     73.2   1144.7   1152.3   0.778
20260407074744    228    910.0    925.0   20.0     26.2   1159.4   1157.4   0.726
20260407074744    228   1070.0   1090.0   20.0     96.6   1193.6   1301.2   0.756
20260407074744    228   1140.0   1155.0   20.0     22.5   1273.3   1272.5   0.843
20260407074744    228   1200.0   1215.0   20.0     20.8   1268.6   1262.2   0.588
20260407074744    228   1640.0   1655.0   20.0     27.4   1259.1   1261.5   0.629
20260407074744    229    900.0    915.0   20.0     26.2   1044.9   1093.2   0.776
20260407074744    229   1060.0   1075.0   20.0    141.4   1192.0   1044.8   0.751
20260407074744    229   1345.0   1365.0   20.0     85.3   1046.7   1279.2   0.886
20260407074744    234   1130.0   1150.0   20.0     77.9   1101.5   1294.2   0.867
20260407074744    235   1000.0   1015.0   20.0     29.1   1063.3   1048.0   0.486
20260407074744    236    920.0    935.0   20.0     21.5   1069.4   1070.0   0.634
20260407074744    238   1010.0   1045.0   20.0     49.2   1050.1   1195.7   0.901
20260407074744    238   1135.0   1215.0   20.0     46.9   1201.8   1272.3   0.768
20260407074744    238   1400.0   1415.0   20.0     35.5   1244.4   1243.1   0.686
20260407074744    238   1580.0   1595.0   20.0     29.3   1277.4   1296.2   0.844
20260407074744    238   1735.0   1745.0   20.0     34.5   1303.1   1331.3   0.442
20260407074744    242    945.0    965.0   20.0    215.9   1196.5   1174.8   0.858
20260407074744    242   1015.0   1030.0   20.0     32.9   1174.2   1216.2   0.815
20260407074744    242   1505.0   1540.0   20.0    192.8   1366.6   1168.6   0.865
20260407074744    244    480.0    495.0   20.0     58.7   1157.0   1162.1   0.697
20260407074744    245    655.0    670.0   20.0     47.3   1099.1   1098.5   0.765
20260407074744    245    995.0   1040.0   20.0    187.3   1097.7   1104.2   0.826
20260407074744    246     15.0    165.0   20.0    122.3   1105.1   1298.7   0.910
20260407074744    246    245.0    305.0   20.0     39.8   1318.6   1402.8   0.781
20260407074744    247     85.0    105.0   20.0    127.2   1110.3   1110.4   0.847
20260407074744    247   1225.0   1240.0   20.0     34.4   1111.0   1107.2   0.619
20260407074744    251   1185.0   1205.0   20.0     55.9   1115.4   1115.0   0.728
20260407082102      4    325.0    340.0   20.0     45.0   1219.1   1234.5   0.841
20260407082102      4    730.0    745.0   20.0     30.2   1265.4   1287.2   0.744
20260407082102      8   1085.0   1095.0   20.0     21.2   1353.6   1342.2   0.584
20260407082102      8   1370.0   1400.0   20.0     24.2   1390.3   1375.1   0.824
20260407082102     17   1235.0   1250.0   20.0     22.4   1071.7   1082.2   0.571
20260407082102     24   1690.0   1715.0   20.0     51.0   1087.7   1086.9   0.784
20260407082102     34     85.0    100.0   20.0     45.9    975.6    975.4   0.807
20260407082102     35   1355.0   1370.0   20.0     23.4   1208.7   1298.4   0.922
20260407082102     36    275.0    290.0   20.0     59.1   1051.3   1017.6   0.846
20260407082102     38    260.0    275.0   20.0     23.9   1190.9   1195.2   0.812
20260407082102     38   1650.0   1665.0   20.0     36.2   1270.2   1330.4   0.819
20260407082102     47   1270.0   1285.0   20.0     52.3    936.2    937.5   0.789
20260407082102     49     35.0     50.0   20.0     83.2    990.5    989.6   0.687
20260407082102     49   1565.0   1580.0   20.0     37.2    982.1   1022.2   0.777
20260407082102     51    160.0    175.0   20.0     69.0    940.2   1019.6   0.768
20260407082102     51    725.0    740.0   20.0     29.3   1086.6   1097.3   0.666
20260407082102     51    775.0    825.0   20.0     22.1   1085.9   1101.1   0.766
20260407082102     51    955.0    970.0   20.0     32.8   1099.4   1136.2   0.826
20260407082102     51   1005.0   1020.0   20.0     25.5   1134.7   1154.0   0.818
20260407082102     51   1160.0   1200.0   20.0     31.9   1142.7   1182.2   0.780
20260407082102     53     95.0    110.0   20.0     31.2    921.2    983.1   0.807
20260407082102     53    215.0    230.0   20.0     92.2   1144.2    925.9   0.899
20260407082102     53    385.0    405.0   20.0     42.1    921.7    976.7   0.913
20260407082102     53    685.0    705.0   20.0     29.0   1133.9   1145.4   0.763
20260407082102     53   1010.0   1025.0   20.0     20.3   1150.8   1155.9   0.824
20260407082102     53   1080.0   1095.0   20.0     25.4   1185.1   1219.6   0.899
20260407082102     54   1480.0   1565.0   20.0    168.8    921.9    926.4   0.836
20260407082102     56    175.0    190.0   20.0     21.4   1030.3   1060.7   0.818
20260407082102     62    300.0    340.0   20.0    100.2    927.6    927.8   0.837
20260407082102     62    975.0    990.0   20.0     29.0    926.3    924.0   0.657
20260407082102     63   1700.0   1715.0   20.0     28.4   1011.3    955.5   0.830
20260407082102     76    140.0    165.0   20.0     89.2    981.7    981.3   0.816
20260407082102     76   1210.0   1225.0   20.0     29.6    984.9    971.2   0.735
20260407082102     76   1380.0   1395.0   20.0     55.8    971.9    971.1   0.782
20260407082102     82   1640.0   1655.0   20.0     31.2   1251.1   1260.6   0.616
20260407082102     83   1280.0   1295.0   20.0     74.9    895.7    892.8   0.804
20260407082102     84    140.0    155.0   20.0     22.9   1047.5   1045.0   0.692
20260407082102     84    465.0    480.0   20.0     26.1   1087.0   1131.5   0.686
20260407082102     84    620.0    635.0   20.0     21.5   1163.1   1173.6   0.606
20260407082102     85    225.0    240.0   20.0     33.2    906.5    906.2   0.808
20260407082102     85    485.0    505.0   20.0     37.1    906.8    905.8   0.780
20260407082102     92   1320.0   1335.0   20.0     30.0    977.6    978.1   0.624
20260407082102     93    625.0    685.0   20.0     82.0    912.1    910.7   0.868
20260407082102     93   1225.0   1240.0   20.0     22.7    915.8    910.0   0.500
20260407082102     94     25.0     85.0   20.0     75.0    912.6    964.5   0.845
20260407082102     94    135.0    145.0   20.0     24.0    998.5   1021.6   0.534
20260407082102     95    130.0    170.0   20.0     67.1    902.7    903.0   0.884
20260407082102    103    330.0    370.0   20.0     97.8    907.7    907.4   0.770
20260407082102    108    305.0    320.0   20.0     42.5    896.1    896.7   0.740
20260407082102    110    435.0    450.0   20.0     45.0    960.1    960.7   0.713
20260407082102    113   1065.0   1080.0   20.0     24.6   1097.0   1073.3   0.728
20260407082102    113   1465.0   1480.0   20.0     21.0   1135.6   1121.2   0.656
20260407082102    118   1440.0   1455.0   20.0     40.3    904.5    903.7   0.475
20260407082102    118   1705.0   1725.0   20.0     61.8    904.4   1100.9   0.882
20260407082102    119    430.0    445.0   20.0     69.2    908.9    909.1   0.798
20260407082102    121   1060.0   1085.0   20.0     55.7    915.0    914.7   0.765
20260407082102    127     25.0     40.0   20.0     83.3    919.4   1214.3   0.821
20260407082102    127    100.0    115.0   20.0     26.9   1194.4   1193.4   0.589
20260407082102    128   1645.0   1690.0   20.0    114.2    901.8    905.1   0.797
20260407082102    130    190.0    205.0   20.0     29.8    920.5    980.1   0.880
20260407082102    130    255.0    320.0   20.0    162.5    999.4    926.0   0.762
20260407082102    130    390.0    405.0   20.0     42.4    921.2   1003.0   0.860
20260407082102    130    450.0    465.0   20.0    108.1   1113.0    921.9   0.778
20260407082102    130   1350.0   1365.0   20.0    102.5    914.9   1086.7   0.836
20260407082102    131   1780.0   1795.0   20.0     45.5    909.4   1001.9   0.820
20260407082102    141     80.0     95.0   20.0     96.1   1018.0    915.3   0.768
20260407082102    141    165.0    250.0   20.0    128.0    915.4    916.0   0.755
20260407082102    142    710.0    775.0   20.0    102.3    911.5    915.0   0.841
20260407082102    143      0.0     65.0   20.0     43.6      0.0   1122.3   0.814
20260407082102    143    355.0    370.0   20.0     33.0   1176.0   1222.8   0.840
20260407082102    143    570.0    585.0   20.0     40.4   1193.9   1211.9   0.633
20260407082102    145    390.0    405.0   20.0     24.9    953.0    986.1   0.761
20260407082102    145    800.0    820.0   20.0     42.1   1135.9   1214.3   0.850
20260407082102    145    865.0    880.0   20.0     40.4   1145.1   1162.4   0.860
20260407082102    153     30.0     45.0   20.0     44.2   1533.3   1551.2   0.814
20260407082102    153     80.0     95.0   20.0     61.6   1525.4   1544.7   0.813
20260407082102    153    300.0    315.0   20.0    109.4   1518.0   1613.7   0.867
20260407082102    153   1195.0   1215.0   20.0     91.4   1532.1   1615.4   0.802
20260407082102    156    985.0   1000.0   20.0     40.4    918.5    962.0   0.752
20260407082102    156   1205.0   1225.0   20.0     42.1    987.8    995.5   0.781
20260407082102    156   1300.0   1320.0   20.0     31.0    997.6   1008.8   0.843
20260407082102    156   1520.0   1535.0   20.0     29.0   1002.9   1038.2   0.866
20260407082102    158    495.0    510.0   20.0     34.9   1124.7   1170.5   0.740
20260407082102    158   1435.0   1450.0   20.0     24.6   1245.4   1278.4   0.763
20260407082102    164    135.0    150.0   20.0     43.7   1009.3   1062.8   0.785
20260407082102    164    235.0    250.0   20.0     88.0   1099.7   1004.6   0.794
20260407082102    165   1060.0   1075.0   20.0     31.4   1361.6   1348.2   0.835
20260407082102    175    790.0    805.0   20.0     23.8    962.5   1008.1   0.805
20260407082102    175    985.0   1005.0   20.0     31.1   1086.3   1098.2   0.765
20260407082102    175   1075.0   1160.0   20.0     60.5   1150.5   1246.6   0.826
20260407082102    175   1220.0   1235.0   20.0     29.2   1243.1   1309.8   0.706
20260407082102    175   1360.0   1375.0   20.0    116.7   1181.2    960.9   0.876
20260407082102    186   1540.0   1630.0   20.0     52.9    959.7   1007.7   0.742
20260407082102    187    530.0    550.0   20.0    264.9    976.8    978.8   0.828
20260407082102    187   1720.0   1735.0   20.0     22.1    970.4    972.1   0.548
20260407082102    188     30.0     45.0   20.0    109.2   1110.7    977.6   0.753
20260407082102    188   1305.0   1320.0   20.0     26.9    992.4    985.0   0.742
20260407082102    188   1695.0   1710.0   20.0     42.5    975.0    978.9   0.431
20260407082102    193   1660.0   1675.0   20.0     27.3    983.4    975.3   0.504
20260407082102    193   1725.0   1740.0   20.0     30.4    993.3    984.6   0.451
20260407082102    194   1555.0   1570.0   20.0     65.6    965.8   1101.1   0.740
20260407082102    195   1760.0   1775.0   20.0    190.8    974.5    974.1   0.853
20260407082102    196   1375.0   1390.0   20.0     43.1   1057.2   1046.3   0.648
20260407082102    197    195.0    215.0   20.0    250.9   1001.7    994.2   0.820
20260407082102    197   1670.0   1685.0   20.0     50.9    991.5    990.9   0.788
20260407082102    199     10.0     25.0   20.0     79.2    994.9    993.5   0.600
20260407082102    199    225.0    240.0   20.0     53.2    990.8   1006.7   0.660
20260407082102    199    640.0    655.0   20.0     36.1    992.5    996.1   0.733
20260407082102    199   1235.0   1250.0   20.0     67.7    992.3    990.7   0.687
20260407082102    202      0.0     50.0   20.0     44.8      0.0   1190.1   0.812
20260407082102    202    105.0    120.0   20.0     29.0   1205.7   1261.0   0.745
20260407082102    202    255.0    275.0   20.0    239.0   1330.8    995.2   0.861
20260407082102    202   1440.0   1460.0   20.0     67.4    993.5    994.4   0.867
20260407082102    204    155.0    170.0   20.0     32.2   1546.2   1606.3   0.905
20260407082102    207   1205.0   1225.0   20.0     57.8    987.8    989.1   0.832
20260407082102    210   1470.0   1485.0   20.0     46.2   1009.2   1011.9   0.710
20260407082102    211    175.0    190.0   20.0    124.2   1013.1   1169.8   0.763
20260407082102    211    360.0    385.0   20.0    233.2   1193.7   1008.6   0.833
20260407082102    212     65.0     80.0   20.0     24.5   1506.5   1524.9   0.778
20260407082102    214     25.0     75.0   20.0     37.4   1195.3   1254.1   0.565
20260407082102    214    165.0    215.0   20.0     31.7   1287.7   1320.0   0.725
20260407082102    214    325.0    340.0   20.0     27.1   1318.8   1345.8   0.761
20260407082102    214    385.0    400.0   20.0     30.4   1346.4   1399.0   0.771
20260407082102    214    625.0    640.0   20.0     56.5   1400.5   1021.5   0.933
20260407082102    214   1705.0   1720.0   20.0     36.5   1014.4   1017.7   0.588
20260407082102    215    275.0    335.0   20.0     44.1   1018.4   1255.1   0.926
20260407082102    217    325.0    340.0   20.0     51.8   1050.7   1050.4   0.652
20260407082102    219    410.0    425.0   20.0     68.1   1726.0   1784.6   0.850
20260407082102    222   1355.0   1410.0   20.0     43.4   1102.4   1101.0   0.800
20260407082102    225    830.0    875.0   20.0     89.8   1015.1   1238.4   0.880
20260407082102    225    925.0    940.0   20.0    132.9   1226.5   1013.2   0.863
20260407082102    228    970.0    985.0   20.0     90.9   1068.3   1063.7   0.731
20260407082102    228   1110.0   1125.0   20.0     62.4   1065.3   1066.2   0.787
20260407082102    229    545.0    585.0   20.0     28.7   1053.7   1211.8   0.896
20260407082102    229    635.0    650.0   20.0     42.6   1229.2   1280.2   0.802
20260407082102    229    740.0    755.0   20.0     26.6   1300.3   1288.0   0.487
20260407082102    229    925.0    940.0   20.0     25.8   1306.6   1319.5   0.767
20260407082102    229   1075.0   1090.0   20.0     21.3   1307.8   1319.1   0.675
20260407082102    229   1160.0   1175.0   20.0     45.1   1318.5   1330.7   0.821
20260407082102    229   1470.0   1485.0   20.0     21.9   1399.0   1428.6   0.702
20260407082102    234    105.0    150.0   20.0     35.2   1109.5   1177.2   0.865
20260407082102    234    820.0    840.0   20.0     31.1   1241.2   1372.3   0.749
20260407082102    234    875.0    940.0   20.0     42.7   1369.1   1399.8   0.684
20260407082102    234   1225.0   1265.0   20.0     64.5   1441.1   1448.6   0.900
20260407082102    234   1620.0   1635.0   20.0     29.8   1473.1   1471.1   0.760
20260407082102    235    735.0    780.0   20.0     43.4   1051.3   1277.7   0.762
20260407082102    235    950.0    965.0   20.0     21.9   1286.8   1319.3   0.693
20260407082102    235   1070.0   1085.0   20.0    143.2   1347.4   1058.8   0.782
20260407082102    235   1595.0   1620.0   20.0     62.6   1056.0   1057.1   0.748
20260407082102    236     65.0    145.0   20.0    268.9   1078.2   1075.7   0.883
20260407082102    237    790.0    805.0   20.0     21.2   1176.0   1193.1   0.834
20260407082102    238    510.0    525.0   20.0     26.3   1242.4   1259.0   0.776
20260407082102    238   1050.0   1065.0   20.0     31.8   1326.7   1329.5   0.682
20260407082102    241   1745.0   1770.0   20.0     64.8   2013.3   1851.1   0.878
20260407082102    244    310.0    325.0   20.0     54.4   1156.5   1155.5   0.609
20260407082102    244    705.0    720.0   20.0     55.7   1155.7   1156.1   0.492
20260407082102    244   1085.0   1100.0   20.0     37.4   1153.8   1190.0   0.786
20260407082102    244   1140.0   1155.0   20.0     23.7   1188.0   1223.2   0.757
20260407082102    244   1715.0   1745.0   20.0     44.2   1233.5   1279.6   0.918
20260407082102    245     60.0     75.0   20.0     83.6   1106.1   1105.4   0.706
20260407082102    245    660.0    675.0   20.0     20.5   1102.3   1179.1   0.788
20260407082102    245    900.0    915.0   20.0     40.2   1223.2   1240.8   0.530
20260407082102    245   1125.0   1140.0   20.0     22.5   1227.7   1231.6   0.607
20260407082102    245   1235.0   1270.0   20.0     76.6   1295.7   1125.3   0.833
20260407082102    246     70.0     80.0   20.0     20.2   1412.5   1418.2   0.568
20260407082102    246    115.0    190.0   20.0     64.8   1460.3   1345.6   0.912
20260407082102    246    240.0    255.0   20.0     21.6   1311.1   1377.1   0.803
20260407082102    246    300.0    335.0   20.0     25.0   1424.3   1524.4   0.709
20260407082102    247    315.0    330.0   20.0    124.7   1107.3   1106.9   0.758
20260407085419      2    575.0    595.0   20.0     66.8   1003.2   1001.2   0.806
20260407085419      2   1710.0   1730.0   20.0     45.4    972.7   1464.1   0.881
20260407085419      4    360.0    375.0   20.0     34.7   1312.3   1331.5   0.838
20260407085419      8    605.0    620.0   20.0     22.0   1372.8   1396.8   0.655
20260407085419     17    185.0    200.0   20.0     30.3   1072.8   1097.7   0.741
20260407085419     18    945.0    960.0   20.0     96.6    979.5    981.0   0.742
20260407085419     22    505.0    520.0   20.0     46.1   1438.9   1468.8   0.895
20260407085419     22   1370.0   1385.0   20.0     52.7   1434.0   1490.7   0.835
20260407085419     22   1500.0   1515.0   20.0     50.0   1441.1   1476.1   0.761
20260407085419     28   1360.0   1375.0   20.0     70.9    945.9   1065.8   0.854
20260407085419     28   1435.0   1475.0   20.0    157.8   1101.9    938.8   0.852
20260407085419     28   1615.0   1630.0   20.0     65.0    932.6    930.5   0.750
20260407085419     33   1525.0   1540.0   20.0    101.5    931.8   1153.1   0.856
20260407085419     34   1645.0   1690.0   20.0     52.2    944.8    941.6   0.737
20260407085419     35    490.0    500.0   20.0     21.9   1228.6   1295.1   0.847
20260407085419     36   1790.0   1800.0   20.0     42.1    981.8   1036.7   0.755
20260407085419     42    835.0    850.0   20.0     30.5   1024.7   1006.1   0.629
20260407085419     49    585.0    600.0   20.0     41.4   1027.3    986.7   0.789
20260407085419     49   1465.0   1480.0   20.0     31.2    973.3    973.4   0.780
20260407085419     51     25.0     40.0   20.0     84.7    938.6   1041.1   0.756
20260407085419     51    195.0    230.0   20.0     27.7   1065.2   1114.6   0.840
20260407085419     51    310.0    325.0   20.0     21.2   1114.0   1142.5   0.579
20260407085419     54    710.0    725.0   20.0     49.1    904.7    906.5   0.733
20260407085419     54   1480.0   1495.0   20.0    136.1    898.1    897.0   0.746
20260407085419     54   1640.0   1660.0   20.0    126.3    891.6    925.7   0.902
20260407085419     54   1700.0   1775.0   20.0     50.6    921.6   1038.2   0.833
20260407085419     56    810.0    855.0   20.0     31.2   1009.4   1008.3   0.765
20260407085419     62    135.0    155.0   20.0     76.9    928.3    929.8   0.782
20260407085419     62   1330.0   1390.0   20.0    138.9    913.0    914.2   0.769
20260407085419     63    170.0    185.0   20.0     51.7    958.2   1011.6   0.766
20260407085419     72    355.0    375.0   20.0     69.1    931.7    931.1   0.824
20260407085419     79   1375.0   1390.0   20.0     25.1   1098.4   1163.3   0.931
20260407085419     83   1455.0   1515.0   20.0     83.9    885.1   1005.3   0.822
20260407085419     84    100.0    115.0   20.0     54.3    898.8   1092.6   0.791
20260407085419     84    185.0    200.0   20.0     26.1   1128.2   1174.0   0.710
20260407085419     84    260.0    275.0   20.0     25.0   1178.9   1164.1   0.747
20260407085419     88    145.0    160.0   20.0     38.3    970.8   1013.0   0.809
20260407085419     88    270.0    285.0   20.0     29.5   1043.0   1013.3   0.803
20260407085419     88   1075.0   1090.0   20.0     22.8   1028.5   1007.6   0.778
20260407085419     88   1685.0   1700.0   20.0     31.6   1002.6   1001.8   0.799
20260407085419     92    420.0    435.0   20.0     49.4    982.1    981.6   0.782
20260407085419     93      0.0     10.0   20.0     25.3      0.0    913.3   0.808
20260407085419     93     65.0     95.0   20.0    105.7    913.2    912.3   0.803
20260407085419     94   1280.0   1300.0   20.0     50.1   1191.7    918.1   0.937
20260407085419     95    640.0    655.0   20.0     55.1    897.9    894.2   0.738
20260407085419    100   1470.0   1485.0   20.0     28.4   1293.7   1344.5   0.789
20260407085419    108    280.0    340.0   20.0    109.0    897.0   1080.6   0.805
20260407085419    108    525.0    545.0   20.0     33.2   1073.2   1059.7   0.772
20260407085419    108    605.0    620.0   20.0     50.0   1090.2   1068.9   0.800
20260407085419    108   1740.0   1755.0   20.0     21.3   1121.4   1137.1   0.740
20260407085419    110   1555.0   1605.0   20.0    191.2    958.2    944.2   0.846
20260407085419    113    350.0    365.0   20.0    125.2    908.2    908.9   0.802
20260407085419    119   1740.0   1755.0   20.0     44.6    899.6   1087.8   0.614
20260407085419    122   1340.0   1355.0   20.0     55.4    983.4   1213.4   0.812
20260407085419    126   1490.0   1505.0   20.0     74.9    974.9   1080.2   0.788
20260407085419    126   1790.0   1800.0   20.0     28.7   1025.1   1025.4   0.530
20260407085419    128      0.0     10.0   20.0    121.2      0.0    905.8   0.766
20260407085419    128     50.0     65.0   20.0     39.5    905.9    969.8   0.835
20260407085419    128    165.0    185.0   20.0    156.8   1026.4    905.8   0.855
20260407085419    130    260.0    275.0   20.0     22.8    921.8    925.1   0.520
20260407085419    130    485.0    500.0   20.0     21.1    946.2    922.8   0.744
20260407085419    131    565.0    585.0   20.0     40.8    910.4    915.9   0.809
20260407085419    134    370.0    385.0   20.0     29.6   1195.3   1266.9   0.880
20260407085419    135    315.0    395.0   20.0     96.9    915.7   1165.8   0.850
20260407085419    135    580.0    595.0   20.0     41.1   1129.4   1159.7   0.850
20260407085419    135   1120.0   1135.0   20.0     21.5   1145.7   1171.1   0.800
20260407085419    135   1535.0   1550.0   20.0     42.1   1210.5   1235.7   0.810
20260407085419    138    105.0    120.0   20.0     69.9    912.1   1037.4   0.761
20260407085419    138    205.0    220.0   20.0    112.2   1083.5   1154.7   0.652
20260407085419    138    325.0    340.0   20.0     33.7   1144.2   1172.4   0.801
20260407085419    138    840.0    855.0   20.0     23.8   1095.8   1109.8   0.823
20260407085419    141      5.0     20.0   20.0     40.8    917.5    917.5   0.769
20260407085419    141   1255.0   1270.0   20.0     33.0    909.7    985.8   0.798
20260407085419    141   1700.0   1715.0   20.0     63.1   1020.8   1092.9   0.886
20260407085419    147    365.0    380.0   20.0     21.2    926.8    958.7   0.713
20260407085419    147    425.0    445.0   20.0     58.5    981.3    922.5   0.815
20260407085419    153    360.0    375.0   20.0     81.3   1547.0   1625.5   0.749
20260407085419    156   1120.0   1180.0   20.0     36.0   1040.7   1058.1   0.836
20260407085419    156   1740.0   1755.0   20.0     38.9   1092.0   1110.5   0.427
20260407085419    174     65.0     95.0   20.0    131.4    963.0    962.3   0.757
20260407085419    174    980.0   1000.0   20.0     86.2    954.9   1047.6   0.873
20260407085419    175    530.0    545.0   20.0     26.1    962.6   1025.5   0.895
20260407085419    175    580.0    600.0   20.0     21.3   1078.5   1127.9   0.493
20260407085419    175    635.0    650.0   20.0    142.9   1122.9    969.4   0.892
20260407085419    178   1255.0   1270.0   20.0     23.2   1156.7   1169.5   0.754
20260407085419    185   1260.0   1280.0   20.0    168.7    987.7   1353.2   0.925
20260407085419    185   1405.0   1455.0   10.7    393.0   1519.0   1599.3   0.553
20260407085419    186    155.0    175.0   20.0     64.1    966.4    966.7   0.817
20260407085419    186   1160.0   1180.0   20.0     75.7    960.6    962.4   0.768
20260407085419    193    725.0    740.0   20.0     53.8    976.2    976.7   0.724
20260407085419    194     95.0    110.0   20.0     27.7   1256.9   1275.1   0.697
20260407085419    194    235.0    250.0   20.0     28.5   1230.6   1259.6   0.723
20260407085419    194    495.0    510.0   20.0     26.2   1287.9   1303.5   0.761
20260407085419    194   1160.0   1175.0   20.0     39.1   1258.5   1338.0   0.802
20260407085419    195    340.0    370.0   20.0     35.2    977.9   1201.2   0.814
20260407085419    195    430.0    505.0   20.0     44.2   1219.0   1293.0   0.812
20260407085419    199    360.0    375.0   20.0     44.1   1008.0    998.7   0.763
20260407085419    199   1140.0   1195.0   20.0     44.0   1007.7   1100.1   0.778
20260407085419    199   1375.0   1390.0   20.0     78.1   1192.1   1006.8   0.929
20260407085419    205   1045.0   1205.0   20.0     41.3    997.9   1247.2   0.868
20260407085419    211     50.0     70.0   20.0     74.6   1017.8   1017.8   0.738
20260407085419    211   1140.0   1155.0   20.0     66.4   1008.4   1105.3   0.814
20260407085419    211   1210.0   1225.0   20.0     30.5   1108.3   1155.4   0.823
20260407085419    211   1335.0   1350.0   20.0     39.2   1153.5   1168.6   0.701
20260407085419    211   1535.0   1565.0   20.0     71.3   1171.5   1006.9   0.826
20260407085419    214   1325.0   1390.0   20.0     58.0   1008.4   1055.6   0.762
20260407085419    214   1425.0   1455.0   20.0     68.5   1065.7   1293.5   0.833
20260407085419    215      0.0     45.0   20.0     50.6      0.0   1138.1   0.824
20260407085419    215    140.0    155.0   20.0     40.0   1259.2   1311.0   0.476
20260407085419    215    220.0    235.0   20.0     37.6   1275.5   1273.3   0.614
20260407085419    215    320.0    335.0   20.0     28.7   1299.7   1316.3   0.608
20260407085419    215    425.0    440.0   20.0     26.8   1307.2   1383.1   0.676
20260407085419    215    860.0    875.0   20.0     21.8   1389.5   1393.9   0.733
20260407085419    229      0.0     20.0   20.0     74.2      0.0   1345.5   0.925
20260407085419    229     60.0    110.0   20.0     41.5   1367.7   1354.4   0.864
20260407085419    229    215.0    230.0   20.0     25.3   1435.6   1528.7   0.766
20260407085419    229    405.0    420.0   20.0     24.4   1563.3   1598.4   0.857
20260407085419    229    525.0    540.0   20.0     24.9   1584.0   1336.9   0.944
20260407085419    229    690.0    705.0   20.0     34.5   1077.8   1091.1   0.823
20260407085419    234     75.0     90.0   20.0     43.0   1113.6   1112.4   0.781
20260407085419    234    170.0    185.0   20.0     51.1   1116.0   1194.1   0.846
20260407085419    234    270.0    335.0   20.0     31.6   1239.0   1333.3   0.763
20260407085419    234    370.0    420.0   20.0     42.6   1328.8   1384.4   0.654
20260407085419    234    490.0    505.0   20.0     20.6   1420.6   1421.5   0.512
20260407085419    234    605.0    665.0   20.0     40.1   1441.3   1446.5   0.771
20260407085419    234    780.0    795.0   20.0     34.6   1435.8   1439.0   0.769
20260407085419    235    980.0   1055.0   20.0     57.0   1052.0   1441.9   0.827
20260407085419    236   1705.0   1720.0   20.0     46.0   1068.4   1068.0   0.797
20260407085419    238    575.0    590.0   20.0     20.8   1207.6   1242.7   0.854
20260407085419    245    840.0    855.0   20.0     51.5   1101.2   1100.0   0.797
20260407085419    245   1065.0   1085.0   20.0     68.3   1103.6   1103.5   0.823
20260407085419    246     15.0     30.0   20.0     20.8   1570.8   1586.8   0.601
20260407085419    247    710.0    725.0   20.0     54.1   1109.3   1107.1   0.671
20260407085419    247   1175.0   1195.0   20.0     34.0   1104.2   1107.9   0.734
20260407085419    252   1170.0   1185.0   20.0     21.8   1282.6   1279.7   0.841
20260407092735      2    105.0    120.0   20.0     20.5   1337.5   1327.6   0.772
20260407092735      2    280.0    295.0   20.0     23.0   1364.7   1392.9   0.531
20260407092735      4     75.0     90.0   20.0     24.6   1339.6   1339.6   0.815
20260407092735      4    250.0    265.0   20.0     25.1   1368.8   1384.8   0.776
20260407092735     23   1065.0   1080.0   20.0     55.1    827.7    828.8   0.860
20260407092735     24    230.0    245.0   20.0    143.7   1096.8   1096.1   0.718
20260407092735     27    760.0    775.0   20.0     47.5    875.2    863.4   0.746
20260407092735     28    285.0    300.0   20.0    312.6   1418.1    962.9   0.912
20260407092735     30     15.0     30.0   20.0     37.4   1263.6   1310.4   0.647
20260407092735     30     85.0    100.0   20.0     23.3   1330.4   1332.8   0.782
20260407092735     30    255.0    270.0   20.0     23.0   1361.2   1393.7   0.732
20260407092735     34    715.0    745.0   20.0    216.5   1006.5    884.6   0.868
20260407092735     34   1000.0   1020.0   20.0     37.9    826.6    826.4   0.784
20260407092735     34   1155.0   1195.0   20.0     62.8    817.7    967.6   0.778
20260407092735     34   1270.0   1285.0   20.0    129.2    956.3    816.5   0.764
20260407092735     34   1745.0   1760.0   20.0     38.2    816.2    920.4   0.767
20260407092735     36   1595.0   1610.0   20.0    143.2    893.3    839.3   0.824
20260407092735     40    135.0    150.0   20.0     22.6   1206.6   1228.9   0.718
20260407092735     40   1725.0   1740.0   20.0     23.5    864.9    887.8   0.716
20260407092735     42    705.0    720.0   20.0     92.3    957.7    931.6   0.768
20260407092735     47   1055.0   1075.0   20.0     36.6    802.0    802.2   0.435
20260407092735     47   1140.0   1160.0   20.0    157.4    797.1    797.2   0.864
20260407092735     49    760.0    775.0   20.0     63.3    894.6    883.6   0.812
20260407092735     49   1505.0   1520.0   20.0     28.3    832.5    830.5   0.797
20260407092735     54      5.0     20.0   20.0    133.2    924.5    922.2   0.782
20260407092735     54     55.0     85.0   20.0     81.9    922.6    930.1   0.821
20260407092735     54   1425.0   1440.0   20.0     91.8    777.3    779.1   0.820
20260407092735     60    295.0    310.0   20.0     81.6    940.4   1153.2   0.887
20260407092735     60    500.0    510.0   20.0     26.0   1163.8   1164.1   0.406
20260407092735     60    555.0    585.0   20.0    208.7   1163.2    938.8   0.822
20260407092735     60   1190.0   1240.0   20.0    123.2    804.5    975.0   0.852
20260407092735     62   1530.0   1545.0   20.0     50.8    794.5    973.2   0.858
20260407092735     64   1700.0   1715.0   20.0     26.7    883.0    864.7   0.746
20260407092735     72   1010.0   1050.0   20.0    144.0    808.6    808.9   0.850
20260407092735     72   1605.0   1620.0   20.0    117.0    798.8    796.7   0.741
20260407092735     74    250.0    270.0   20.0     72.9   1025.7   1034.0   0.856
20260407092735     74    590.0    605.0   20.0     56.9   1026.6   1088.7   0.848
20260407092735     82      0.0     15.0   20.0     27.6      0.0   1320.3   0.809
20260407092735     84     45.0     60.0   20.0     26.6   1188.3   1215.8   0.686
20260407092735     87    890.0    910.0   20.0    141.9    863.6    859.7   0.847
20260407092735     88     20.0     45.0   20.0     26.2   1056.9   1246.1   0.857
20260407092735     88    160.0    215.0   20.0     41.0   1298.0   1314.8   0.629
20260407092735     88   1675.0   1690.0   20.0     58.9   1209.9   1273.1   0.757
20260407092735     92   1700.0   1715.0   20.0     47.6    886.1    950.7   0.846
20260407092735     93   1210.0   1230.0   20.0     99.0    805.1    813.1   0.783
20260407092735     93   1690.0   1710.0   20.0    117.1    810.6    809.8   0.840
20260407092735     93   1775.0   1790.0   20.0     75.5    830.0   1057.9   0.934
20260407092735     94     10.0     25.0   20.0     39.6    919.7    917.7   0.724
20260407092735     94    425.0    440.0   20.0     26.4    914.2    914.4   0.792
20260407092735     94    805.0    820.0   20.0     28.3    838.4    831.8   0.568
20260407092735     95   1480.0   1520.0   20.0    208.2    796.6    798.5   0.808
20260407092735     98    830.0    855.0   20.0    247.6    838.1    832.4   0.815
20260407092735    102   1525.0   1540.0   20.0     38.9    812.5    833.2   0.746
20260407092735    102   1585.0   1600.0   20.0    113.7    822.8    817.1   0.786
20260407092735    102   1675.0   1765.0   20.0    104.7    817.1   1172.8   0.826
20260407092735    103   1785.0   1800.0   20.0     20.3    813.8    814.4   0.671
20260407092735    105   1570.0   1585.0   20.0     29.3    863.4    901.7   0.789
20260407092735    106    575.0    590.0   20.0    192.2    904.9    899.4   0.685
20260407092735    106    930.0    950.0   20.0     90.9    818.0    816.9   0.762
20260407092735    108    220.0    235.0   20.0     20.7   1066.7   1080.2   0.716
20260407092735    108    290.0    305.0   20.0     27.7   1074.3   1074.5   0.640
20260407092735    108    345.0    375.0   20.0     21.4   1090.2   1109.5   0.726
20260407092735    108    445.0    460.0   20.0     29.0   1129.4   1158.4   0.790
20260407092735    110    975.0   1025.0   20.0     54.6    867.5   1081.6   0.826
20260407092735    112   1705.0   1720.0   20.0    124.3    822.5    828.4   0.743
20260407092735    113    105.0    120.0   20.0     54.8    915.6   1247.2   0.821
20260407092735    113    180.0    210.0   20.0     64.2   1248.1   1285.6   0.725
20260407092735    117   1050.0   1065.0   20.0     81.6    898.4    896.8   0.746
20260407092735    118   1105.0   1125.0   20.0    155.5    822.2    823.6   0.857
20260407092735    118   1280.0   1295.0   20.0    141.4    820.7    821.0   0.843
20260407092735    119   1500.0   1515.0   20.0     41.8    821.7    821.3   0.743
20260407092735    120    400.0    485.0   20.0    121.5    924.0   1015.8   0.828
20260407092735    120    570.0    585.0   20.0     23.2   1041.3   1046.3   0.471
20260407092735    122   1180.0   1195.0   20.0     22.2    910.3    909.9   0.768
20260407092735    125   1060.0   1075.0   14.3     39.5    829.3    877.3   0.618
20260407092735    125   1115.0   1190.0   20.0     77.2    908.2   1016.5   0.851
20260407092735    125   1310.0   1325.0   20.0     26.0   1125.0   1196.5   0.870
20260407092735    126    435.0    455.0   20.0     91.8    973.8    973.3   0.813
20260407092735    127    185.0    205.0   20.0     29.0   1280.2   1290.3   0.827
20260407092735    128      0.0     10.0   20.0    139.2      0.0    912.3   0.794
20260407092735    128    920.0    935.0   20.0    202.5    848.6    836.4   0.736
20260407092735    128   1140.0   1155.0   20.0     57.9    828.5    898.7   0.792
20260407092735    128   1265.0   1280.0   20.0     22.5    909.1    915.1   0.682
20260407092735    129    290.0    305.0   20.0     51.1    950.0    950.8   0.840
20260407092735    130    960.0    975.0   20.0    103.4    854.3    853.9   0.654
20260407092735    130   1715.0   1730.0   20.0     77.6    844.9    994.2   0.864
20260407092735    131    785.0    810.0   20.0    117.0    864.2    858.8   0.884
20260407092735    131   1205.0   1265.0   20.0    115.4    852.3    983.2   0.872
20260407092735    131   1370.0   1385.0   20.0    126.6   1033.1    864.6   0.843
20260407092735    131   1680.0   1705.0   20.0     69.7    892.4    886.7   0.842
20260407092735    135   1520.0   1535.0   20.0     55.2    889.0    999.7   0.902
20260407092735    140    140.0    155.0   20.0     20.1   1049.6   1104.7   0.710
20260407092735    140    205.0    255.0   20.0    129.8   1100.3    929.6   0.849
20260407092735    140   1515.0   1535.0   20.0     68.6    860.0   1033.9   0.872
20260407092735    140   1650.0   1665.0   20.0     28.8   1058.7   1095.9   0.803
20260407092735    141    515.0    535.0   20.0     39.6    923.0    999.1   0.873
20260407092735    141    775.0    790.0   20.0     26.0    981.6    998.4   0.756
20260407092735    141   1535.0   1555.0   20.0     40.1   1026.1   1070.1   0.826
20260407092735    142    580.0    595.0   20.0     48.5    916.0    912.1   0.808
20260407092735    142    820.0    835.0   20.0     33.3    860.5    857.8   0.655
20260407092735    143    650.0    665.0   20.0     22.4   1154.4   1152.3   0.736
20260407092735    147    725.0    740.0   20.0     53.4    891.8    886.3   0.729
20260407092735    147   1730.0   1755.0   20.0     92.3    959.3    856.6   0.767
20260407092735    153      0.0     15.0   20.0     81.9      0.0   1638.6   0.762
20260407092735    156    170.0    195.0   20.0     23.3   1074.2   1070.6   0.576
20260407092735    156    230.0    290.0   20.0     21.9   1054.0   1097.6   0.710
20260407092735    156    600.0    615.0   20.0     27.2   1086.1   1084.5   0.566
20260407092735    161    720.0    735.0   20.0     37.5    901.7    896.4   0.818
20260407092735    161   1175.0   1190.0   20.0     20.4    874.7    873.9   0.639
20260407092735    161   1410.0   1425.0   20.0     42.0    947.2    886.1   0.594
20260407092735    161   1550.0   1565.0   20.0     94.0    873.8   1063.5   0.849
20260407092735    166   1310.0   1325.0   20.0     71.5    971.1    971.0   0.786
20260407092735    174      0.0     10.0   20.0    103.4      0.0    972.7   0.887
20260407092735    174    955.0    975.0   20.0    159.4    916.0    912.7   0.702
20260407092735    174   1060.0   1075.0   20.0     75.0    909.3    907.9   0.605
20260407092735    175    630.0    650.0   20.0     83.4    961.3    959.1   0.867
20260407092735    175   1270.0   1325.0   20.0    145.8    915.1    940.3   0.915
20260407092735    178   1555.0   1575.0   20.0     72.0   1048.6   1139.4   0.905
20260407092735    183      5.0     20.0   20.0     90.7    967.9    966.2   0.810
20260407092735    184    770.0    785.0   20.0     83.1    943.7    940.3   0.820
20260407092735    184    870.0    885.0   20.0    191.0    943.9    935.6   0.756
20260407092735    185    310.0    325.0   20.0     44.8    977.5    979.7   0.799
20260407092735    185    485.0    515.0   20.0    141.5    978.1    978.7   0.854
20260407092735    185   1390.0   1405.0   20.0     26.4    929.6    943.3   0.690
20260407092735    185   1555.0   1570.0   20.0    125.0    939.4    932.3   0.885
20260407092735    186    775.0    795.0   20.0    161.1    946.2    942.2   0.895
20260407092735    186   1550.0   1610.0   20.0    136.2    925.8   1213.3   0.813
20260407092735    186   1730.0   1755.0   20.0    233.1   1241.0    916.4   0.888
20260407092735    187    185.0    255.0   20.0    192.1    980.7    982.8   0.854
20260407092735    187   1155.0   1195.0   20.0    100.0    931.7   1243.4   0.839
20260407092735    189   1320.0   1335.0   20.0    118.8    985.7    986.6   0.775
20260407092735    193   1430.0   1450.0   20.0     75.3    937.6   1126.5   0.684
20260407092735    195   1280.0   1300.0   20.0     76.1    933.0    939.1   0.811
20260407092735    196    305.0    320.0   20.0     46.3   1051.9   1101.5   0.809
20260407092735    196    375.0    390.0   20.0     20.2   1124.1   1147.4   0.847
20260407092735    196   1750.0   1765.0   20.0     22.6   1169.8   1212.2   0.799
20260407092735    197    935.0    955.0   20.0    160.2    958.1    957.1   0.768
20260407092735    197   1130.0   1180.0   20.0     95.9    953.4   1209.9   0.840
20260407092735    199   1335.0   1410.0   20.0     56.4    956.9   1252.7   0.901
20260407092735    202   1085.0   1100.0   20.0     70.1    962.3   1035.2   0.747
20260407092735    202   1150.0   1180.0   20.0     43.8   1041.5   1111.8   0.775
20260407092735    205      5.0     20.0   20.0     20.2   1072.0   1089.0   0.661
20260407092735    205     60.0     75.0   20.0     25.2   1083.2   1214.5   0.858
20260407092735    205    230.0    280.0   20.0     38.3   1157.9   1263.7   0.756
20260407092735    205    355.0    425.0   20.0     24.9   1239.5   1422.0   0.789
20260407092735    207    730.0    755.0   20.0     86.1    971.6    968.8   0.804
20260407092735    207   1280.0   1295.0   20.0     40.6    952.4    951.8   0.729
20260407092735    211   1115.0   1135.0   20.0    141.4    982.3    983.9   0.884
20260407092735    211   1390.0   1405.0   20.0     72.4    979.2    978.9   0.806
20260407092735    214     30.0    165.0   20.0     97.5   1022.9   1308.6   0.862
20260407092735    214    245.0    260.0   20.0     27.3   1317.4   1315.8   0.794
20260407092735    214    310.0    365.0   20.0     23.0   1332.4   1361.7   0.711
20260407092735    214    430.0    445.0   20.0     36.9   1365.9   1369.0   0.697
20260407092735    216    835.0    845.0   20.0     23.2   1072.2   1071.8   0.498
20260407092735    216   1610.0   1625.0   20.0    126.1   1057.9   1058.5   0.823
20260407092735    218   1000.0   1020.0   20.0     59.3   1076.8   1144.9   0.923
20260407092735    222    175.0    190.0   20.0     35.3   1115.8   1113.4   0.695
20260407092735    222   1170.0   1185.0   20.0     21.6   1071.8   1071.7   0.664
20260407092735    222   1425.0   1455.0   20.0    122.7   1070.9   1307.5   0.868
20260407092735    224   1475.0   1490.0   20.0     47.0   1040.3   1039.6   0.631
20260407092735    224   1665.0   1695.0   20.0     60.9   1039.3   1039.3   0.812
20260407092735    225    710.0    725.0   20.0     29.8   1008.6   1042.5   0.787
20260407092735    227    355.0    370.0   20.0     33.3   1551.2   1588.4   0.650
20260407092735    228   1085.0   1110.0   20.0     34.3   1033.5   1032.6   0.772
20260407092735    229    190.0    225.0   20.0     38.0   1183.7   1214.3   0.818
20260407092735    229    300.0    315.0   20.0     24.7   1236.4   1215.4   0.731
20260407092735    229    445.0    460.0   20.0    143.2   1221.9   1055.2   0.763
20260407092735    234     40.0     55.0   20.0    105.0   1271.0   1383.8   0.901
20260407092735    235     35.0     50.0   20.0     39.2   1285.4   1313.0   0.859
20260407092735    235    105.0    120.0   20.0     25.9   1298.1   1336.2   0.632
20260407092735    235    520.0    535.0   20.0     21.5   1383.3   1405.3   0.799
20260407092735    235   1125.0   1140.0   20.0     20.1   1384.7   1377.3   0.809
20260407092735    238      0.0     25.0   20.0     29.1      0.0   1299.9   0.548
20260407092735    244    545.0    560.0   20.0    159.7   1148.1   1148.3   0.776
20260407092735    244   1300.0   1315.0   20.0    122.9   1122.6   1343.3   0.828
20260407092735    245    750.0    765.0   20.0     58.1   1097.6   1096.8   0.788
20260407092735    245    830.0    920.0   20.0     71.1   1092.7   1403.7   0.733
20260407092735    245    975.0    990.0   20.0     22.2   1411.3   1448.1   0.603
20260407092735    245   1730.0   1745.0   20.0    152.3   1713.6   1103.3   0.881
20260407092735    251    200.0    255.0   20.0    223.4   1124.1   1123.1   0.881
20260407092735    252    220.0    235.0   20.0     24.7   1274.7   1252.2   0.764
20260407100051     17    650.0    680.0   20.0     41.4   1084.6   1134.5   0.875
20260407100051     18    525.0    545.0   20.0     69.7    999.6    998.3   0.757
20260407100051     18    700.0    720.0   20.0    199.5    997.4    998.2   0.925
20260407100051     23   1735.0   1755.0   20.0     95.3    994.6    994.4   0.813
20260407100051     27    875.0    890.0   20.0     32.1    979.3    992.7   0.781
20260407100051     28    470.0    500.0   20.0     76.6    968.3    967.7   0.757
20260407100051     28    800.0    815.0   20.0    218.0    966.2    966.3   0.682
20260407100051     33    925.0    940.0   20.0     84.5    954.8    955.1   0.693
20260407100051     34    915.0    965.0   20.0    299.5    981.9    983.4   0.883
20260407100051     36     45.0     60.0   20.0     60.5   1029.6   1026.4   0.737
20260407100051     40   1385.0   1400.0   20.0     55.5   1005.1   1001.2   0.800
20260407100051     42   1010.0   1025.0   20.0    122.4   1025.6   1025.1   0.824
20260407100051     42   1255.0   1270.0   20.0    147.2   1028.2   1027.3   0.857
20260407100051     45    165.0    180.0   20.0     22.8   1124.1   1137.8   0.791
20260407100051     47    410.0    425.0   20.0     34.5    965.4   1025.2   0.795
20260407100051     47    490.0    545.0   20.0    104.9   1063.3   1155.1   0.774
20260407100051     47   1440.0   1455.0   20.0     25.0   1170.7   1174.3   0.681
20260407100051     47   1745.0   1760.0   20.0     71.0   1221.4    946.3   0.910
20260407100051     49    550.0    565.0   20.0     69.6    997.3    996.4   0.832
20260407100051     49    815.0    830.0   20.0     61.3    994.8   1048.9   0.780
20260407100051     49    890.0    905.0   20.0     20.3   1054.0   1054.5   0.812
20260407100051     49    965.0    985.0   20.0     31.9   1040.6    992.0   0.847
20260407100051     51     35.0     50.0   20.0     24.6   1142.6   1140.5   0.521
20260407100051     54    155.0    250.0   20.0     71.2    925.2   1171.3   0.831
20260407100051     54    320.0    335.0   20.0     71.3   1161.6   1207.5   0.808
20260407100051     54    585.0    600.0   20.0     23.4   1190.9   1210.1   0.760
20260407100051     54    660.0    685.0   20.0     38.5   1197.8   1190.0   0.886
20260407100051     54    755.0    770.0   20.0     26.6   1219.3   1265.4   0.854
20260407100051     54   1155.0   1170.0   20.0     84.1   1249.3   1278.2   0.739
20260407100051     56    505.0    540.0   20.0     61.1   1022.7   1023.2   0.777
20260407100051     60    270.0    285.0   20.0     76.2    944.9    945.1   0.767
20260407100051     60    495.0    530.0   20.0    299.3    943.2    948.0   0.795
20260407100051     60   1055.0   1075.0   20.0    148.3    944.9    945.1   0.800
20260407100051     60   1605.0   1620.0   20.0     69.7    953.7    958.8   0.636
20260407100051     62    250.0    320.0   20.0    100.7    943.0    944.6   0.774
20260407100051     62    890.0    935.0   20.0    240.6    936.9    938.5   0.789
20260407100051     65    460.0    485.0   20.0     37.6    929.1    928.3   0.768
20260407100051     65    625.0    640.0   20.0    207.0    926.4    926.4   0.779
20260407100051     72    485.0    500.0   20.0    154.2    939.7    940.4   0.790
20260407100051     72   1175.0   1195.0   20.0     38.9    941.0    940.9   0.771
20260407100051     74    540.0    555.0   20.0    123.8   1514.1   1574.6   0.670
20260407100051     76    105.0    120.0   20.0     43.4   1081.6   1005.0   0.829
20260407100051     76    510.0    530.0   20.0     47.0    995.2    995.2   0.777
20260407100051     82     50.0     65.0   20.0     21.8   1335.3   1375.1   0.854
20260407100051     85     20.0     35.0   20.0     41.0    915.7    994.6   0.860
20260407100051     85     80.0    140.0   20.0     28.4    996.4   1154.8   0.830
20260407100051     85    205.0    220.0   20.0     62.6   1189.1   1280.4   0.845
20260407100051     87   1075.0   1090.0   20.0     62.0    967.6   1031.6   0.762
20260407100051     87   1415.0   1440.0   20.0    164.1   1055.4    967.9   0.856
20260407100051     90    250.0    265.0   20.0     44.7    988.0   1031.4   0.796
20260407100051     90   1110.0   1125.0   20.0     23.8   1051.7   1121.1   0.780
20260407100051     90   1535.0   1600.0   20.0    289.0   1212.2    989.3   0.831
20260407100051     92   1325.0   1375.0   20.0    114.0   1175.0   1021.6   0.939
20260407100051     93   1020.0   1035.0   20.0     97.0    930.2    930.5   0.836
20260407100051     93   1340.0   1355.0   20.0     58.4    938.7   1073.0   0.857
20260407100051     93   1770.0   1785.0   20.0     20.8   1099.7   1100.9   0.482
20260407100051     94     75.0    100.0   20.0     74.3    920.7   1206.7   0.822
20260407100051     94    140.0    155.0   20.0     28.6   1207.0   1224.6   0.758
20260407100051     94    890.0    905.0   20.0     31.6   1102.8    922.8   0.916
20260407100051     95   1625.0   1640.0   20.0     95.2    911.2   1092.9   0.854
20260407100051     98      0.0     55.0   20.0    264.2      0.0    921.2   0.836
20260407100051    103     25.0     85.0   20.0    250.8    918.8    917.2   0.878
20260407100051    105      0.0     15.0   20.0     55.1      0.0    981.9   0.826
20260407100051    108      0.0     25.0   20.0    142.5      0.0    915.3   0.826
20260407100051    108    120.0    160.0   20.0    133.4    916.1    920.5   0.883
20260407100051    108    720.0    740.0   20.0     52.5   1036.5   1104.2   0.851
20260407100051    108    795.0    810.0   20.0     20.5   1160.4   1149.3   0.790
20260407100051    108    890.0    905.0   20.0     28.0   1177.2   1210.5   0.770
20260407100051    110    165.0    180.0   20.0     47.7    975.7    976.3   0.783
20260407100051    118    365.0    380.0   20.0     29.2    922.5    990.8   0.821
20260407100051    118    420.0    470.0   20.0    250.8   1090.2    924.0   0.824
20260407100051    118    510.0    540.0   20.0    289.5    923.3    923.5   0.835
20260407100051    118   1260.0   1275.0   20.0     88.0    925.0   1106.0   0.806
20260407100051    118   1400.0   1420.0   20.0    127.1   1137.4    927.6   0.918
20260407100051    119   1340.0   1355.0   20.0    147.6    916.8   1181.8   0.818
20260407100051    119   1390.0   1405.0   20.0    257.7   1195.9    917.2   0.770
20260407100051    120      0.0     15.0   20.0     30.1      0.0   1180.5   0.800
20260407100051    120     70.0     85.0   20.0    126.8   1199.6   1345.2   0.803
20260407100051    121    490.0    505.0   20.0     37.0    926.9    927.8   0.772
20260407100051    121    945.0    960.0   20.0     40.6    922.4    996.4   0.750
20260407100051    121   1005.0   1075.0   20.0    114.9   1000.0   1180.5   0.769
20260407100051    125     55.0     70.0   20.0     21.4   1323.6    980.7   0.896
20260407100051    127    100.0    110.0   20.0     25.1    965.4    952.5   0.774
20260407100051    127    165.0    185.0   20.0    148.0    964.7   1198.8   0.921
20260407100051    127    260.0    275.0   20.0     28.9   1268.6   1329.2   0.740
20260407100051    129   1405.0   1420.0   20.0     52.9    953.1   1010.9   0.778
20260407100051    130    415.0    430.0   20.0    226.0    938.1    949.2   0.838
20260407100051    130    995.0   1055.0   20.0     34.3    934.8   1160.0   0.838
20260407100051    130   1140.0   1195.0   20.0     35.3   1195.3   1218.8   0.803
20260407100051    130   1730.0   1745.0   20.0     48.3   1253.7   1278.4   0.588
20260407100051    131      5.0     20.0   20.0     46.4    960.7    923.6   0.889
20260407100051    131    280.0    300.0   20.0     48.7    924.0    925.0   0.757
20260407100051    135     50.0     85.0   20.0    253.3    928.7    927.9   0.886
20260407100051    135    485.0    500.0   20.0     46.8    930.2    930.5   0.775
20260407100051    140   1505.0   1580.0   20.0     94.1    937.8    937.5   0.904
20260407100051    141    995.0   1015.0   20.0     42.3   1114.7    932.1   0.934
20260407100051    141   1450.0   1480.0   20.0     97.9    928.6   1211.2   0.869
20260407100051    142    350.0    365.0   20.0     70.1    925.3    924.5   0.781
20260407100051    142   1325.0   1340.0   20.0     81.7    928.7   1116.9   0.888
20260407100051    142   1405.0   1420.0   20.0     26.5   1151.2   1154.7   0.797
20260407100051    142   1510.0   1530.0   20.0     30.9   1183.9   1189.7   0.809
20260407100051    147    355.0    370.0   20.0     52.0    932.7    935.0   0.808
20260407100051    150   1675.0   1695.0   20.0     52.2   1049.7   1125.5   0.801
20260407100051    151    455.0    470.0   20.0     21.5   1268.8   1349.9   0.828
20260407100051    156    490.0    505.0   20.0     34.5   1149.0   1169.6   0.799
20260407100051    156    770.0    785.0   20.0     27.0   1160.1   1175.6   0.716
20260407100051    161   1015.0   1030.0   20.0     52.2    937.5    937.0   0.644
20260407100051    161   1130.0   1160.0   20.0     72.8    936.8    938.9   0.833
20260407100051    164   1725.0   1740.0   20.0     45.8   1013.2   1094.7   0.755
20260407100051    166    765.0    785.0   20.0     84.7   1051.8   1367.7   0.861
20260407100051    169    320.0    335.0   20.0     39.8    950.8    951.2   0.749
20260407100051    169   1780.0   1795.0   20.0     41.4    950.0    949.5   0.778
20260407100051    174    480.0    500.0   20.0    172.2    970.2    991.4   0.801
20260407100051    174    605.0    620.0   20.0     39.9    989.9    988.8   0.691
20260407100051    174   1370.0   1410.0   20.0    130.3    990.7   1305.3   0.841
20260407100051    184   1275.0   1295.0   20.0    127.1    982.3   1019.7   0.886
20260407100051    184   1400.0   1440.0   20.0     30.8   1019.9   1046.9   0.749
20260407100051    184   1510.0   1525.0   20.0     58.9   1057.3    983.7   0.752
20260407100051    185    515.0    535.0   20.0     55.4    983.7    983.4   0.830
20260407100051    185   1070.0   1090.0   20.0     48.3    986.1    981.0   0.758
20260407100051    186    175.0    190.0   20.0     75.6    976.6    975.9   0.744
20260407100051    186   1090.0   1105.0   20.0     35.7    986.0    978.0   0.737
20260407100051    187    145.0    240.0   20.0     62.4   1037.4   1040.6   0.927
20260407100051    187   1685.0   1725.0   20.0    166.5    992.7   1002.4   0.839
20260407100051    188    685.0    775.0   19.9    201.5    989.9   1432.6   0.829
20260407100051    193     80.0    100.0   20.0    111.7    986.8   1028.0   0.875
20260407100051    193   1555.0   1570.0   20.0     24.4   1002.9   1025.8   0.707
20260407100051    193   1640.0   1655.0   20.0     29.5   1021.6    983.0   0.790
20260407100051    195   1380.0   1435.0   20.0     81.8    979.2    978.3   0.777
20260407100051    197    255.0    280.0   20.0    202.4   1000.9   1000.6   0.812
20260407100051    197   1535.0   1565.0   20.0     47.1   1016.0   1011.7   0.811
20260407100051    199    135.0    195.0   20.0     94.7   1028.5   1332.2   0.845
20260407100051    202   1275.0   1290.0   20.0     33.9   1009.4   1052.6   0.775
20260407100051    202   1390.0   1405.0   20.0     22.3   1061.3   1070.8   0.673
20260407100051    202   1485.0   1500.0   20.0     23.7   1098.3   1118.3   0.699
20260407100051    202   1535.0   1585.0   20.0     81.4   1119.8   1008.1   0.816
20260407100051    210    965.0    980.0   20.0    118.4   1023.2   1024.2   0.731
20260407100051    211    235.0    270.0   20.0     24.6   1023.8   1023.7   0.745
20260407100051    213   1565.0   1620.0   20.0     48.4   1127.3   1128.4   0.755
20260407100051    214     15.0     30.0   20.0     22.2   1165.0   1148.7   0.781
20260407100051    214    325.0    340.0   20.0     27.1   1268.1   1304.0   0.615
20260407100051    214    480.0    495.0   20.0     20.5   1394.6   1392.4   0.630
20260407100051    214   1030.0   1045.0   20.0     33.1   1408.8   1458.4   0.862
20260407100051    214   1145.0   1200.0   20.0     21.3   1449.2   1508.4   0.838
20260407100051    216   1420.0   1465.0   20.0     86.6   1103.9   1103.1   0.822
20260407100051    217    855.0    870.0   20.0     45.8   1053.1   1053.2   0.685
20260407100051    217   1155.0   1170.0   20.0     27.3   1051.4   1081.4   0.760
20260407100051    217   1225.0   1245.0   20.0     67.2   1085.5   1052.1   0.826
20260407100051    218   1260.0   1270.0   20.0     20.4   1314.3   1342.2   0.861
20260407100051    226    440.0    455.0   20.0     21.9   1190.8   1164.4   0.712
20260407100051    226    845.0    860.0   20.0     27.1   1186.3   1166.3   0.697
20260407100051    228    640.0    685.0   20.0    140.7   1113.1   1078.0   0.793
20260407100051    228   1750.0   1765.0   20.0     65.8   1067.1   1068.7   0.581
20260407100051    229    325.0    370.0   20.0    109.9   1057.0   1057.3   0.785
20260407100051    232    100.0    120.0   20.0    143.0   1068.3   1508.3   0.843
20260407100051    232    220.0    240.0   20.0    398.8   1631.9   1065.2   0.891
20260407100051    232    570.0    585.0   20.0     84.8   1061.9   1063.9   0.767
20260407100051    236    835.0    850.0   20.0     37.2   1083.4   1160.9   0.800
20260407100051    236    885.0    950.0   20.0     41.2   1182.5   1334.5   0.860
20260407100051    236   1070.0   1085.0   20.0     22.7   1380.7   1411.7   0.770
20260407100051    236   1315.0   1330.0   20.0     20.5   1407.3   1418.5   0.796
20260407100051    236   1415.0   1430.0   20.0     24.3   1401.7   1415.5   0.737
20260407100051    236   1555.0   1570.0   20.0     20.0   1411.6   1434.0   0.733
20260407100051    236   1615.0   1630.0   20.0     80.5   1444.4   1460.7   0.723
20260407100051    237    445.0    460.0   20.0     22.2   1278.7   1294.2   0.871
20260407100051    238     15.0     25.0   20.0     25.0   1453.9   1494.5   0.529
20260407100051    238    205.0    220.0   20.0     21.0   1441.8   1451.2   0.475
20260407100051    238    680.0    695.0   20.0     33.2   1493.7   1547.1   0.821
20260407100051    242    925.0    960.0   20.0    288.1   1168.0   1168.7   0.890
20260407100051    242   1165.0   1180.0   20.0     87.5   1167.8   1167.2   0.778
20260407100051    244   1050.0   1065.0   20.0    159.9   1148.4   1146.0   0.818
20260407100051    244   1240.0   1265.0   20.0    101.5   1145.7   1484.8   0.788
20260407100051    244   1410.0   1470.0   20.0    224.6   1526.2   1146.6   0.846
20260407100051    245   1020.0   1090.0   20.0     96.9   1116.6   1424.5   0.765
20260407100051    245   1125.0   1185.0   20.0    223.4   1438.3   1105.7   0.807
20260407100051    245   1595.0   1615.0   20.0    105.8   1104.0   1103.9   0.765
20260407100051    251    225.0    270.0   20.0    148.4   1125.0   1145.1   0.957
20260407100051    251   1150.0   1230.0   20.0     29.7   1149.3   1313.0   0.785
20260407100051    251   1265.0   1355.0   20.0     82.6   1310.0   1475.2   0.803
20260407100051    251   1455.0   1475.0   20.0    137.6   1411.6   1128.5   0.905
20260407103408      8   1180.0   1195.0   20.0     24.2   1740.1   1705.5   0.821
20260407103408      8   1630.0   1690.0   20.0     31.1   1684.8   1700.3   0.904
20260407103408     12   1055.0   1070.0   20.0     57.6   1608.6   1654.6   0.772
20260407103408     18     10.0     25.0   20.0     61.6   1006.8   1005.9   0.735
20260407103408     27   1700.0   1715.0   20.0     54.1    969.6    969.2   0.851
20260407103408     28    870.0    885.0   20.0    142.3    970.7    970.3   0.807
20260407103408     32   1520.0   1535.0   20.0     74.1   1658.7   1709.0   0.769
20260407103408     42    280.0    320.0   20.0     63.1   1030.3   1029.8   0.788
20260407103408     47    535.0    550.0   20.0     41.4    948.0    948.7   0.674
20260407103408     49    610.0    625.0   20.0     34.3    992.0    991.1   0.803
20260407103408     51     10.0     25.0   20.0     27.8   1286.7   1330.5   0.814
20260407103408     54     10.0     25.0   20.0     36.1   1130.3   1164.6   0.630
20260407103408     54    180.0    205.0   20.0     43.3   1177.8   1196.0   0.778
20260407103408     54    395.0    410.0   20.0     21.3   1233.0   1247.6   0.853
20260407103408     60    360.0    380.0   20.0     56.9    946.0   1136.3   0.811
20260407103408     60   1410.0   1425.0   20.0     62.7   1356.5   1359.0   0.789
20260407103408     60   1605.0   1620.0   20.0     29.9   1375.4   1377.8   0.778
20260407103408     60   1745.0   1760.0   20.0     22.2   1370.6   1372.2   0.448
20260407103408     62    935.0    950.0   20.0    126.2    940.3    940.0   0.782
20260407103408     72   1275.0   1305.0   20.0     68.8    942.6    943.9   0.823
20260407103408     73   1115.0   1130.0   20.0     20.4   1071.5   1083.4   0.806
20260407103408     76    785.0    820.0   20.0    133.0   1000.9   1011.3   0.829
20260407103408     85   1540.0   1560.0   20.0     71.4    909.4    906.4   0.892
20260407103408     90   1705.0   1740.0   20.0     32.9    989.3    985.8   0.788
20260407103408     92    110.0    125.0   20.0    134.7   1261.8   1003.3   0.858
20260407103408     93     25.0     40.0   20.0     20.3   1271.0   1171.6   0.801
20260407103408     93    820.0    835.0   20.0     28.9    965.3    923.4   0.860
20260407103408     93   1125.0   1140.0   20.0     56.5    920.0    920.4   0.776
20260407103408     94      5.0     65.0   20.0     42.9    927.6   1237.8   0.809
20260407103408     94    200.0    215.0   20.0    156.7   1289.4    928.5   0.875
20260407103408     94   1110.0   1145.0   20.0     64.1    941.7    929.4   0.856
20260407103408     95     10.0     25.0   20.0     21.6    942.9    916.9   0.716
20260407103408     98     55.0     70.0   20.0    287.1    930.4   1215.0   0.879
20260407103408     98    835.0    850.0   20.0     24.1   1187.8   1216.8   0.759
20260407103408     98    920.0    930.0   20.0     33.2   1217.7   1203.6   0.534
20260407103408     98   1460.0   1475.0   20.0     45.0   1192.0   1048.7   0.918
20260407103408    106    260.0    275.0   20.0     37.2    918.7    919.5   0.773
20260407103408    106   1380.0   1405.0   20.0     58.8    920.1    923.4   0.777
20260407103408    108     15.0     30.0   20.0     32.0    926.2    969.4   0.790
20260407103408    108    110.0    125.0   20.0     34.2    984.8   1064.6   0.682
20260407103408    108    425.0    445.0   20.0     40.2   1098.4   1138.3   0.790
20260407103408    108    750.0    765.0   20.0     21.3   1136.7   1170.8   0.775
20260407103408    108   1010.0   1025.0   20.0     21.5   1187.9   1196.1   0.726
20260407103408    112    740.0    805.0   20.0    171.1    927.2    929.3   0.797
20260407103408    120     10.0     25.0   20.0     30.3   1495.5   1525.1   0.830
20260407103408    120     70.0     85.0   20.0     20.2   1482.0   1520.5   0.858
20260407103408    122    450.0    505.0   20.0     67.2   1023.8   1023.7   0.802
20260407103408    122   1320.0   1370.0   20.0     33.1   1021.5   1020.4   0.785
20260407103408    128    935.0    980.0   20.0    250.3    927.3    924.0   0.906
20260407103408    130    150.0    165.0   20.0     84.6   1090.7   1172.7   0.576
20260407103408    130    210.0    225.0   20.0     36.6   1151.7   1149.6   0.655
20260407103408    130    445.0    460.0   20.0     21.7   1120.6   1153.8   0.698
20260407103408    130    600.0    615.0   20.0     87.8   1225.1   1231.6   0.489
20260407103408    130    910.0    925.0   20.0     24.4   1285.7   1277.1   0.651
20260407103408    130   1420.0   1435.0   20.0     20.6   1316.9   1321.2   0.723
20260407103408    131    450.0    465.0   20.0     91.6    923.0   1186.7   0.839
20260407103408    135     55.0     70.0   20.0     41.1   1302.0    946.3   0.927
20260407103408    140   1415.0   1435.0   20.0    168.3    935.6    935.6   0.808
20260407103408    141    220.0    245.0   20.0     54.5    929.4    927.1   0.788
20260407103408    141    640.0    655.0   20.0     38.1    933.8    991.4   0.753
20260407103408    141    755.0    770.0   20.0     20.6   1028.8   1029.6   0.611
20260407103408    141    975.0    990.0   20.0     24.0   1067.2   1113.7   0.622
20260407103408    141   1120.0   1135.0   20.0     26.2   1124.5   1144.6   0.781
20260407103408    141   1410.0   1425.0   20.0     20.4   1127.7   1163.9   0.730
20260407103408    141   1475.0   1495.0   20.0     72.2   1171.7    934.7   0.915
20260407103408    142    235.0    250.0   20.0     20.2   1139.5   1144.3   0.624
20260407103408    142    530.0    545.0   20.0     31.1   1161.6   1175.5   0.742
20260407103408    147     70.0     85.0   20.0     43.9    933.4    933.5   0.783
20260407103408    147    735.0    750.0   20.0    112.4    931.9   1170.6   0.851
20260407103408    147    800.0    845.0   20.0     22.8   1194.9   1192.0   0.666
20260407103408    147   1185.0   1200.0   20.0     64.9   1199.3   1237.2   0.773
20260407103408    147   1235.0   1250.0   20.0     20.1   1225.3   1218.8   0.588
20260407103408    150    555.0    570.0   20.0     51.1   1136.5   1056.4   0.773
20260407103408    156     10.0     35.0   20.0     33.7   1132.6   1258.8   0.834
20260407103408    156     95.0    155.0   20.0     23.4   1298.3   1320.4   0.706
20260407103408    164    650.0    665.0   20.0     92.1   1247.6   1020.5   0.859
20260407103408    169     95.0    110.0   20.0    155.2    954.6   1349.4   0.913
20260407103408    169    220.0    235.0   20.0    281.0   1365.7    965.5   0.841
20260407103408    169    310.0    325.0   20.0     52.1    963.5    962.9   0.770
20260407103408    174      0.0     55.0   16.9     67.9      0.0   1359.9   0.607
20260407103408    174     95.0    165.0   20.0     90.2   1350.5   1261.4   0.792
20260407103408    174    265.0    280.0   20.0     40.8   1253.6   1293.0   0.841
20260407103408    174    320.0    370.0   20.0     44.8   1277.0   1281.3   0.781
20260407103408    174    430.0    445.0   20.0     48.7   1257.6   1282.2   0.790
20260407103408    174    480.0    495.0   20.0     35.6   1256.5   1290.1   0.853
20260407103408    174    710.0    720.0   20.0     25.5   1257.6   1295.6   0.919
20260407103408    174    825.0    840.0   20.0     28.1   1259.1   1285.4   0.853
20260407103408    174    970.0   1000.0   20.0     50.9   1260.6   1293.9   0.893
20260407103408    174   1350.0   1365.0   20.0     40.5   1308.2   1293.2   0.765
20260407103408    174   1550.0   1565.0   20.0     29.7   1285.9   1317.2   0.914
20260407103408    174   1625.0   1640.0   20.0     32.3   1276.6   1322.0   0.937
20260407103408    174   1690.0   1705.0   20.0     56.7   1280.7   1321.8   0.851
20260407103408    174   1790.0   1800.0   20.0     38.0   1278.7   1331.5   0.909
20260407103408    178    290.0    305.0   20.0     56.5   1121.7   1163.4   0.733
20260407103408    183     35.0     50.0   20.0    121.9    971.6   1036.3   0.682
20260407103408    183    105.0    120.0   20.0     55.4   1011.8   1080.2   0.797
20260407103408    183    365.0    380.0   20.0    159.3   1102.3    968.5   0.860
20260407103408    185   1375.0   1435.0   20.0     40.1    980.3   1115.7   0.759
20260407103408    185   1480.0   1495.0   20.0     41.1   1100.0   1056.9   0.678
20260407103408    193    200.0    215.0   20.0     78.5    992.8    991.2   0.701
20260407103408    195   1615.0   1635.0   20.0     50.5    974.9    977.0   0.760
20260407103408    197    355.0    385.0   20.0    103.1    998.4   1054.5   0.843
20260407103408    197    820.0    855.0   20.0    205.9   1009.6   1112.3   0.859
20260407103408    197   1095.0   1145.0   20.0     82.0   1040.3   1099.1   0.835
20260407103408    197   1675.0   1690.0   20.0     74.4   1021.1   1027.4   0.764
20260407103408    207   1170.0   1185.0   20.0     58.8   1056.7    989.8   0.852
20260407103408    207   1755.0   1780.0   20.0     77.5    986.1   1196.4   0.833
20260407103408    210   1470.0   1490.0   20.0    153.1   1022.9   1023.7   0.829
20260407103408    213    535.0    580.0   20.0     30.0   1131.5   1131.2   0.764
20260407103408    214     60.0     75.0   20.0     21.2   1235.1   1238.6   0.647
20260407103408    214    160.0    175.0   20.0     28.2   1238.9   1259.2   0.660
20260407103408    214    375.0    390.0   20.0     20.3   1317.1   1360.5   0.813
20260407103408    214    580.0    595.0   20.0     23.3   1341.8   1365.9   0.780
20260407103408    214   1550.0   1565.0   20.0     22.1   1421.2   1420.4   0.586
20260407103408    217    905.0    920.0   20.0     70.6   1051.5   1162.4   0.790
20260407103408    217    960.0   1000.0   20.0    227.5   1212.8   1050.7   0.895
20260407103408    218    190.0    205.0   20.0     45.0   1127.8   1169.5   0.784
20260407103408    218   1010.0   1075.0   20.0     58.1   1238.2   1457.6   0.855
20260407103408    218   1155.0   1170.0   20.0     41.6   1447.7   1493.8   0.902
20260407103408    218   1290.0   1305.0   20.0     25.8   1454.3   1478.5   0.766
20260407103408    222   1355.0   1370.0   20.0     63.8   1110.1   1110.3   0.845
20260407103408    224    650.0    675.0   20.0     53.3   1076.4   1075.1   0.786
20260407103408    226    135.0    150.0   20.0     23.7   1189.0   1170.8   0.692
20260407103408    228   1390.0   1455.0   20.0     66.4   1069.8   1304.7   0.852
20260407103408    228   1640.0   1650.0   20.0     31.8   1359.6   1398.6   0.414
20260407103408    228   1720.0   1765.0   20.0     82.9   1438.5   1064.2   0.891
20260407103408    237    230.0    245.0   20.0     30.6   1073.6   1136.2   0.821
20260407103408    242   1150.0   1195.0   20.0    214.2   1169.1   1168.3   0.796
20260407103408    242   1705.0   1725.0   20.0     55.9   1161.5   1161.6   0.782
20260407103408    244      0.0     80.0   20.0     81.6      0.0   1154.3   0.777
20260407103408    244    690.0    705.0   20.0     54.7   1149.8   1148.7   0.820
20260407103408    245      0.0     30.0   20.0    171.9      0.0   1113.8   0.773
20260407103408    245   1070.0   1095.0   20.0    109.7   1106.0   1109.2   0.890
20260407103408    245   1545.0   1570.0   20.0     85.2   1101.0   1100.8   0.849
20260407103408    245   1750.0   1765.0   20.0     21.4   1101.5   1123.8   0.744
20260407103408    247    365.0    385.0   20.0    147.0   1115.1   1366.3   0.840
20260407103408    247   1350.0   1365.0   20.0     22.3   1557.8   1568.2   0.882
20260407103408    251    505.0    520.0   20.0     54.7   1119.7   1121.4   0.741
20260407103408    251   1235.0   1250.0   20.0     57.8   1119.2   1117.4   0.757

========================================================================
  End of report
========================================================================
