========================================================================
  STEP NOISE FINDER — SCAN REPORT
========================================================================

Date:       2026-04-22 13:59:50
Folder:     D:/Data/Complete_Runs\KSH01-010C-02L66628w01-205E29a
Files:      19
            - KSH01-010C-02L66628w01-205E29a-OHMX205-UNO256_205_20260406171745_Baseline.tdd
            - KSH01-010C-02L66628w01-205E29a-OHMX205-UNO256_205_20260406172302_Baseline.tdd
            - KSH01-010C-02L66628w01-205E29a-OHMX205-UNO256_205_20260406175621_Baseline.tdd
            - KSH01-010C-02L66628w01-205E29a-OHMX205-UNO256_205_20260406182942_Baseline.tdd
            - KSH01-010C-02L66628w01-205E29a-OHMX205-UNO256_205_20260406190301_Baseline.tdd
            - KSH01-010C-02L66628w01-205E29a-OHMX205-UNO256_205_20260406193621_Baseline.tdd
            - KSH01-010C-02L66628w01-205E29a-OHMX205-UNO256_205_20260406200940_Baseline.tdd
            - KSH01-010C-02L66628w01-205E29a-OHMX205-UNO256_205_20260406204259_Baseline.tdd
            - KSH01-010C-02L66628w01-205E29a-OHMX205-UNO256_205_20260406211617_Baseline.tdd
            - KSH01-010C-02L66628w01-205E29a-OHMX205-UNO256_205_20260406214937_Baseline.tdd
            - KSH01-010C-02L66628w01-205E29a-OHMX205-UNO256_205_20260406222258_Baseline.tdd
            - KSH01-010C-02L66628w01-205E29a-OHMX205-UNO256_205_20260406225618_Baseline.tdd
            - KSH01-010C-02L66628w01-205E29a-OHMX205-UNO256_205_20260406232937_Baseline.tdd
            - KSH01-010C-02L66628w01-205E29a-OHMX205-UNO256_205_20260407000256_Baseline.tdd
            - KSH01-010C-02L66628w01-205E29a-OHMX205-UNO256_205_20260407003616_Baseline.tdd
            - KSH01-010C-02L66628w01-205E29a-OHMX205-UNO256_205_20260407010935_Baseline.tdd
            - KSH01-010C-02L66628w01-205E29a-OHMX205-UNO256_205_20260407014255_Baseline.tdd
            - KSH01-010C-02L66628w01-205E29a-OHMX205-UNO256_205_20260407021613_Baseline.tdd
            - KSH01-010C-02L66628w01-205E29a-OHMX205-UNO256_205_20260407024932_Baseline.tdd

Parameters:
  Amplitude  >= 20.0 mV
  Frequency     0.1 - 20.0 Hz
  Periodicity >= 0.4
  Gap merge  <= 30.0 s

========================================================================
  SUMMARY
========================================================================

  Channels with step noise: 2836
  Total segments detected:  6738
  Files with detections:    19

========================================================================
  DETECTIONS
========================================================================

File               Ch    Start      End   Freq      Amp    PreBL   PostBL  Period
---------------------------------------------------------------------------------
20260406171745      7     20.0     35.0   20.0    123.6    941.1   1248.2   0.833
20260406171745     13    110.0    120.0   20.0     21.2    921.9    920.1   0.430
20260406171745     21    110.0    120.0   20.0     65.0    905.1   1037.4   0.783
20260406171745     34     55.0     70.0   20.0     37.7    877.1    879.5   0.786
20260406171745     46     35.0     50.0   20.0     41.0    877.8    935.2   0.766
20260406171745     61     10.0     25.0   20.0     25.2    845.3    845.4   0.723
20260406171745     69      0.0     15.0   20.0     63.3      0.0    841.0   0.775
20260406171745     83     25.0     40.0   20.0     27.2    840.5    822.2   0.597
20260406171745     83    105.0    120.0   20.0    141.7    823.6    820.1   0.810
20260406171745    105      5.0     20.0   20.0    145.0    875.6    879.5   0.837
20260406171745    111     10.0     65.0   20.0     30.3    823.5    984.7   0.741
20260406171745    134     75.0     95.0   20.0    151.2    821.9    821.4   0.762
20260406171745    152     60.0     85.0   20.0     47.7    827.7    827.6   0.727
20260406171745    191     95.0    110.0   20.0    126.7    909.4   1160.3   0.822
20260406171745    197     40.0     95.0   20.0    306.3    907.5   1378.5   0.871
20260406171745    205     20.0     50.0   20.0     36.0    929.3   1038.0   0.796
20260406171745    205     85.0    100.0   20.0    184.4   1129.1    931.1   0.808
20260406171745    214     75.0     90.0   20.0     21.9    956.7    957.0   0.444
20260406171745    220     40.0     60.0   20.0    187.2    971.6    970.6   0.804
20260406171745    238     90.0    110.0   20.0    186.8   1025.7   1023.4   0.864
20260406171745    245     10.0     35.0   20.0    130.1   1036.2   1035.7   0.783
20260406171745    251     25.0     45.0   20.0    201.3   1065.1   1065.6   0.765
20260406172302      2    800.0    820.0   20.0    115.5    987.4    985.7   0.831
20260406172302      4   1310.0   1325.0   20.0    132.4    972.8    971.6   0.714
20260406172302      5    500.0    530.0   20.0    194.8    963.3    966.6   0.832
20260406172302      5    850.0    865.0   20.0    126.8    961.1   1180.7   0.826
20260406172302      5   1740.0   1755.0   20.0     52.8   1195.6   1251.8   0.699
20260406172302      7    715.0    730.0   20.0    148.4    955.9    953.9   0.795
20260406172302      8     85.0    105.0   20.0     65.8    947.2    946.9   0.764
20260406172302      8   1635.0   1650.0   20.0     73.8    950.6   1012.4   0.760
20260406172302      9    500.0    535.0   20.0    116.7    950.0    951.7   0.793
20260406172302     10   1265.0   1290.0   20.0    103.0    928.8    929.3   0.856
20260406172302     11    640.0    655.0   20.0     46.2    937.3   1032.3   0.822
20260406172302     11   1070.0   1085.0   20.0     29.5   1062.8   1083.0   0.710
20260406172302     11   1460.0   1475.0   20.0     42.0   1192.2   1180.2   0.480
20260406172302     12    250.0    425.0   20.0     99.8    946.9   1297.4   0.832
20260406172302     12    520.0    535.0   20.0     76.5   1252.3   1333.9   0.865
20260406172302     12   1105.0   1120.0   20.0     40.1   1264.6   1311.4   0.827
20260406172302     12   1460.0   1475.0   20.0     73.0   1295.4   1395.0   0.770
20260406172302     14    745.0    770.0   20.0     29.9    970.0    939.1   0.865
20260406172302     14    960.0    990.0   20.0    100.5    951.4    948.2   0.793
20260406172302     16    340.0    355.0   20.0     56.3    933.4    934.8   0.705
20260406172302     16   1140.0   1155.0   20.0     94.7    935.5   1157.3   0.813
20260406172302     16   1310.0   1325.0   20.0     30.2   1217.3   1214.1   0.884
20260406172302     18    960.0   1000.0   20.0    303.6    924.6    926.7   0.815
20260406172302     19     40.0     55.0   20.0    171.3    928.5    920.3   0.798
20260406172302     20    235.0    250.0   20.0     54.4   1330.2   1301.2   0.644
20260406172302     20    285.0    300.0   20.0     26.3   1307.3   1348.9   0.534
20260406172302     20    430.0    500.0   20.0     43.3   1346.7   1340.5   0.618
20260406172302     20   1050.0   1065.0   20.0    278.6   1418.8   1427.1   0.508
20260406172302     20   1100.0   1120.0   20.0    254.3   1427.9   1439.0   0.481
20260406172302     20   1195.0   1205.0   20.0    254.8   1433.3   1438.1   0.428
20260406172302     20   1255.0   1270.0   14.3    276.4   1422.9   1430.4   0.451
20260406172302     20   1315.0   1520.0   19.9    290.7   1420.6   1351.4   0.800
20260406172302     20   1560.0   1695.0   20.0    386.4   1366.2   1392.7   0.750
20260406172302     23   1235.0   1250.0   20.0     57.2    922.8    922.5   0.609
20260406172302     23   1455.0   1470.0   20.0     91.4    922.7   1121.9   0.900
20260406172302     24    195.0    210.0   20.0    104.5    911.5   1114.9   0.840
20260406172302     24    310.0    325.0   20.0     24.4   1143.2   1200.4   0.828
20260406172302     24   1505.0   1520.0   20.0     22.0   1242.0   1263.6   0.875
20260406172302     25    185.0    200.0   20.0     51.3    917.8    916.6   0.632
20260406172302     25   1685.0   1730.0   20.0    144.4    921.7    924.6   0.832
20260406172302     26    875.0    890.0   20.0     23.6    944.5    928.1   0.714
20260406172302     27   1245.0   1270.0   20.0    147.1    905.0    906.5   0.818
20260406172302     27   1335.0   1350.0   20.0     24.9    907.5    936.4   0.634
20260406172302     27   1525.0   1540.0   20.0     24.5    955.3    943.3   0.602
20260406172302     28    235.0    285.0   20.0    165.4    921.1    922.0   0.784
20260406172302     31   1130.0   1175.0   20.0    187.5    911.1    912.5   0.891
20260406172302     32   1200.0   1215.0   20.0    120.6    911.9   1086.4   0.695
20260406172302     33   1150.0   1215.0   20.0     74.1    908.4   1136.2   0.875
20260406172302     33   1395.0   1410.0   20.0    149.0   1110.5    905.0   0.758
20260406172302     34   1040.0   1055.0   20.0     31.7    890.9   1054.6   0.769
20260406172302     34   1090.0   1105.0   20.0     40.8   1074.7   1087.2   0.686
20260406172302     34   1450.0   1465.0   20.0     23.7   1184.9   1207.5   0.732
20260406172302     35   1600.0   1615.0   20.0    122.9    895.3    897.8   0.771
20260406172302     37    655.0    710.0   20.0     65.7    911.9   1013.4   0.781
20260406172302     37    865.0    930.0   20.0     56.4   1081.9   1082.3   0.578
20260406172302     37   1005.0   1020.0   20.0     27.5   1051.5   1073.3   0.654
20260406172302     37   1065.0   1080.0   20.0     24.8   1075.5   1068.4   0.754
20260406172302     37   1115.0   1130.0   20.0     32.2   1049.8   1044.6   0.807
20260406172302     39    170.0    185.0   20.0     21.6    878.7    879.2   0.439
20260406172302     39   1280.0   1295.0   20.0     50.5    891.6    989.0   0.853
20260406172302     39   1335.0   1350.0   20.0     44.0    988.4   1020.0   0.749
20260406172302     39   1435.0   1450.0   20.0     30.4    996.8   1029.7   0.791
20260406172302     39   1720.0   1790.0   20.0     27.8   1046.9   1096.5   0.780
20260406172302     40   1000.0   1010.0   20.0     25.0    964.9    885.2   0.457
20260406172302     40   1470.0   1500.0   20.0    226.2    889.8    889.5   0.771
20260406172302     43   1260.0   1275.0   20.0     86.3    894.1   1133.8   0.829
20260406172302     44   1260.0   1300.0   20.0    121.3    897.3    897.0   0.762
20260406172302     44   1715.0   1730.0   20.0     82.7    897.3    896.4   0.610
20260406172302     45   1300.0   1315.0   20.0     76.3    884.5    885.6   0.832
20260406172302     46     15.0     30.0   20.0     22.8    996.2   1044.5   0.734
20260406172302     46    305.0    320.0   20.0     27.2   1072.2   1067.7   0.619
20260406172302     46    370.0    385.0   20.0     23.4   1067.6   1103.3   0.650
20260406172302     46    740.0    760.0   20.0     90.0   1115.5   1201.0   0.863
20260406172302     46    805.0    820.0   20.0     47.0   1185.4   1136.8   0.724
20260406172302     46    875.0    910.0   20.0     42.9   1192.9   1177.8   0.596
20260406172302     46   1045.0   1060.0   20.0     39.5   1224.7   1262.1   0.736
20260406172302     46   1250.0   1265.0   20.0     38.3   1264.0   1283.8   0.441
20260406172302     47   1040.0   1055.0   20.0    156.9    874.8    885.7   0.646
20260406172302     48    605.0    620.0   20.0     22.9    882.7    979.8   0.763
20260406172302     48    655.0    700.0   20.0    252.8   1013.9    880.6   0.781
20260406172302     48   1230.0   1275.0   20.0     85.1    879.2   1139.6   0.821
20260406172302     48   1315.0   1330.0   20.0     25.6   1149.1   1201.2   0.725
20260406172302     48   1370.0   1385.0   20.0     24.9   1198.9   1216.1   0.674
20260406172302     48   1500.0   1515.0   20.0     36.8   1208.7   1264.2   0.874
20260406172302     49   1690.0   1705.0   20.0     49.6    878.3    944.8   0.768
20260406172302     50   1475.0   1495.0   20.0     87.3    878.1    872.8   0.858
20260406172302     50   1650.0   1665.0   20.0     21.0    883.6    875.7   0.574
20260406172302     51    590.0    605.0   20.0     86.4    865.8   1054.3   0.807
20260406172302     52   1335.0   1355.0   20.0     91.6    877.6    879.0   0.763
20260406172302     53    715.0    730.0   20.0     27.6    868.9    868.4   0.743
20260406172302     53   1110.0   1125.0   20.0     37.9    869.0    871.6   0.738
20260406172302     54    900.0    915.0   20.0     89.8    885.3   1003.6   0.867
20260406172302     54   1655.0   1670.0   20.0     24.5   1154.6   1157.9   0.553
20260406172302     56    205.0    225.0   20.0     78.8    861.2    862.4   0.847
20260406172302     57    640.0    655.0   20.0     75.4    866.1    871.7   0.803
20260406172302     57    995.0   1010.0   20.0     23.1    875.6    872.8   0.583
20260406172302     60   1530.0   1545.0   20.0     41.3    873.8    945.9   0.767
20260406172302     60   1605.0   1625.0   20.0     76.1    973.8    873.5   0.830
20260406172302     61    210.0    245.0   20.0    101.1    865.3    865.8   0.793
20260406172302     61   1095.0   1110.0   20.0     64.2    861.8    933.4   0.827
20260406172302     61   1480.0   1495.0   20.0     23.0   1015.7   1038.9   0.631
20260406172302     62      5.0     25.0   20.0    101.1    847.4   1050.0   0.818
20260406172302     63    650.0    725.0   20.0    171.6    864.5    867.1   0.825
20260406172302     63   1370.0   1385.0   20.0     29.7    869.4    988.1   0.768
20260406172302     63   1495.0   1510.0   20.0     21.1   1009.1   1055.1   0.807
20260406172302     63   1610.0   1625.0   20.0     34.1   1075.4   1107.1   0.854
20260406172302     64    310.0    325.0   20.0     37.7    851.6    906.0   0.739
20260406172302     64    400.0    415.0   20.0     21.2    922.6    952.7   0.701
20260406172302     64    530.0    545.0   20.0     27.9    980.8   1035.9   0.840
20260406172302     64    580.0    595.0   20.0     26.2   1036.2   1073.0   0.808
20260406172302     64    905.0    920.0   20.0     20.9   1062.3   1083.4   0.824
20260406172302     64   1230.0   1275.0   20.0     28.7   1163.5   1193.2   0.816
20260406172302     65    255.0    290.0   20.0     38.4    855.7    959.6   0.852
20260406172302     65    375.0    390.0   20.0     36.2   1017.7   1045.1   0.705
20260406172302     65    655.0    670.0   20.0     20.7   1004.4   1023.3   0.510
20260406172302     65    910.0    940.0   20.0     27.4   1065.9   1091.5   0.857
20260406172302     65   1320.0   1335.0   20.0     29.9   1172.2   1168.7   0.717
20260406172302     65   1675.0   1710.0   20.0     35.6   1195.2   1240.7   0.816
20260406172302     66   1045.0   1060.0   20.0     95.0    867.8    864.3   0.804
20260406172302     66   1570.0   1590.0   20.0    134.0    863.2    864.9   0.846
20260406172302     68    150.0    180.0   20.0     78.7    860.1    862.4   0.780
20260406172302     69    250.0    265.0   20.0     81.0    856.7   1047.2   0.857
20260406172302     69    710.0    725.0   20.0     21.2   1104.5   1129.1   0.805
20260406172302     69    770.0    785.0   20.0     29.0   1141.8   1185.8   0.904
20260406172302     71    590.0    610.0   20.0     34.9    856.0    857.8   0.748
20260406172302     71    795.0    810.0   20.0     70.6    858.3    863.3   0.806
20260406172302     71   1770.0   1785.0   20.0     53.0    860.2    859.8   0.679
20260406172302     75    185.0    200.0   20.0     71.9    856.6   1057.6   0.797
20260406172302     76   1400.0   1415.0   20.0    151.0    894.5    866.0   0.774
20260406172302     77    600.0    615.0   20.0     22.6    849.5    849.8   0.734
20260406172302     77   1765.0   1780.0   20.0     28.7    847.5    901.0   0.754
20260406172302     78    535.0    560.0   20.0     78.9    857.7    984.8   0.759
20260406172302     78    860.0    875.0   20.0     21.4   1040.3   1071.8   0.690
20260406172302     78   1045.0   1065.0   20.0     81.1   1084.9   1079.3   0.837
20260406172302     78   1305.0   1355.0   20.0    183.4   1093.9    863.5   0.850
20260406172302     79   1015.0   1030.0   20.0     64.4    842.9    844.1   0.717
20260406172302     79   1220.0   1235.0   20.0     23.2    843.5    845.8   0.742
20260406172302     80     70.0    120.0   20.0    172.0    842.2    843.2   0.753
20260406172302     81   1605.0   1620.0   20.0     62.7    919.8    850.4   0.780
20260406172302     82    420.0    435.0   20.0     40.2    850.2    849.5   0.764
20260406172302     82    885.0    900.0   20.0    149.9    849.8   1223.6   0.852
20260406172302     83    430.0    445.0   20.0     95.2    836.5    836.5   0.768
20260406172302     85    770.0    795.0   20.0     48.2    847.4    846.8   0.760
20260406172302     85    940.0    955.0   20.0     71.4    847.9   1010.6   0.839
20260406172302     85   1040.0   1055.0   20.0     20.4   1028.5   1045.0   0.534
20260406172302     85   1195.0   1210.0   20.0     27.5   1068.3   1084.6   0.844
20260406172302     86   1495.0   1510.0   20.0     36.7    851.1    851.8   0.776
20260406172302     87   1640.0   1655.0   20.0     71.0    837.7    837.6   0.727
20260406172302     88    170.0    265.0   20.0    113.8    843.2    844.1   0.870
20260406172302     90    945.0    960.0   20.0    167.9    845.4   1234.3   0.849
20260406172302     91   1160.0   1175.0   20.0     62.2    826.6    829.0   0.703
20260406172302     93    555.0    570.0   20.0     26.9    846.2    840.3   0.571
20260406172302     93   1120.0   1135.0   20.0     34.7    850.2    854.5   0.648
20260406172302     94   1525.0   1540.0   20.0     80.0    853.0    850.7   0.697
20260406172302     95    640.0    715.0   20.0    173.1    839.4    837.6   0.829
20260406172302     96    400.0    430.0   20.0    228.1    856.1    856.3   0.833
20260406172302     97   1575.0   1595.0   20.0    131.9    853.9    855.3   0.791
20260406172302     98    790.0    805.0   20.0     60.6    850.8    922.4   0.739
20260406172302     99   1240.0   1265.0   20.0    115.6    847.5    850.1   0.849
20260406172302    100    345.0    360.0   20.0     47.3    826.0    899.0   0.785
20260406172302    100    475.0    520.0   20.0    140.5    922.8    831.8   0.819
20260406172302    101    245.0    260.0   20.0     35.5    834.1    834.5   0.744
20260406172302    101    760.0    785.0   20.0     92.9    835.1   1035.0   0.799
20260406172302    101   1170.0   1185.0   20.0     24.5   1122.6   1144.3   0.769
20260406172302    101   1225.0   1240.0   20.0     22.7   1147.8   1125.6   0.746
20260406172302    103    465.0    490.0   20.0     84.2    837.9    839.4   0.797
20260406172302    104   1220.0   1245.0   20.0    107.8    840.0   1135.0   0.874
20260406172302    105    275.0    290.0   20.0     25.4    823.6    870.0   0.710
20260406172302    105    435.0    480.0   20.0    124.3    964.1    822.2   0.818
20260406172302    106   1015.0   1030.0   20.0     40.7    840.7    904.4   0.767
20260406172302    106   1085.0   1100.0   20.0     70.0    919.7   1018.2   0.736
20260406172302    106   1490.0   1505.0   20.0    133.9   1097.9    827.5   0.870
20260406172302    108    850.0    910.0   20.0    149.4    850.2    858.4   0.762
20260406172302    108   1245.0   1260.0   20.0     63.9    911.8    852.0   0.755
20260406172302    108   1310.0   1325.0   20.0     32.8    855.6    855.5   0.755
20260406172302    110   1660.0   1675.0   20.0     78.0    838.4    999.9   0.799
20260406172302    111    555.0    610.0   20.0     92.0    841.1    843.2   0.769
20260406172302    111    875.0    890.0   20.0     63.2    841.3    843.8   0.800
20260406172302    113    205.0    220.0   20.0     41.7    826.4    827.8   0.772
20260406172302    114    810.0    825.0   20.0    109.6    852.4    852.7   0.805
20260406172302    115   1525.0   1540.0   20.0     37.8    838.0    940.6   0.816
20260406172302    117    655.0    670.0   20.0     66.1    829.9    948.0   0.774
20260406172302    117    745.0    765.0   20.0     27.6    946.6    967.6   0.509
20260406172302    117    820.0    835.0   20.0     29.4    967.3    976.0   0.648
20260406172302    117    870.0    895.0   20.0     42.1    980.1   1027.9   0.685
20260406172302    117    935.0   1005.0   20.0     81.6    980.8    835.5   0.824
20260406172302    118   1330.0   1345.0   20.0     47.5    852.7    854.2   0.738
20260406172302    120   1400.0   1415.0   20.0     40.0    845.0    894.1   0.775
20260406172302    121     90.0    155.0   20.0    127.7    838.9   1112.1   0.857
20260406172302    121    465.0    480.0   20.0     95.1   1121.5   1282.0   0.868
20260406172302    122     15.0     35.0   20.0    177.0   1013.6    831.8   0.778
20260406172302    122    555.0    570.0   20.0     33.4    835.4    836.0   0.786
20260406172302    122    610.0    630.0   20.0    170.0    835.7    835.8   0.805
20260406172302    123    495.0    535.0   20.0    151.1    818.4    816.8   0.762
20260406172302    123   1120.0   1135.0   20.0     39.5    818.3    818.2   0.736
20260406172302    124    965.0    980.0   20.0    125.2    846.2   1059.7   0.820
20260406172302    124   1040.0   1055.0   20.0     96.5   1023.7    843.3   0.833
20260406172302    126    980.0    995.0   20.0     52.1    852.7    852.4   0.730
20260406172302    126   1395.0   1410.0   20.0     22.6    872.3    858.7   0.718
20260406172302    128   1425.0   1440.0   20.0     52.2    837.6    836.6   0.774
20260406172302    132   1035.0   1060.0   20.0     66.3    894.1    850.6   0.747
20260406172302    133   1215.0   1250.0   20.0    113.3    852.7    857.4   0.801
20260406172302    134    145.0    160.0   20.0     30.6   1027.1    954.9   0.915
20260406172302    134    595.0    610.0   20.0    115.2    970.2    841.7   0.768
20260406172302    135   1235.0   1250.0   20.0     41.7    852.5    914.7   0.794
20260406172302    135   1310.0   1335.0   20.0     35.9    929.0    975.7   0.796
20260406172302    135   1670.0   1685.0   20.0     37.8   1010.0   1013.0   0.826
20260406172302    137      0.0     15.0   20.0     95.0      0.0   1102.8   0.823
20260406172302    137    565.0    585.0   20.0    112.3   1058.5    838.1   0.836
20260406172302    137   1315.0   1330.0   20.0     35.3    845.4    845.0   0.678
20260406172302    138    450.0    485.0   20.0     83.0    860.3   1034.7   0.844
20260406172302    138    620.0    745.0   20.0     46.5   1002.1   1207.7   0.869
20260406172302    138    910.0    925.0   20.0     20.4   1205.1   1230.8   0.762
20260406172302    139   1290.0   1365.0   20.0     56.5    865.9   1035.6   0.808
20260406172302    139   1430.0   1445.0   20.0     36.3   1037.9   1038.3   0.784
20260406172302    139   1760.0   1775.0   20.0    198.7   1026.3    840.9   0.758
20260406172302    141    875.0    890.0   20.0     26.0    867.8    852.1   0.732
20260406172302    142   1700.0   1715.0   20.0     70.7    864.6   1016.6   0.830
20260406172302    143   1675.0   1755.0   20.0     58.7    898.8   1041.5   0.709
20260406172302    144     25.0     85.0   20.0     32.2    956.2   1003.9   0.711
20260406172302    144    350.0    360.0   20.0     20.1   1001.5   1004.9   0.477
20260406172302    144    425.0    440.0   20.0     36.7   1025.2   1049.6   0.589
20260406172302    144    495.0    525.0   20.0     29.6   1068.0   1110.7   0.841
20260406172302    144    630.0    670.0   20.0    131.3   1143.0    857.0   0.909
20260406172302    144   1500.0   1545.0   20.0    110.3    861.9    864.9   0.804
20260406172302    145    855.0    875.0   20.0    107.6    901.7   1153.0   0.854
20260406172302    148    490.0    505.0   20.0    140.3    852.2   1117.3   0.906
20260406172302    148    970.0    980.0   20.0    215.9   1239.6   1231.2   0.441
20260406172302    148   1335.0   1380.0   20.0    101.0   1240.1   1228.6   0.841
20260406172302    149     25.0     45.0   20.0    179.9    838.7   1244.9   0.805
20260406172302    149    110.0    135.0   20.0     31.6   1228.4   1316.6   0.755
20260406172302    149    765.0    775.0   20.0     29.6   1354.0   1313.9   0.798
20260406172302    149    815.0   1020.0   20.0    225.8   1196.4   1287.0   0.892
20260406172302    149   1070.0   1085.0   20.0     44.5   1277.5   1307.8   0.753
20260406172302    150   1030.0   1045.0   20.0     57.7    874.4    975.9   0.751
20260406172302    150   1165.0   1180.0   20.0     36.5    970.1    981.2   0.795
20260406172302    150   1320.0   1380.0   19.2    167.1    999.9    875.0   0.761
20260406172302    152   1570.0   1590.0   20.0     29.8    858.6   1028.8   0.848
20260406172302    154    820.0    835.0   20.0     25.7    860.6    860.4   0.466
20260406172302    154   1715.0   1735.0   20.0     95.8    860.2    859.6   0.820
20260406172302    157    800.0    815.0   20.0     62.8    867.6    867.6   0.778
20260406172302    157   1555.0   1570.0   20.0     68.2    869.7    870.5   0.756
20260406172302    158   1505.0   1550.0   20.0    219.2    861.1    860.6   0.775
20260406172302    161   1715.0   1730.0   20.0    144.9    873.5    874.3   0.708
20260406172302    162    320.0    335.0   20.0     40.7    873.2    930.1   0.763
20260406172302    162    375.0    390.0   20.0     36.7    943.3   1061.0   0.830
20260406172302    162    480.0    495.0   20.0     46.1   1039.6   1110.7   0.781
20260406172302    162    530.0    545.0   20.0     27.6   1146.0   1105.1   0.522
20260406172302    162    650.0    715.0   20.0     42.4   1105.6   1106.3   0.693
20260406172302    162    855.0    870.0   20.0     39.1   1146.6   1129.9   0.678
20260406172302    162   1060.0   1075.0   20.0     20.0   1207.8   1233.4   0.684
20260406172302    165    645.0    690.0   20.0     81.4    878.9    878.7   0.794
20260406172302    165    735.0    750.0   20.0     33.2    877.4    877.7   0.803
20260406172302    166   1595.0   1610.0   20.0     57.9    882.0    941.7   0.768
20260406172302    167    125.0    140.0   20.0     24.7    875.6    875.9   0.611
20260406172302    169    540.0    555.0   20.0    104.2    885.1    886.1   0.829
20260406172302    171   1385.0   1425.0   20.0    117.9    879.7    883.4   0.768
20260406172302    172   1400.0   1415.0   20.0     78.6    901.2   1065.0   0.834
20260406172302    172   1610.0   1670.0   20.0     49.3   1086.7   1219.4   0.867
20260406172302    174    755.0    770.0   20.0     56.5    902.3    902.9   0.753
20260406172302    174   1220.0   1240.0   20.0    218.2    909.4    909.1   0.893
20260406172302    177    665.0    685.0   20.0     51.9    902.0    901.0   0.770
20260406172302    177    970.0    985.0   20.0     95.9    899.6   1161.5   0.789
20260406172302    177   1300.0   1315.0   20.0     34.3   1218.5   1243.1   0.792
20260406172302    177   1360.0   1375.0   20.0     24.7   1243.2   1263.9   0.830
20260406172302    180     50.0     95.0   20.0     65.3    896.5   1120.0   0.797
20260406172302    180    375.0    385.0   20.0     20.2   1164.0   1175.3   0.495
20260406172302    181    585.0    605.0   20.0    178.1    895.5   1476.8   0.924
20260406172302    182    605.0    635.0   20.0    126.4    899.8    900.8   0.796
20260406172302    182    690.0    705.0   20.0     29.6    901.1   1004.5   0.832
20260406172302    182    820.0    870.0   20.0     23.8   1117.0   1156.7   0.780
20260406172302    182    915.0    930.0   20.0     25.5   1172.1   1191.2   0.756
20260406172302    182   1140.0   1155.0   20.0     30.5   1241.6   1256.4   0.805
20260406172302    182   1335.0   1350.0   20.0     27.8   1247.8   1253.8   0.873
20260406172302    182   1550.0   1565.0   20.0     20.7   1262.1   1283.2   0.893
20260406172302    183   1310.0   1325.0   20.0     97.0    912.4   1028.9   0.756
20260406172302    183   1360.0   1375.0   20.0     24.3   1065.3   1066.5   0.560
20260406172302    183   1455.0   1475.0   20.0     48.8   1008.6   1067.4   0.790
20260406172302    183   1530.0   1545.0   20.0     34.4   1086.4   1097.6   0.648
20260406172302    183   1620.0   1635.0   20.0     41.2   1126.4   1167.4   0.745
20260406172302    183   1785.0   1800.0   20.0     37.9   1176.0   1198.0   0.605
20260406172302    185    995.0   1015.0   20.0     98.4    890.4    891.0   0.896
20260406172302    187    580.0    595.0   20.0    133.8    902.9    903.8   0.697
20260406172302    187    830.0    850.0   20.0     53.8    905.2    908.8   0.797
20260406172302    188     95.0    110.0   20.0    107.7    919.8   1104.5   0.802
20260406172302    188    570.0    605.0   20.0     26.1   1165.2   1213.1   0.783
20260406172302    188    840.0    855.0   20.0     20.2   1243.7   1270.5   0.830
20260406172302    190   1240.0   1255.0   20.0     31.5    926.3    992.1   0.733
20260406172302    190   1320.0   1335.0   20.0    150.9   1048.7    930.2   0.794
20260406172302    191    965.0    980.0   20.0    161.1    934.7    940.7   0.878
20260406172302    193   1080.0   1090.0   20.0     21.3    931.1    931.1   0.425
20260406172302    194   1040.0   1085.0   20.0     83.2    921.0    918.5   0.751
20260406172302    195   1310.0   1325.0   20.0     49.5    924.2    924.6   0.759
20260406172302    196    340.0    355.0   20.0    151.5    921.9   1289.9   0.873
20260406172302    197    485.0    500.0    2.8    223.1   1415.4   1427.2   0.605
20260406172302    197    600.0    650.0   20.0    287.2   1418.7   1446.5   0.751
20260406172302    197    720.0   1350.0   20.0    298.7   1443.8   1392.3   0.863
20260406172302    197   1390.0   1800.0   20.0    254.6   1389.8   1454.8   0.833
20260406172302    198     70.0    135.0   20.0    157.7    934.1   1308.6   0.814
20260406172302    198    260.0    275.0   20.0    162.1   1403.8   1129.2   0.687
20260406172302    198    445.0    460.0   20.0     53.4   1023.6   1057.9   0.736
20260406172302    198    635.0    650.0   20.0     65.2   1083.9   1106.4   0.806
20260406172302    198    875.0    895.0   20.0     68.0   1139.2   1137.0   0.806
20260406172302    198    970.0    985.0   20.0     35.5   1137.4   1180.4   0.889
20260406172302    198   1080.0   1095.0   20.0     20.4   1176.4   1183.4   0.445
20260406172302    198   1470.0   1480.0   20.0     23.9   1265.9   1270.7   0.619
20260406172302    198   1545.0   1570.0   20.0     55.9   1288.7   1312.5   0.848
20260406172302    198   1735.0   1750.0   20.0     35.2   1402.7   1454.0   0.790
20260406172302    199    625.0    720.0   20.0    244.9    931.7    933.0   0.798
20260406172302    199    880.0    895.0   20.0     27.7    946.3    971.9   0.790
20260406172302    199    955.0   1045.0   20.0     67.3    998.2   1116.9   0.783
20260406172302    199   1110.0   1125.0   20.0     20.9   1106.0   1122.9   0.728
20260406172302    199   1270.0   1285.0   20.0     37.4   1186.9   1202.2   0.862
20260406172302    199   1340.0   1355.0   20.0     31.5   1214.6   1228.6   0.515
20260406172302    200   1470.0   1510.0   20.0    178.5    950.6   1352.8   0.913
20260406172302    202   1120.0   1160.0   20.0    108.1    956.0    952.6   0.854
20260406172302    202   1475.0   1490.0   20.0    171.9    952.4   1335.4   0.814
20260406172302    203   1425.0   1440.0   20.0     25.4    934.1    967.6   0.739
20260406172302    203   1650.0   1670.0   20.0     75.8   1032.0    945.7   0.752
20260406172302    205    750.0    770.0   20.0    226.1    946.4    945.4   0.813
20260406172302    205   1090.0   1125.0   20.0    158.8    947.0    946.8   0.784
20260406172302    206   1060.0   1075.0   20.0     92.0    944.2   1089.0   0.784
20260406172302    206   1120.0   1135.0   20.0     25.2   1102.9   1116.9   0.775
20260406172302    206   1190.0   1205.0   20.0     33.8   1128.5   1139.9   0.701
20260406172302    206   1410.0   1425.0   20.0     22.9   1206.1   1251.4   0.728
20260406172302    206   1540.0   1555.0   20.0     21.4   1257.8   1279.3   0.879
20260406172302    208   1190.0   1220.0   20.0     90.1    956.3    957.5   0.819
20260406172302    209    170.0    185.0   20.0     40.6    950.4    948.6   0.783
20260406172302    210   1280.0   1290.0   20.0     33.8    958.5    959.5   0.412
20260406172302    211   1615.0   1630.0   20.0     22.6    958.5    959.1   0.597
20260406172302    212    225.0    335.0   20.0     64.1   1048.2   1174.1   0.843
20260406172302    212    440.0    545.0   20.0    119.0   1203.9   1209.7   0.846
20260406172302    212    640.0    655.0   20.0     40.3   1274.9   1302.7   0.724
20260406172302    212    715.0    795.0   20.0     64.4   1311.8   1379.4   0.883
20260406172302    212    920.0    935.0   20.0     27.2   1395.5   1357.3   0.791
20260406172302    212   1140.0   1155.0   20.0     22.6   1305.5   1316.2   0.551
20260406172302    212   1300.0   1365.0   20.0     55.7   1322.3   1444.7   0.816
20260406172302    213    360.0    430.0   20.0    190.9    960.2    960.7   0.929
20260406172302    214   1620.0   1635.0   20.0     29.4    982.7    990.5   0.582
20260406172302    216   1750.0   1800.0   20.0     33.9    987.7   1082.1   0.812
20260406172302    219   1050.0   1165.0   20.0     66.1    991.7   1246.6   0.856
20260406172302    219   1300.0   1315.0   20.0     37.8   1314.2   1355.0   0.860
20260406172302    220   1505.0   1520.0   20.0    118.5    993.7    994.3   0.764
20260406172302    221    120.0    135.0   20.0    128.6    975.7   1135.2   0.763
20260406172302    221    320.0    345.0   20.0     37.7   1166.5   1194.3   0.853
20260406172302    221    545.0    625.0   20.0     63.3   1186.4   1234.4   0.839
20260406172302    221    760.0    775.0   20.0     35.5   1278.4   1313.7   0.741
20260406172302    221    825.0    840.0   20.0    219.9   1310.9    972.7   0.862
20260406172302    223   1535.0   1555.0   20.0     92.7    987.2   1162.4   0.866
20260406172302    223   1595.0   1610.0   20.0     20.9   1177.9   1186.4   0.755
20260406172302    224    670.0    685.0   20.0     77.7   1000.0    994.0   0.797
20260406172302    225    830.0    955.0   20.0    118.8   1013.9   1077.3   0.920
20260406172302    225   1040.0   1100.0   20.0     29.6   1140.6   1359.4   0.738
20260406172302    226    650.0    720.0   20.0    180.9   1001.1   1000.0   0.902
20260406172302    226   1215.0   1295.0   20.0     98.1   1003.5   1180.1   0.779
20260406172302    226   1340.0   1375.0   20.0     41.1   1198.6   1192.7   0.813
20260406172302    226   1540.0   1585.0   20.0     50.4   1236.6   1225.4   0.894
20260406172302    226   1635.0   1695.0   20.0     55.5   1244.0   1268.3   0.814
20260406172302    228    870.0    885.0   20.0     20.5   1025.9   1025.8   0.548
20260406172302    228    925.0    960.0   20.0     49.9   1024.0   1025.1   0.766
20260406172302    228   1245.0   1280.0   19.8    154.8   1021.6   1023.6   0.769
20260406172302    228   1610.0   1630.0   20.0    239.5   1015.4   1448.0   0.817
20260406172302    229   1650.0   1665.0   20.0    308.7   1008.7   1008.3   0.843
20260406172302    230      0.0     15.0   20.0     45.2      0.0    332.0   0.746
20260406172302    232    865.0    945.0   20.0    232.0   1022.5   1397.6   0.833
20260406172302    232   1085.0   1100.0   20.0     47.3   1416.8   1519.2   0.900
20260406172302    233    590.0    675.0   20.0    154.5   1011.6   1332.6   0.822
20260406172302    234   1165.0   1185.0   20.0    100.7   1048.5   1039.5   0.831
20260406172302    234   1425.0   1440.0   20.0     27.3   1050.2   1029.2   0.843
20260406172302    234   1560.0   1575.0   20.0     77.5   1030.0   1031.4   0.852
20260406172302    235   1555.0   1685.0   20.0     45.2   1027.6   1142.5   0.813
20260406172302    235   1770.0   1785.0   20.0    103.8   1094.8   1132.4   0.812
20260406172302    236    610.0    625.0   20.0     65.1   1032.9   1033.5   0.803
20260406172302    236    860.0    875.0   20.0    197.1   1035.5   1031.1   0.843
20260406172302    236   1575.0   1590.0   20.0    101.4   1038.0   1041.7   0.793
20260406172302    236   1655.0   1670.0   20.0    442.8   1042.3   1040.3   0.793
20260406172302    237   1385.0   1405.0   20.0     75.6   1020.2   1024.4   0.776
20260406172302    238    475.0    495.0   20.0    130.0   1040.5   1042.1   0.706
20260406172302    239   1735.0   1760.0   20.0     82.8   1028.9   1028.2   0.760
20260406172302    240   1315.0   1345.0   20.0    145.4   1043.1   1038.9   0.853
20260406172302    240   1605.0   1620.0   20.0    113.0   1040.4   1042.5   0.806
20260406172302    241   1295.0   1325.0   20.0    251.1   1039.4   1040.2   0.892
20260406172302    241   1450.0   1580.0   20.0     47.1   1038.4   1298.2   0.837
20260406172302    241   1645.0   1660.0   20.0     28.6   1358.9   1397.0   0.607
20260406172302    241   1710.0   1770.0   20.0     44.1   1425.4   1434.6   0.636
20260406172302    243    395.0    430.0   20.0    240.9   1042.1   1041.2   0.863
20260406172302    243   1185.0   1205.0   20.0    123.2   1039.2   1039.4   0.847
20260406172302    243   1280.0   1300.0   20.0    153.9   1038.9   1040.4   0.836
20260406172302    245    525.0    540.0   20.0    101.7   1046.8   1048.7   0.831
20260406172302    245    615.0    625.0   20.0     45.7   1047.5   1047.7   0.409
20260406172302    245   1650.0   1670.0   20.0    214.9   1052.3   1441.0   0.842
20260406172302    246   1595.0   1615.0   20.0    106.0   1069.7   1071.8   0.816
20260406172302    248   1180.0   1190.0   16.7     24.7   1086.1   1101.5   0.422
20260406172302    249    355.0    370.0   20.0     40.9   1064.9   1121.3   0.804
20260406172302    249    715.0    790.0   20.0     44.9   1148.7   1296.2   0.904
20260406172302    249   1035.0   1070.0   20.0     44.1   1452.0   1150.9   0.929
20260406172302    249   1325.0   1340.0   20.0     22.1   1182.5   1180.4   0.651
20260406172302    250    620.0    635.0   20.0    100.3   1113.2   1338.0   0.849
20260406172302    250   1345.0   1360.0   20.0     22.6   1460.5   1478.3   0.779
20260406172302    251     40.0     90.0   20.0    116.5   1081.0   1082.9   0.769
20260406172302    251   1145.0   1155.0   20.0     67.0   1084.1   1081.3   0.656
20260406172302    252    950.0    965.0   20.0     32.5   1121.1   1116.0   0.858
20260406172302    252   1415.0   1430.0   20.0     78.0   1099.9   1104.7   0.751
20260406172302    253    505.0    580.0   20.0     62.0   1086.0   1309.0   0.786
20260406172302    253    630.0    640.0   20.0     50.1   1362.3   1397.5   0.488
20260406172302    253    735.0    750.0   20.0     40.9   1437.3   1397.1   0.775
20260406172302    253    830.0    855.0   20.0     42.8   1408.0   1489.8   0.782
20260406172302    253   1360.0   1375.0   20.0     24.8   1485.3   1499.3   0.894
20260406172302    253   1560.0   1590.0   20.0     32.9   1480.9   1491.0   0.897
20260406172302    253   1625.0   1640.0   20.0     46.6   1488.3   1489.2   0.751
20260406172302    253   1705.0   1720.0   20.0     27.2   1485.5   1532.3   0.821
20260406172302    253   1790.0   1800.0   20.0     23.9   1515.1   1527.5   0.837
20260406172302    254    115.0    155.0   20.0    230.9   1106.6   1116.9   0.858
20260406172302    254    775.0    820.0   20.0    261.6   1108.4   1107.1   0.808
20260406172302    254   1120.0   1135.0   20.0     95.5   1103.7   1100.9   0.773
20260406172302    255    110.0    125.0   20.0     60.9   1103.0   1172.1   0.751
20260406172302    255    165.0    280.0   20.0     38.6   1175.7   1286.7   0.810
20260406172302    255    320.0    450.0   20.0    195.1   1336.0   1098.4   0.743
20260406172302    255    660.0    720.0   20.0    213.1   1109.2   1097.9   0.839
20260406172302    255   1250.0   1270.0   20.0     63.9   1094.4   1404.9   0.833
20260406172302    255   1305.0   1320.0   20.0     34.8   1434.5   1445.6   0.676
20260406172302    255   1365.0   1395.0   20.0    261.4   1455.6   1091.6   0.827
20260406172302    256   1225.0   1240.0   20.0     22.5   1143.8   1139.3   0.566
20260406172302    256   1470.0   1490.0   20.0    118.5   1135.9   1133.0   0.856
20260406175621      1     80.0     95.0   20.0    120.4    981.9    983.1   0.824
20260406175621      1    555.0    620.0   20.0    157.1    980.2    983.0   0.784
20260406175621      1    825.0    885.0   20.0     33.2    980.7   1177.1   0.845
20260406175621      1   1005.0   1085.0   20.0     32.4   1128.5   1172.9   0.739
20260406175621      1   1265.0   1280.0   20.0     23.9   1181.7   1184.6   0.658
20260406175621      1   1425.0   1470.0   20.0     78.1   1160.8    983.0   0.833
20260406175621      2    700.0    715.0   20.0    110.4    988.4   1192.6   0.789
20260406175621      2   1170.0   1185.0   20.0     34.9   1226.2   1262.1   0.751
20260406175621      2   1500.0   1515.0   20.0     26.9   1220.4   1275.3   0.857
20260406175621      3   1710.0   1735.0   20.0    129.1    963.5    967.6   0.800
20260406175621      4     35.0     50.0   20.0     34.2    974.8   1011.9   0.754
20260406175621      4    220.0    235.0   20.0     24.8   1043.1   1029.4   0.680
20260406175621      4    320.0    335.0   20.0     22.6   1041.2   1049.6   0.623
20260406175621      4    690.0    710.0   20.0     54.7   1070.5   1054.0   0.913
20260406175621      4   1275.0   1290.0   20.0     24.1   1114.6   1099.4   0.854
20260406175621      5    165.0    190.0   20.0     52.1    969.7   1150.3   0.751
20260406175621      5    225.0    240.0   20.0    198.8   1190.4    967.6   0.819
20260406175621      7   1630.0   1700.0   20.0    249.0    954.9    953.2   0.842
20260406175621      8    980.0    995.0   20.0     59.7    949.4    948.6   0.812
20260406175621      8   1690.0   1740.0   20.0     71.8    952.4   1123.1   0.853
20260406175621      8   1775.0   1790.0   20.0     37.6   1127.3   1144.6   0.511
20260406175621      9    690.0    705.0   20.0     73.5    954.4    953.4   0.725
20260406175621      9    920.0    935.0   20.0     51.8    958.4   1038.6   0.807
20260406175621      9   1225.0   1240.0   20.0     20.1   1060.2   1047.4   0.733
20260406175621     10   1340.0   1355.0   20.0     66.3    934.2   1106.0   0.803
20260406175621     10   1625.0   1640.0   20.0    131.3   1079.9    929.0   0.802
20260406175621     13   1470.0   1485.0   20.0    108.0    936.4    939.3   0.733
20260406175621     14    735.0    755.0   20.0     80.5    941.2   1130.9   0.822
20260406175621     14    920.0    935.0   20.0     81.7   1107.4    940.5   0.757
20260406175621     14   1370.0   1385.0   20.0     65.4    946.8    939.7   0.782
20260406175621     14   1605.0   1625.0   20.0    122.8    939.1   1339.9   0.909
20260406175621     17    405.0    495.0   20.0    148.3    933.9    934.1   0.761
20260406175621     19   1140.0   1155.0   20.0     91.5    928.6   1100.0   0.865
20260406175621     19   1355.0   1370.0   20.0     23.1   1129.5   1157.9   0.820
20260406175621     20     25.0     40.0   20.0    200.3    938.8   1315.4   0.904
20260406175621     20    240.0    255.0   20.0     44.7   1335.9   1344.4   0.643
20260406175621     20    335.0    345.0   20.0     80.7   1349.7   1356.6   0.619
20260406175621     20    485.0    525.0   20.0    106.9   1359.7   1375.3   0.744
20260406175621     20    665.0    760.0   20.0    153.6   1376.8   1382.5   0.829
20260406175621     22    320.0    335.0   20.0     23.2    918.7    931.9   0.481
20260406175621     23   1065.0   1080.0   20.0    111.4    925.9   1203.8   0.863
20260406175621     24    335.0    365.0   20.0    156.2    907.8    909.8   0.769
20260406175621     26    570.0    590.0   20.0    123.0    920.7    922.4   0.840
20260406175621     26   1265.0   1280.0   20.0     46.3    927.9    994.0   0.793
20260406175621     26   1425.0   1445.0   20.0    107.1   1032.5    924.6   0.763
20260406175621     29    730.0    745.0   20.0     43.0    908.6    901.3   0.639
20260406175621     30    835.0    850.0   20.0     61.3    931.3    918.1   0.560
20260406175621     31    640.0    655.0   20.0    101.5    925.8   1032.5   0.726
20260406175621     31   1245.0   1260.0   20.0     25.4   1083.0   1114.6   0.836
20260406175621     31   1705.0   1720.0   20.0     22.1   1080.2   1096.8   0.844
20260406175621     33    960.0    970.0   20.0     28.0    910.6    911.5   0.517
20260406175621     33   1280.0   1325.0   20.0    117.9    911.7    912.2   0.773
20260406175621     34     45.0     60.0   20.0     59.9   1143.4   1191.0   0.714
20260406175621     34    175.0    225.0   20.0    149.5   1093.5    891.1   0.842
20260406175621     37     15.0     35.0   20.0    165.0   1132.1    893.6   0.800
20260406175621     37    275.0    290.0   20.0     79.8    890.8   1072.8   0.790
20260406175621     38   1725.0   1795.0   20.0     43.1    906.1   1110.9   0.849
20260406175621     39      5.0     90.0   20.0    310.0   1271.2   1187.6   0.666
20260406175621     39    185.0    200.0   20.0     37.3   1188.8   1245.4   0.595
20260406175621     39    290.0    340.0   20.0     57.4   1242.2   1235.4   0.501
20260406175621     39    380.0    395.0   20.0     20.7   1237.3   1272.1   0.506
20260406175621     39    490.0    505.0   20.0     86.8   1238.4   1280.2   0.413
20260406175621     39    810.0    855.0   12.7    277.1   1299.7   1301.4   0.474
20260406175621     39    900.0    910.0   10.0    248.4   1300.1   1306.1   0.423
20260406175621     39   1355.0   1365.0   20.0    423.2   1342.3   1366.1   0.548
20260406175621     40   1560.0   1585.0   20.0    107.4    891.3    891.6   0.831
20260406175621     41     50.0     65.0   20.0     58.8    882.6    881.2   0.719
20260406175621     41    415.0    430.0   20.0     74.2    885.1    977.1   0.818
20260406175621     41    470.0    485.0   20.0     24.3    986.6   1047.6   0.813
20260406175621     41    765.0    780.0   20.0     20.6   1032.8   1068.4   0.797
20260406175621     41   1225.0   1240.0   20.0     24.2   1122.9   1155.8   0.796
20260406175621     41   1610.0   1625.0   20.0     50.6   1139.1   1157.6   0.803
20260406175621     42    225.0    240.0   20.0    129.7    893.7    894.0   0.800
20260406175621     42   1315.0   1330.0   20.0     31.3    900.0   1019.9   0.772
20260406175621     42   1370.0   1395.0   20.0     66.8   1037.1   1081.3   0.841
20260406175621     43   1510.0   1530.0   20.0     65.1    905.0   1031.4   0.831
20260406175621     43   1635.0   1650.0   20.0    147.3   1037.6    901.7   0.730
20260406175621     46      0.0     10.0   20.0     36.7      0.0   1136.3   0.554
20260406175621     46     70.0     85.0   20.0     37.4   1159.6   1182.2   0.494
20260406175621     46    145.0    180.0   20.0     26.5   1186.4   1219.1   0.510
20260406175621     46    380.0    490.0   20.0    101.1   1210.1   1219.0   0.784
20260406175621     46    730.0    745.0   20.0     30.4   1223.2   1222.6   0.737
20260406175621     48   1195.0   1210.0   20.0     24.8    885.5    969.7   0.754
20260406175621     48   1280.0   1295.0   20.0     29.4   1004.7    996.7   0.707
20260406175621     48   1610.0   1625.0   20.0     28.3    976.5    974.6   0.664
20260406175621     49   1105.0   1150.0   20.0    161.6    883.3    880.9   0.761
20260406175621     51     75.0    105.0   20.0    110.1    874.4    872.6   0.799
20260406175621     51    440.0    455.0   20.0     42.9    872.6    872.8   0.774
20260406175621     51    790.0    815.0   20.0     54.1    875.7   1103.2   0.763
20260406175621     51    860.0    885.0   20.0    213.1   1120.9    886.6   0.803
20260406175621     51   1605.0   1650.0   20.0     31.0    872.5    872.5   0.741
20260406175621     52   1405.0   1420.0   20.0     25.5    922.6    916.2   0.675
20260406175621     52   1570.0   1585.0   20.0     27.4    932.3    977.0   0.724
20260406175621     52   1640.0   1655.0   20.0     30.3    983.0   1008.5   0.725
20260406175621     52   1740.0   1790.0   20.0    105.9   1017.4    880.4   0.798
20260406175621     54     95.0    110.0   20.0     29.3   1036.3   1067.9   0.783
20260406175621     54    160.0    190.0   20.0     30.0   1071.7   1147.1   0.854
20260406175621     54    575.0    590.0   20.0     31.8   1206.4   1261.9   0.843
20260406175621     56    285.0    320.0   20.0     65.2    860.6    961.3   0.764
20260406175621     56    360.0    375.0   20.0     31.8    964.8   1017.5   0.739
20260406175621     56    445.0    460.0   20.0     38.3   1034.7   1088.1   0.876
20260406175621     56    560.0    575.0   20.0     26.7   1102.5   1180.1   0.864
20260406175621     58    840.0    860.0   20.0     46.3    881.4    883.7   0.719
20260406175621     60    570.0    605.0   20.0    122.7    875.6    877.3   0.768
20260406175621     60   1555.0   1570.0   20.0     56.1    885.3    880.5   0.579
20260406175621     61   1090.0   1105.0   20.0     51.7    869.1    994.0   0.803
20260406175621     61   1140.0   1180.0   20.0    153.1    995.0    868.9   0.788
20260406175621     62   1310.0   1345.0   20.0    115.1    858.7    858.4   0.841
20260406175621     63     35.0     50.0   20.0     21.6    992.4   1003.7   0.703
20260406175621     63     90.0    105.0   20.0     74.0    994.5   1010.0   0.691
20260406175621     63    200.0    215.0   20.0     46.0   1019.7   1018.1   0.692
20260406175621     63    555.0    570.0   20.0     25.5   1105.6   1142.2   0.850
20260406175621     63    650.0    665.0   20.0     39.3   1154.5   1224.4   0.897
20260406175621     64    925.0    965.0   20.0     61.1    863.0   1056.4   0.920
20260406175621     64   1035.0   1050.0   20.0     22.9   1035.6   1116.9   0.613
20260406175621     64   1235.0   1250.0   20.0     22.1   1058.0   1009.7   0.880
20260406175621     64   1350.0   1365.0   20.0     92.1   1016.9    859.7   0.856
20260406175621     65   1740.0   1755.0   20.0     95.0    870.1   1040.0   0.786
20260406175621     66   1290.0   1310.0   20.0    135.3    864.7    864.4   0.839
20260406175621     66   1710.0   1725.0   20.0     66.4    864.9    864.1   0.741
20260406175621     67   1195.0   1210.0   20.0    112.4    860.8    859.8   0.835
20260406175621     68    695.0    710.0   20.0    110.3    865.1    867.6   0.780
20260406175621     68   1525.0   1545.0   20.0     30.5    871.1   1058.3   0.816
20260406175621     69    465.0    480.0   20.0     63.0    860.2    862.4   0.722
20260406175621     70    125.0    140.0   20.0     75.0    849.5    849.2   0.801
20260406175621     70    330.0    345.0   20.0     78.9    848.6    849.1   0.659
20260406175621     71    470.0    500.0   20.0    234.6    858.1   1325.0   0.910
20260406175621     72    960.0    980.0   20.0    153.3    862.4   1316.1   0.785
20260406175621     75    370.0    385.0   20.0    164.1    860.1   1183.0   0.890
20260406175621     78    530.0    545.0   20.0     30.2    871.3   1023.9   0.830
20260406175621     78    595.0    615.0   20.0    143.9   1034.7    887.9   0.835
20260406175621     78   1185.0   1205.0   20.0     35.2    870.3    870.0   0.806
20260406175621     78   1760.0   1775.0   20.0    124.9    870.3    875.2   0.851
20260406175621     79    340.0    360.0   20.0     94.8    842.6    999.2   0.813
20260406175621     79    480.0    495.0   20.0     23.8   1043.6   1088.1   0.782
20260406175621     82    710.0    725.0   20.0    102.2    856.6   1055.5   0.829
20260406175621     82   1070.0   1085.0   20.0     35.8   1119.0   1131.4   0.578
20260406175621     82   1285.0   1300.0   20.0     37.1   1122.2   1151.3   0.761
20260406175621     84    265.0    280.0   20.0    192.8    847.5    845.9   0.830
20260406175621     85   1400.0   1430.0   20.0    121.2    854.2    855.4   0.783
20260406175621     85   1545.0   1600.0   20.0     43.6    855.8    937.3   0.803
20260406175621     86    180.0    230.0   20.0    140.5    843.5    844.7   0.860
20260406175621     86    460.0    475.0   20.0    155.3    845.8   1352.7   0.919
20260406175621     88     85.0    105.0   20.0     72.4    845.6    845.5   0.764
20260406175621     88    340.0    355.0   20.0     20.6    859.0    878.2   0.778
20260406175621     88   1690.0   1705.0   20.0     69.3    960.7   1023.1   0.734
20260406175621     89    475.0    490.0   20.0     42.7    882.1    968.0   0.821
20260406175621     89    780.0    795.0   20.0     34.1   1018.4   1061.1   0.804
20260406175621     89    890.0    905.0   20.0     45.1   1105.6   1148.2   0.774
20260406175621     89   1000.0   1015.0   20.0     47.6   1101.5   1154.3   0.798
20260406175621     89   1675.0   1690.0   20.0     39.4   1091.6   1154.3   0.844
20260406175621     90    890.0    905.0   20.0     61.1    847.7    984.5   0.853
20260406175621     90   1080.0   1095.0   20.0     25.9   1053.0   1071.2   0.885
20260406175621     90   1285.0   1300.0   20.0     20.8   1094.5   1139.4   0.829
20260406175621     93     40.0     80.0   20.0    102.0    839.5    839.7   0.751
20260406175621     93   1625.0   1640.0   20.0     22.7    866.4    877.4   0.569
20260406175621     94   1205.0   1220.0   20.0     20.4    854.2    887.5   0.749
20260406175621     94   1275.0   1310.0   20.0     35.1    951.9    992.7   0.762
20260406175621     94   1430.0   1465.0   20.0     27.8    972.3    983.1   0.798
20260406175621     94   1565.0   1580.0   20.0     29.9    997.6    969.9   0.504
20260406175621     94   1705.0   1720.0   20.0     26.1    985.4   1004.2   0.717
20260406175621     94   1755.0   1780.0   20.0     30.8   1022.5   1105.7   0.775
20260406175621     95    125.0    140.0   20.0     51.1    840.8    918.4   0.782
20260406175621     96   1425.0   1440.0   20.0     27.5    868.1    962.0   0.780
20260406175621     96   1490.0   1515.0   20.0     21.7    983.8   1023.5   0.687
20260406175621     96   1640.0   1670.0   20.0    149.1   1032.9    875.0   0.770
20260406175621     97    300.0    320.0   20.0     60.2    850.1    851.8   0.758
20260406175621     97    990.0   1010.0   20.0    118.8    859.1    859.6   0.833
20260406175621     98   1010.0   1030.0   20.0     44.4    852.1    850.7   0.761
20260406175621     99   1385.0   1465.0   20.0     69.1    853.7   1043.0   0.761
20260406175621     99   1535.0   1550.0   20.0     29.9   1013.1    990.8   0.857
20260406175621     99   1655.0   1690.0   20.0     54.6   1011.9   1067.1   0.758
20260406175621     99   1740.0   1755.0   20.0     29.6   1068.4   1074.9   0.679
20260406175621    103    375.0    395.0   20.0    242.2    841.9    842.6   0.819
20260406175621    104    905.0    935.0   20.0    192.0    845.3    848.3   0.856
20260406175621    104   1105.0   1120.0   20.0     38.9    845.6    896.1   0.754
20260406175621    105   1215.0   1230.0   20.0     57.5    834.3    834.9   0.799
20260406175621    105   1730.0   1745.0   20.0     36.2    836.3    835.8   0.762
20260406175621    106    280.0    295.0   20.0     22.6    941.2    985.6   0.827
20260406175621    106    590.0    605.0   20.0     22.1   1062.3   1068.0   0.737
20260406175621    106    750.0    765.0   20.0     42.8   1079.0   1138.7   0.786
20260406175621    108    105.0    120.0   20.0     21.8    886.9    901.5   0.735
20260406175621    108   1000.0   1015.0   20.0     31.7    900.3    973.7   0.845
20260406175621    110   1260.0   1285.0   20.0    137.9    838.4   1156.3   0.809
20260406175621    110   1625.0   1640.0   20.0     39.1   1172.0   1228.3   0.800
20260406175621    111    120.0    150.0   20.0     58.8    842.8    875.9   0.916
20260406175621    111    210.0    225.0   20.0     30.4    877.4    843.6   0.748
20260406175621    111    610.0    625.0   20.0     36.3    849.3    894.7   0.731
20260406175621    111    805.0    865.0   20.0     56.0    925.7   1135.2   0.832
20260406175621    111    960.0    975.0   20.0     56.0   1090.6   1126.3   0.795
20260406175621    111   1015.0   1105.0   20.0     36.2   1116.8   1150.8   0.761
20260406175621    111   1180.0   1205.0   20.0    165.9   1163.8    849.3   0.905
20260406175621    113    765.0    805.0   20.0    121.6    837.8    839.4   0.894
20260406175621    113   1150.0   1175.0   20.0     47.2    838.1    838.5   0.791
20260406175621    114    820.0    865.0   20.0     29.2    857.6    949.2   0.738
20260406175621    114    905.0    920.0   20.0    111.0    960.8    858.7   0.764
20260406175621    115     10.0     25.0   20.0    116.1    959.0    833.4   0.829
20260406175621    115    370.0    380.0   20.0     34.3    834.9    835.7   0.413
20260406175621    115   1255.0   1280.0   20.0    109.7    842.4    843.9   0.883
20260406175621    117     95.0    110.0   20.0     52.1    831.7    833.2   0.832
20260406175621    118    990.0   1010.0   20.0    159.8    858.4   1262.2   0.872
20260406175621    119    375.0    395.0   20.0    113.2    829.4    831.6   0.754
20260406175621    119   1045.0   1080.0   20.0     86.2    836.3    837.3   0.768
20260406175621    119   1215.0   1230.0   20.0     91.0    834.9   1041.7   0.846
20260406175621    120     35.0     45.0   20.0     22.5    978.2    977.4   0.605
20260406175621    120    250.0    305.0   20.0     93.1   1019.7    828.9   0.823
20260406175621    120    545.0    560.0   20.0    149.7    834.1   1122.8   0.848
20260406175621    121    305.0    320.0   20.0     28.5    839.7    841.9   0.762
20260406175621    123   1665.0   1680.0   20.0     92.6    828.3    944.5   0.873
20260406175621    125    430.0    445.0   20.0     82.8    845.3   1021.1   0.853
20260406175621    126    150.0    185.0   20.0    200.6   1031.4    849.5   0.837
20260406175621    126    350.0    370.0   20.0     98.7    851.2   1260.3   0.822
20260406175621    127    395.0    470.0   20.0     45.2    852.7    955.9   0.798
20260406175621    127    630.0    645.0   20.0     28.9    979.9    973.8   0.750
20260406175621    127    910.0    920.0   20.0     31.4    983.1   1022.9   0.876
20260406175621    127   1125.0   1170.0   20.0    193.7   1028.4    852.8   0.849
20260406175621    128    130.0    145.0   20.0     69.4    833.1   1046.9   0.863
20260406175621    128   1380.0   1395.0   20.0     23.3   1189.7   1219.0   0.885
20260406175621    129   1205.0   1225.0   20.0     40.8    835.0    950.1   0.762
20260406175621    129   1295.0   1310.0   20.0    133.6   1025.5    837.1   0.834
20260406175621    130   1450.0   1465.0   20.0     41.5    857.2    956.8   0.800
20260406175621    130   1525.0   1585.0   20.0    172.2    982.6    857.5   0.844
20260406175621    131   1365.0   1385.0   20.0     93.3    852.7    852.5   0.766
20260406175621    131   1460.0   1475.0   20.0     76.8    854.8    852.9   0.754
20260406175621    132    975.0    990.0   20.0     66.1    858.1    860.1   0.604
20260406175621    133    195.0    215.0   20.0    129.4    848.6    854.7   0.831
20260406175621    134      0.0     10.0   20.0    141.7      0.0    842.2   0.818
20260406175621    134    100.0    145.0   20.0     68.0    841.5    892.2   0.787
20260406175621    134    240.0    315.0   20.0     46.7    940.9    962.5   0.693
20260406175621    134    490.0    505.0   20.0     38.3    950.1   1072.3   0.861
20260406175621    134   1315.0   1330.0   20.0     29.0   1122.0   1130.8   0.661
20260406175621    135    100.0    125.0   20.0    201.6    848.6    850.6   0.832
20260406175621    135   1740.0   1760.0   20.0     75.6    859.6    861.6   0.747
20260406175621    137    135.0    170.0   20.0     25.4    842.7   1028.1   0.750
20260406175621    137    215.0    230.0   20.0    150.7   1042.8    843.2   0.773
20260406175621    137    665.0    685.0   20.0     57.4    849.0    920.2   0.839
20260406175621    137   1580.0   1595.0   20.0     20.6    990.5   1005.9   0.532
20260406175621    138    485.0    500.0   20.0     34.1    862.1    987.7   0.836
20260406175621    138    630.0    650.0   20.0    132.5   1091.4    865.5   0.816
20260406175621    140    670.0    730.0   20.0    139.4    855.3    859.7   0.877
20260406175621    143    350.0    380.0   20.0    112.6    844.0    847.3   0.829
20260406175621    143    510.0    525.0   20.0     60.5    848.9    849.0   0.708
20260406175621    143   1595.0   1610.0   20.0     29.5    873.2    858.0   0.434
20260406175621    143   1735.0   1750.0   20.0     81.2    857.6   1018.7   0.849
20260406175621    145    425.0    440.0   20.0     34.8    909.2    909.9   0.723
20260406175621    145   1425.0   1440.0   20.0     22.7    913.6    971.2   0.703
20260406175621    145   1740.0   1765.0   20.0     22.2   1083.2   1102.7   0.489
20260406175621    146    785.0    800.0   20.0    135.5    870.6    871.1   0.806
20260406175621    147   1285.0   1300.0   20.0     46.6    866.1    866.0   0.537
20260406175621    148    170.0    185.0   20.0     77.7    850.2    850.5   0.755
20260406175621    148   1675.0   1700.0   20.0    100.8    860.2   1143.1   0.832
20260406175621    148   1790.0   1800.0   20.0    105.4   1090.3    861.6   0.823
20260406175621    149     75.0     90.0   20.0     20.2   1149.6   1162.4   0.736
20260406175621    149    340.0    355.0   20.0     24.9   1221.7   1234.6   0.543
20260406175621    151   1090.0   1105.0   20.0     38.3    884.4    883.7   0.754
20260406175621    151   1355.0   1370.0   20.0     35.8    881.2    881.8   0.645
20260406175621    153    200.0    250.0   20.0    109.0    868.4    867.4   0.790
20260406175621    153    505.0    520.0   20.0     21.8    877.1    874.7   0.623
20260406175621    153    735.0    750.0   20.0     37.9    879.9    881.4   0.643
20260406175621    153   1585.0   1605.0   20.0     73.5    909.1   1072.7   0.835
20260406175621    155    375.0    415.0   20.0     66.0    853.0   1013.7   0.802
20260406175621    155    455.0    490.0   20.0     39.3   1019.3   1056.0   0.784
20260406175621    155    555.0    575.0   20.0    165.0   1073.0    854.9   0.859
20260406175621    155   1005.0   1045.0   20.0     97.0    860.7    858.9   0.753
20260406175621    157    335.0    350.0   20.0    102.7    870.1   1049.2   0.843
20260406175621    157    455.0    470.0   20.0     25.0   1122.3   1160.3   0.680
20260406175621    158     30.0     85.0   20.0    132.7   1065.4    853.2   0.760
20260406175621    163    300.0    320.0   20.0     96.8    868.5    868.2   0.728
20260406175621    163   1715.0   1735.0   20.0     74.6    876.7    878.1   0.852
20260406175621    164   1650.0   1665.0   20.0     66.7    891.1    889.2   0.732
20260406175621    165   1280.0   1295.0   20.0     95.9    886.9    998.7   0.829
20260406175621    165   1430.0   1445.0   20.0     28.5   1018.3   1030.0   0.723
20260406175621    165   1605.0   1620.0   20.0     21.8   1037.9   1046.3   0.801
20260406175621    165   1760.0   1775.0   20.0     22.0   1060.5   1059.1   0.602
20260406175621    166    175.0    225.0   20.0     90.2    874.4   1236.0   0.810
20260406175621    166    505.0    520.0   20.0     40.2   1274.4   1273.2   0.717
20260406175621    166    990.0   1010.0   20.0    108.9   1278.3   1299.5   0.898
20260406175621    166   1070.0   1110.0   20.0    240.4   1291.8   1294.5   0.858
20260406175621    166   1185.0   1200.0   20.0    219.1   1286.2   1333.0   0.447
20260406175621    167   1065.0   1080.0   20.0     40.0    897.0    948.9   0.790
20260406175621    167   1535.0   1550.0   20.0     23.7   1094.6   1115.0   0.711
20260406175621    170   1150.0   1230.0   20.0     58.8    887.2   1061.1   0.879
20260406175621    170   1330.0   1345.0   20.0     26.4   1089.7   1126.9   0.812
20260406175621    171    515.0    540.0   20.0    287.0    878.4    880.1   0.922
20260406175621    171    635.0    665.0   20.0     66.9    879.3    889.9   0.755
20260406175621    171    730.0    760.0   20.0    139.9    879.3    880.6   0.800
20260406175621    172   1285.0   1300.0   20.0     49.9    898.0    898.4   0.730
20260406175621    173    710.0    725.0   20.0    109.6    879.0    878.3   0.671
20260406175621    173   1405.0   1430.0   20.0    173.4    878.3    879.8   0.778
20260406175621    175   1045.0   1060.0   20.0     57.5    893.3    894.0   0.793
20260406175621    176    875.0    890.0   20.0     64.0    898.9   1015.7   0.761
20260406175621    176    955.0    995.0   20.0     34.7   1034.8   1059.7   0.867
20260406175621    176   1190.0   1200.0   20.0     23.8   1039.5   1092.3   0.720
20260406175621    176   1365.0   1380.0   20.0     33.9   1104.5   1157.5   0.725
20260406175621    176   1580.0   1595.0   20.0     23.3   1211.0   1277.4   0.829
20260406175621    177    920.0    935.0   20.0    124.2    921.6   1234.9   0.861
20260406175621    179   1395.0   1465.0   20.0    234.7    896.4    897.0   0.822
20260406175621    182    720.0    735.0   20.0     25.1   1244.1   1244.9   0.829
20260406175621    182    810.0    825.0   20.0     36.2   1252.9   1238.2   0.553
20260406175621    183    490.0    510.0   20.0    127.5    915.7   1206.3   0.864
20260406175621    184   1530.0   1545.0   20.0     24.4    913.7    971.5   0.820
20260406175621    186    355.0    370.0   20.0     66.7    926.9    927.0   0.541
20260406175621    187   1165.0   1200.0   20.0    112.1    913.3    912.9   0.853
20260406175621    188    305.0    355.0   20.0    119.3    922.8    927.2   0.829
20260406175621    189   1365.0   1385.0   20.0    116.5    915.0    913.8   0.803
20260406175621    189   1570.0   1585.0   20.0     56.4    917.0    917.0   0.755
20260406175621    190   1050.0   1075.0   20.0     80.2    933.1   1025.8   0.864
20260406175621    190   1360.0   1375.0   20.0     26.7   1113.7   1110.4   0.607
20260406175621    190   1450.0   1470.0   20.0    124.3   1138.9   1189.6   0.770
20260406175621    190   1690.0   1705.0   20.0    106.0   1198.5   1244.0   0.669
20260406175621    191   1050.0   1105.0   20.0     27.8    931.7   1050.4   0.708
20260406175621    191   1260.0   1275.0   20.0     21.3   1012.3   1038.0   0.639
20260406175621    191   1475.0   1490.0   20.0     20.9   1099.5   1112.2   0.738
20260406175621    191   1560.0   1590.0   20.0     23.8   1126.3   1190.2   0.879
20260406175621    194    500.0    515.0   20.0     60.1    925.3    999.1   0.767
20260406175621    194    610.0    625.0   20.0     21.4   1022.8   1006.8   0.673
20260406175621    194   1210.0   1225.0   20.0     46.9   1105.4   1073.0   0.886
20260406175621    194   1265.0   1280.0   20.0     24.7   1080.7   1084.9   0.507
20260406175621    194   1395.0   1410.0   20.0     38.5   1094.1   1122.2   0.750
20260406175621    195    650.0    715.0   20.0     98.5    929.2   1083.4   0.765
20260406175621    195    890.0    920.0   20.0    108.6   1106.0   1255.7   0.820
20260406175621    195    980.0   1035.0   20.0     41.0   1250.9   1295.5   0.857
20260406175621    195   1295.0   1310.0   20.0     27.1   1271.3   1245.7   0.546
20260406175621    195   1365.0   1380.0   20.0     39.5   1186.2    927.5   0.965
20260406175621    196    225.0    265.0   20.0    197.5    928.9    925.9   0.816
20260406175621    197      5.0     20.0   20.0    164.1    923.9   1344.9   0.755
20260406175621    197    315.0    340.0   20.0    174.4   1400.4   1405.7   0.769
20260406175621    197    405.0   1800.0   20.0    193.6   1419.1   1357.4   0.879
20260406175621    199    290.0    310.0   20.0     72.3    932.9   1205.8   0.666
20260406175621    199    550.0    635.0   20.0     57.1   1186.5   1317.5   0.800
20260406175621    199   1505.0   1520.0   20.0     22.3   1383.7   1388.9   0.559
20260406175621    200    610.0    640.0   20.0     53.0    966.2    972.2   0.803
20260406175621    200    795.0    815.0   20.0    161.8   1003.7    956.6   0.815
20260406175621    203      5.0     20.0   20.0     41.3    929.3    992.6   0.737
20260406175621    203    280.0    295.0   20.0     34.3   1076.6   1164.0   0.780
20260406175621    204    275.0    290.0   20.0    153.8    941.8    941.8   0.802
20260406175621    204   1315.0   1340.0   20.0     55.5    943.4   1221.2   0.771
20260406175621    205   1245.0   1260.0   20.0     21.6    966.5    973.8   0.438
20260406175621    205   1380.0   1395.0   20.0     99.4    973.0   1088.5   0.728
20260406175621    206   1440.0   1455.0   20.0     57.3    950.2    950.1   0.708
20260406175621    207   1465.0   1485.0   20.0    241.6    955.2   1548.9   0.899
20260406175621    211    545.0    560.0   20.0     76.7    965.4    968.3   0.817
20260406175621    211    965.0    985.0   20.0     32.1    971.5    969.5   0.736
20260406175621    212    470.0    485.0   20.0     36.7   1202.5   1231.2   0.738
20260406175621    212    575.0    590.0   20.0     99.5   1260.5   1310.2   0.659
20260406175621    212    635.0    650.0   20.0     27.7   1312.1   1317.6   0.823
20260406175621    212    830.0    850.0   20.0     87.7   1304.6   1399.3   0.908
20260406175621    213    760.0    775.0   20.0     43.3    967.5   1021.4   0.767
20260406175621    213    850.0    865.0   20.0     56.5   1073.7   1095.7   0.811
20260406175621    213    900.0    940.0   20.0    236.7   1085.0    966.9   0.877
20260406175621    213   1100.0   1115.0   20.0     35.9    970.6    969.5   0.691
20260406175621    214    310.0    340.0   20.0     71.9    980.1   1265.1   0.840
20260406175621    214    380.0    400.0   20.0    168.3   1293.2    978.4   0.852
20260406175621    215   1020.0   1035.0   20.0     20.4    969.7    969.2   0.695
20260406175621    215   1210.0   1230.0   20.0     66.5    968.8    969.8   0.813
20260406175621    216   1125.0   1195.0   20.0    139.7    992.6    990.4   0.716
20260406175621    217    605.0    620.0   20.0     22.1    989.4    987.9   0.469
20260406175621    217   1545.0   1600.0   20.0    136.9    984.8    984.5   0.816
20260406175621    218      0.0     25.0   20.0    137.9      0.0   1280.5   0.893
20260406175621    220    320.0    335.0   20.0     29.0    991.6    993.5   0.508
20260406175621    220    560.0    575.0   20.0     46.3    995.5   1071.6   0.763
20260406175621    220    620.0    675.0   20.0     61.5   1088.3   1162.0   0.552
20260406175621    220    740.0    755.0   20.0    139.2   1121.5    994.2   0.743
20260406175621    222    930.0    960.0   20.0     89.7   1009.8   1007.7   0.805
20260406175621    223   1105.0   1155.0   20.0     86.4    996.4    993.4   0.812
20260406175621    223   1550.0   1565.0   20.0     45.7    990.7    989.3   0.677
20260406175621    223   1615.0   1675.0   20.0     60.2    989.2   1082.8   0.913
20260406175621    224    560.0    575.0   20.0    110.0   1000.9   1197.0   0.836
20260406175621    224    645.0    660.0   20.0     25.9   1208.1   1258.6   0.721
20260406175621    224    695.0    710.0   20.0     20.6   1269.5   1295.1   0.655
20260406175621    224    830.0    845.0   20.0     24.6   1259.1   1263.9   0.704
20260406175621    224    895.0    910.0   20.0    124.1   1238.8    997.5   0.907
20260406175621    225     70.0     85.0   20.0     84.5    997.9   1329.4   0.791
20260406175621    225    125.0    140.0   20.0    319.8   1357.2    995.8   0.832
20260406175621    226    600.0    620.0   20.0    137.4   1009.4   1010.2   0.761
20260406175621    227     25.0     85.0   20.0     38.0   1302.2   1372.9   0.783
20260406175621    227    175.0    190.0   20.0     21.2   1378.6   1407.8   0.698
20260406175621    227    375.0    390.0   20.0     23.9   1456.6   1484.5   0.826
20260406175621    228     70.0     95.0   20.0     27.1   1246.1   1209.2   0.606
20260406175621    228    145.0    175.0   20.0    193.7   1212.8   1017.9   0.769
20260406175621    228   1070.0   1085.0   20.0     47.8   1020.5   1020.3   0.508
20260406175621    229     70.0     85.0   20.0     25.4   1011.8   1063.2   0.785
20260406175621    229    150.0    245.0   20.0     73.0   1195.6   1209.1   0.787
20260406175621    229    345.0    380.0   20.0     61.7   1203.8   1332.5   0.907
20260406175621    230    495.0    510.0   20.0     66.6    354.6    340.4   0.783
20260406175621    231    100.0    150.0   20.0    106.8   1012.6   1389.3   0.846
20260406175621    231    200.0    290.0   20.0     43.1   1435.7   1471.0   0.729
20260406175621    231    415.0    430.0   20.0     32.7   1466.8   1465.8   0.562
20260406175621    232     70.0    105.0   20.0     72.6   1026.5   1027.6   0.803
20260406175621    234    985.0   1000.0   20.0     63.0   1033.3   1033.5   0.799
20260406175621    235   1630.0   1685.0   20.0    207.7   1032.8   1031.7   0.814
20260406175621    235   1725.0   1760.0   20.0    168.4   1032.7   1029.8   0.880
20260406175621    236     90.0    105.0   20.0     36.0   1038.7   1038.3   0.813
20260406175621    236   1160.0   1175.0   20.0     92.1   1038.5   1040.2   0.786
20260406175621    237     90.0    115.0   20.0    239.3   1026.6   1024.6   0.862
20260406175621    237   1105.0   1120.0   20.0    131.0   1037.3   1314.5   0.923
20260406175621    237   1180.0   1205.0   20.0     35.6   1309.0   1380.3   0.750
20260406175621    237   1290.0   1410.0   20.0     45.3   1438.8   1501.3   0.752
20260406175621    237   1450.0   1485.0   20.0     25.1   1500.6   1513.5   0.695
20260406175621    237   1540.0   1660.0   20.0     32.8   1506.3   1525.4   0.832
20260406175621    237   1715.0   1785.0   20.0     38.3   1523.7   1533.8   0.873
20260406175621    239    835.0    885.0   20.0     44.1   1044.8   1310.2   0.857
20260406175621    239    955.0    980.0   20.0    182.3   1299.4   1034.5   0.823
20260406175621    239   1605.0   1625.0   20.0    115.5   1031.5   1031.7   0.783
20260406175621    240    125.0    140.0   20.0     27.4   1044.3   1075.4   0.754
20260406175621    240    220.0    235.0   20.0     57.5   1089.7   1044.5   0.710
20260406175621    241     20.0    115.0   20.0    224.1   1366.3   1046.2   0.852
20260406175621    241   1110.0   1145.0   20.0    291.2   1047.5   1045.7   0.905
20260406175621    242    495.0    510.0   20.0     35.7   1055.8   1108.6   0.666
20260406175621    242    545.0    600.0   20.0     36.9   1129.4   1226.3   0.696
20260406175621    242    900.0    915.0   20.0     25.4   1413.1   1430.7   0.834
20260406175621    242    995.0   1010.0   20.0     25.8   1442.6   1447.2   0.786
20260406175621    242   1135.0   1155.0   20.0     94.0   1362.1   1044.5   0.915
20260406175621    243    150.0    165.0   20.0    112.3   1042.6   1042.3   0.798
20260406175621    243    320.0    335.0   20.0     25.3   1046.0   1126.4   0.650
20260406175621    243    370.0    420.0   20.0    209.3   1163.0   1044.5   0.867
20260406175621    244    305.0    320.0   20.0     54.6   1078.3   1076.8   0.598
20260406175621    244   1335.0   1350.0   20.0    249.8   1077.6   1078.1   0.862
20260406175621    246   1560.0   1590.0   20.0    118.7   1074.3   1073.1   0.859
20260406175621    247    180.0    260.0   20.0    304.6   1049.8   1051.7   0.806
20260406175621    248    325.0    340.0   20.0     94.7   1102.4   1101.0   0.804
20260406175621    248    605.0    630.0   20.0    174.2   1097.6   1097.4   0.812
20260406175621    248   1425.0   1475.0   20.0    123.1   1094.4   1353.4   0.867
20260406175621    248   1540.0   1555.0   20.0     26.4   1369.3   1411.6   0.755
20260406175621    248   1660.0   1675.0   20.0     61.1   1434.0   1468.9   0.673
20260406175621    249     20.0     35.0   20.0    126.2   1068.2   1066.7   0.688
20260406175621    250    160.0    290.0   20.0     33.3   1321.1   1463.1   0.787
20260406175621    250    325.0    380.0   20.0     34.3   1479.8   1516.5   0.723
20260406175621    251    425.0    440.0   20.0     21.2   1088.3   1082.9   0.475
20260406175621    251    625.0    650.0   20.0     65.8   1085.5   1094.7   0.762
20260406175621    252    815.0    850.0   20.0    145.4   1089.5   1090.3   0.830
20260406175621    252   1065.0   1135.0   20.0    275.7   1098.4   1094.1   0.840
20260406175621    252   1490.0   1525.0   20.0     51.2   1084.0   1090.3   0.842
20260406175621    253     30.0     45.0   20.0     25.1   1437.4   1454.5   0.618
20260406175621    253    130.0    170.0   20.0     90.6   1480.3   1386.1   0.877
20260406175621    253   1235.0   1270.0   20.0     33.0   1560.4   1539.0   0.786
20260406175621    253   1490.0   1505.0   20.0     30.3   1523.8   1527.9   0.763
20260406175621    253   1620.0   1635.0   20.0     20.2   1511.3   1519.0   0.908
20260406175621    253   1745.0   1760.0   20.0     31.7   1484.5   1514.4   0.903
20260406175621    254   1525.0   1545.0   20.0    172.6   1096.5   1098.8   0.830
20260406175621    255    550.0    570.0   20.0    175.6   1106.9   1105.8   0.754
20260406175621    256    510.0    535.0   20.0     95.4   1141.2   1380.7   0.861
20260406182942      1   1350.0   1365.0   20.0     31.0    989.4   1045.7   0.814
20260406182942      4   1040.0   1055.0   20.0    111.3    980.1   1163.2   0.833
20260406182942      4   1095.0   1110.0   20.0     27.2   1144.3   1158.6   0.700
20260406182942      4   1170.0   1185.0   20.0    117.5   1154.7   1171.5   0.811
20260406182942      4   1450.0   1465.0   20.0     33.2   1183.7   1225.9   0.833
20260406182942      6   1515.0   1535.0   20.0     29.2    973.1   1064.1   0.739
20260406182942      6   1570.0   1595.0   20.0     70.5   1074.2   1119.9   0.835
20260406182942      6   1705.0   1725.0   20.0    188.5   1178.5    967.6   0.793
20260406182942      7    425.0    660.0   20.0     41.8   1298.9   1265.1   0.869
20260406182942      7   1150.0   1195.0   20.0     46.9   1260.3   1279.1   0.806
20260406182942      7   1235.0   1245.0   20.0     44.3   1283.4   1288.1   0.443
20260406182942      8     25.0     40.0   20.0     28.5    955.6   1019.0   0.792
20260406182942      8    185.0    200.0   20.0     70.5   1183.4   1150.6   0.815
20260406182942      8    435.0    450.0   20.0     40.6   1235.9   1246.4   0.800
20260406182942      8   1765.0   1780.0   20.0     34.9   1266.6   1216.7   0.850
20260406182942     10    370.0    385.0   20.0     43.0   1206.4   1278.5   0.832
20260406182942     11    645.0    660.0   20.0     61.8   1399.8   1401.0   0.871
20260406182942     11   1440.0   1455.0   20.0     46.5   1407.3   1405.9   0.858
20260406182942     12    275.0    290.0   20.0     71.8    948.3    949.8   0.785
20260406182942     14    850.0    860.0   20.0     31.0    964.9    950.4   0.434
20260406182942     14   1335.0   1360.0   20.0     75.7    962.1   1252.2   0.912
20260406182942     14   1500.0   1515.0   20.0     22.4   1295.8   1299.8   0.469
20260406182942     14   1745.0   1800.0   20.0     64.0   1350.2   1310.5   0.806
20260406182942     15   1185.0   1215.0   20.0     51.3    951.9   1071.2   0.754
20260406182942     15   1260.0   1275.0   20.0     26.0   1098.6   1104.8   0.729
20260406182942     15   1350.0   1365.0   20.0    179.6   1214.1    947.7   0.833
20260406182942     15   1445.0   1460.0   20.0     40.4    949.5    950.6   0.726
20260406182942     17     65.0     80.0   20.0     48.7    941.8   1154.3   0.798
20260406182942     17    125.0    150.0   20.0    212.6   1214.8    939.4   0.798
20260406182942     17   1040.0   1055.0   20.0    115.1    943.1   1220.2   0.832
20260406182942     18    105.0    120.0   20.0     45.0    936.4    937.4   0.597
20260406182942     19   1080.0   1120.0   20.0     81.1    925.1   1075.9   0.785
20260406182942     19   1190.0   1250.0   20.0    186.1   1099.1    926.2   0.751
20260406182942     20    750.0    800.0   20.0    140.1   1432.8   1387.3   0.831
20260406182942     22   1125.0   1140.0   20.0     78.8    930.9    938.8   0.764
20260406182942     23    620.0    655.0   20.0     34.6    931.7    934.1   0.673
20260406182942     25    630.0    705.0   20.0    247.5    930.9    926.3   0.904
20260406182942     25   1240.0   1260.0   20.0    156.7    929.6    927.4   0.803
20260406182942     25   1665.0   1675.0   20.0     21.3    930.8    929.0   0.425
20260406182942     26    815.0    830.0   20.0     70.4    928.4    926.2   0.786
20260406182942     26   1475.0   1490.0   20.0     38.4    935.4   1034.7   0.819
20260406182942     26   1650.0   1665.0   20.0    122.9   1170.5    927.2   0.829
20260406182942     27    455.0    470.0   20.0     25.5    914.5    949.9   0.754
20260406182942     27    520.0    540.0   20.0    182.8    997.3    913.8   0.729
20260406182942     27   1395.0   1410.0   20.0    106.7    920.9   1106.9   0.819
20260406182942     27   1625.0   1640.0   20.0     20.1   1150.2   1177.2   0.855
20260406182942     28   1010.0   1065.0   20.0     39.3    997.0   1055.7   0.828
20260406182942     28   1545.0   1560.0   20.0     23.3   1169.7   1168.9   0.686
20260406182942     28   1630.0   1645.0   20.0     32.5   1171.5   1180.8   0.796
20260406182942     28   1760.0   1775.0   20.0     81.0   1179.0   1290.8   0.760
20260406182942     29    665.0    680.0   20.0     35.2    905.9    994.1   0.778
20260406182942     29    735.0    750.0   20.0     22.4   1012.8   1061.4   0.671
20260406182942     29    850.0    865.0   20.0     43.8   1053.3   1153.6   0.765
20260406182942     29    960.0    975.0   20.0     22.8   1162.4   1173.2   0.776
20260406182942     29   1150.0   1165.0   20.0     23.0   1183.7   1213.2   0.770
20260406182942     30     40.0     60.0   20.0    138.6    916.9    916.4   0.762
20260406182942     30    805.0    820.0   20.0     52.7    917.7   1080.9   0.853
20260406182942     30    855.0    885.0   20.0     43.9   1155.4   1174.0   0.806
20260406182942     30    985.0   1025.0   20.0     53.3   1158.7   1182.3   0.780
20260406182942     30   1070.0   1085.0   20.0    110.6   1184.1    915.3   0.906
20260406182942     32    845.0    860.0   20.0     82.0    914.8   1107.6   0.826
20260406182942     32    920.0    935.0   20.0     22.7   1135.3   1153.6   0.665
20260406182942     32   1045.0   1105.0   20.0    118.7   1199.5   1194.0   0.897
20260406182942     32   1595.0   1610.0   20.0     34.9   1257.1   1248.7   0.870
20260406182942     33    685.0    700.0   20.0     55.2    915.4    916.1   0.706
20260406182942     33    915.0    975.0   20.0     30.5    916.1   1031.1   0.792
20260406182942     33   1310.0   1405.0   20.0     26.0   1037.1   1093.2   0.776
20260406182942     34    220.0    235.0   20.0     47.7    897.6    898.4   0.748
20260406182942     35   1515.0   1530.0   20.0     32.0    906.4    988.5   0.760
20260406182942     35   1585.0   1600.0   20.0    110.8   1030.8    910.0   0.806
20260406182942     36    735.0    750.0   20.0     32.3    898.5    900.1   0.574
20260406182942     37    960.0    980.0   20.0     81.7    914.5    902.0   0.838
20260406182942     38   1165.0   1185.0   20.0     61.7    927.2   1090.4   0.890
20260406182942     39    280.0    295.0   20.0     36.4   1270.7   1269.9   0.570
20260406182942     39    335.0    440.0   20.0     85.5   1276.2   1358.4   0.794
20260406182942     39    595.0    610.0   20.0     32.1   1324.6   1306.0   0.866
20260406182942     41     10.0     25.0   20.0     53.3    887.8    975.6   0.745
20260406182942     41    145.0    165.0   20.0     29.6   1032.1   1059.3   0.676
20260406182942     41    635.0    650.0   20.0     45.2   1055.6   1070.6   0.764
20260406182942     42   1255.0   1275.0   20.0     41.5    905.0    907.1   0.799
20260406182942     42   1330.0   1345.0   20.0     69.7    907.7    910.1   0.599
20260406182942     43    865.0    910.0   20.0    122.1    898.8    899.0   0.823
20260406182942     45    370.0    385.0   20.0     77.4    890.1   1078.9   0.827
20260406182942     46    450.0    485.0   20.0     42.4   1140.8   1181.7   0.817
20260406182942     48    115.0    170.0   20.0     58.4    886.1    886.0   0.742
20260406182942     48    475.0    530.0   20.0    209.7    889.2    890.3   0.836
20260406182942     49    305.0    320.0   20.0     40.6    881.4    987.5   0.748
20260406182942     49    425.0    440.0   20.0    113.0   1031.7    882.0   0.764
20260406182942     49   1005.0   1050.0   20.0     41.2    885.1   1023.6   0.751
20260406182942     49   1475.0   1490.0   20.0     55.2   1094.1    882.6   0.950
20260406182942     50    580.0    610.0   20.0     93.3    881.6    888.7   0.817
20260406182942     50    755.0    770.0   20.0     28.0    882.4    943.6   0.761
20260406182942     50    810.0    825.0   20.0    145.6    954.8    882.9   0.832
20260406182942     50    980.0   1000.0   20.0    135.0    883.3   1332.9   0.783
20260406182942     51   1375.0   1390.0   20.0     47.1    878.4    970.6   0.764
20260406182942     51   1535.0   1550.0   20.0     21.3   1025.0   1022.4   0.822
20260406182942     51   1590.0   1615.0   20.0    106.5   1014.3   1015.4   0.842
20260406182942     51   1690.0   1710.0   20.0     27.8   1024.1   1131.8   0.871
20260406182942     51   1775.0   1790.0   20.0     22.4   1153.6   1182.3   0.754
20260406182942     52   1085.0   1100.0   20.0     43.6    886.0    885.6   0.712
20260406182942     52   1320.0   1335.0   20.0     45.1    890.2    889.4   0.730
20260406182942     54    390.0    405.0   20.0     22.1   1076.0   1090.2   0.836
20260406182942     55   1360.0   1375.0   20.0     75.3    885.7    885.9   0.606
20260406182942     56    765.0    780.0   20.0     65.3   1068.8   1106.8   0.826
20260406182942     57    420.0    465.0   20.0    104.9    879.1    876.3   0.884
20260406182942     57   1670.0   1685.0   20.0     63.0    881.0    883.9   0.604
20260406182942     58    920.0    975.0   20.0     92.0    888.3   1098.0   0.845
20260406182942     64    585.0    600.0   20.0    191.9    861.7   1152.6   0.798
20260406182942     64    735.0    750.0   20.0     33.5   1141.8   1167.4   0.893
20260406182942     66   1525.0   1540.0   20.0     46.0    871.0    871.6   0.609
20260406182942     67     10.0     25.0   20.0     87.5    857.7    858.7   0.766
20260406182942     67    450.0    465.0   20.0     30.7    861.9    978.5   0.776
20260406182942     67    855.0    870.0   20.0     38.5   1090.2   1082.8   0.900
20260406182942     67   1395.0   1410.0   20.0     32.3   1153.4   1176.4   0.811
20260406182942     68    285.0    370.0   20.0    126.9    867.1   1162.2   0.847
20260406182942     68    440.0    455.0   20.0    196.0   1187.2    867.2   0.847
20260406182942     68   1350.0   1365.0   20.0     38.5    875.6    939.4   0.786
20260406182942     70   1595.0   1610.0   20.0     22.0    969.9    989.5   0.519
20260406182942     75   1220.0   1235.0   20.0     46.8    871.7    872.9   0.760
20260406182942     76   1430.0   1480.0   20.0    123.1    878.0    874.2   0.883
20260406182942     78    235.0    250.0   20.0     58.1    868.4    934.7   0.760
20260406182942     78    430.0    445.0   20.0     22.9    954.7    958.1   0.768
20260406182942     78    585.0    600.0   20.0     29.7    995.0   1009.3   0.556
20260406182942     78    940.0    955.0   20.0     27.6   1018.5   1062.2   0.814
20260406182942     78   1075.0   1090.0   20.0     29.7   1056.7   1057.6   0.678
20260406182942     78   1420.0   1435.0   20.0     92.7   1030.6   1099.4   0.705
20260406182942     79   1520.0   1585.0   20.0     69.2    862.5   1003.0   0.812
20260406182942     79   1620.0   1635.0   20.0     24.1   1006.5   1023.1   0.740
20260406182942     82   1400.0   1415.0   20.0     62.2    877.4    868.0   0.782
20260406182942     83    765.0    800.0   20.0     72.2    851.6    850.4   0.745
20260406182942     84   1045.0   1080.0   20.0     63.4    862.2    862.4   0.753
20260406182942     85    740.0    830.0   20.0    201.1    859.0    858.7   0.848
20260406182942     87      5.0     20.0   20.0     47.5    837.0    946.0   0.770
20260406182942     87    480.0    490.0   20.0     43.3   1018.1   1024.0   0.499
20260406182942     87    615.0    630.0   20.0     30.6   1056.7   1068.6   0.861
20260406182942     88   1780.0   1795.0   20.0     29.0   1067.3   1082.1   0.690
20260406182942     89     80.0    190.0   20.0     32.8    855.6   1031.1   0.770
20260406182942     89    375.0    440.0   20.0    100.8   1044.9    856.2   0.866
20260406182942     89   1295.0   1310.0   20.0     93.4    861.0   1014.8   0.770
20260406182942     90   1565.0   1585.0   20.0     88.1    858.3    859.8   0.770
20260406182942     90   1635.0   1650.0   20.0     51.6    858.5    858.7   0.631
20260406182942     92    740.0    755.0   20.0     35.2    845.9    922.2   0.796
20260406182942     92    855.0    870.0   20.0     22.7    954.3    982.7   0.789
20260406182942     92   1215.0   1230.0   20.0     21.4   1049.9   1064.1   0.605
20260406182942     92   1430.0   1445.0   20.0     27.1   1093.2   1083.8   0.519
20260406182942     92   1575.0   1590.0   20.0     20.4   1076.4   1106.3   0.732
20260406182942     93   1605.0   1630.0   20.0    217.3    855.8    855.2   0.841
20260406182942     93   1755.0   1790.0   20.0     31.9    856.6   1003.4   0.685
20260406182942     94     40.0     55.0   20.0     45.3    852.1    905.4   0.757
20260406182942     94    545.0    590.0   20.0    154.2   1006.0    857.7   0.769
20260406182942     94    635.0    650.0   20.0     36.4    858.1    861.3   0.608
20260406182942     95    835.0    850.0   20.0     54.1    853.0    853.8   0.812
20260406182942     96    435.0    450.0   20.0     66.6    867.3    868.2   0.747
20260406182942     96   1650.0   1665.0   20.0     76.2    879.3    878.9   0.771
20260406182942     98    690.0    710.0   20.0     56.2    854.2    853.5   0.805
20260406182942     98   1020.0   1035.0   20.0    111.2    856.8   1116.5   0.834
20260406182942     99     30.0    100.0   20.0     24.5    975.7    981.8   0.751
20260406182942     99    205.0    220.0   20.0    113.5    990.0   1114.1   0.731
20260406182942     99    405.0    420.0   20.0     26.3   1108.0   1136.8   0.687
20260406182942     99    485.0    500.0   20.0     25.0   1141.7   1189.5   0.832
20260406182942    101     60.0     75.0   20.0     88.6    841.7    844.1   0.742
20260406182942    101    390.0    405.0   20.0     33.4    845.9    928.9   0.854
20260406182942    101    450.0    470.0   20.0     51.8    931.4    960.1   0.757
20260406182942    101    580.0    595.0   20.0     49.7    974.1    972.8   0.634
20260406182942    101   1425.0   1440.0   20.0     67.4   1014.4    849.5   0.856
20260406182942    103   1650.0   1690.0   20.0    135.0    856.3    857.2   0.772
20260406182942    105    275.0    325.0   20.0    107.9    833.1    835.2   0.753
20260406182942    105   1650.0   1670.0   20.0     35.8    846.4    847.1   0.751
20260406182942    106    110.0    175.0   20.0     51.4    838.8   1040.0   0.750
20260406182942    106   1165.0   1180.0   20.0     38.0   1188.1   1184.6   0.797
20260406182942    106   1430.0   1485.0   20.0     99.1   1192.8   1191.2   0.813
20260406182942    106   1560.0   1575.0   20.0    100.5   1198.3   1179.0   0.864
20260406182942    107    625.0    655.0   20.0     95.8    835.2   1043.5   0.761
20260406182942    108      0.0     10.0   20.0     32.3      0.0   1079.5   0.604
20260406182942    108    250.0    265.0   20.0     20.5   1028.2   1028.9   0.700
20260406182942    108   1460.0   1475.0   20.0     39.9   1155.9   1160.9   0.603
20260406182942    109    405.0    420.0   20.0     21.4    850.7    849.2   0.465
20260406182942    109   1575.0   1590.0   20.0     55.4   1087.2   1172.3   0.814
20260406182942    110      0.0     10.0   20.0     72.5      0.0    938.3   0.777
20260406182942    110     50.0     65.0   20.0     30.6    951.6   1000.9   0.800
20260406182942    110    250.0    270.0   20.0    121.6    992.3    851.9   0.786
20260406182942    110   1000.0   1015.0   20.0     32.3    851.8    854.2   0.764
20260406182942    111     80.0     95.0   20.0     91.9    848.3    849.1   0.779
20260406182942    112   1620.0   1705.0   20.0     40.6    864.5   1000.2   0.812
20260406182942    114   1290.0   1340.0   20.0    168.6    867.3    867.9   0.876
20260406182942    115    350.0    375.0   20.0    163.2    845.2    845.5   0.820
20260406182942    115    570.0    585.0   20.0     26.1    846.7    881.4   0.696
20260406182942    115    630.0    645.0   20.0    111.0    943.1    849.1   0.775
20260406182942    116   1655.0   1700.0   20.0    121.3    857.8    859.1   0.827
20260406182942    118     30.0     65.0   20.0     66.1    853.6    854.8   0.752
20260406182942    119   1700.0   1715.0   20.0     54.2    843.7    936.7   0.773
20260406182942    119   1765.0   1775.0   20.0     20.4    974.8    944.6   0.579
20260406182942    120   1525.0   1545.0   20.0     50.7    846.8    846.5   0.789
20260406182942    121   1690.0   1705.0   20.0     37.5    889.7    888.2   0.817
20260406182942    121   1755.0   1770.0   20.0     23.2    890.9    866.9   0.758
20260406182942    124    300.0    315.0   20.0     58.9    847.9    848.5   0.674
20260406182942    125    165.0    185.0   20.0     42.1    852.1    853.8   0.739
20260406182942    126   1110.0   1145.0   20.0     97.7    864.3    866.3   0.810
20260406182942    126   1525.0   1540.0   20.0     94.7    868.9    866.5   0.786
20260406182942    127     30.0     45.0   20.0     38.9    951.3    992.3   0.770
20260406182942    127    185.0    240.0   20.0     21.5   1027.6   1041.7   0.844
20260406182942    128      0.0     10.0   20.0     55.7      0.0   1162.6   0.797
20260406182942    130     80.0     95.0   20.0     86.3    850.7    852.1   0.771
20260406182942    130   1505.0   1540.0   20.0     62.0    865.7    865.7   0.775
20260406182942    131   1260.0   1295.0   20.0    170.9    853.0    854.0   0.904
20260406182942    132   1500.0   1520.0   20.0    136.0    867.9   1289.0   0.929
20260406182942    133    550.0    570.0   20.0     52.4    859.0    859.0   0.757
20260406182942    135   1590.0   1605.0   20.0     45.7    865.9    919.4   0.770
20260406182942    136    170.0    195.0   20.0     98.2    850.6    852.0   0.758
20260406182942    136    535.0    555.0   20.0    133.1    856.7   1355.3   0.909
20260406182942    137    315.0    335.0   20.0     53.4    850.4    854.6   0.789
20260406182942    138    905.0    960.0   20.0    118.2    874.4    871.7   0.829
20260406182942    138   1675.0   1695.0   20.0     77.2    899.0   1123.1   0.780
20260406182942    138   1775.0   1800.0   20.0    101.6   1128.7    903.5   0.874
20260406182942    139   1490.0   1535.0   20.0    176.2    909.7    858.3   0.805
20260406182942    140   1335.0   1345.0   20.0     22.3    864.8    866.5   0.426
20260406182942    143    625.0    640.0   20.0     27.0    855.7    855.0   0.709
20260406182942    144    350.0    390.0   20.0    143.9    869.6    870.8   0.772
20260406182942    144    875.0    890.0   20.0     65.9    882.4    979.9   0.787
20260406182942    144    935.0    950.0   20.0     47.8   1006.5   1064.1   0.838
20260406182942    144   1065.0   1080.0   20.0     36.3   1035.3   1066.7   0.786
20260406182942    144   1180.0   1235.0   20.0     69.5    980.7    876.8   0.866
20260406182942    144   1410.0   1425.0   20.0     42.1    882.2    881.2   0.711
20260406182942    146    635.0    780.0   20.0    133.5    875.2   1140.5   0.767
20260406182942    146    845.0    860.0   20.0     22.9   1160.3   1175.1   0.817
20260406182942    147   1450.0   1465.0   20.0     43.7    875.7    990.0   0.770
20260406182942    147   1585.0   1625.0   20.0    151.6   1061.4    875.9   0.877
20260406182942    148    380.0    395.0   20.0     63.4    860.9    859.9   0.759
20260406182942    149    265.0    340.0   19.4    241.3   1242.5   1297.1   0.870
20260406182942    149    375.0    485.0   20.0    167.3   1295.6   1310.8   0.838
20260406182942    149    555.0    745.0   20.0    178.2   1317.4   1322.4   0.880
20260406182942    149    795.0    810.0   20.0     26.2   1324.6   1319.7   0.664
20260406182942    149    860.0    880.0   20.0    222.9   1324.2   1313.9   0.837
20260406182942    149    995.0   1015.0   20.0    215.0   1321.4   1316.5   0.832
20260406182942    149   1130.0   1205.0   20.0    254.2   1327.8   1188.0   0.826
20260406182942    149   1385.0   1400.0   20.0    122.4   1179.9   1312.9   0.760
20260406182942    151    500.0    510.0   20.0     53.4    887.5    884.8   0.602
20260406182942    152      5.0     20.0   20.0     37.8   1035.6   1031.1   0.631
20260406182942    152    280.0    295.0   20.0     22.8   1032.6   1011.2   0.723
20260406182942    152    825.0    865.0   20.0     21.5   1040.3   1043.9   0.861
20260406182942    153    695.0    710.0   20.0     68.2    897.3    881.5   0.786
20260406182942    153   1565.0   1620.0   20.0     49.1    881.3   1029.7   0.837
20260406182942    153   1670.0   1685.0   20.0     23.6   1013.4   1011.5   0.749
20260406182942    153   1740.0   1755.0   20.0     26.0   1006.6   1006.2   0.677
20260406182942    155   1425.0   1440.0   20.0     23.9    867.0    868.7   0.793
20260406182942    158   1735.0   1755.0   20.0    239.4    873.9    874.3   0.859
20260406182942    159    105.0    115.0   20.0     22.2    991.1   1020.3   0.573
20260406182942    159    370.0    385.0   20.0     57.2   1034.1   1089.7   0.736
20260406182942    159    450.0    465.0   20.0     32.4   1117.5   1158.5   0.753
20260406182942    162     15.0     30.0   20.0     72.9    881.9   1012.6   0.783
20260406182942    163    955.0    970.0   20.0     28.7    881.2    880.1   0.662
20260406182942    164     15.0     35.0   20.0    172.8   1089.3    886.0   0.777
20260406182942    165   1200.0   1250.0   20.0    124.9    889.9    891.8   0.869
20260406182942    165   1320.0   1335.0   20.0     69.1    891.8    985.6   0.787
20260406182942    165   1385.0   1400.0   20.0     23.7    991.4   1030.7   0.665
20260406182942    165   1435.0   1445.0   20.0     22.9   1037.5   1036.8   0.663
20260406182942    165   1570.0   1585.0   20.0     34.4   1030.3   1054.6   0.738
20260406182942    167      0.0     15.0   20.0    133.5      0.0    883.3   0.857
20260406182942    167   1240.0   1280.0   20.0     89.2    889.9    888.3   0.821
20260406182942    168    300.0    320.0   20.0    113.6    903.5   1054.7   0.814
20260406182942    168    420.0    435.0   20.0    105.2   1084.3   1169.5   0.686
20260406182942    169    915.0    930.0   20.0     85.0    917.4   1023.6   0.724
20260406182942    169    970.0    985.0   20.0    107.9   1034.7    917.2   0.762
20260406182942    169   1255.0   1345.0   20.0     38.5    929.6   1122.6   0.809
20260406182942    170    205.0    215.0   20.0     21.8   1067.4   1075.8   0.491
20260406182942    171   1355.0   1370.0   20.0     36.2    888.1    888.1   0.778
20260406182942    173   1145.0   1160.0   20.0     25.9    909.2    885.3   0.760
20260406182942    174   1490.0   1530.0   20.0    179.9    921.1    921.2   0.803
20260406182942    177   1290.0   1305.0   20.0     74.3    915.8    915.4   0.747
20260406182942    177   1555.0   1575.0   20.0     30.6    914.7    914.5   0.736
20260406182942    178    385.0    405.0   20.0     80.3    911.0    910.3   0.777
20260406182942    178    950.0    965.0   20.0    114.2    913.1    912.2   0.670
20260406182942    179     25.0     40.0   20.0    111.7    896.0    895.0   0.599
20260406182942    180   1275.0   1335.0   20.0     52.4    923.5   1168.3   0.799
20260406182942    180   1410.0   1430.0   20.0     46.1   1176.7   1244.9   0.834
20260406182942    183    290.0    365.0   20.0    158.7    919.0    921.9   0.806
20260406182942    183    410.0    425.0   20.0     30.9    916.6    922.4   0.424
20260406182942    183    790.0    865.0   20.0     65.8    929.5   1017.2   0.780
20260406182942    183    950.0    965.0   20.0    158.3   1079.7    920.8   0.781
20260406182942    184   1655.0   1695.0   20.0    187.3    926.7    926.4   0.815
20260406182942    185    195.0    210.0   20.0    195.0    899.4    900.3   0.788
20260406182942    185   1200.0   1215.0   20.0     34.4    903.3    904.4   0.630
20260406182942    186    715.0    850.0   20.0    152.4    933.2    932.7   0.801
20260406182942    187      5.0     20.0   20.0     58.3    909.4   1005.2   0.827
20260406182942    187    115.0    130.0   20.0     65.0   1027.3   1116.6   0.731
20260406182942    187    190.0    205.0   20.0     21.0   1035.7   1094.8   0.765
20260406182942    187    450.0    470.0   20.0    137.3   1145.2    914.6   0.874
20260406182942    187   1130.0   1150.0   20.0     39.9    916.1    916.2   0.729
20260406182942    188    725.0    755.0   20.0     91.9    933.2    934.4   0.813
20260406182942    188   1245.0   1275.0   20.0     63.0    936.1    935.1   0.834
20260406182942    189    975.0    990.0   20.0     65.7    988.2    919.5   0.807
20260406182942    189   1300.0   1395.0   20.0     63.3    920.0    920.2   0.845
20260406182942    190    300.0    355.0   20.0     57.0    945.2   1266.5   0.857
20260406182942    190    645.0    660.0   20.0     31.4   1323.6   1330.1   0.884
20260406182942    192    670.0    685.0   20.0     43.8    930.2    981.0   0.738
20260406182942    192   1685.0   1700.0   20.0     38.2   1075.3   1110.7   0.806
20260406182942    193   1735.0   1750.0   20.0     84.6    943.4   1018.6   0.723
20260406182942    194    390.0    405.0   20.0     24.4    933.3    930.9   0.779
20260406182942    197    420.0    585.0   20.0     33.6   1456.1   1439.1   0.889
20260406182942    197    805.0    825.0   20.0     37.7   1418.2   1420.3   0.837
20260406182942    197   1345.0   1365.0   20.0     63.0   1447.3   1433.1   0.836
20260406182942    198    490.0    560.0   20.0     46.0   1415.6   1272.6   0.795
20260406182942    198    645.0    660.0   20.0     24.7   1275.2   1252.8   0.800
20260406182942    198    820.0    835.0   20.0     61.2   1275.2   1401.0   0.723
20260406182942    199   1140.0   1155.0   20.0     44.9   1438.0   1439.6   0.773
20260406182942    199   1200.0   1800.0   20.0    108.2   1430.0   1469.7   0.936
20260406182942    200   1375.0   1395.0   20.0    102.0    944.6   1131.5   0.824
20260406182942    202    450.0    465.0   20.0     37.4    950.1   1015.4   0.756
20260406182942    202    595.0    610.0   20.0     22.1   1054.1   1039.4   0.726
20260406182942    202    675.0    690.0   20.0     21.4   1036.5   1048.4   0.820
20260406182942    202    770.0    785.0   20.0     86.2   1106.7   1242.6   0.767
20260406182942    202    820.0    855.0   20.0    100.2   1163.8    950.7   0.896
20260406182942    203    120.0    135.0   20.0    116.4   1193.5   1319.1   0.743
20260406182942    204    780.0    795.0   20.0     56.4    952.8    955.2   0.769
20260406182942    204   1525.0   1540.0   20.0    276.4    962.6    950.6   0.806
20260406182942    204   1600.0   1620.0   20.0     51.3    950.1    953.5   0.733
20260406182942    205    640.0    785.0   20.0    248.6    958.4   1166.1   0.837
20260406182942    205    895.0    920.0   20.0    144.7   1162.7   1320.1   0.768
20260406182942    205   1010.0   1025.0   20.0     33.9   1329.5   1352.6   0.898
20260406182942    205   1250.0   1265.0   20.0     27.3   1366.7   1406.6   0.605
20260406182942    205   1445.0   1470.0   20.0     55.3   1405.4   1403.9   0.715
20260406182942    205   1735.0   1750.0   20.0     34.4   1449.7   1392.9   0.658
20260406182942    205   1790.0   1800.0   20.0    140.5   1393.5   1443.0   0.716
20260406182942    207    290.0    315.0   20.0    115.6    961.5    965.7   0.799
20260406182942    207    430.0    475.0   20.0    102.5    963.5    963.8   0.762
20260406182942    208     70.0     90.0   20.0     62.8    973.2    970.9   0.753
20260406182942    210    895.0    910.0   20.0     33.4    965.6    966.3   0.730
20260406182942    210   1615.0   1635.0   20.0    167.6    967.9    968.0   0.791
20260406182942    211     25.0     40.0   20.0    110.4    964.9    965.2   0.794
20260406182942    212    190.0    205.0   20.0     33.4   1363.0   1337.9   0.728
20260406182942    212    480.0    495.0   20.0     24.1   1293.3   1340.6   0.840
20260406182942    212    605.0    620.0   20.0    249.7   1359.1   1470.2   0.591
20260406182942    212   1645.0   1660.0   20.0     51.7   1466.4   1445.6   0.802
20260406182942    214    335.0    350.0   20.0    109.4    986.6    985.3   0.828
20260406182942    214   1590.0   1665.0   20.0     62.4    990.7   1197.4   0.904
20260406182942    214   1720.0   1735.0   20.0     31.8   1217.6   1282.4   0.830
20260406182942    216    610.0    625.0   20.0     24.3    997.6   1035.2   0.717
20260406182942    216    690.0    785.0   20.0     36.3   1099.4   1365.4   0.850
20260406182942    216    910.0    920.0   20.0     25.9   1405.8   1430.0   0.569
20260406182942    216   1680.0   1695.0   20.0     20.9   1407.0   1426.6   0.698
20260406182942    219      0.0     45.0   20.0    144.7      0.0   1374.6   0.784
20260406182942    220   1640.0   1655.0   20.0    124.3    994.6   1536.9   0.835
20260406182942    221    830.0    845.0   20.0     43.7    986.0    984.4   0.792
20260406182942    223    310.0    325.0   20.0     50.9    994.9   1066.7   0.813
20260406182942    223    580.0    595.0   20.0     24.3   1178.8   1188.2   0.723
20260406182942    223    670.0    685.0   20.0     46.9   1236.6   1247.4   0.760
20260406182942    223   1015.0   1030.0   20.0     51.9   1330.0   1332.9   0.926
20260406182942    224    960.0    980.0   20.0     53.3   1005.6   1129.7   0.812
20260406182942    224   1170.0   1185.0   20.0    114.9   1189.1   1000.8   0.765
20260406182942    225    545.0    560.0   20.0     67.4   1007.0   1005.5   0.759
20260406182942    225   1040.0   1060.0   20.0     63.0   1002.6   1001.5   0.812
20260406182942    225   1205.0   1250.0   20.0     48.4   1003.3   1067.7   0.839
20260406182942    225   1530.0   1545.0   20.0     36.7   1134.1   1133.9   0.863
20260406182942    226    510.0    525.0   20.0     39.7   1018.2   1075.1   0.763
20260406182942    226    585.0    630.0   20.0     87.4   1091.9   1154.8   0.821
20260406182942    226    995.0   1050.0   20.0     82.6   1269.2   1431.8   0.883
20260406182942    229    130.0    145.0   20.0     21.6   1247.9   1305.8   0.778
20260406182942    229    425.0    440.0   20.0     20.4   1186.2   1194.0   0.725
20260406182942    231     25.0     40.0   20.0     36.2   1388.4   1421.6   0.670
20260406182942    231    645.0   1510.0   20.0     64.5   1591.9   1594.3   0.864
20260406182942    231   1570.0   1595.0   20.0     30.8   1605.2   1601.0   0.845
20260406182942    231   1720.0   1735.0   20.0     45.8   1594.0   1601.9   0.769
20260406182942    231   1770.0   1800.0   20.0     37.5   1587.7   1576.6   0.902
20260406182942    232   1225.0   1240.0   20.0    139.0   1028.9   1027.3   0.799
20260406182942    234    530.0    565.0   20.0    193.4   1046.8   1042.4   0.809
20260406182942    235     40.0     60.0   20.0    234.4   1036.5   1035.5   0.834
20260406182942    236    325.0    350.0   20.0    287.0   1046.9   1044.2   0.840
20260406182942    236   1450.0   1490.0   20.0    110.3   1043.6   1339.5   0.833
20260406182942    237      0.0     10.0   20.0     20.2      0.0   1384.2   0.511
20260406182942    237    685.0    700.0   20.0     20.0   1357.7   1211.4   0.877
20260406182942    237    860.0    880.0   20.0     44.2   1179.0   1054.9   0.943
20260406182942    238    320.0    380.0   20.0    275.6   1047.9   1046.3   0.867
20260406182942    238   1360.0   1375.0   20.0     25.6   1053.5   1046.0   0.454
20260406182942    239     35.0     70.0   20.0     86.2   1041.2   1208.9   0.766
20260406182942    239    160.0    175.0   20.0     23.6   1245.9   1255.8   0.677
20260406182942    239    225.0    240.0   20.0    100.5   1272.1   1294.2   0.766
20260406182942    239    300.0    315.0   20.0     34.2   1284.9   1331.8   0.755
20260406182942    240     70.0    155.0   20.0    104.6   1054.2   1335.4   0.800
20260406182942    240    195.0    315.0   20.0     87.8   1313.1   1358.9   0.770
20260406182942    240    365.0    380.0   20.0     47.1   1355.4   1342.9   0.660
20260406182942    240    465.0    495.0   20.0     29.6   1384.9   1395.3   0.579
20260406182942    240    575.0    590.0   20.0     21.3   1406.4   1410.8   0.538
20260406182942    240    685.0    700.0   20.0     83.6   1425.1   1459.3   0.841
20260406182942    240   1035.0   1050.0   20.0     23.0   1473.9   1478.3   0.518
20260406182942    240   1090.0   1105.0   20.0     59.3   1495.3   1508.5   0.816
20260406182942    241    450.0    465.0   20.0    334.2   1053.4   1053.0   0.465
20260406182942    242    610.0    625.0   20.0     34.6   1055.6   1053.8   0.595
20260406182942    243    265.0    305.0   20.0     30.1   1504.0   1508.6   0.765
20260406182942    243    360.0    470.0   20.0     35.8   1571.2   1532.0   0.915
20260406182942    243    510.0    545.0   20.0     36.5   1526.6   1529.1   0.861
20260406182942    243    595.0    675.0   20.0     80.3   1512.7   1527.7   0.886
20260406182942    244   1075.0   1090.0   20.0     48.4   1106.4   1166.8   0.688
20260406182942    244   1535.0   1550.0   20.0     37.1   1203.6   1187.2   0.531
20260406182942    244   1620.0   1635.0   20.0     22.8   1201.2   1230.4   0.691
20260406182942    245   1190.0   1275.0   20.0    231.6   1052.8   1051.3   0.860
20260406182942    245   1575.0   1605.0   20.0    199.9   1053.1   1050.5   0.853
20260406182942    246    300.0    315.0   20.0    281.0   1083.7   1081.0   0.813
20260406182942    246    350.0    360.0   20.0     21.9   1082.2   1083.1   0.409
20260406182942    246   1015.0   1035.0   20.0     68.7   1083.6   1091.1   0.801
20260406182942    247    935.0    950.0   20.0    103.1   1055.5   1058.7   0.736
20260406182942    248    145.0    165.0   20.0    129.7   1095.0   1093.9   0.748
20260406182942    248    695.0    710.0   20.0     60.1   1102.1   1180.5   0.768
20260406182942    248   1380.0   1400.0   20.0     27.3   1301.7   1393.8   0.717
20260406182942    248   1765.0   1780.0   20.0     20.3   1232.4   1231.6   0.807
20260406182942    249    770.0    790.0   20.0     79.9   1068.2   1068.0   0.748
20260406182942    250     45.0     60.0   20.0     20.1   1209.0   1205.7   0.790
20260406182942    250    120.0    135.0   20.0     28.2   1228.6   1255.5   0.808
20260406182942    250    630.0    665.0   20.0     38.0   1333.4   1375.5   0.788
20260406182942    250    840.0    855.0   20.0     45.4   1441.3   1499.8   0.789
20260406182942    250    980.0    995.0   20.0     24.2   1510.2   1533.4   0.477
20260406182942    250   1280.0   1295.0   20.0     69.6   1570.2   1603.8   0.698
20260406182942    250   1400.0   1415.0   20.0     20.0   1580.5   1609.4   0.591
20260406182942    250   1665.0   1675.0   20.0     23.9   1571.2   1571.2   0.434
20260406182942    251   1580.0   1595.0   20.0     25.4   1089.6   1086.1   0.639
20260406182942    252    320.0    335.0   20.0     32.3   1276.9   1301.9   0.837
20260406182942    252    370.0    385.0   20.0     46.4   1255.9   1273.1   0.857
20260406182942    252   1095.0   1110.0   20.0     22.1   1401.9   1423.8   0.672
20260406182942    253   1240.0   1255.0   20.0     44.8   1563.7   1575.9   0.777
20260406182942    254   1275.0   1290.0   20.0    106.2   1103.7   1103.7   0.761
20260406182942    255    875.0    890.0   20.0     64.8   1108.9   1106.0   0.694
20260406182942    256    655.0    670.0   20.0    100.3   1164.3   1318.7   0.854
20260406182942    256    720.0    740.0   20.0     56.5   1323.6   1570.3   0.853
20260406190301      1   1565.0   1580.0   20.0     30.8    989.7   1045.4   0.770
20260406190301      1   1705.0   1725.0   20.0    105.3   1176.2   1315.5   0.793
20260406190301      2   1245.0   1260.0   20.0     82.7   1000.3   1000.9   0.801
20260406190301      3    625.0    645.0   20.0    176.1    976.1   1499.1   0.911
20260406190301      4   1640.0   1670.0   20.0     79.3    994.6    987.2   0.853
20260406190301      5    345.0    360.0   20.0     65.9    971.3    971.1   0.708
20260406190301      5    875.0    890.0   20.0    159.8    985.4    975.2   0.806
20260406190301      5   1115.0   1130.0   20.0     39.1    999.7   1209.1   0.911
20260406190301      6     45.0     60.0   20.0     49.4   1212.7   1228.1   0.712
20260406190301      6    100.0    115.0   20.0    119.7   1202.7    970.6   0.761
20260406190301      6   1035.0   1050.0   20.0     45.4    976.6    975.1   0.749
20260406190301      7    375.0    390.0   20.0     22.8   1427.9   1430.8   0.819
20260406190301      9   1770.0   1800.0   20.0    277.4    971.5    970.0   0.807
20260406190301     11    175.0    190.0   20.0     67.3   1427.9   1448.9   0.887
20260406190301     14    270.0    325.0   20.0     65.6   1017.2   1277.9   0.857
20260406190301     14    445.0    460.0   20.0     54.6   1296.2   1288.1   0.661
20260406190301     14    495.0    510.0   20.0     24.7   1297.1   1314.9   0.639
20260406190301     14    615.0    630.0   20.0     99.2   1321.8   1099.6   0.850
20260406190301     14   1125.0   1140.0   20.0     42.3   1186.2   1168.8   0.821
20260406190301     14   1505.0   1520.0   20.0     21.8   1213.4   1222.0   0.625
20260406190301     14   1610.0   1625.0   20.0     37.8   1244.3   1244.3   0.718
20260406190301     16   1060.0   1075.0   20.0     35.7    950.1    949.5   0.651
20260406190301     16   1570.0   1585.0   20.0    114.4    954.3   1185.6   0.841
20260406190301     18    295.0    310.0   20.0     54.4    942.4    943.9   0.761
20260406190301     18    815.0    835.0   20.0    220.0    943.6   1370.4   0.899
20260406190301     20     10.0     25.0   20.0     85.5    948.5   1317.3   0.811
20260406190301     20    105.0    120.0   20.0     23.1   1325.9   1346.9   0.616
20260406190301     20    805.0    925.0   20.0     72.0   1440.5   1475.4   0.869
20260406190301     20   1330.0   1345.0   20.0     52.3   1426.9   1475.3   0.737
20260406190301     20   1415.0   1430.0   20.0     51.3   1441.0   1478.0   0.746
20260406190301     20   1565.0   1580.0   20.0     81.9   1405.8   1475.9   0.684
20260406190301     21   1515.0   1530.0   20.0     30.5    939.2    936.3   0.778
20260406190301     22    345.0    360.0   20.0     48.0    932.0   1103.4   0.845
20260406190301     22    400.0    420.0   20.0    225.1   1149.0    933.7   0.787
20260406190301     22   1620.0   1665.0   20.0     92.1    965.1    953.7   0.789
20260406190301     23    770.0    785.0   20.0     30.4    935.3    998.2   0.743
20260406190301     23    865.0    945.0   20.0     58.4   1024.7   1212.7   0.881
20260406190301     25    365.0    380.0   20.0     21.8    927.7    927.9   0.487
20260406190301     25    605.0    620.0   20.0     40.0    931.1    995.5   0.758
20260406190301     25    705.0    720.0   20.0     21.0   1023.9   1022.9   0.628
20260406190301     25    765.0    780.0   20.0     21.1   1022.2   1021.5   0.764
20260406190301     25   1630.0   1680.0   20.0    153.2   1141.1   1339.6   0.894
20260406190301     28    255.0    270.0   20.0    147.4    935.1   1145.5   0.860
20260406190301     28   1330.0   1345.0   20.0     83.8   1196.7   1245.6   0.850
20260406190301     29    465.0    520.0   20.0    102.2    909.6   1171.2   0.833
20260406190301     29    965.0    980.0   20.0     39.5   1193.0   1254.9   0.842
20260406190301     31    325.0    360.0   20.0    154.6    927.6    931.0   0.878
20260406190301     31   1035.0   1070.0   20.0     42.5    933.4   1130.2   0.918
20260406190301     31   1120.0   1140.0   20.0     34.8   1149.0   1191.0   0.708
20260406190301     31   1220.0   1235.0   20.0     37.1   1170.6   1232.3   0.885
20260406190301     31   1365.0   1380.0   20.0     23.8   1225.1   1222.4   0.821
20260406190301     32    165.0    200.0   20.0     37.5    916.6    916.1   0.761
20260406190301     32   1455.0   1465.0   20.0     20.3    923.4    925.8   0.412
20260406190301     36    100.0    120.0   20.0    102.7    901.1   1075.2   0.830
20260406190301     37    640.0    670.0   20.0     52.0    904.5   1009.4   0.801
20260406190301     37    705.0    745.0   20.0    213.9   1120.2    906.4   0.798
20260406190301     37   1515.0   1595.0   20.0     57.6    913.3   1108.9   0.934
20260406190301     37   1680.0   1695.0   20.0    126.7   1127.7   1209.8   0.694
20260406190301     38   1495.0   1550.0   20.0     42.4    920.2   1025.9   0.808
20260406190301     38   1590.0   1625.0   20.0     86.1   1018.6   1160.7   0.792
20260406190301     40    360.0    405.0   20.0     80.7    900.5    900.9   0.809
20260406190301     40   1005.0   1030.0   20.0     76.7    905.3    906.0   0.758
20260406190301     40   1085.0   1100.0   20.0     72.7    906.3    906.5   0.846
20260406190301     40   1425.0   1445.0   20.0     57.5    909.4    908.9   0.744
20260406190301     41    175.0    190.0   20.0     23.7   1021.4   1032.0   0.681
20260406190301     41    370.0    385.0   20.0     20.1   1057.9   1095.5   0.798
20260406190301     42   1275.0   1290.0   20.0    143.9    915.9   1221.4   0.835
20260406190301     43   1625.0   1645.0   20.0     68.3    910.5    910.5   0.842
20260406190301     44   1560.0   1575.0   20.0    148.1    918.6    915.0   0.897
20260406190301     44   1695.0   1730.0   20.0    147.6    918.6    919.0   0.807
20260406190301     45   1465.0   1480.0   20.0     30.9    906.8    905.6   0.741
20260406190301     46     10.0     35.0   20.0     44.0   1044.7   1123.1   0.834
20260406190301     47   1560.0   1575.0   20.0     76.9    893.4    894.9   0.874
20260406190301     47   1790.0   1800.0   20.0    146.4    896.7    895.1   0.762
20260406190301     48   1135.0   1155.0   20.0    119.5    896.7    897.9   0.857
20260406190301     49    165.0    215.0   20.0    118.7    883.0    881.5   0.815
20260406190301     50   1460.0   1475.0   20.0     52.1    892.5   1032.3   0.850
20260406190301     50   1565.0   1580.0   20.0     50.6   1018.0   1037.7   0.574
20260406190301     50   1625.0   1640.0   20.0     40.7   1027.6   1082.7   0.799
20260406190301     51   1770.0   1785.0   20.0     76.4    891.3    889.7   0.755
20260406190301     53     90.0    140.0   20.0     24.1    975.7   1042.0   0.639
20260406190301     53    300.0    315.0   20.0    163.1   1111.1    878.8   0.768
20260406190301     53    930.0   1000.0   20.0     60.7    894.7    896.3   0.794
20260406190301     54      5.0     15.0   20.0     22.0   1090.7   1090.8   0.816
20260406190301     55    140.0    160.0   20.0    142.4    885.3    883.7   0.854
20260406190301     55    745.0    760.0   20.0     27.3    888.6    888.6   0.472
20260406190301     55   1725.0   1740.0   20.0    105.9    904.5    906.4   0.771
20260406190301     56   1005.0   1330.0   20.0     56.6   1375.7   1360.3   0.867
20260406190301     56   1425.0   1800.0   20.0     71.6   1355.0   1373.1   0.855
20260406190301     57    460.0    480.0   20.0     61.5    892.0    889.6   0.770
20260406190301     58    850.0    900.0   20.0     66.2    897.3    895.5   0.793
20260406190301     58   1515.0   1535.0   20.0     65.4    901.5   1129.5   0.841
20260406190301     58   1580.0   1615.0   20.0     66.2   1136.8   1218.5   0.836
20260406190301     59   1170.0   1185.0   20.0     40.7    887.0    884.4   0.505
20260406190301     62    225.0    240.0   20.0     63.8    862.5    863.1   0.795
20260406190301     62    575.0    620.0   20.0     75.7    867.5    867.2   0.750
20260406190301     62   1455.0   1470.0   20.0    100.1    900.8   1135.2   0.891
20260406190301     62   1775.0   1790.0   20.0     33.5    895.3    894.0   0.776
20260406190301     63    850.0    865.0   20.0     22.8   1230.7   1269.2   0.748
20260406190301     64    285.0    300.0   20.0     62.7   1035.1   1144.7   0.767
20260406190301     65    735.0    750.0   20.0     66.2    874.3    875.0   0.806
20260406190301     65   1680.0   1720.0   20.0    144.6    882.1    883.2   0.826
20260406190301     67    780.0    795.0   20.0     76.4    868.1   1090.4   0.839
20260406190301     67   1245.0   1260.0   20.0     40.0   1184.9   1164.2   0.779
20260406190301     68     25.0     40.0   20.0     25.5    981.1   1015.1   0.647
20260406190301     68    360.0    370.0   20.0     28.4   1066.3   1086.6   0.706
20260406190301     69   1265.0   1325.0   20.0    227.5    877.3    948.0   0.867
20260406190301     69   1460.0   1480.0   20.0    115.6    973.0   1226.8   0.844
20260406190301     70   1000.0   1020.0   20.0     74.3    873.4    872.7   0.820
20260406190301     71    730.0    745.0   20.0     80.5    868.6    871.1   0.642
20260406190301     73   1250.0   1310.0   20.0     79.5    875.0    875.7   0.798
20260406190301     73   1500.0   1515.0   20.0     83.9    882.3   1105.0   0.795
20260406190301     73   1730.0   1745.0   20.0     65.5   1137.4   1300.0   0.864
20260406190301     76    310.0    330.0   20.0     55.2    875.1    877.4   0.774
20260406190301     76    800.0    820.0   20.0     93.4    881.0    884.8   0.769
20260406190301     78    380.0    395.0   20.0     62.2    876.7    879.5   0.787
20260406190301     78   1230.0   1245.0   20.0     84.3    883.1    884.9   0.728
20260406190301     78   1420.0   1435.0   20.0     29.4    885.5    886.0   0.702
20260406190301     80    390.0    405.0   20.0     70.2    861.6   1026.6   0.831
20260406190301     82    795.0    810.0   20.0    150.8    872.0    874.9   0.756
20260406190301     84   1490.0   1505.0   20.0     68.9   1015.9    985.8   0.832
20260406190301     84   1570.0   1585.0   20.0     32.6   1035.0   1055.5   0.803
20260406190301     84   1630.0   1645.0   20.0     75.0   1052.7   1065.9   0.848
20260406190301     86   1015.0   1030.0   20.0     32.5    887.8    865.5   0.735
20260406190301     86   1745.0   1790.0   20.0     77.0    874.4    988.3   0.801
20260406190301     87    145.0    160.0   20.0    157.3   1018.8    843.5   0.885
20260406190301     87    900.0    915.0   20.0     63.4    852.1    952.9   0.776
20260406190301     87   1230.0   1245.0   20.0     25.4   1031.1   1045.3   0.534
20260406190301     88     75.0     90.0   20.0     22.2    915.0   1012.4   0.868
20260406190301     91   1685.0   1710.0   20.0     30.7    850.4    850.3   0.762
20260406190301     92    415.0    430.0   20.0     20.4   1128.1   1144.8   0.665
20260406190301     93    475.0    490.0   20.0     27.2    853.9    902.7   0.786
20260406190301     93    655.0    670.0   20.0     22.0   1051.3   1084.4   0.702
20260406190301     94   1210.0   1265.0   20.0     76.3    884.2   1183.9   0.869
20260406190301     95   1205.0   1220.0   20.0     38.3    863.6    983.4   0.832
20260406190301     97   1485.0   1505.0   20.0    134.6    874.8   1066.7   0.840
20260406190301     97   1710.0   1725.0   20.0     44.2   1101.5   1107.4   0.475
20260406190301     99   1610.0   1625.0   20.0     87.9    875.3   1086.8   0.776
20260406190301     99   1660.0   1675.0   20.0     20.2   1013.7   1025.1   0.480
20260406190301     99   1785.0   1800.0   20.0     28.1   1050.7   1049.6   0.639
20260406190301    100    755.0    770.0   20.0     57.4    853.2    852.7   0.807
20260406190301    101   1385.0   1465.0   20.0    127.6    859.8    870.2   0.790
20260406190301    102     25.0     40.0   20.0     74.6    857.5    857.0   0.792
20260406190301    102    905.0    920.0   20.0     48.8    868.6    870.0   0.783
20260406190301    103     65.0    110.0   20.0    222.3    850.4    854.2   0.788
20260406190301    103   1655.0   1670.0   20.0     39.4    868.7    866.7   0.624
20260406190301    104    600.0    615.0   20.0     86.4    993.1   1073.6   0.697
20260406190301    105    540.0    555.0   20.0     73.3    841.3    964.7   0.843
20260406190301    106   1130.0   1255.0   20.0    151.1   1274.3   1281.2   0.901
20260406190301    106   1720.0   1745.0   20.0     99.5   1295.6   1294.2   0.897
20260406190301    107   1680.0   1725.0   20.0     23.9    851.5   1120.2   0.775
20260406190301    107   1790.0   1800.0   20.0     75.4   1006.1    855.1   0.850
20260406190301    108    110.0    125.0   20.0     21.4   1037.4    962.4   0.864
20260406190301    108    455.0    475.0   20.0     49.6   1048.4   1121.0   0.874
20260406190301    108    835.0    850.0   20.0     26.9    864.7    922.5   0.832
20260406190301    108    985.0   1000.0   20.0     21.3    946.5    912.6   0.795
20260406190301    108   1690.0   1705.0   20.0     21.9    958.4    917.3   0.777
20260406190301    109     30.0     45.0   20.0     96.0   1011.6    849.9   0.826
20260406190301    110     75.0     90.0   20.0     43.0    839.6    985.1   0.817
20260406190301    110    140.0    155.0   20.0    150.5   1003.9    841.5   0.788
20260406190301    110    240.0    275.0   20.0     51.9    842.0   1064.6   0.884
20260406190301    110    360.0    375.0   20.0     21.2   1081.7   1127.6   0.798
20260406190301    111   1260.0   1275.0   20.0     35.8    864.3    864.6   0.819
20260406190301    111   1400.0   1420.0   20.0     51.4    868.5   1031.0   0.796
20260406190301    111   1500.0   1600.0   20.0     28.0   1019.7   1041.5   0.728
20260406190301    111   1730.0   1755.0   20.0     72.5   1058.6   1193.1   0.753
20260406190301    113    465.0    480.0   20.0     66.1    844.4    964.1   0.806
20260406190301    113    515.0    575.0   20.0    155.2    963.9    845.6   0.772
20260406190301    116   1625.0   1640.0   20.0     59.3    870.4    869.8   0.739
20260406190301    117   1270.0   1290.0   20.0    113.9    854.4    854.8   0.720
20260406190301    118      0.0     10.0   20.0    126.3      0.0    859.0   0.729
20260406190301    119   1215.0   1230.0   20.0     66.5    848.9    850.3   0.770
20260406190301    121     15.0     30.0   20.0     27.7    913.7    900.5   0.774
20260406190301    121     80.0     95.0   20.0     67.9    916.0    852.5   0.757
20260406190301    122   1030.0   1045.0   20.0     83.7    863.3   1004.4   0.823
20260406190301    123   1690.0   1705.0   20.0     40.4    856.7    843.5   0.768
20260406190301    125    355.0    385.0   20.0     75.0    855.4   1067.4   0.845
20260406190301    125    425.0    440.0   20.0     22.3   1067.2   1089.6   0.684
20260406190301    126    120.0    135.0   20.0     84.3    862.2    863.6   0.753
20260406190301    126    965.0    980.0   20.0     68.1    875.1   1006.6   0.825
20260406190301    130     55.0     70.0   20.0     36.4    854.5    935.0   0.859
20260406190301    130    125.0    140.0   20.0     81.4    951.4   1105.7   0.914
20260406190301    131   1665.0   1680.0   20.0    104.7    864.9    866.4   0.831
20260406190301    135    380.0    395.0   20.0    121.4    863.0   1108.7   0.821
20260406190301    140    690.0    705.0   20.0     63.8    873.0    872.0   0.736
20260406190301    140    975.0    990.0   20.0    105.1    875.1   1214.9   0.894
20260406190301    140   1315.0   1330.0   20.0     23.2   1261.6   1232.0   0.636
20260406190301    141   1315.0   1330.0   20.0     71.1    870.3    869.8   0.677
20260406190301    142    870.0    895.0   20.0    186.9    883.6    893.7   0.837
20260406190301    145   1145.0   1195.0   20.0    103.5    925.8    925.2   0.758
20260406190301    146     20.0     75.0   20.0     79.3   1060.3   1063.9   0.853
20260406190301    146    465.0    480.0   20.0    211.0   1170.4   1330.7   0.671
20260406190301    147      0.0     10.0   20.0    154.5      0.0    869.5   0.767
20260406190301    148    120.0    135.0   20.0     43.6    861.9    985.2   0.839
20260406190301    148    205.0    220.0   20.0    185.3   1085.7    862.4   0.797
20260406190301    149     10.0    160.0   20.0     29.1   1208.0   1252.0   0.645
20260406190301    149    295.0    305.0   20.0     20.2   1253.3   1252.7   0.660
20260406190301    149    430.0    445.0   20.0     23.2   1265.7   1253.5   0.611
20260406190301    149    645.0    690.0   20.0     37.2   1271.9   1274.6   0.810
20260406190301    149    880.0    900.0   20.0    108.6   1274.9   1290.0   0.791
20260406190301    150    940.0    960.0   20.0    181.9    893.7   1433.6   0.875
20260406190301    151   1255.0   1275.0   20.0     24.9    914.1    908.6   0.794
20260406190301    152     40.0     55.0   20.0     60.0    857.5   1095.2   0.887
20260406190301    153    915.0    930.0   20.0     66.4    885.7   1031.8   0.884
20260406190301    153   1425.0   1440.0   20.0    104.6   1166.1   1282.3   0.754
20260406190301    155   1055.0   1075.0   20.0    134.9    870.7    875.6   0.776
20260406190301    155   1470.0   1530.0   20.0    268.8    872.8   1166.5   0.798
20260406190301    155   1745.0   1760.0   20.0     69.2   1143.8   1216.7   0.762
20260406190301    157    840.0    855.0   20.0     25.2    886.7    886.6   0.448
20260406190301    158   1725.0   1740.0   20.0     21.6    882.4    883.2   0.492
20260406190301    159    770.0    810.0   20.0    103.4    891.8   1227.7   0.856
20260406190301    161    430.0    445.0   20.0     47.0    883.4   1021.6   0.743
20260406190301    161    590.0    605.0   20.0     60.6   1099.7   1175.2   0.817
20260406190301    162     65.0     80.0   20.0    168.7    884.1   1295.7   0.927
20260406190301    164     90.0    110.0   20.0    126.8    891.3    896.8   0.774
20260406190301    166   1050.0   1065.0   20.0     25.7   1293.9   1347.6   0.764
20260406190301    168    555.0    650.0   20.0    108.9    914.0    914.6   0.831
20260406190301    168   1640.0   1655.0   20.0     32.5    918.9    918.3   0.776
20260406190301    169    410.0    430.0   20.0    156.2    903.8    901.3   0.839
20260406190301    172    665.0    705.0   20.0     60.1    911.6    913.7   0.812
20260406190301    176    225.0    240.0   20.0     42.4    904.3    909.5   0.790
20260406190301    176   1340.0   1385.0   20.0    167.1    910.5    913.5   0.841
20260406190301    177   1725.0   1770.0   20.0    180.9    924.5   1329.1   0.886
20260406190301    178   1260.0   1280.0   20.0     73.3    917.8    917.6   0.828
20260406190301    179   1195.0   1215.0   20.0     69.6    909.5   1063.1   0.898
20260406190301    179   1480.0   1495.0   20.0     28.9   1178.1   1199.2   0.856
20260406190301    179   1600.0   1615.0   20.0     33.8   1182.6   1188.3   0.781
20260406190301    180    125.0    140.0   20.0     30.0   1082.7   1100.1   0.791
20260406190301    180    735.0    750.0   20.0     40.4   1197.1   1251.7   0.798
20260406190301    181   1255.0   1280.0   20.0     59.8    917.9    917.5   0.747
20260406190301    183   1360.0   1375.0   20.0     81.7    965.0    974.5   0.922
20260406190301    184    650.0    665.0   20.0     57.0    929.9    929.8   0.775
20260406190301    184    905.0    920.0   20.0     32.5    941.3    980.0   0.761
20260406190301    184   1325.0   1340.0   20.0     21.1   1047.4   1051.1   0.622
20260406190301    184   1475.0   1490.0   20.0     47.4   1078.8   1114.6   0.676
20260406190301    185    450.0    465.0   20.0    202.1    905.0   1307.5   0.864
20260406190301    185    515.0    530.0   20.0     69.7   1316.2   1319.2   0.703
20260406190301    185    665.0    675.0   20.0     24.3   1324.7   1371.0   0.690
20260406190301    185    765.0    825.0   20.0    486.8   1335.4   1202.1   0.835
20260406190301    185    875.0   1070.0   20.0     69.5   1214.0   1280.7   0.790
20260406190301    185   1140.0   1155.0   20.0     59.3   1245.2   1263.3   0.531
20260406190301    185   1190.0   1205.0   20.0    169.3   1262.9   1262.1   0.464
20260406190301    185   1355.0   1635.0   20.0    285.8   1260.4   1283.5   0.811
20260406190301    185   1750.0   1760.0   20.0     23.7   1306.7   1308.1   0.612
20260406190301    186    715.0    740.0   20.0    104.8    941.5    941.5   0.821
20260406190301    186   1355.0   1395.0   20.0     57.9    978.1   1334.1   0.865
20260406190301    186   1550.0   1565.0   20.0     41.5   1338.8   1355.6   0.716
20260406190301    187    100.0    115.0   20.0     26.9    916.9    913.6   0.728
20260406190301    187    435.0    450.0   20.0     34.6    918.4    923.1   0.495
20260406190301    187    590.0    745.0   20.0     89.9    921.0   1218.6   0.855
20260406190301    189    455.0    470.0   20.0     35.4    930.2    923.1   0.714
20260406190301    189   1230.0   1250.0   20.0     47.7    928.1    928.5   0.788
20260406190301    189   1390.0   1410.0   20.0     75.6    929.3    928.1   0.801
20260406190301    189   1665.0   1695.0   20.0     95.5    930.6    928.4   0.896
20260406190301    190    380.0    485.0   20.0    162.0    947.1   1289.2   0.865
20260406190301    190    685.0    700.0   20.0     20.9   1334.8   1324.3   0.735
20260406190301    190    770.0    805.0   20.0     32.1   1333.9   1339.7   0.856
20260406190301    190    850.0    865.0   20.0     28.9   1333.6   1330.1   0.682
20260406190301    190    945.0    980.0   20.0     48.5   1318.0   1329.0   0.893
20260406190301    191   1175.0   1190.0   20.0     42.0    942.3    942.9   0.714
20260406190301    191   1250.0   1270.0   20.0     84.6    942.4    942.4   0.780
20260406190301    193   1155.0   1200.0   20.0    366.9    947.1    948.0   0.874
20260406190301    195    185.0    210.0   20.0     52.4    938.2    936.3   0.772
20260406190301    195   1630.0   1645.0   20.0     39.5    937.3    937.6   0.735
20260406190301    197     20.0     45.0   20.0     24.9   1320.4   1294.2   0.846
20260406190301    197    100.0    115.0   20.0     22.1   1297.7   1292.4   0.743
20260406190301    197    370.0    380.0   20.0     24.8   1368.2   1372.3   0.410
20260406190301    197    435.0    485.0   20.0     45.5   1377.1   1410.8   0.665
20260406190301    197    590.0    605.0   20.0     37.4   1372.9   1386.2   0.709
20260406190301    199    170.0    185.0   20.0     21.7   1482.5   1477.3   0.829
20260406190301    199    225.0    240.0   20.0     20.5   1479.7   1477.6   0.836
20260406190301    199    340.0    405.0   20.0     28.8   1484.3   1480.8   0.814
20260406190301    199    545.0    755.0   20.0     35.8   1505.2   1504.6   0.874
20260406190301    199    830.0   1160.0   20.0     32.5   1508.3   1487.5   0.900
20260406190301    199   1200.0   1800.0   20.0     55.3   1494.2   1515.2   0.864
20260406190301    200    995.0   1070.0   20.0     60.8    953.4   1117.5   0.832
20260406190301    200   1150.0   1165.0   20.0     31.0   1118.8   1150.8   0.859
20260406190301    200   1225.0   1240.0   20.0    132.2   1175.9   1358.7   0.775
20260406190301    202      5.0     20.0   20.0     96.1    949.2    971.2   0.739
20260406190301    202    805.0    820.0   20.0     54.8    960.8    957.4   0.786
20260406190301    203   1740.0   1755.0   20.0     95.2    943.9    945.4   0.737
20260406190301    205    595.0    780.0   20.0    357.4    961.6    960.2   0.789
20260406190301    206   1580.0   1600.0   20.0    125.5    964.5    963.5   0.869
20260406190301    207    850.0    870.0   20.0    124.7    968.3    969.1   0.807
20260406190301    209    255.0    270.0   20.0     22.1    962.0    963.7   0.447
20260406190301    211    520.0    545.0   20.0    278.7    972.1   1470.5   0.831
20260406190301    211    895.0    910.0   20.0    102.6   1420.6    970.8   0.869
20260406190301    212    200.0    215.0   20.0     28.7   1471.4   1525.6   0.822
20260406190301    212    535.0    550.0   20.0     27.8   1501.6   1514.7   0.714
20260406190301    213    145.0    165.0   20.0    242.3    975.1    973.0   0.902
20260406190301    213    320.0    335.0   20.0     34.1    974.0   1021.8   0.756
20260406190301    213    560.0    590.0   20.0    138.2   1134.9    977.4   0.765
20260406190301    213   1035.0   1050.0   20.0     29.8   1000.9    977.4   0.801
20260406190301    213   1235.0   1255.0   20.0    102.6    976.7    980.0   0.880
20260406190301    214    200.0    225.0   20.0    158.1    988.4   1380.9   0.905
20260406190301    214   1770.0   1785.0   20.0     70.2   1473.2   1497.0   0.428
20260406190301    216    350.0    385.0   20.0     50.5   1010.9   1282.1   0.763
20260406190301    216    420.0    435.0   20.0     59.1   1306.3   1304.2   0.750
20260406190301    216   1235.0   1250.0   20.0     66.9   1383.2   1384.4   0.738
20260406190301    217    280.0    290.0   20.0     23.0    994.4    995.0   0.444
20260406190301    218     70.0    100.0   20.0    212.1    980.2    979.2   0.845
20260406190301    219     65.0     85.0   20.0    226.3    990.8   1486.1   0.844
20260406190301    220     70.0     85.0   20.0     57.5    998.9    999.6   0.752
20260406190301    220    440.0    500.0   20.0    349.7   1005.1   1003.6   0.799
20260406190301    220   1410.0   1425.0   20.0     27.5   1008.0   1050.9   0.733
20260406190301    220   1530.0   1545.0   20.0    157.4   1059.6   1003.5   0.726
20260406190301    221    550.0    575.0   20.0    106.6    990.2    992.3   0.794
20260406190301    222    165.0    270.0   20.0    132.1   1016.9   1299.0   0.813
20260406190301    223      0.0     45.0   20.0    123.6      0.0    992.0   0.784
20260406190301    223    100.0    150.0   20.0    124.4    993.5   1319.1   0.749
20260406190301    223    260.0    305.0   20.0     35.6   1333.0   1371.9   0.878
20260406190301    224   1230.0   1245.0   20.0     28.5   1009.7   1063.4   0.736
20260406190301    224   1280.0   1295.0   20.0    125.5   1075.7   1008.5   0.733
20260406190301    226    565.0    760.0   20.0     29.5   1466.4   1487.4   0.841
20260406190301    229    305.0    400.0   20.0     28.7   1404.5   1432.8   0.909
20260406190301    229   1370.0   1385.0   20.0     22.1   1356.1   1351.2   0.793
20260406190301    231      5.0     20.0   20.0     38.3   1587.4   1582.6   0.745
20260406190301    231    155.0    190.0   20.0     21.8   1586.3   1589.7   0.826
20260406190301    231    350.0    365.0   20.0     37.8   1589.3   1595.8   0.851
20260406190301    231    405.0    505.0   20.0     86.5   1595.2   1609.3   0.865
20260406190301    231    760.0    790.0   20.0     52.4   1598.1   1616.6   0.874
20260406190301    232   1390.0   1455.0   20.0    147.5   1036.4   1037.0   0.917
20260406190301    232   1690.0   1710.0   20.0     81.4   1035.4   1035.4   0.797
20260406190301    233    285.0    300.0   20.0     69.9   1025.5   1031.0   0.790
20260406190301    234    310.0    360.0   20.0    152.1   1045.4   1043.9   0.803
20260406190301    234    485.0    515.0   20.0    203.5   1047.5   1046.7   0.863
20260406190301    236    475.0    505.0   20.0     50.9   1050.7   1048.4   0.756
20260406190301    236    985.0   1000.0   20.0     59.0   1061.1   1059.6   0.786
20260406190301    238    705.0    830.0   20.0    120.7   1057.6   1350.1   0.819
20260406190301    238    940.0    960.0   20.0     29.2   1425.0   1417.1   0.545
20260406190301    238   1070.0   1095.0   20.0     76.4   1438.0   1420.2   0.737
20260406190301    238   1170.0   1205.0   20.0     37.6   1432.3   1417.5   0.603
20260406190301    238   1260.0   1300.0   20.0     39.5   1445.3   1435.4   0.619
20260406190301    238   1375.0   1425.0   20.0     33.0   1418.3   1408.5   0.845
20260406190301    238   1460.0   1520.0   20.0     28.3   1424.5   1430.2   0.642
20260406190301    238   1565.0   1625.0   20.0     39.8   1434.9   1427.4   0.778
20260406190301    238   1670.0   1770.0   20.0    102.2   1431.0   1436.6   0.751
20260406190301    239    380.0    410.0   20.0    135.1   1060.8   1417.1   0.842
20260406190301    239    445.0    460.0   20.0     47.7   1390.9   1396.2   0.874
20260406190301    239    630.0    645.0   20.0     28.4   1450.3   1505.6   0.732
20260406190301    241    455.0    480.0   20.0    142.4   1077.8   1075.4   0.771
20260406190301    241    675.0    690.0   20.0     41.4   1079.6   1191.7   0.743
20260406190301    241    770.0    805.0   20.0     42.2   1260.5   1228.2   0.795
20260406190301    241    935.0    975.0   20.0     72.8   1228.6   1233.7   0.832
20260406190301    241   1010.0   1025.0   20.0     60.0   1241.8   1349.2   0.796
20260406190301    241   1285.0   1300.0   20.0     62.6   1433.0   1426.6   0.738
20260406190301    241   1540.0   1555.0   20.0     26.7   1429.8   1535.5   0.931
20260406190301    242    180.0    195.0   20.0     64.7   1059.0   1150.2   0.740
20260406190301    242    260.0    285.0   20.0     83.5   1204.5   1062.5   0.835
20260406190301    242    405.0    540.0   20.0     49.1   1070.3   1177.7   0.795
20260406190301    242    585.0    605.0   20.0    360.0   1190.0   1665.4   0.813
20260406190301    243    425.0    450.0   20.0     47.5   1079.5   1083.1   0.754
20260406190301    244     10.0     75.0   20.0     99.5   1082.5   1269.7   0.887
20260406190301    244    155.0    165.0   20.0     22.2   1288.4   1334.8   0.445
20260406190301    244    340.0    355.0   20.0     23.9   1366.5   1373.7   0.564
20260406190301    244    400.0    450.0   20.0    113.7   1415.4   1489.8   0.795
20260406190301    244    495.0    510.0   20.0     20.9   1494.6   1499.0   0.627
20260406190301    244    825.0    840.0   20.0     31.6   1534.6   1548.7   0.583
20260406190301    245      0.0     15.0   20.0    148.7      0.0   1058.2   0.837
20260406190301    246    880.0    955.0   20.0    283.7   1085.2   1341.2   0.756
20260406190301    246   1010.0   1055.0   20.0     27.5   1340.0   1391.7   0.852
20260406190301    246   1140.0   1155.0   20.0     25.6   1420.1   1428.6   0.664
20260406190301    246   1205.0   1220.0   20.0     71.0   1423.6   1472.0   0.802
20260406190301    246   1275.0   1290.0   20.0     20.3   1448.4   1436.8   0.543
20260406190301    246   1345.0   1365.0   20.0    119.8   1448.9   1456.3   0.811
20260406190301    246   1400.0   1445.0   20.0     57.8   1451.2   1468.3   0.803
20260406190301    246   1525.0   1540.0   20.0     38.5   1474.8   1475.0   0.729
20260406190301    246   1605.0   1635.0   20.0     32.2   1459.3   1458.2   0.821
20260406190301    246   1695.0   1770.0   20.0     32.7   1444.9   1446.0   0.713
20260406190301    248   1185.0   1205.0   20.0    184.8   1107.7   1105.2   0.875
20260406190301    248   1655.0   1670.0   20.0     32.3   1104.8   1105.5   0.618
20260406190301    248   1785.0   1800.0   20.0     53.7   1104.4   1103.9   0.692
20260406190301    250     30.0     45.0   20.0     44.6   1402.9   1393.3   0.633
20260406190301    250   1540.0   1555.0   20.0     26.6   1737.5   1727.6   0.717
20260406190301    252    125.0    140.0   20.0     33.7   1365.4   1348.4   0.801
20260406190301    254   1135.0   1155.0   20.0    181.2   1122.8   1118.7   0.805
20260406190301    254   1440.0   1485.0   20.0     45.8   1109.0   1427.0   0.867
20260406190301    254   1620.0   1660.0   20.0     68.7   1448.4   1472.2   0.697
20260406190301    254   1700.0   1715.0   20.0     70.6   1490.4   1482.2   0.760
20260406193621      1   1050.0   1080.0   20.0     41.4    992.4   1068.4   0.805
20260406193621      1   1120.0   1140.0   20.0    167.8   1093.7   1001.5   0.753
20260406193621      1   1455.0   1470.0   20.0     40.2   1012.5   1008.4   0.718
20260406193621      2   1075.0   1090.0   20.0     92.5   1078.3    996.4   0.742
20260406193621      3    225.0    260.0   20.0    181.5    970.0    972.0   0.867
20260406193621      3    825.0    900.0   20.0     36.3    974.5   1189.9   0.778
20260406193621      3    965.0    975.0   20.0     60.1   1251.8   1220.4   0.431
20260406193621      3   1015.0   1045.0   20.0     59.0   1221.2   1320.0   0.679
20260406193621      4      0.0     15.0   20.0     82.6      0.0    984.5   0.789
20260406193621      4    330.0    350.0   20.0    191.1    982.9    982.6   0.765
20260406193621      4    565.0    580.0   20.0    182.6    985.7    983.0   0.822
20260406193621      4   1220.0   1270.0   20.0    192.6    989.6    990.5   0.808
20260406193621      5    210.0    240.0   20.0    140.2    972.2    972.6   0.806
20260406193621      5    720.0    745.0   20.0     46.2    973.4   1153.8   0.771
20260406193621      5    785.0    865.0   20.0    254.7   1173.4   1285.9   0.807
20260406193621      5    900.0    915.0   20.0    156.3   1256.5    975.6   0.843
20260406193621      6    115.0    155.0   20.0    230.0    971.8    971.7   0.844
20260406193621      6   1710.0   1770.0   20.0     50.5    982.0   1159.9   0.849
20260406193621      7   1020.0   1035.0   20.0     92.3   1454.2   1564.0   0.790
20260406193621      9   1035.0   1050.0   20.0     21.4    967.1    973.5   0.514
20260406193621     10    175.0    190.0   20.0     47.1    933.5    933.5   0.843
20260406193621     10    990.0   1015.0   20.0    126.6    938.3    937.3   0.796
20260406193621     10   1490.0   1505.0   20.0     45.5    933.7    934.3   0.620
20260406193621     10   1610.0   1715.0   20.0    104.1    935.6   1266.1   0.814
20260406193621     11    115.0    130.0   20.0     71.7   1470.0   1541.0   0.781
20260406193621     12   1590.0   1605.0   20.0     57.4    968.2    967.8   0.625
20260406193621     14    225.0    255.0   20.0     33.9    948.9   1183.3   0.859
20260406193621     14    315.0    350.0   20.0     29.3   1200.0   1193.3   0.837
20260406193621     14    805.0    820.0   20.0     50.4   1217.7   1241.9   0.788
20260406193621     15    360.0    375.0   20.0     43.5    957.9    961.9   0.687
20260406193621     15    420.0    480.0   20.0    185.9    957.2    958.7   0.807
20260406193621     15    930.0    945.0   20.0     80.6    962.6    964.2   0.788
20260406193621     15   1015.0   1030.0   20.0     53.6    970.3    981.9   0.788
20260406193621     18   1525.0   1550.0   20.0     69.8    951.6    952.4   0.786
20260406193621     18   1590.0   1630.0   20.0    218.2    957.5   1355.8   0.836
20260406193621     19    845.0    875.0   20.0     82.3    931.5   1110.5   0.832
20260406193621     20    300.0    315.0   20.0     21.9   1380.6   1375.5   0.748
20260406193621     21    145.0    170.0   20.0     41.3    930.1   1112.8   0.836
20260406193621     21    545.0    560.0   20.0     24.9   1136.3   1157.0   0.642
20260406193621     21    785.0    800.0   20.0    115.8   1270.5   1372.4   0.789
20260406193621     22    270.0    305.0   20.0     78.2    931.8    932.5   0.795
20260406193621     22    455.0    470.0   20.0     83.1    933.7   1277.5   0.910
20260406193621     24    245.0    270.0   20.0     96.9    918.7    975.5   0.800
20260406193621     24    330.0    345.0   20.0    120.8   1052.3    919.7   0.770
20260406193621     24    915.0    930.0   20.0     24.5    920.5    923.2   0.645
20260406193621     24   1080.0   1165.0   20.0     43.0    922.6   1116.0   0.852
20260406193621     24   1225.0   1340.0   20.0     90.3   1143.4   1049.0   0.725
20260406193621     24   1420.0   1465.0   20.0     61.6   1065.6   1212.2   0.836
20260406193621     25   1455.0   1485.0   20.0    332.2    941.7   1464.3   0.836
20260406193621     26    165.0    180.0   20.0     41.1    994.5   1167.1   0.822
20260406193621     26    335.0    355.0   20.0     26.9   1136.2   1204.8   0.702
20260406193621     26    485.0    500.0   20.0     31.3   1234.6   1260.3   0.887
20260406193621     26    615.0    630.0   20.0     25.3   1290.3   1296.0   0.759
20260406193621     26    935.0    950.0   20.0     24.6   1325.3   1334.2   0.841
20260406193621     26   1110.0   1125.0   20.0     39.8   1354.4   1382.2   0.776
20260406193621     26   1560.0   1575.0   20.0     24.0   1273.3   1241.9   0.773
20260406193621     28     20.0     40.0   20.0    110.1    935.4   1171.5   0.847
20260406193621     29    300.0    365.0   20.0    175.8    908.5   1297.1   0.853
20260406193621     32    470.0    485.0   20.0     25.1    920.4    958.7   0.707
20260406193621     32    865.0    900.0   20.0     24.5   1022.8   1051.3   0.662
20260406193621     32   1275.0   1290.0   20.0     23.1   1171.7   1165.0   0.827
20260406193621     32   1360.0   1375.0   20.0     30.2   1168.9   1166.2   0.631
20260406193621     33    730.0    745.0   20.0     64.5    924.2    922.2   0.713
20260406193621     34    420.0    440.0   20.0    157.5    907.5    907.1   0.779
20260406193621     34    775.0    795.0   20.0    124.8    913.7    913.2   0.759
20260406193621     35    940.0    955.0   20.0     32.0    916.7    919.6   0.744
20260406193621     37    805.0    825.0   20.0     97.9    908.6    909.6   0.827
20260406193621     37   1380.0   1395.0   20.0     34.4    910.0    947.7   0.756
20260406193621     38      5.0     20.0   20.0     22.4   1290.4   1145.7   0.702
20260406193621     39    440.0    460.0   20.0     93.7   1354.1   1437.4   0.896
20260406193621     43    300.0    325.0   20.0    120.8    901.5   1242.2   0.870
20260406193621     43   1115.0   1155.0   20.0     41.1   1237.8   1256.0   0.759
20260406193621     44     50.0    105.0   20.0    166.4    907.6    906.4   0.802
20260406193621     44    520.0    535.0   20.0     36.2    910.2    913.1   0.760
20260406193621     47   1615.0   1630.0   20.0     68.5    894.0   1045.7   0.848
20260406193621     48    585.0    610.0   20.0     75.3    895.3    896.9   0.755
20260406193621     48    730.0    755.0   20.0    122.5    895.4    896.7   0.783
20260406193621     48   1710.0   1725.0   20.0     36.0    912.3    972.1   0.794
20260406193621     49    600.0    615.0   20.0     71.6    890.6    892.9   0.814
20260406193621     50    740.0    805.0   20.0     73.7    891.0   1002.3   0.818
20260406193621     50    900.0    920.0   20.0     29.1    961.7    988.8   0.772
20260406193621     50    985.0   1000.0   20.0     31.5    998.5   1013.8   0.579
20260406193621     50   1325.0   1340.0   20.0     36.5   1136.7   1149.8   0.774
20260406193621     51    280.0    295.0   20.0     43.9    881.7    881.0   0.742
20260406193621     51    395.0    410.0   20.0     51.8    883.7    883.1   0.752
20260406193621     53    810.0    830.0   20.0     60.7    887.4    889.0   0.709
20260406193621     53    920.0    940.0   20.0    102.4    891.3    895.2   0.775
20260406193621     53   1525.0   1540.0   20.0     86.7    890.5   1007.4   0.754
20260406193621     53   1705.0   1720.0   20.0     47.9   1085.0   1156.3   0.738
20260406193621     53   1775.0   1790.0   20.0     53.8   1121.4   1185.1   0.785
20260406193621     54   1335.0   1355.0   20.0    169.8    913.6   1280.2   0.872
20260406193621     55    370.0    385.0   20.0    162.3    886.9    886.9   0.726
20260406193621     56      0.0     50.0   20.0     81.3      0.0   1350.4   0.791
20260406193621     56    200.0    360.0   20.0     71.9   1352.9   1362.2   0.822
20260406193621     56    470.0   1190.0   20.0     67.9   1366.4   1364.6   0.806
20260406193621     56   1225.0   1250.0   20.0     35.3   1368.7   1388.4   0.734
20260406193621     59    535.0    560.0   20.0     99.9    882.5    883.3   0.775
20260406193621     59    840.0    855.0   20.0     51.8    884.8    889.0   0.772
20260406193621     59    985.0   1005.0   20.0     56.2    888.4    886.7   0.842
20260406193621     59   1790.0   1800.0   20.0     41.9    889.2    944.7   0.773
20260406193621     64    115.0    130.0   20.0     25.1   1109.5   1116.0   0.709
20260406193621     65   1000.0   1015.0   20.0     54.7    897.9    878.5   0.750
20260406193621     66   1290.0   1315.0   20.0     55.4    877.4    990.0   0.829
20260406193621     67      0.0     10.0   20.0     73.9      0.0   1077.8   0.889
20260406193621     67    460.0    475.0   20.0     21.2   1168.1   1199.7   0.771
20260406193621     67    565.0    580.0   20.0     22.1   1203.0   1180.1   0.702
20260406193621     68     45.0     60.0   20.0     24.2   1007.2   1015.4   0.738
20260406193621     69     50.0     75.0   20.0    205.3    869.9    871.4   0.860
20260406193621     69    775.0    810.0   20.0     48.5    877.1   1224.4   0.848
20260406193621     69   1080.0   1095.0   20.0     22.4   1274.5   1274.7   0.886
20260406193621     70   1725.0   1740.0   20.0     46.6    878.3    876.8   0.706
20260406193621     71   1060.0   1080.0   20.0     38.8    877.7    877.4   0.826
20260406193621     72    865.0    880.0   20.0     43.2    878.9    877.9   0.765
20260406193621     72   1360.0   1375.0   20.0    126.5    879.8    881.8   0.789
20260406193621     73    840.0    940.0   20.0    250.4    882.0   1322.7   0.871
20260406193621     74   1290.0   1310.0   20.0     30.1    932.4    991.7   0.839
20260406193621     75    865.0    880.0   20.0     49.9    884.5    885.5   0.713
20260406193621     75    995.0   1010.0   20.0     30.5    919.4    885.7   0.488
20260406193621     75   1065.0   1080.0   20.0     47.3    886.1    886.4   0.739
20260406193621     76    570.0    595.0   20.0     78.6    880.3    880.2   0.764
20260406193621     77   1475.0   1495.0   20.0    134.9    875.5    871.3   0.792
20260406193621     78   1295.0   1315.0   20.0     44.1    887.2   1092.4   0.823
20260406193621     78   1455.0   1470.0   20.0     25.1   1133.1   1168.6   0.779
20260406193621     78   1705.0   1720.0   20.0     23.6   1187.1   1228.1   0.835
20260406193621     81    875.0    935.0   20.0     24.5    864.7    963.2   0.758
20260406193621     81    995.0   1010.0   20.0     25.1    974.4   1061.7   0.638
20260406193621     82   1180.0   1195.0   20.0     32.9    881.4    880.3   0.704
20260406193621     82   1490.0   1505.0   20.0     22.9    889.4    915.2   0.751
20260406193621     82   1610.0   1625.0   20.0     60.7    964.7    895.8   0.768
20260406193621     83    775.0    790.0   20.0     36.7    870.0    857.5   0.803
20260406193621     84   1470.0   1490.0   20.0    144.8    876.8   1276.7   0.908
20260406193621     86    580.0    600.0   20.0     90.8    864.7    865.2   0.731
20260406193621     87    460.0    475.0   20.0     49.2   1126.0   1185.6   0.746
20260406193621     88   1105.0   1120.0   20.0     45.7    976.6   1048.4   0.790
20260406193621     88   1705.0   1725.0   20.0    111.3    876.4   1133.5   0.891
20260406193621     89    880.0    900.0   20.0     74.0    870.9    872.0   0.880
20260406193621     89   1200.0   1335.0   20.0    130.6    871.5    869.7   0.828
20260406193621     89   1695.0   1720.0   20.0     48.0    873.8    972.0   0.831
20260406193621     89   1760.0   1785.0   20.0     52.1   1003.8    872.8   0.762
20260406193621     90    505.0    570.0   20.0     52.9    860.1   1066.9   0.776
20260406193621     90   1065.0   1080.0   20.0     21.7   1083.8   1098.2   0.792
20260406193621     91   1180.0   1195.0   20.0    107.9    844.7    847.3   0.791
20260406193621     92    185.0    200.0   20.0     25.8   1177.6   1250.7   0.829
20260406193621     94    475.0    490.0   20.0     37.7   1254.4   1252.4   0.751
20260406193621     94    895.0    910.0   20.0     21.1   1299.0   1293.0   0.645
20260406193621     94   1260.0   1485.0   20.0     31.4   1289.9   1286.2   0.862
20260406193621     94   1550.0   1565.0   20.0     25.9   1311.5   1270.1   0.817
20260406193621     94   1600.0   1615.0   20.0     33.8   1334.8   1259.8   0.817
20260406193621     95     15.0     30.0   20.0    147.2    992.6    849.8   0.777
20260406193621     96    210.0    225.0   20.0     54.2    875.6    936.6   0.749
20260406193621     96    335.0    350.0   20.0     51.9    926.7    875.3   0.734
20260406193621     96    515.0    530.0   20.0     63.0    877.1    879.2   0.753
20260406193621    100   1365.0   1395.0   20.0    103.4    859.1    855.5   0.800
20260406193621    101    275.0    290.0   20.0     42.2    849.5    918.8   0.750
20260406193621    101    375.0    390.0   20.0     94.2    940.6    853.6   0.757
20260406193621    108    715.0    730.0   20.0     23.1   1050.8   1049.6   0.774
20260406193621    108   1120.0   1135.0   20.0     28.3   1109.7   1104.8   0.822
20260406193621    108   1365.0   1380.0   20.0     24.9   1117.4   1101.4   0.545
20260406193621    109    470.0    485.0   20.0     54.5    854.6    948.4   0.767
20260406193621    109    610.0    640.0   20.0     55.2    972.7   1050.9   0.742
20260406193621    109    825.0    845.0   20.0     28.8   1105.1   1115.6   0.736
20260406193621    109    930.0    945.0   20.0     59.0   1129.5   1245.0   0.771
20260406193621    109   1350.0   1365.0   20.0     26.3   1316.1   1337.0   0.707
20260406193621    110     40.0     55.0   20.0    104.0    839.7   1104.5   0.853
20260406193621    111    985.0   1000.0   20.0     58.9    865.5    978.2   0.753
20260406193621    111   1035.0   1080.0   20.0    219.5    976.9    870.0   0.843
20260406193621    111   1330.0   1345.0   20.0     68.4    865.2    867.1   0.746
20260406193621    111   1465.0   1500.0   20.0    130.0    866.8    867.7   0.819
20260406193621    113   1725.0   1775.0   20.0    154.9    854.2    852.5   0.845
20260406193621    114    480.0    495.0   20.0     24.4    986.6   1056.7   0.713
20260406193621    114    660.0    680.0   20.0     73.6   1053.4    869.9   0.826
20260406193621    114    720.0    735.0   20.0     31.8    870.2    917.2   0.813
20260406193621    114    770.0    785.0   20.0     71.9    946.7    875.9   0.774
20260406193621    115     25.0     40.0   20.0    137.2   1024.3    844.1   0.821
20260406193621    116    460.0    485.0   20.0     95.7    858.3    858.7   0.822
20260406193621    116   1065.0   1120.0   20.0    166.4    878.3    877.7   0.838
20260406193621    117   1430.0   1445.0   20.0    103.1    856.6    856.5   0.807
20260406193621    118    365.0    380.0   20.0     24.5    886.2    868.6   0.685
20260406193621    119   1650.0   1665.0   20.0     41.7    852.7    854.3   0.721
20260406193621    120    690.0    705.0   20.0     87.6    852.7    854.5   0.780
20260406193621    121    695.0    710.0   20.0     44.0    866.7    963.2   0.782
20260406193621    121    745.0    760.0   20.0     45.5    972.9   1025.8   0.815
20260406193621    121    795.0    810.0   20.0     45.7   1022.8   1049.5   0.706
20260406193621    121    920.0    935.0   20.0     78.4    990.8   1058.3   0.678
20260406193621    121   1005.0   1020.0   20.0     36.5   1049.3   1072.6   0.696
20260406193621    121   1060.0   1105.0   20.0     40.1   1054.6   1166.4   0.925
20260406193621    121   1645.0   1660.0   20.0     34.9   1170.8   1215.5   0.903
20260406193621    121   1715.0   1730.0   20.0     25.2   1214.7   1235.3   0.805
20260406193621    124    980.0   1040.0   20.0     53.5    875.5    933.8   0.853
20260406193621    124   1125.0   1145.0   20.0     77.6    984.2    863.7   0.838
20260406193621    124   1490.0   1550.0   20.0     43.6    866.6    865.2   0.891
20260406193621    125    235.0    295.0   20.0     29.8   1285.6   1297.7   0.833
20260406193621    125    355.0    365.0   20.0     25.5   1287.8   1278.4   0.728
20260406193621    127    605.0    620.0   20.0     86.1    864.3    864.5   0.779
20260406193621    127    740.0    810.0   20.0    187.6    864.6   1041.3   0.821
20260406193621    127    945.0    960.0   20.0     30.5   1072.4   1100.4   0.748
20260406193621    127   1065.0   1080.0   20.0    120.4   1075.7   1087.2   0.767
20260406193621    127   1775.0   1790.0   20.0     24.3   1133.0   1149.8   0.721
20260406193621    129   1420.0   1435.0   20.0    168.6    856.5   1201.0   0.853
20260406193621    130     90.0    115.0   20.0    159.4    863.7    859.2   0.868
20260406193621    130    570.0    585.0   20.0     67.5    871.4   1008.4   0.857
20260406193621    131      5.0     25.0   20.0     27.3    849.5    849.5   0.799
20260406193621    131    325.0    410.0   20.0     71.3    855.9   1078.3   0.834
20260406193621    131    475.0    495.0   20.0    276.0   1142.8    859.3   0.798
20260406193621    131   1440.0   1460.0   20.0     40.5    868.7    868.3   0.759
20260406193621    132     80.0    100.0   20.0     34.9    861.3    862.7   0.771
20260406193621    132   1630.0   1645.0   20.0    105.4    882.1   1111.5   0.877
20260406193621    134    870.0    885.0   20.0     28.5    869.8    869.3   0.728
20260406193621    136   1585.0   1685.0   20.0     74.0    871.1   1071.2   0.906
20260406193621    137    935.0    950.0   20.0     79.8    865.2   1020.0   0.837
20260406193621    138   1065.0   1080.0   20.0     32.6    882.0    943.2   0.746
20260406193621    138   1120.0   1135.0   20.0    127.2   1015.2    880.8   0.812
20260406193621    138   1595.0   1620.0   20.0    105.3    891.7    889.0   0.749
20260406193621    139   1655.0   1670.0   20.0     32.7    863.6    899.3   0.800
20260406193621    139   1705.0   1720.0   20.0     79.1    915.7    864.0   0.777
20260406193621    140     65.0     80.0   20.0     25.3    861.5    896.4   0.794
20260406193621    140    115.0    140.0   20.0     26.0    896.9   1054.5   0.761
20260406193621    142    365.0    415.0   20.0    146.0    880.2    880.7   0.787
20260406193621    142    910.0    930.0   20.0     76.5    885.7    885.7   0.828
20260406193621    142   1465.0   1480.0   20.0     50.8    886.9    933.3   0.744
20260406193621    142   1560.0   1575.0   20.0     60.9    968.3   1069.2   0.890
20260406193621    142   1670.0   1715.0   20.0     63.4   1103.0   1216.4   0.777
20260406193621    143    360.0    385.0   20.0     89.7    857.7    858.8   0.836
20260406193621    144      0.0     10.0   20.0     51.6      0.0    967.9   0.783
20260406193621    144     50.0     65.0   20.0     77.8    963.5    870.2   0.785
20260406193621    145    575.0    590.0   20.0     97.4    925.2   1082.4   0.847
20260406193621    145    625.0    680.0   20.0     43.7   1090.8   1096.6   0.640
20260406193621    145   1130.0   1145.0   20.0     45.9   1244.2   1254.3   0.500
20260406193621    148     80.0     95.0   20.0     98.5   1195.7    861.1   0.937
20260406193621    148   1190.0   1210.0   20.0     92.8    872.1   1042.0   0.790
20260406193621    148   1455.0   1470.0   20.0     78.3   1103.2   1240.4   0.766
20260406193621    149     80.0     95.0   20.0     56.2   1255.8   1277.9   0.603
20260406193621    151     75.0     90.0   20.0     44.1    897.2    918.3   0.763
20260406193621    151    515.0    535.0   20.0     44.3    907.2    905.9   0.796
20260406193621    152     55.0    100.0   20.0     26.9    864.0   1038.3   0.848
20260406193621    153     90.0    105.0   20.0     41.7    877.9    948.6   0.754
20260406193621    153    245.0    260.0   20.0     75.2    996.3   1142.2   0.872
20260406193621    154    505.0    530.0   20.0    196.6    875.8   1396.9   0.829
20260406193621    159    180.0    215.0   20.0    135.8    886.0    891.7   0.885
20260406193621    159    365.0    380.0   20.0    135.1    890.4   1194.7   0.795
20260406193621    161   1675.0   1725.0   20.0     44.6   1398.5   1333.0   0.746
20260406193621    161   1770.0   1800.0   20.0     52.2   1328.5   1313.0   0.862
20260406193621    163    370.0    480.0   20.0    226.5    885.4    887.4   0.850
20260406193621    165     95.0    110.0   20.0     88.5    887.8    889.6   0.678
20260406193621    172    850.0    885.0   20.0    151.8    915.4    915.0   0.852
20260406193621    173   1600.0   1615.0   20.0     42.3    895.5    894.3   0.715
20260406193621    174     35.0     50.0   20.0     35.4    914.4    977.1   0.682
20260406193621    174     85.0    100.0   20.0    134.1   1038.0    915.8   0.758
20260406193621    174    705.0    735.0   20.0     50.5    927.8   1098.0   0.855
20260406193621    174   1075.0   1090.0   20.0     43.6   1169.2   1243.6   0.821
20260406193621    178   1345.0   1365.0   20.0     87.1    921.9   1159.9   0.899
20260406193621    178   1440.0   1460.0   20.0    143.3   1164.1    916.3   0.789
20260406193621    179     45.0     60.0   20.0     58.3    902.0   1108.0   0.794
20260406193621    179    135.0    155.0   20.0     28.4   1105.1   1116.9   0.787
20260406193621    179    225.0    240.0   20.0     21.6   1142.3   1155.6   0.737
20260406193621    180    180.0    195.0   20.0     24.9    925.3   1059.0   0.754
20260406193621    180   1430.0   1445.0   20.0     23.2   1230.9   1235.4   0.455
20260406193621    181   1665.0   1680.0   20.0     50.2    951.0    921.3   0.415
20260406193621    181   1775.0   1790.0   20.0    122.8    924.8   1152.9   0.815
20260406193621    182     55.0     70.0   20.0     23.4   1108.6   1117.5   0.753
20260406193621    182    305.0    320.0   20.0     39.3   1213.8   1170.1   0.668
20260406193621    182    710.0    735.0   20.0     21.7   1157.7   1170.7   0.854
20260406193621    184    150.0    165.0   20.0     27.3    922.3    970.3   0.765
20260406193621    184    575.0    590.0   20.0     31.7   1110.6   1119.1   0.699
20260406193621    184    660.0    675.0   20.0     29.5   1111.6   1113.0   0.655
20260406193621    184    905.0    915.0   20.0     24.3   1123.5   1169.5   0.790
20260406193621    186    145.0    165.0   20.0    183.0    936.8   1332.0   0.902
20260406193621    186    260.0    275.0   20.0     21.0   1365.6   1382.6   0.710
20260406193621    187     20.0     80.0   20.0    111.1    915.8    913.5   0.804
20260406193621    189    300.0    345.0   20.0    187.2    927.2    926.9   0.820
20260406193621    190    225.0    260.0   20.0    210.0    944.3   1351.6   0.898
20260406193621    190    510.0    635.0   20.0    157.6   1411.0   1400.4   0.853
20260406193621    190    990.0   1115.0   20.0    293.8   1424.6   1417.7   0.829
20260406193621    190   1160.0   1175.0   20.0    172.7   1423.5   1406.1   0.827
20260406193621    190   1245.0   1260.0   20.0    173.7   1415.6   1418.6   0.828
20260406193621    190   1335.0   1410.0   20.0     27.4   1421.2   1418.3   0.893
20260406193621    190   1460.0   1500.0   20.0    168.4   1409.8   1415.9   0.865
20260406193621    192   1465.0   1485.0   20.0     27.2   1004.1   1248.3   0.562
20260406193621    194   1135.0   1205.0   20.0     53.2   1115.8   1134.0   0.910
20260406193621    194   1520.0   1535.0   20.0     30.5    966.8    996.9   0.732
20260406193621    194   1675.0   1690.0   20.0     74.3   1033.5    938.1   0.785
20260406193621    195    255.0    275.0   20.0    111.3    941.2    939.5   0.841
20260406193621    197      5.0     20.0   20.0     77.4   1343.7   1304.9   0.763
20260406193621    197     60.0     75.0   20.0     37.5   1310.8   1372.8   0.788
20260406193621    197    395.0    415.0   20.0     53.5   1310.8   1363.9   0.671
20260406193621    197    460.0    500.0   20.0     59.1   1312.8   1375.2   0.829
20260406193621    197    710.0    725.0   20.0     84.7   1315.2   1322.9   0.729
20260406193621    197    760.0    770.0   20.0     79.3   1320.6   1325.9   0.611
20260406193621    197    870.0    885.0   20.0    193.3   1350.3   1384.1   0.763
20260406193621    198     85.0    100.0   20.0     35.7   1484.8   1467.4   0.729
20260406193621    200    390.0    405.0   20.0     54.3    956.6   1079.1   0.778
20260406193621    200    590.0    605.0   20.0     27.5   1105.6   1157.6   0.807
20260406193621    201    300.0    375.0   20.0    189.6    957.0   1369.0   0.785
20260406193621    201    755.0    770.0   20.0     34.8   1320.6   1388.7   0.812
20260406193621    203    170.0    220.0   20.0     97.7    941.2    941.5   0.764
20260406193621    204    220.0    325.0   20.0    172.2    958.4    956.5   0.806
20260406193621    205    550.0    600.0   20.0    138.6    959.9    960.5   0.756
20260406193621    206     15.0     35.0   20.0    102.3   1085.3    955.7   0.790
20260406193621    207     35.0     50.0   20.0     94.9    962.4    961.9   0.848
20260406193621    208   1075.0   1095.0   20.0     82.2   1016.0    983.7   0.803
20260406193621    209    340.0    355.0   20.0     66.7    967.2    968.0   0.781
20260406193621    210    135.0    150.0   20.0     39.2    970.4    972.4   0.812
20260406193621    210    270.0    300.0   20.0     78.4    976.1    982.5   0.764
20260406193621    210    385.0    430.0   20.0    120.6    980.4    982.0   0.784
20260406193621    210    730.0    745.0   20.0     72.8    985.3    983.8   0.826
20260406193621    213     95.0    110.0   20.0     44.3    971.9   1135.2   0.772
20260406193621    213    225.0    300.0   20.0    133.4   1248.3    976.2   0.929
20260406193621    213   1260.0   1320.0   20.0     33.8    979.8   1110.5   0.789
20260406193621    213   1360.0   1390.0   20.0     46.0   1105.4   1126.8   0.639
20260406193621    213   1425.0   1440.0   20.0    104.5   1115.5    977.6   0.846
20260406193621    214     40.0     55.0   20.0    154.7    987.6    986.0   0.892
20260406193621    214    485.0    530.0   20.0     51.7   1002.7   1002.9   0.763
20260406193621    214   1150.0   1160.0   20.0     32.3   1019.3   1039.9   0.520
20260406193621    215    170.0    185.0   20.0     57.3    983.6    980.2   0.763
20260406193621    216    125.0    140.0   20.0     20.2   1211.9   1214.4   0.704
20260406193621    216   1225.0   1240.0   20.0     20.4   1348.2   1369.7   0.615
20260406193621    217    390.0    410.0   20.0    128.9    995.3   1005.6   0.725
20260406193621    218    910.0    925.0   20.0     66.6    989.0    990.8   0.606
20260406193621    219   1120.0   1395.0   20.0     30.5   1639.5   1606.6   0.830
20260406193621    219   1430.0   1485.0   20.0     30.1   1607.1   1608.6   0.780
20260406193621    219   1520.0   1540.0   20.0     32.5   1608.4   1609.0   0.774
20260406193621    219   1580.0   1615.0   20.0     32.4   1608.5   1612.4   0.805
20260406193621    219   1675.0   1690.0   20.0     37.8   1612.8   1612.5   0.752
20260406193621    219   1725.0   1745.0   20.0     33.1   1614.8   1612.3   0.778
20260406193621    224    525.0    540.0   20.0     93.8   1012.7   1011.3   0.756
20260406193621    224    835.0    850.0   20.0     33.5   1009.9   1045.3   0.744
20260406193621    224   1140.0   1155.0   20.0     45.5   1131.4   1142.4   0.799
20260406193621    224   1290.0   1305.0   20.0    108.7   1168.3   1009.4   0.756
20260406193621    225    415.0    430.0   20.0     99.4   1012.9   1012.1   0.730
20260406193621    225    480.0    495.0   20.0     21.5   1012.3   1011.3   0.601
20260406193621    227    215.0    230.0   20.0     99.6   1475.1   1568.4   0.841
20260406193621    228    515.0    535.0   20.0    131.9   1037.1   1036.2   0.819
20260406193621    229   1135.0   1150.0   20.0     24.5   1474.0   1486.6   0.839
20260406193621    229   1305.0   1325.0   20.0     52.1   1483.6   1453.0   0.860
20260406193621    229   1670.0   1685.0   20.0     63.7   1450.9   1444.8   0.888
20260406193621    230    340.0    355.0   20.0     36.0    495.9    528.6   0.697
20260406193621    230   1440.0   1495.0   20.0     34.6    582.5    572.8   0.877
20260406193621    231     40.0     90.0   20.0     42.3   1608.5   1604.4   0.878
20260406193621    231    125.0    180.0   20.0     33.3   1607.2   1617.9   0.892
20260406193621    231    245.0    290.0   20.0     27.0   1621.9   1635.8   0.810
20260406193621    231    485.0    520.0   20.0     31.6   1633.5   1630.6   0.845
20260406193621    231    570.0    585.0   20.0     34.2   1632.3   1632.1   0.805
20260406193621    231    745.0    830.0   20.0     41.4   1634.1   1633.1   0.868
20260406193621    231   1140.0   1155.0   20.0     64.5   1620.2   1623.8   0.760
20260406193621    231   1230.0   1800.0   20.0     60.5   1620.0   1621.5   0.892
20260406193621    232    335.0    365.0   20.0    145.5   1039.6   1039.2   0.831
20260406193621    232    735.0    750.0   20.0     81.8   1037.4   1038.9   0.647
20260406193621    232   1165.0   1180.0   20.0     61.1   1036.4   1037.7   0.713
20260406193621    233    425.0    445.0   20.0    171.8   1029.4   1030.0   0.836
20260406193621    234     15.0     65.0   20.0     68.5   1042.0   1039.3   0.760
20260406193621    234    220.0    235.0   20.0     56.6   1046.7   1049.5   0.726
20260406193621    234    975.0    995.0   20.0     64.2   1047.1   1043.3   0.774
20260406193621    235   1360.0   1425.0   20.0     88.4   1039.4   1250.2   0.806
20260406193621    235   1585.0   1640.0   20.0    134.1   1338.7   1035.6   0.895
20260406193621    236    830.0    845.0   20.0     57.4   1053.4   1113.2   0.753
20260406193621    236   1010.0   1090.0   20.0     48.9   1161.8   1330.0   0.784
20260406193621    236   1165.0   1180.0   20.0     37.5   1395.0   1424.2   0.717
20260406193621    236   1465.0   1480.0   20.0     42.9   1391.9   1042.7   0.954
20260406193621    238     55.0    110.0   20.0    242.8   1049.0   1048.3   0.828
20260406193621    238    265.0    280.0   20.0     35.6   1055.0   1062.3   0.708
20260406193621    241    670.0    685.0   20.0     81.8   1422.1   1480.0   0.756
20260406193621    241    735.0    750.0   20.0     20.6   1463.7   1472.0   0.785
20260406193621    242     15.0     35.0   20.0     51.8   1215.6   1217.4   0.890
20260406193621    242    100.0    115.0   20.0     24.1   1193.5   1215.8   0.750
20260406193621    242    175.0    190.0   20.0     22.0   1236.3   1269.8   0.767
20260406193621    242    360.0    380.0   20.0    281.1   1289.2   1584.2   0.823
20260406193621    243    430.0    445.0   20.0     71.9   1059.4   1056.4   0.809
20260406193621    243    900.0    915.0   20.0     23.8   1056.5   1056.1   0.494
20260406193621    244     10.0     30.0   20.0     46.5   1085.2   1084.4   0.773
20260406193621    244     75.0    100.0   20.0    215.7   1083.4   1412.9   0.896
20260406193621    244    255.0    270.0   20.0     25.9   1477.6   1509.4   0.755
20260406193621    244    380.0    395.0   20.0     21.3   1503.1   1525.1   0.769
20260406193621    245    360.0    375.0   20.0     47.6   1106.3   1066.2   0.743
20260406193621    245   1515.0   1530.0   20.0    204.7   1057.3   1466.2   0.872
20260406193621    245   1740.0   1755.0   20.0     27.1   1487.1   1467.9   0.886
20260406193621    248    575.0    595.0   20.0    346.5   1104.1   1108.6   0.850
20260406193621    248   1610.0   1625.0   20.0     26.0   1097.9   1132.5   0.737
20260406193621    248   1675.0   1705.0   20.0     76.8   1138.1   1094.8   0.810
20260406193621    250    405.0    420.0   20.0     50.8   1126.7   1182.8   0.853
20260406193621    250    800.0    815.0   20.0    179.5   1126.4   1560.7   0.834
20260406193621    250    850.0    875.0   20.0     28.1   1641.5   1673.3   0.703
20260406193621    250   1000.0   1325.0   20.0     64.4   1663.7   1701.5   0.787
20260406193621    250   1385.0   1545.0   20.0     48.4   1703.6   1684.6   0.694
20260406193621    250   1600.0   1770.0   20.0     34.8   1704.7   1688.4   0.655
20260406193621    251    230.0    245.0   20.0     44.9   1086.7   1088.8   0.776
20260406193621    251   1350.0   1365.0   20.0     27.7   1120.4   1083.3   0.826
20260406193621    252    400.0    450.0   20.0     85.3   1488.3   1550.4   0.833
20260406193621    254    155.0    180.0   20.0     78.8   1111.8   1122.0   0.823
20260406193621    254    395.0    410.0   20.0     39.2   1217.2   1311.4   0.827
20260406193621    254    480.0    505.0   20.0    121.6   1368.0   1308.1   0.906
20260406193621    254    600.0    615.0   20.0     20.9   1351.8   1369.6   0.789
20260406193621    255   1580.0   1605.0   20.0     61.4   1104.8   1598.0   0.767
20260406193621    256    220.0    245.0   20.0     85.9   1146.8   1151.6   0.828
20260406193621    256    455.0    465.0   20.0     24.4   1168.9   1181.6   0.438
20260406193621    256    800.0    815.0   20.0     98.2   1162.1   1172.7   0.875
20260406193621    256   1250.0   1270.0   20.0     73.2   1159.1   1158.1   0.786
20260406200940      2   1650.0   1730.0   20.0     55.2   1010.6   1126.5   0.824
20260406200940      3    125.0    140.0   20.0     33.3   1167.0   1236.6   0.839
20260406200940      3    370.0    385.0   20.0     59.4   1227.7   1241.6   0.874
20260406200940      3    430.0    445.0   20.0     23.7   1268.9   1305.7   0.855
20260406200940      3   1010.0   1025.0   20.0     29.1   1329.6   1361.3   0.617
20260406200940      3   1355.0   1370.0   20.0     24.0   1379.2   1385.6   0.855
20260406200940      5    475.0    490.0   20.0     65.6    983.4    980.1   0.662
20260406200940      6     90.0    180.0   20.0     62.0    976.5   1252.0   0.781
20260406200940      7      0.0     20.0   20.0     89.0      0.0   1524.7   0.823
20260406200940      8    715.0    780.0   20.0    127.9    969.1   1161.7   0.894
20260406200940      8    835.0    850.0   20.0     97.0   1181.1    968.2   0.896
20260406200940      9    245.0    260.0   20.0     79.8    966.1    966.9   0.798
20260406200940      9    425.0    465.0   20.0     69.3    975.9   1106.2   0.839
20260406200940      9    755.0    770.0   20.0     37.1   1120.9   1121.7   0.770
20260406200940      9   1200.0   1215.0   20.0     78.4   1143.4   1213.2   0.697
20260406200940     10     15.0     30.0   20.0     60.3    940.3   1038.9   0.841
20260406200940     10    330.0    345.0   20.0     23.0   1088.6   1117.2   0.731
20260406200940     10    415.0    430.0   20.0     22.8   1129.2   1182.0   0.775
20260406200940     11   1125.0   1140.0   20.0     35.9   1020.6   1021.1   0.606
20260406200940     11   1230.0   1245.0   20.0     56.0   1019.3   1082.3   0.761
20260406200940     11   1335.0   1370.0   20.0    160.2   1095.4   1317.9   0.891
20260406200940     12   1505.0   1520.0   20.0     57.2    967.8    970.5   0.698
20260406200940     13    845.0    865.0   20.0     62.9    959.0    955.9   0.770
20260406200940     13   1045.0   1060.0   20.0     99.5    956.6   1193.3   0.830
20260406200940     14    555.0    570.0   20.0     32.3   1369.9   1375.5   0.746
20260406200940     14    695.0    710.0   20.0     38.0   1411.8   1448.5   0.786
20260406200940     14   1080.0   1095.0   20.0    129.4   1420.6   1422.0   0.718
20260406200940     14   1385.0   1435.0   20.0    161.7   1402.4   1418.7   0.646
20260406200940     15   1095.0   1115.0   20.0     90.6    977.4   1358.5   0.878
20260406200940     15   1375.0   1550.0   20.0     90.5   1404.2   1275.4   0.841
20260406200940     15   1585.0   1605.0   20.0    181.9   1271.4   1260.9   0.698
20260406200940     15   1685.0   1730.0   20.0     80.4   1282.5   1363.2   0.763
20260406200940     16    850.0    915.0   20.0     80.2    979.9   1296.6   0.829
20260406200940     17    110.0    120.0   20.0     47.5   1201.6   1215.2   0.668
20260406200940     18    110.0    125.0   20.0     51.6    943.4    942.8   0.591
20260406200940     19    710.0    800.0   20.0    114.1    936.5   1301.2   0.840
20260406200940     19   1525.0   1540.0   20.0     26.8   1327.4   1319.6   0.773
20260406200940     22    595.0    610.0   20.0     60.0    989.0    944.4   0.734
20260406200940     23     95.0    115.0   20.0    118.6    949.2    948.1   0.737
20260406200940     23   1425.0   1445.0   20.0     66.5    948.3    949.2   0.725
20260406200940     25    335.0    350.0   20.0     27.3   1197.2   1204.1   0.524
20260406200940     27   1430.0   1445.0   20.0    137.2    938.2   1317.9   0.915
20260406200940     27   1780.0   1795.0   20.0     24.2   1208.1   1210.5   0.845
20260406200940     30    615.0    630.0   20.0     97.9    936.7    935.6   0.780
20260406200940     30   1030.0   1050.0   20.0     60.8    940.0    939.8   0.773
20260406200940     30   1280.0   1295.0   20.0     53.3    957.4   1020.6   0.748
20260406200940     30   1370.0   1380.0   20.0     41.0   1058.4   1145.1   0.751
20260406200940     30   1555.0   1595.0   20.0    101.8   1048.3   1124.8   0.870
20260406200940     31    850.0    865.0   20.0     63.8    941.8    943.4   0.770
20260406200940     32   1430.0   1450.0   20.0     44.3    947.8    936.2   0.816
20260406200940     33    990.0   1005.0   20.0     45.5    933.8    984.5   0.725
20260406200940     34    420.0    440.0   20.0     28.3    914.7    916.3   0.739
20260406200940     34    985.0   1040.0   20.0    142.0    924.1    920.4   0.817
20260406200940     35    710.0    755.0   20.0    142.1    921.3    918.3   0.875
20260406200940     35   1045.0   1065.0   20.0    111.6    920.1   1133.9   0.829
20260406200940     35   1780.0   1795.0   20.0    114.0   1163.8   1225.3   0.727
20260406200940     36    605.0    625.0   20.0    197.5    927.2    926.7   0.892
20260406200940     36   1125.0   1140.0   20.0    138.7    919.2    920.0   0.763
20260406200940     36   1520.0   1580.0   20.0     46.3    920.1   1054.2   0.725
20260406200940     37   1715.0   1730.0   20.0     37.6    927.2    984.5   0.783
20260406200940     38    345.0    360.0   20.0     43.7   1255.9   1255.3   0.789
20260406200940     38   1035.0   1070.0   20.0     26.6   1306.0   1296.9   0.850
20260406200940     38   1170.0   1190.0   20.0     69.8   1281.1   1378.9   0.796
20260406200940     40      0.0     20.0   20.0    159.9      0.0    904.3   0.783
20260406200940     40    525.0    540.0   20.0     58.8    911.6    991.0   0.735
20260406200940     40    610.0    625.0   20.0    106.5   1039.6   1126.2   0.779
20260406200940     41    485.0    500.0   20.0     58.1    907.9   1080.8   0.770
20260406200940     42    120.0    140.0   20.0     35.2    912.2    955.1   0.857
20260406200940     42    245.0    260.0   20.0     66.4    985.4    911.8   0.740
20260406200940     42    635.0    650.0   20.0    150.9    922.1    920.3   0.814
20260406200940     43   1075.0   1100.0   20.0    124.2    913.4    914.3   0.822
20260406200940     44   1305.0   1350.0   20.0    143.3    935.4    928.4   0.827
20260406200940     44   1420.0   1520.0   20.0     50.2    930.0   1230.3   0.841
20260406200940     44   1695.0   1710.0   20.0     26.2   1252.5   1276.9   0.722
20260406200940     47     20.0     35.0   20.0     90.4    889.9    996.9   0.849
20260406200940     47    195.0    210.0   20.0     65.9   1035.6   1028.5   0.841
20260406200940     48    635.0    650.0   20.0     52.5    927.6    908.8   0.750
20260406200940     48   1185.0   1205.0   20.0     70.5    911.8    913.2   0.760
20260406200940     50    900.0    915.0   20.0     77.8    920.6   1076.8   0.864
20260406200940     50   1315.0   1330.0   20.0     46.5   1195.6   1195.4   0.864
20260406200940     51    665.0    690.0   20.0     48.0    894.6    894.9   0.756
20260406200940     51   1195.0   1215.0   20.0    102.1    898.7    899.1   0.800
20260406200940     52     90.0    110.0   20.0     40.1    892.0    891.8   0.702
20260406200940     53   1110.0   1125.0   20.0    121.6    899.6    899.0   0.706
20260406200940     53   1690.0   1705.0   20.0    103.3    902.9    904.0   0.836
20260406200940     55    610.0    625.0   20.0     31.6    899.3    908.8   0.587
20260406200940     55   1115.0   1210.0   20.0     64.1    901.4   1201.2   0.835
20260406200940     55   1255.0   1275.0   20.0    179.4   1227.4    905.7   0.894
20260406200940     57   1365.0   1380.0   20.0     35.4    905.0    958.3   0.791
20260406200940     57   1790.0   1800.0   20.0     53.3    994.1   1038.5   0.725
20260406200940     60   1015.0   1090.0   20.0     76.7    910.7   1110.9   0.854
20260406200940     60   1300.0   1330.0   20.0     73.8   1128.7   1337.2   0.834
20260406200940     60   1455.0   1470.0   20.0     21.9   1323.0   1355.6   0.767
20260406200940     60   1775.0   1795.0   20.0     34.8   1379.7   1374.1   0.858
20260406200940     61    175.0    190.0   20.0     26.6    880.3    879.5   0.676
20260406200940     62   1735.0   1750.0   20.0     57.4    913.2   1010.5   0.787
20260406200940     64    315.0    330.0   20.0    147.1    885.0   1298.5   0.912
20260406200940     65    280.0    295.0   20.0     25.8    876.5    875.9   0.700
20260406200940     66    405.0    420.0   20.0     51.7    880.6   1228.7   0.787
20260406200940     67    305.0    320.0   20.0     75.9    878.6   1094.0   0.880
20260406200940     67    720.0    735.0   20.0     86.1   1164.7   1208.6   0.883
20260406200940     69    760.0    800.0   20.0     42.0   1349.6   1354.7   0.848
20260406200940     69   1125.0   1150.0   20.0     24.4   1370.4   1367.4   0.801
20260406200940     69   1190.0   1335.0   20.0    173.4   1372.3   1393.0   0.851
20260406200940     70    905.0    960.0   20.0     37.2    883.6   1028.3   0.831
20260406200940     70    995.0   1010.0   20.0    128.1   1045.7    887.5   0.804
20260406200940     72     90.0    130.0   20.0    109.1    878.2    876.1   0.773
20260406200940     73     35.0     50.0   20.0    158.4    869.5   1265.3   0.808
20260406200940     73    105.0    185.0   20.0     25.7   1310.6   1328.9   0.577
20260406200940     73    230.0    240.0   20.0     31.3   1319.3   1334.3   0.425
20260406200940     73    375.0    385.0   20.0     20.0   1335.2   1329.6   0.536
20260406200940     73    515.0    785.0   20.0    255.6   1456.0   1365.4   0.839
20260406200940     73    900.0   1185.0   20.0    147.3   1369.3   1430.2   0.883
20260406200940     73   1220.0   1250.0   20.0    130.0   1432.9   1437.1   0.836
20260406200940     73   1335.0   1440.0   20.0    139.2   1401.9   1440.2   0.871
20260406200940     73   1555.0   1580.0   20.0    121.6   1442.3   1444.9   0.817
20260406200940     73   1650.0   1665.0   20.0     26.7   1444.2   1331.0   0.781
20260406200940     73   1705.0   1720.0   20.0    131.1   1322.1   1445.6   0.683
20260406200940     74    705.0    720.0   20.0     81.1    881.3    884.1   0.591
20260406200940     75     15.0     30.0   20.0     23.4    906.2    938.8   0.592
20260406200940     75    205.0    220.0   20.0     27.9    906.5    877.0   0.751
20260406200940     75   1475.0   1495.0   20.0     87.5    891.7    892.2   0.792
20260406200940     79    185.0    210.0   20.0    188.4    863.1    862.5   0.800
20260406200940     80    490.0    505.0   20.0     79.6    875.0   1024.1   0.817
20260406200940     80   1030.0   1045.0   20.0     30.1   1136.2    879.7   0.938
20260406200940     81    460.0    475.0   20.0    128.8   1178.7   1263.0   0.756
20260406200940     82    220.0    285.0   20.0     56.1    864.8    866.6   0.747
20260406200940     82    655.0    670.0   20.0     22.3    893.4    935.6   0.770
20260406200940     82    705.0    720.0   20.0    104.1    978.9    892.0   0.779
20260406200940     82    780.0    795.0   20.0     54.6    892.5    984.2   0.788
20260406200940     82   1035.0   1050.0   20.0     26.5    995.3    991.9   0.550
20260406200940     82   1150.0   1165.0   20.0     86.8    993.8   1066.9   0.792
20260406200940     84    265.0    280.0   20.0     31.6    976.9   1014.2   0.761
20260406200940     85    400.0    435.0   20.0     90.0    872.6   1028.2   0.817
20260406200940     85    470.0    485.0   20.0     22.0   1062.6   1086.3   0.765
20260406200940     85    780.0    795.0   20.0     20.2   1154.0   1142.1   0.888
20260406200940     85   1245.0   1260.0   20.0     30.9   1177.2   1215.5   0.774
20260406200940     85   1615.0   1630.0   20.0     27.5   1247.2   1262.7   0.680
20260406200940     88    230.0    290.0   20.0     47.1    866.7    868.0   0.931
20260406200940     88   1395.0   1410.0   20.0     30.8    889.4    945.2   0.733
20260406200940     88   1560.0   1575.0   20.0     25.9    957.7   1009.4   0.760
20260406200940     88   1670.0   1685.0   20.0    129.3   1023.1   1182.8   0.721
20260406200940     90    260.0    275.0   20.0     64.1   1055.5   1121.7   0.721
20260406200940     91    615.0    660.0   20.0     61.5    858.3   1078.9   0.924
20260406200940     91   1275.0   1290.0   20.0     52.8   1164.1   1221.9   0.862
20260406200940     93    665.0    690.0   20.0     52.1    868.4    869.6   0.750
20260406200940     93   1505.0   1520.0   20.0     38.8    887.9   1023.6   0.844
20260406200940     93   1565.0   1580.0   20.0     35.9   1043.6   1080.7   0.748
20260406200940     93   1735.0   1750.0   20.0     65.2   1146.2   1222.3   0.833
20260406200940     94    550.0    590.0   20.0    162.6    878.4   1212.5   0.887
20260406200940     94    685.0    705.0   20.0     48.9   1262.3   1288.3   0.847
20260406200940     96    535.0    550.0   20.0     89.2    895.8    887.6   0.778
20260406200940     96   1750.0   1765.0   20.0     54.7    900.9    901.1   0.760
20260406200940     98   1570.0   1585.0   20.0    184.0    879.7    880.7   0.834
20260406200940     99    340.0    355.0   20.0     69.9    867.0    954.6   0.908
20260406200940     99    400.0    420.0   20.0     56.9    936.0   1016.0   0.812
20260406200940     99    470.0    485.0   20.0     22.7   1025.7   1051.3   0.664
20260406200940     99    530.0    545.0   20.0     28.7   1011.9   1069.1   0.728
20260406200940     99   1295.0   1310.0   20.0     90.5   1184.4   1218.1   0.855
20260406200940    100    840.0    875.0   20.0     90.8    869.5    862.9   0.768
20260406200940    100   1360.0   1375.0   20.0     91.3    869.4    868.5   0.792
20260406200940    101    140.0    205.0   20.0    124.5    853.0    855.1   0.893
20260406200940    101   1790.0   1800.0   20.0     23.3    921.6    965.3   0.852
20260406200940    102   1495.0   1510.0   20.0     24.2    885.9    917.5   0.733
20260406200940    103   1340.0   1355.0   20.0     32.6    875.1    875.6   0.576
20260406200940    104     10.0     25.0   20.0     85.5    849.7   1126.5   0.883
20260406200940    105     30.0     50.0   20.0     67.4    840.9    842.6   0.822
20260406200940    106   1020.0   1070.0   20.0    110.6    866.8   1147.2   0.885
20260406200940    106   1175.0   1190.0   20.0     25.3   1156.0   1154.8   0.766
20260406200940    106   1575.0   1590.0   20.0     28.8   1191.2   1217.7   0.741
20260406200940    108      0.0     15.0   20.0     41.3      0.0    924.8   0.772
20260406200940    108    350.0    365.0   20.0     36.0   1053.4   1125.0   0.910
20260406200940    108    405.0    420.0   20.0     30.6   1148.6   1177.2   0.737
20260406200940    109    145.0    160.0   20.0    142.3    855.4   1239.4   0.883
20260406200940    109    215.0    230.0   20.0     26.8   1231.9   1261.9   0.641
20260406200940    111      0.0     10.0   20.0     54.3      0.0    855.9   0.720
20260406200940    112     50.0     65.0   20.0     36.7    857.0    898.7   0.755
20260406200940    112    220.0    255.0   20.0     87.3   1009.0    862.5   0.829
20260406200940    113    635.0    665.0   20.0     72.6    853.6   1000.9   0.798
20260406200940    113    730.0    750.0   20.0     32.3   1028.6   1089.3   0.735
20260406200940    113    840.0    855.0   20.0     28.3   1020.4   1042.3   0.722
20260406200940    113    950.0   1010.0   20.0     67.2   1046.3   1118.5   0.826
20260406200940    113   1045.0   1060.0   20.0     25.6   1125.3   1186.2   0.796
20260406200940    114   1070.0   1085.0   20.0     44.8    905.2    997.0   0.799
20260406200940    114   1150.0   1220.0   20.0     90.0   1050.2   1156.4   0.788
20260406200940    114   1310.0   1330.0   20.0     47.7   1098.2    895.2   0.932
20260406200940    114   1785.0   1800.0   20.0     61.1    902.4    900.4   0.763
20260406200940    115    535.0    550.0   20.0     72.0    859.9    861.6   0.798
20260406200940    115   1720.0   1735.0   20.0     46.9    885.7   1005.0   0.812
20260406200940    115   1775.0   1790.0   20.0     25.0   1041.3   1054.4   0.773
20260406200940    116    295.0    310.0   20.0     73.7    862.1    863.1   0.799
20260406200940    116   1225.0   1240.0   20.0     42.1    885.5    947.1   0.768
20260406200940    116   1325.0   1340.0   20.0     80.2    962.2    878.1   0.756
20260406200940    116   1640.0   1655.0   20.0     36.7    881.6    877.2   0.796
20260406200940    117    745.0    760.0   20.0     54.9    862.8    861.0   0.771
20260406200940    118    165.0    180.0   20.0     54.0    926.5    870.0   0.757
20260406200940    120   1595.0   1610.0   20.0     25.1    869.7    923.6   0.762
20260406200940    120   1735.0   1755.0   20.0     58.0    937.5    989.2   0.867
20260406200940    121    110.0    125.0   20.0     38.4   1028.9   1059.0   0.631
20260406200940    122    485.0    505.0   20.0     40.4    864.6    866.3   0.803
20260406200940    122   1040.0   1055.0   20.0     34.7    878.4    917.2   0.747
20260406200940    122   1175.0   1190.0   20.0     22.8    962.0   1002.4   0.782
20260406200940    122   1490.0   1505.0   20.0     48.1    998.6   1033.9   0.674
20260406200940    122   1545.0   1565.0   20.0     91.9   1026.6    877.6   0.807
20260406200940    122   1640.0   1655.0   20.0     31.0    876.3    874.4   0.764
20260406200940    124    430.0    445.0   20.0     38.8    866.3    867.6   0.780
20260406200940    125    415.0    430.0   20.0    100.0    877.4   1137.7   0.833
20260406200940    125   1070.0   1085.0   20.0     54.8   1248.7   1241.4   0.721
20260406200940    128    180.0    195.0   20.0     30.5   1285.8   1282.3   0.881
20260406200940    128   1115.0   1130.0   20.0    105.3   1324.4   1405.8   0.640
20260406200940    129   1585.0   1600.0   20.0     39.9    857.8   1084.5   0.826
20260406200940    129   1740.0   1755.0   20.0     20.7   1115.8   1144.3   0.652
20260406200940    130   1280.0   1320.0   20.0     74.9    884.0    885.0   0.781
20260406200940    133   1435.0   1455.0   20.0    297.0    881.4    883.7   0.824
20260406200940    134    555.0    580.0   20.0     27.2   1260.6   1277.0   0.594
20260406200940    134    655.0   1170.0   20.0     92.5   1302.2   1300.4   0.900
20260406200940    134   1210.0   1460.0   20.0     46.4   1285.5   1278.4   0.860
20260406200940    134   1530.0   1665.0   20.0     38.1   1278.3   1321.8   0.837
20260406200940    134   1710.0   1800.0   20.0     42.7   1281.7   1325.0   0.782
20260406200940    135   1145.0   1165.0   20.0    259.2    885.4    882.2   0.773
20260406200940    137   1020.0   1035.0   20.0    139.1    874.1    876.1   0.821
20260406200940    137   1420.0   1435.0   20.0     82.9    882.1    975.6   0.752
20260406200940    137   1545.0   1560.0   20.0     24.7    989.5   1013.9   0.516
20260406200940    137   1620.0   1645.0   20.0     32.8   1008.4   1103.2   0.573
20260406200940    137   1690.0   1705.0   20.0    103.9   1004.3   1161.7   0.890
20260406200940    137   1765.0   1775.0   20.0     29.8   1147.7   1141.2   0.667
20260406200940    138    370.0    385.0   20.0     45.0    881.0    882.2   0.675
20260406200940    139    620.0    675.0   20.0     41.3    864.0    997.6   0.881
20260406200940    139   1485.0   1500.0   20.0     31.2   1041.5   1050.8   0.921
20260406200940    140    175.0    195.0   20.0     80.1    869.5   1271.3   0.800
20260406200940    142    125.0    160.0   20.0     57.9    878.3   1205.8   0.774
20260406200940    142   1025.0   1070.0   20.0    353.0   1377.0   1343.1   0.819
20260406200940    142   1370.0   1380.0   20.0     20.8   1282.9   1281.9   0.435
20260406200940    143   1370.0   1390.0   20.0     85.5    874.1    878.6   0.788
20260406200940    144    610.0    640.0   20.0     77.5    896.4    897.7   0.772
20260406200940    145     45.0     60.0   20.0     41.5    918.1    920.1   0.791
20260406200940    145   1095.0   1110.0   20.0     20.4    957.7    960.0   0.760
20260406200940    145   1260.0   1305.0   20.0     25.5   1070.5   1129.7   0.739
20260406200940    147    305.0    325.0   20.0    147.7    881.5    882.4   0.792
20260406200940    147   1295.0   1340.0   20.0     76.4    928.7   1040.1   0.852
20260406200940    147   1475.0   1485.0   20.0     21.8   1005.3   1095.3   0.599
20260406200940    147   1535.0   1550.0   20.0     25.1   1037.1   1071.5   0.584
20260406200940    147   1730.0   1755.0   20.0     41.7   1050.7   1116.7   0.840
20260406200940    148    225.0    240.0   20.0     73.9    872.3    956.7   0.768
20260406200940    148    290.0    305.0   20.0     30.9    969.4   1059.3   0.644
20260406200940    148    395.0    410.0   20.0     32.6   1099.8   1116.8   0.859
20260406200940    148    480.0    500.0   20.0    125.9   1119.1   1303.7   0.813
20260406200940    152     70.0     85.0   20.0     34.1    876.2   1017.2   0.769
20260406200940    153     20.0     35.0   20.0     61.8    880.6    997.0   0.790
20260406200940    154   1470.0   1510.0   20.0    100.8    908.4    935.4   0.922
20260406200940    154   1545.0   1680.0   20.0    104.1    988.8    888.7   0.848
20260406200940    155    545.0    560.0   20.0     46.1    874.4    874.1   0.681
20260406200940    155   1755.0   1775.0   20.0     40.3    884.6    960.2   0.822
20260406200940    156     70.0     85.0   20.0     39.9   1031.4   1072.4   0.645
20260406200940    156    265.0    280.0   20.0     24.5   1090.6   1138.4   0.755
20260406200940    157   1065.0   1090.0   20.0     95.6    898.5    898.5   0.794
20260406200940    157   1345.0   1365.0   20.0    154.0    904.7    901.5   0.787
20260406200940    158    660.0    680.0   20.0     37.2    885.8    885.9   0.729
20260406200940    158   1300.0   1315.0   20.0     49.5    893.1    892.8   0.724
20260406200940    159    605.0   1105.0   20.0     86.8   1421.5   1393.2   0.914
20260406200940    159   1180.0   1220.0   20.0     99.6   1394.1   1392.4   0.835
20260406200940    159   1265.0   1305.0   20.0     88.4   1389.2   1370.2   0.832
20260406200940    159   1745.0   1760.0   20.0    153.7   1396.6   1389.0   0.788
20260406200940    160      0.0     15.0   20.0     39.3      0.0    885.7   0.772
20260406200940    161    290.0    305.0   20.0     35.0   1197.1   1117.0   0.904
20260406200940    161   1530.0   1545.0   20.0     53.2   1092.7   1088.3   0.705
20260406200940    162   1195.0   1205.0   20.0     22.3   1287.3   1288.4   0.848
20260406200940    163      0.0     30.0   20.0     38.4      0.0    880.0   0.698
20260406200940    165    640.0    655.0   20.0     66.7    904.2    903.9   0.779
20260406200940    165    920.0    935.0   20.0     45.7    906.3    908.8   0.844
20260406200940    165   1465.0   1500.0   20.0    181.5    910.0    910.8   0.861
20260406200940    165   1685.0   1700.0   20.0     87.0    911.7    911.8   0.806
20260406200940    166    810.0    855.0   20.0     65.4    902.5   1090.1   0.764
20260406200940    166    930.0    945.0   20.0     25.4   1030.9   1068.6   0.775
20260406200940    166   1195.0   1210.0   20.0    147.1   1096.3    898.9   0.748
20260406200940    167    895.0    910.0   20.0     30.4    903.6    904.7   0.759
20260406200940    168   1320.0   1335.0   20.0     48.4    931.4    932.6   0.788
20260406200940    168   1670.0   1685.0   20.0     32.5    933.2   1006.8   0.794
20260406200940    168   1785.0   1800.0   20.0     20.5   1026.1   1007.2   0.735
20260406200940    169     60.0    100.0   20.0     38.1    901.2    987.5   0.782
20260406200940    169    430.0    475.0   20.0     37.1   1097.5   1161.4   0.742
20260406200940    169    565.0    580.0   20.0     28.3   1186.0   1204.0   0.770
20260406200940    169    705.0    720.0   20.0     24.3   1194.7   1227.1   0.837
20260406200940    169   1095.0   1110.0   20.0     30.5   1254.7   1275.5   0.775
20260406200940    169   1760.0   1775.0   20.0     58.8   1272.3   1312.0   0.845
20260406200940    170    605.0    620.0   20.0     23.9   1285.9   1285.2   0.803
20260406200940    170   1285.0   1300.0   20.0     26.0   1346.6   1361.1   0.839
20260406200940    171    280.0    510.0   20.0     81.7    893.3   1240.6   0.827
20260406200940    171   1205.0   1220.0   20.0     55.3   1292.5   1372.5   0.826
20260406200940    172    155.0    185.0   20.0     43.9    910.9    912.5   0.767
20260406200940    173     90.0    105.0   20.0     76.2    887.0    891.7   0.727
20260406200940    173    805.0    825.0   20.0     97.3    897.7   1089.8   0.946
20260406200940    173    865.0    880.0   20.0     70.1   1105.0   1172.4   0.744
20260406200940    173    940.0    955.0   20.0     22.7   1138.3   1159.1   0.884
20260406200940    173   1265.0   1280.0   20.0     37.4   1156.7   1164.3   0.818
20260406200940    173   1415.0   1430.0   20.0     46.4   1170.0    904.9   0.950
20260406200940    174     80.0    125.0   20.0     35.4    918.0   1049.5   0.754
20260406200940    174    215.0    230.0   20.0     45.4   1065.6   1071.8   0.588
20260406200940    174    340.0    355.0   20.0     84.1   1097.1   1176.3   0.825
20260406200940    174    390.0    405.0   20.0     39.0   1152.8   1151.1   0.805
20260406200940    175   1650.0   1665.0   20.0     32.1   1222.0   1238.7   0.795
20260406200940    176   1390.0   1405.0   20.0     52.5    928.3    927.5   0.726
20260406200940    178     30.0     50.0   20.0     66.1    911.5    908.7   0.763
20260406200940    179   1245.0   1265.0   20.0     83.6    931.6   1142.9   0.810
20260406200940    179   1620.0   1635.0   20.0     20.9   1200.4   1212.4   0.719
20260406200940    180     40.0     60.0   20.0    245.4    954.6   1283.9   0.890
20260406200940    183   1710.0   1745.0   20.0    193.8    942.0    941.5   0.723
20260406200940    184     80.0     95.0   20.0     43.6   1155.7   1200.8   0.776
20260406200940    184    390.0    405.0   20.0     20.2   1215.3   1231.8   0.714
20260406200940    185    135.0    190.0   20.0    177.7    904.2    908.6   0.815
20260406200940    185    275.0    295.0   20.0     84.5    910.0    909.5   0.738
20260406200940    185    790.0    850.0   20.0    155.6    915.1    915.2   0.777
20260406200940    186   1140.0   1155.0   20.0     75.1   1474.1   1448.2   0.857
20260406200940    186   1430.0   1445.0   20.0     24.3   1443.8   1448.6   0.794
20260406200940    186   1775.0   1800.0   20.0     28.5   1451.8   1450.3   0.827
20260406200940    189   1695.0   1715.0   20.0    226.7    940.3   1542.6   0.929
20260406200940    190     75.0     90.0   20.0     78.8    942.4   1271.3   0.922
20260406200940    191   1320.0   1340.0   20.0    101.3    952.0   1232.2   0.846
20260406200940    192      0.0     10.0   20.0     59.9      0.0    934.4   0.773
20260406200940    192   1055.0   1070.0   20.0     56.5    957.6    952.8   0.793
20260406200940    192   1440.0   1455.0   20.0     28.9    951.8   1000.7   0.751
20260406200940    192   1550.0   1570.0   20.0     82.5   1051.3    947.7   0.847
20260406200940    193    335.0    400.0   20.0    196.1    951.3    954.4   0.876
20260406200940    194    745.0    825.0   20.0     51.0    945.7   1057.3   0.807
20260406200940    194   1065.0   1110.0   20.0     25.0   1052.3   1115.5   0.805
20260406200940    194   1220.0   1290.0   20.0    184.5   1162.5    944.4   0.784
20260406200940    196    380.0    410.0   20.0    186.5    949.3    947.8   0.836
20260406200940    197   1335.0   1350.0   20.0     22.3   1405.9   1416.6   0.673
20260406200940    201    850.0    865.0   20.0     35.8    967.3   1136.8   0.848
20260406200940    201    970.0    985.0   20.0     23.4   1209.0   1224.5   0.712
20260406200940    204    450.0    475.0   20.0    138.1    962.1    963.2   0.858
20260406200940    204   1600.0   1615.0   20.0     35.8    964.9   1042.5   0.757
20260406200940    206    530.0    600.0   20.0    134.2    979.0   1278.5   0.892
20260406200940    206    710.0    725.0   20.0    131.6   1316.3   1409.6   0.701
20260406200940    208     80.0     95.0   20.0     54.6    976.2    975.9   0.791
20260406200940    208   1690.0   1730.0   20.0     41.9   1021.4   1148.2   0.795
20260406200940    209    235.0    250.0   20.0     61.1    967.2    967.0   0.786
20260406200940    209   1145.0   1160.0   20.0     23.2    977.4   1027.4   0.777
20260406200940    209   1230.0   1245.0   20.0     68.0   1061.4   1182.7   0.835
20260406200940    209   1720.0   1735.0   20.0     26.8   1249.9   1308.1   0.797
20260406200940    210    205.0    220.0   20.0     32.0    984.7   1022.2   0.750
20260406200940    210    255.0    270.0   20.0     22.6   1045.7   1097.6   0.778
20260406200940    210    325.0    340.0   20.0     33.4   1120.2   1139.0   0.793
20260406200940    210    520.0    535.0   20.0     30.9   1125.0   1170.7   0.811
20260406200940    210    760.0    775.0   20.0     25.5   1219.4   1260.1   0.782
20260406200940    210    960.0    975.0   20.0     62.2   1233.7    980.9   0.913
20260406200940    210   1505.0   1545.0   20.0    124.0    982.3    981.6   0.769
20260406200940    211   1220.0   1235.0   20.0     81.6    980.1   1078.9   0.787
20260406200940    211   1300.0   1315.0   20.0     22.5   1108.6   1170.7   0.753
20260406200940    211   1535.0   1550.0   20.0     20.1   1288.4   1300.4   0.704
20260406200940    211   1615.0   1630.0   20.0     25.9   1289.0   1306.5   0.744
20260406200940    214    225.0    245.0   20.0     99.7    996.9    995.5   0.751
20260406200940    214    660.0    675.0   20.0     59.6    999.2   1122.0   0.849
20260406200940    214    740.0    755.0   20.0     26.0   1119.2   1121.1   0.767
20260406200940    214    955.0    970.0   20.0     33.4   1152.6   1210.5   0.713
20260406200940    214   1210.0   1225.0   20.0     22.1   1259.1   1283.0   0.842
20260406200940    216    375.0    405.0   20.0     23.1   1540.5   1529.9   0.653
20260406200940    216    480.0    605.0   20.0     93.2   1527.8   1557.0   0.862
20260406200940    216    880.0    895.0   20.0     23.3   1554.8   1558.7   0.829
20260406200940    218    115.0    130.0   20.0     66.2    981.4    982.6   0.804
20260406200940    218    395.0    410.0   20.0     20.9    996.2   1028.2   0.774
20260406200940    218    660.0    675.0   20.0    151.4   1069.5   1333.5   0.900
20260406200940    219      0.0     45.0   20.0     25.8      0.0   1615.1   0.797
20260406200940    219   1365.0   1375.0   20.0     20.6   1651.9   1670.0   0.827
20260406200940    219   1410.0   1800.0   20.0     31.8   1670.6   1686.2   0.869
20260406200940    220    130.0    240.0   20.0    168.7   1002.4   1007.1   0.819
20260406200940    220   1530.0   1550.0   20.0     82.3   1028.8   1032.0   0.798
20260406200940    221   1165.0   1180.0   20.0     66.6    995.7    996.8   0.768
20260406200940    224     65.0     95.0   20.0    146.4   1009.3   1010.1   0.831
20260406200940    224    820.0    835.0   20.0     51.4   1019.9   1094.7   0.857
20260406200940    224    900.0    920.0   20.0     46.0   1135.9   1182.7   0.777
20260406200940    224    985.0   1000.0   20.0     28.3   1189.7   1197.7   0.656
20260406200940    224   1035.0   1050.0   20.0     25.4   1190.6   1230.1   0.741
20260406200940    224   1140.0   1195.0   20.0     85.2   1176.0   1014.6   0.795
20260406200940    228    420.0    450.0   20.0     37.7   1066.0   1165.4   0.713
20260406200940    228    565.0    580.0   20.0     43.8   1267.8   1322.5   0.746
20260406200940    229    120.0    135.0   20.0     21.5   1359.2   1248.7   0.791
20260406200940    230    385.0    400.0   20.0     25.8    374.5    365.6   0.641
20260406200940    230   1285.0   1300.0   20.0     53.1    443.1    479.2   0.775
20260406200940    231      0.0     80.0   20.0     30.4      0.0   1653.0   0.877
20260406200940    231    545.0    580.0   20.0     23.5   1661.6   1642.5   0.855
20260406200940    231    745.0   1800.0   20.0     54.1   1645.1   1670.7   0.907
20260406200940    232    515.0    530.0   20.0     81.3   1047.6   1043.3   0.804
20260406200940    232    665.0    685.0   20.0     30.4   1044.8   1118.7   0.776
20260406200940    232    725.0    740.0   20.0     93.8   1142.2   1046.1   0.748
20260406200940    232    945.0    960.0   20.0     39.9   1049.0   1058.0   0.429
20260406200940    232   1750.0   1765.0   20.0     22.9   1076.7   1045.7   0.847
20260406200940    233   1435.0   1505.0   20.0    273.8   1031.6   1146.6   0.880
20260406200940    233   1555.0   1585.0   20.0    157.5   1191.8   1029.9   0.870
20260406200940    234    680.0    715.0   20.0     80.4   1053.1   1169.4   0.853
20260406200940    234    760.0    775.0   20.0     20.7   1184.5   1197.1   0.722
20260406200940    234    885.0    900.0   20.0    133.0   1197.7   1053.0   0.777
20260406200940    235    105.0    120.0   20.0     33.5   1039.6   1040.1   0.738
20260406200940    235    360.0    380.0   20.0     70.0   1043.4   1043.5   0.752
20260406200940    235    620.0    650.0   20.0    205.4   1051.1   1373.6   0.780
20260406200940    235    690.0    775.0   20.0    149.8   1390.7   1043.2   0.831
20260406200940    238    550.0    565.0   20.0     36.8   1060.5   1112.5   0.784
20260406200940    238    600.0    615.0   20.0     24.4   1122.2   1125.5   0.862
20260406200940    238    715.0    730.0   20.0     48.8   1232.8   1303.6   0.827
20260406200940    239    390.0    435.0   20.0    226.5   1052.6   1588.8   0.840
20260406200940    240   1000.0   1015.0   20.0     47.2   1058.1   1109.8   0.764
20260406200940    240   1165.0   1180.0   20.0     25.9   1139.2   1217.0   0.810
20260406200940    240   1365.0   1380.0   20.0     60.9   1183.3   1202.0   0.589
20260406200940    240   1730.0   1770.0   20.0     93.0   1182.1   1056.8   0.798
20260406200940    241     60.0     75.0   20.0     40.1   1598.7   1599.9   0.690
20260406200940    241    965.0    980.0   20.0     22.3   1614.2   1631.7   0.404
20260406200940    242     25.0     70.0   20.0    219.1   1057.3   1580.7   0.937
20260406200940    243    265.0    280.0   20.0     43.0   1054.9   1054.8   0.778
20260406200940    243    740.0    765.0   20.0     73.3   1059.1   1074.8   0.864
20260406200940    243   1235.0   1250.0   20.0     94.8   1056.3   1057.7   0.796
20260406200940    243   1625.0   1645.0   20.0    193.0   1056.9   1468.8   0.864
20260406200940    244     55.0     70.0   20.0     57.4   1089.8   1160.8   0.730
20260406200940    244    160.0    175.0   20.0     21.8   1258.1   1289.2   0.569
20260406200940    244    250.0    265.0   20.0     57.4   1232.3   1291.3   0.757
20260406200940    244    300.0    315.0   20.0     27.3   1283.5   1323.0   0.744
20260406200940    244   1000.0   1015.0   20.0     27.2   1449.3   1525.7   0.760
20260406200940    245    805.0    820.0   20.0     51.6   1063.5   1260.0   0.819
20260406200940    245   1360.0   1375.0   20.0     86.7   1063.8   1063.1   0.732
20260406200940    246    255.0    270.0   20.0     31.7   1089.0   1166.5   0.752
20260406200940    246    315.0    365.0   20.0     40.2   1195.4   1240.4   0.852
20260406200940    246    405.0    420.0   20.0    106.5   1235.7   1421.4   0.810
20260406200940    246   1035.0   1055.0   20.0    319.3   1119.6   1086.0   0.792
20260406200940    246   1275.0   1310.0   20.0     44.1   1089.2   1225.3   0.790
20260406200940    246   1350.0   1365.0   20.0    170.3   1254.9   1090.7   0.745
20260406200940    246   1490.0   1550.0   20.0     47.6   1087.4   1196.6   0.899
20260406200940    246   1585.0   1660.0   20.0     78.6   1212.1   1090.7   0.922
20260406200940    247   1690.0   1710.0   20.0    624.3   1068.4   1065.6   0.800
20260406200940    248      0.0     60.0   20.0     93.7      0.0   1482.8   0.834
20260406200940    248    205.0    250.0   20.0    107.5   1432.4   1557.1   0.816
20260406200940    248    525.0    540.0   20.0     35.7   1505.1   1490.0   0.718
20260406200940    248    600.0    650.0   20.0     32.3   1284.7   1211.3   0.790
20260406200940    248    685.0    700.0   20.0     84.2   1216.2   1109.8   0.841
20260406200940    249    850.0    865.0   20.0     27.1   1077.5   1074.1   0.667
20260406200940    251    190.0    210.0   20.0     55.4   1092.9   1092.3   0.767
20260406200940    251    760.0    775.0   20.0     36.2   1098.2   1095.4   0.512
20260406200940    253    415.0    440.0   20.0    156.6   1089.1   1094.6   0.824
20260406200940    254    510.0    525.0   20.0     97.2   1323.8   1354.1   0.759
20260406200940    255    785.0    800.0   20.0     26.6   1113.0   1188.7   0.730
20260406200940    255    835.0    850.0   20.0    113.9   1225.6   1112.3   0.754
20260406200940    255    885.0    900.0   20.0    155.2   1111.9   1264.8   0.778
20260406200940    255   1135.0   1150.0   20.0     21.2   1273.7   1289.1   0.580
20260406200940    255   1195.0   1215.0   20.0     67.1   1334.0   1380.1   0.791
20260406200940    255   1435.0   1450.0   20.0    113.7   1445.0   1562.6   0.759
20260406200940    255   1735.0   1750.0   20.0     43.1   1580.6   1644.1   0.819
20260406200940    256    365.0    385.0   20.0     67.9   1371.1   1215.1   0.878
20260406200940    256    425.0    440.0   20.0     46.6   1200.5   1136.2   0.793
20260406204259      1    740.0    755.0   20.0     21.5   1005.4   1006.9   0.646
20260406204259      1    860.0    875.0   20.0     88.2   1012.8   1010.7   0.641
20260406204259      1   1760.0   1795.0   20.0     50.5   1005.0   1198.5   0.763
20260406204259      3     35.0     50.0   20.0     21.4   1335.9   1398.1   0.796
20260406204259      5     85.0    110.0   20.0    201.5    978.9    978.7   0.766
20260406204259      5   1295.0   1310.0   20.0     99.4    988.7   1259.5   0.860
20260406204259      5   1380.0   1440.0   20.0     73.5   1211.0   1254.1   0.804
20260406204259      5   1500.0   1515.0   20.0     25.6   1247.0   1283.1   0.849
20260406204259      5   1755.0   1770.0   20.0     24.0   1304.3   1322.4   0.655
20260406204259      6    415.0    450.0   20.0    187.3    994.5    991.6   0.864
20260406204259      6    830.0    935.0   20.0     84.4    995.0   1313.5   0.833
20260406204259      6   1395.0   1440.0   20.0     53.5   1320.9   1292.3   0.874
20260406204259      6   1545.0   1565.0   20.0     21.4   1318.5   1317.1   0.568
20260406204259      6   1695.0   1710.0   20.0     21.9   1339.0   1344.8   0.481
20260406204259      8    270.0    285.0   20.0     57.4    967.0    967.2   0.686
20260406204259      8   1255.0   1270.0   20.0    100.4    991.4   1243.7   0.849
20260406204259      9     20.0     40.0   20.0    113.2    971.8   1272.3   0.761
20260406204259     10    205.0    220.0   20.0     40.9   1282.0   1323.9   0.691
20260406204259     10    660.0    685.0   20.0     35.5   1439.3   1439.6   0.629
20260406204259     10    800.0    850.0   20.0     35.8   1452.4   1448.6   0.635
20260406204259     10   1055.0   1070.0   20.0     24.9   1454.2   1490.7   0.873
20260406204259     10   1255.0   1310.0   20.0     45.8   1475.8   1473.0   0.816
20260406204259     12   1250.0   1265.0   20.0    243.3    984.0   1463.2   0.859
20260406204259     14    225.0    250.0   20.0    158.5    962.3   1429.6   0.880
20260406204259     14    515.0    530.0   20.0     37.4   1437.8   1439.3   0.798
20260406204259     14    605.0    620.0   20.0     49.0   1474.5   1458.1   0.504
20260406204259     14    710.0    745.0   20.0     30.2   1450.7   1452.6   0.723
20260406204259     14   1170.0   1235.0   20.0    133.3   1454.8   1523.8   0.800
20260406204259     15      0.0     70.0   20.0     23.3      0.0   1203.6   0.871
20260406204259     15    225.0    285.0   20.0     45.4   1243.5   1304.3   0.702
20260406204259     15    400.0    415.0   20.0     24.3   1313.2   1330.5   0.711
20260406204259     15    540.0    555.0   20.0     94.7   1318.3   1319.0   0.887
20260406204259     15    730.0    745.0   20.0     32.1   1318.2   1335.7   0.741
20260406204259     15    835.0    850.0   20.0     24.7   1374.3   1360.0   0.672
20260406204259     15    895.0    910.0   20.0     37.6   1354.1   1388.8   0.843
20260406204259     15   1170.0   1195.0   20.0    157.8   1351.0   1298.0   0.943
20260406204259     16    635.0    650.0   20.0    170.4    974.7   1282.5   0.789
20260406204259     16    775.0    790.0   20.0     20.1   1234.0   1293.1   0.768
20260406204259     16   1030.0   1045.0   20.0     75.0   1301.9   1400.5   0.801
20260406204259     16   1100.0   1115.0   20.0     21.9   1461.1   1515.6   0.862
20260406204259     16   1530.0   1555.0   20.0     73.6   1417.3   1111.7   0.851
20260406204259     17   1280.0   1310.0   19.2     72.0    957.4    954.5   0.539
20260406204259     17   1455.0   1470.0   20.0     29.2    951.5    950.5   0.699
20260406204259     17   1785.0   1800.0   20.0     79.8    949.2    947.7   0.776
20260406204259     18    615.0    630.0   20.0     34.0    969.1   1006.0   0.746
20260406204259     18    735.0    775.0   20.0     35.5   1075.1   1100.5   0.866
20260406204259     18    825.0    840.0   20.0     82.0   1124.5   1304.2   0.809
20260406204259     19      5.0     20.0   20.0    141.7    927.3   1236.9   0.877
20260406204259     19    560.0    575.0   20.0     21.3   1315.2   1315.7   0.777
20260406204259     19    945.0    980.0   20.0     58.7   1352.9   1356.9   0.806
20260406204259     20   1115.0   1130.0   20.0     60.8   1540.8   1492.9   0.766
20260406204259     21    550.0    570.0   20.0    256.6    946.3    948.0   0.859
20260406204259     21    715.0    730.0   20.0    236.9    953.4   1363.6   0.931
20260406204259     21    795.0    845.0   20.0     47.0   1278.7    944.5   0.908
20260406204259     23     50.0     65.0   20.0     93.9   1009.9    941.6   0.750
20260406204259     23    835.0    920.0   20.0     43.2    952.8   1106.5   0.826
20260406204259     23    960.0    975.0   20.0    101.7   1074.2   1264.1   0.849
20260406204259     23   1130.0   1145.0   20.0     22.0   1331.9   1356.7   0.629
20260406204259     23   1225.0   1240.0   20.0     38.0   1336.5   1422.7   0.823
20260406204259     23   1400.0   1415.0   20.0     40.1   1399.8   1452.7   0.793
20260406204259     25    185.0    200.0   20.0     49.2   1235.7   1287.9   0.674
20260406204259     27    610.0    625.0   20.0     63.0    932.9    933.1   0.783
20260406204259     27    850.0    870.0   20.0     74.9    933.3   1166.8   0.874
20260406204259     27   1635.0   1655.0   20.0     38.4   1113.6   1043.8   0.911
20260406204259     28    825.0    840.0   20.0     58.9   1386.8   1373.7   0.891
20260406204259     28    915.0    930.0   20.0     44.9   1384.8   1385.5   0.864
20260406204259     28   1020.0   1040.0   20.0     69.7   1382.5   1397.5   0.831
20260406204259     30    315.0    330.0   20.0     67.0    932.3    934.1   0.725
20260406204259     30    380.0    470.0   20.0     90.3    939.4   1245.1   0.872
20260406204259     30    650.0    665.0   20.0     27.1   1246.2   1282.6   0.847
20260406204259     33    240.0    300.0   20.0    137.7    928.2    930.1   0.802
20260406204259     33   1065.0   1080.0   20.0     69.2    939.5    938.2   0.730
20260406204259     34    345.0    360.0   20.0     42.0    916.9    918.0   0.759
20260406204259     34   1175.0   1190.0   20.0     62.0    940.1    934.7   0.725
20260406204259     35   1615.0   1630.0   20.0     36.1    920.5    965.2   0.727
20260406204259     35   1755.0   1770.0   20.0     25.8   1008.2   1031.1   0.719
20260406204259     36    590.0    610.0   20.0     55.0    933.0    930.2   0.761
20260406204259     37    445.0    465.0   20.0     85.7    916.3   1073.4   0.804
20260406204259     37    710.0    725.0   20.0     36.2   1134.2   1135.3   0.713
20260406204259     38   1455.0   1480.0   20.0     36.9   1466.5   1471.1   0.888
20260406204259     39   1375.0   1390.0   20.0     49.9    954.5    954.0   0.777
20260406204259     40     70.0     85.0   20.0     27.4   1054.0   1105.6   0.716
20260406204259     41      0.0     10.0   20.0     21.5      0.0   1191.5   0.508
20260406204259     42    765.0    795.0   20.0    180.9    927.6    927.2   0.857
20260406204259     42   1000.0   1015.0   20.0     88.5    932.0    932.0   0.730
20260406204259     42   1470.0   1485.0   20.0     57.6    935.1    935.3   0.804
20260406204259     44    260.0    290.0   20.0     62.0    919.5    929.5   0.857
20260406204259     45    320.0    420.0   20.0     54.8   1098.0   1249.2   0.706
20260406204259     45    480.0    495.0   20.0     20.6   1263.5   1281.2   0.504
20260406204259     45    720.0    735.0   20.0     20.2   1121.1    910.2   0.944
20260406204259     45   1320.0   1335.0   20.0     53.2    918.5    918.3   0.800
20260406204259     47    430.0    445.0   20.0    144.5    912.4   1192.2   0.785
20260406204259     48    195.0    210.0   20.0     37.0    901.4    944.2   0.768
20260406204259     48    305.0    320.0   20.0     51.0    955.8    906.8   0.748
20260406204259     49   1540.0   1610.0   20.0    173.2    914.4    908.0   0.850
20260406204259     50      5.0     50.0   20.0     50.3    892.9    894.8   0.746
20260406204259     50   1230.0   1250.0   20.0     45.2    907.8    908.5   0.817
20260406204259     50   1510.0   1525.0   20.0     41.1    908.2    907.9   0.776
20260406204259     51    575.0    590.0   20.0     65.5    897.9    973.3   0.779
20260406204259     51    705.0    720.0   20.0     30.4    989.7   1064.9   0.871
20260406204259     51    815.0    830.0   20.0     58.2   1047.5   1116.7   0.758
20260406204259     52   1335.0   1350.0   20.0     39.2    923.2    992.0   0.801
20260406204259     52   1445.0   1455.0   20.0     25.7   1006.8   1009.2   0.567
20260406204259     52   1675.0   1690.0   20.0     79.1   1054.3    920.0   0.831
20260406204259     53   1325.0   1350.0   20.0     50.9    909.9    907.4   0.771
20260406204259     57     65.0     80.0   20.0     34.2    885.8    889.1   0.786
20260406204259     57    815.0    830.0   20.0     50.4    911.5    978.0   0.752
20260406204259     58    240.0    255.0   20.0     43.9    898.7    900.2   0.791
20260406204259     58    505.0    530.0   20.0     87.1    910.4   1126.8   0.853
20260406204259     58    890.0    900.0   20.0     23.6   1085.7   1105.2   0.841
20260406204259     59    500.0    545.0   20.0    155.4    898.8    900.0   0.812
20260406204259     59    920.0    945.0   20.0    103.1    902.7   1104.8   0.832
20260406204259     59   1745.0   1760.0   20.0     27.1   1069.9    916.2   0.811
20260406204259     60    185.0    200.0   20.0     22.3   1101.0   1130.5   0.736
20260406204259     61   1105.0   1140.0   20.0     91.9    899.4   1073.5   0.833
20260406204259     61   1790.0   1800.0   20.0     24.1   1197.3   1208.4   0.691
20260406204259     65   1100.0   1115.0   20.0     40.6    892.9    893.2   0.726
20260406204259     67    170.0    195.0   20.0     36.2   1202.1   1220.0   0.859
20260406204259     68     60.0     80.0   20.0    123.3    882.0   1280.2   0.877
20260406204259     68    120.0    135.0   20.0     33.0   1298.4   1309.8   0.817
20260406204259     68    290.0    300.0   14.3     77.7   1346.2   1359.7   0.521
20260406204259     68    415.0    490.0    9.2    202.3   1415.6   1407.9   0.533
20260406204259     68    605.0    650.0   16.6    104.1   1391.9   1375.5   0.727
20260406204259     68   1110.0   1125.0   20.0     52.3   1394.5   1415.3   0.720
20260406204259     69    960.0    975.0   20.0     35.9   1296.8   1325.3   0.723
20260406204259     70    235.0    295.0   20.0     58.9    876.6    878.9   0.822
20260406204259     70    770.0    830.0   20.0     35.6    890.5    974.0   0.894
20260406204259     70   1240.0   1255.0   20.0     51.2   1049.6   1132.3   0.758
20260406204259     72     95.0    110.0   20.0     35.0    878.6    930.8   0.763
20260406204259     72    155.0    170.0   20.0     70.0    975.2    887.5   0.740
20260406204259     72   1080.0   1105.0   20.0     94.3    899.5    897.7   0.844
20260406204259     72   1150.0   1165.0   20.0     53.6    898.5    966.4   0.778
20260406204259     72   1260.0   1275.0   20.0     75.0   1035.2    899.7   0.766
20260406204259     73    215.0    225.0   20.0     21.6   1273.7   1309.4   0.405
20260406204259     73    450.0    470.0   12.2    141.0   1409.7   1427.5   0.598
20260406204259     73    520.0    535.0   20.0     30.8   1450.3   1431.2   0.640
20260406204259     73    575.0   1515.0   20.0    127.4   1424.8   1476.0   0.822
20260406204259     73   1560.0   1690.0   20.0    121.0   1450.9   1474.1   0.761
20260406204259     74   1015.0   1030.0   20.0     26.9    892.9    892.2   0.663
20260406204259     75    665.0    690.0   20.0     95.3    892.2    889.6   0.759
20260406204259     77    900.0    920.0   20.0     60.2    882.3    883.6   0.877
20260406204259     78    730.0    750.0   20.0    112.1    896.1    896.1   0.785
20260406204259     78    790.0    805.0   20.0     85.6    897.9   1295.0   0.750
20260406204259     78    950.0    960.0   20.0    110.4   1355.9   1380.3   0.656
20260406204259     78   1070.0   1165.0   20.0     93.0   1374.5   1384.3   0.847
20260406204259     79   1370.0   1385.0   20.0     24.1    883.6    881.6   0.683
20260406204259     79   1455.0   1500.0   20.0    117.7    880.9   1244.7   0.830
20260406204259     79   1635.0   1645.0   20.0     27.9   1293.3   1280.3   0.818
20260406204259     80   1340.0   1360.0   20.0     80.3    898.4    889.2   0.758
20260406204259     81     95.0    110.0   20.0     31.3   1222.3   1146.9   0.847
20260406204259     82    390.0    405.0   20.0    179.9    875.3   1137.7   0.813
20260406204259     82    480.0    495.0   20.0     49.8   1156.7   1167.6   0.887
20260406204259     82    560.0    575.0   20.0     29.9   1180.8   1179.0   0.833
20260406204259     82    735.0    780.0   20.0     75.7   1197.6   1259.7   0.808
20260406204259     82   1645.0   1660.0   20.0     20.8   1242.8   1244.8   0.807
20260406204259     88    455.0    505.0   20.0    103.7    880.3    880.0   0.880
20260406204259     88    730.0    745.0   20.0     33.4    882.3    986.0   0.778
20260406204259     88    780.0    795.0   20.0     36.2    987.7   1021.4   0.719
20260406204259     88    885.0    900.0   20.0     21.7   1059.4   1075.6   0.642
20260406204259     88   1180.0   1195.0   20.0     21.2   1141.7   1140.8   0.666
20260406204259     89    435.0    475.0   20.0    139.9    876.5    879.6   0.853
20260406204259     90    200.0    220.0   20.0     40.8   1042.3   1072.0   0.847
20260406204259     91      0.0     20.0   20.0    223.3      0.0    845.4   0.914
20260406204259     91   1185.0   1225.0   20.0    123.9    873.0    872.7   0.895
20260406204259     93    600.0    655.0   20.0    242.3    871.1    870.4   0.878
20260406204259     95    900.0    915.0   20.0    114.1    875.0   1095.2   0.767
20260406204259     95    980.0    995.0   20.0     28.9   1080.2   1080.0   0.663
20260406204259     98   1090.0   1105.0   20.0     34.0    890.1    946.5   0.879
20260406204259     98   1155.0   1170.0   20.0     23.9    960.2    970.0   0.763
20260406204259     98   1260.0   1275.0   20.0     23.7    977.7    990.8   0.827
20260406204259     98   1425.0   1440.0   20.0     24.0   1001.0   1027.5   0.643
20260406204259     98   1610.0   1635.0   20.0     35.5   1088.4   1110.1   0.828
20260406204259     98   1770.0   1785.0   20.0     36.8   1163.5   1222.0   0.788
20260406204259    100     15.0     35.0   20.0     94.0    851.6    851.2   0.852
20260406204259    100   1080.0   1095.0   20.0     35.3    872.2    911.2   0.730
20260406204259    100   1370.0   1385.0   20.0     43.9    959.5   1023.8   0.744
20260406204259    100   1735.0   1785.0   20.0     48.1    990.3   1050.7   0.818
20260406204259    101      0.0     10.0   20.0     86.4      0.0    854.0   0.744
20260406204259    101    455.0    505.0   20.0     39.9    868.5   1056.9   0.840
20260406204259    101    615.0    625.0   20.0     20.3   1107.1   1115.6   0.443
20260406204259    102    505.0    520.0   20.0     50.8    885.5    884.1   0.776
20260406204259    103    905.0    920.0   20.0     23.9    892.1    880.1   0.704
20260406204259    106    755.0    770.0   20.0     79.0    879.4   1151.5   0.821
20260406204259    110    510.0    525.0   20.0     28.6   1258.2   1359.5   0.792
20260406204259    111    935.0    960.0   20.0     91.5    877.7    877.8   0.776
20260406204259    112    110.0    125.0   20.0     33.6    867.6    868.2   0.835
20260406204259    112    320.0    340.0   20.0     56.4    876.9    877.8   0.831
20260406204259    112    445.0    505.0   20.0    227.7    879.9    983.7   0.847
20260406204259    112    575.0    590.0   20.0     21.0    988.9    994.2   0.775
20260406204259    112    740.0    750.0   20.0     31.8   1005.0   1006.1   0.835
20260406204259    112    965.0    980.0   20.0     35.2   1026.2   1046.5   0.660
20260406204259    113    115.0    165.0   20.0    111.1    853.0   1222.0   0.897
20260406204259    113    425.0    440.0   20.0     35.0   1185.4   1221.1   0.783
20260406204259    114     60.0     75.0   20.0     41.5    871.7    940.0   0.746
20260406204259    114    275.0    290.0   20.0     94.7   1011.6    881.5   0.838
20260406204259    114   1660.0   1690.0   20.0     72.9    904.0    908.0   0.807
20260406204259    115    190.0    205.0   20.0     26.3   1079.6   1124.6   0.597
20260406204259    115    485.0    500.0   20.0     27.8   1147.3   1126.8   0.899
20260406204259    115    720.0    735.0   20.0     34.1   1197.8   1174.2   0.924
20260406204259    115    985.0   1025.0   20.0     51.6   1185.8   1108.5   0.873
20260406204259    115   1060.0   1075.0   20.0     31.4   1147.5   1128.6   0.869
20260406204259    115   1125.0   1140.0   20.0     33.0   1126.7   1062.3   0.889
20260406204259    115   1645.0   1660.0   20.0     23.6   1116.9   1072.7   0.865
20260406204259    116     10.0     25.0   20.0     22.7    939.4    957.8   0.611
20260406204259    116     85.0    100.0   20.0     92.6    964.1    864.2   0.755
20260406204259    117    110.0    125.0   20.0     26.1    890.7    864.3   0.699
20260406204259    118    660.0    720.0   20.0     36.1    887.3   1168.2   0.876
20260406204259    118    785.0    800.0   20.0     85.4   1173.5   1272.6   0.788
20260406204259    118    860.0    875.0   20.0     42.7   1300.6   1317.3   0.686
20260406204259    118    970.0   1075.0   18.8    102.6   1349.7   1334.5   0.767
20260406204259    118   1190.0   1205.0   20.0     96.6   1269.5   1301.8   0.424
20260406204259    118   1250.0   1280.0   20.0     39.1   1249.6   1299.8   0.773
20260406204259    120     85.0    100.0   20.0     24.4    852.1    853.8   0.631
20260406204259    122    485.0    545.0   20.0     26.6    874.7    927.6   0.805
20260406204259    122   1790.0   1800.0   20.0     27.6   1063.0   1106.5   0.691
20260406204259    123    155.0    170.0   20.0     39.8    843.3    844.7   0.789
20260406204259    124    475.0    500.0   20.0     87.1    881.9    881.5   0.784
20260406204259    125    135.0    150.0   20.0    136.9    877.9   1248.2   0.861
20260406204259    125    270.0    285.0   20.0     39.5   1288.2   1285.5   0.469
20260406204259    125    615.0   1515.0   20.0     47.1   1301.8   1315.2   0.889
20260406204259    125   1595.0   1765.0   20.0     63.3   1314.4   1340.2   0.883
20260406204259    126    260.0    340.0   20.0     78.4    885.2    887.3   0.767
20260406204259    126   1515.0   1530.0   20.0     29.2    902.6    941.0   0.744
20260406204259    126   1695.0   1740.0   20.0     90.7    962.6    896.7   0.877
20260406204259    127    320.0    335.0   20.0     23.5    907.1    907.7   0.736
20260406204259    129    315.0    335.0   20.0     84.9    854.8    853.9   0.846
20260406204259    129   1355.0   1370.0   20.0     34.4    858.6    858.0   0.644
20260406204259    130    385.0    405.0   20.0     62.0    875.9    882.9   0.680
20260406204259    131   1250.0   1265.0   20.0     48.7    880.3    881.5   0.793
20260406204259    132   1210.0   1320.0   20.0    154.4    903.8    909.2   0.892
20260406204259    133    765.0    785.0   20.0    167.0    881.5    883.6   0.887
20260406204259    134   1065.0   1110.0   20.0     73.5   1324.1   1316.9   0.870
20260406204259    134   1170.0   1185.0   20.0     22.1   1320.5   1323.6   0.801
20260406204259    134   1225.0   1260.0   20.0     65.1   1332.1   1326.6   0.853
20260406204259    134   1350.0   1390.0   20.0     75.6   1332.0   1325.4   0.853
20260406204259    135    230.0    245.0   20.0     27.1    878.0    916.0   0.765
20260406204259    135    415.0    430.0   20.0     20.1    958.7    955.6   0.797
20260406204259    135    475.0    490.0   20.0     34.1    970.6    959.3   0.874
20260406204259    135    740.0    755.0   20.0     42.3   1007.7   1009.7   0.858
20260406204259    135    790.0    805.0   20.0     36.7   1009.5   1015.0   0.779
20260406204259    135   1115.0   1130.0   20.0     46.9   1112.0   1113.0   0.696
20260406204259    136      0.0     10.0   20.0     50.5      0.0   1155.3   0.801
20260406204259    136    745.0    760.0   20.0     20.7    951.8    969.7   0.745
20260406204259    136    890.0    905.0   20.0     20.9    973.0    951.0   0.741
20260406204259    137      5.0     20.0   20.0     36.9    860.8    943.7   0.743
20260406204259    137    325.0    340.0   20.0     62.4   1052.9   1083.5   0.641
20260406204259    138    450.0    465.0   20.0     43.2    891.9    893.1   0.724
20260406204259    138   1295.0   1310.0   20.0     87.3    906.6   1063.7   0.884
20260406204259    139     15.0     50.0   20.0     46.4    855.1   1035.6   0.764
20260406204259    139     95.0    150.0   20.0     47.4   1039.2   1080.2   0.774
20260406204259    139    575.0    585.0   20.0     70.8   1168.9   1145.7   0.461
20260406204259    140    890.0    905.0   20.0     25.8   1292.1   1324.3   0.838
20260406204259    141    470.0    500.0   20.0     60.8    876.4    875.9   0.749
20260406204259    141    925.0    940.0   20.0    135.2    880.6   1195.9   0.926
20260406204259    141   1110.0   1125.0   20.0     42.6   1173.3    882.5   0.932
20260406204259    145   1730.0   1745.0   20.0     52.2    940.9    939.4   0.785
20260406204259    146    205.0    220.0   20.0     44.8    946.2    898.2   0.759
20260406204259    148    210.0    225.0   20.0     22.2   1196.2   1219.9   0.585
20260406204259    148    435.0    450.0   20.0     34.1   1296.8   1304.3   0.678
20260406204259    148    890.0    970.0   20.0     65.5   1377.3   1378.2   0.722
20260406204259    148   1010.0   1725.0   20.0    100.1   1374.5   1427.8   0.913
20260406204259    148   1770.0   1800.0   20.0     29.5   1429.8   1426.9   0.795
20260406204259    150    390.0    480.0   20.0     51.6    908.5   1132.8   0.789
20260406204259    151    805.0    815.0   20.0     32.4    923.7    987.8   0.619
20260406204259    151   1060.0   1105.0   20.0    158.9    923.8    949.1   0.778
20260406204259    152      0.0     15.0   20.0    120.1      0.0   1272.3   0.633
20260406204259    154    325.0    375.0   20.0     50.9    888.4    888.1   0.844
20260406204259    154   1495.0   1510.0   20.0     49.6    896.8    897.3   0.788
20260406204259    155    220.0    250.0   20.0     48.0    876.6    878.0   0.821
20260406204259    155    840.0    855.0   20.0     51.2    890.2    887.1   0.720
20260406204259    156     95.0    115.0   20.0     92.3    888.6   1145.5   0.862
20260406204259    156    290.0    305.0   20.0     29.8   1235.1   1251.1   0.824
20260406204259    159     80.0     95.0   20.0    171.9   1339.3   1386.5   0.765
20260406204259    160     75.0    195.0   20.0     61.0    892.2   1052.5   0.834
20260406204259    160    280.0    295.0   20.0     57.6   1060.7   1063.4   0.718
20260406204259    160    370.0    430.0   20.0     68.8   1042.4   1188.4   0.757
20260406204259    160    510.0    565.0   20.0     62.7   1225.4   1097.7   0.943
20260406204259    160   1155.0   1170.0   20.0     58.7   1130.3   1189.4   0.773
20260406204259    160   1425.0   1440.0   20.0     36.4   1252.9   1299.2   0.784
20260406204259    161    750.0    770.0   20.0     33.3    896.7    897.0   0.734
20260406204259    162     75.0     90.0   20.0     96.4   1274.5   1275.7   0.450
20260406204259    162    315.0    330.0   20.0     32.9   1306.8   1296.5   0.834
20260406204259    162    725.0    910.0   20.0     43.1   1347.9   1343.8   0.862
20260406204259    162    995.0   1090.0   20.0     43.5   1341.4   1338.5   0.889
20260406204259    162   1540.0   1555.0   20.0     29.0   1365.6   1333.1   0.802
20260406204259    162   1630.0   1685.0   20.0     36.1   1348.8   1329.3   0.820
20260406204259    163   1330.0   1345.0   20.0     41.5    927.2    903.4   0.700
20260406204259    163   1725.0   1745.0   20.0     95.0    901.5    900.5   0.749
20260406204259    165     60.0    105.0   20.0     58.9    895.9    899.4   0.749
20260406204259    165    770.0    855.0   20.0     79.8    914.5    908.8   0.943
20260406204259    165   1670.0   1685.0   20.0     70.0    923.5    916.2   0.795
20260406204259    166    345.0    360.0   20.0     44.1    900.3    900.8   0.752
20260406204259    168    775.0    795.0   20.0     29.3    935.0    938.6   0.728
20260406204259    168   1620.0   1635.0   20.0     40.6    940.6   1003.7   0.740
20260406204259    169    705.0    730.0   20.0    236.9    929.0    933.6   0.864
20260406204259    169   1125.0   1140.0   20.0     21.0    927.4    979.8   0.743
20260406204259    169   1180.0   1195.0   20.0     31.6   1049.3   1050.4   0.641
20260406204259    169   1360.0   1375.0   20.0     28.6   1150.3   1112.9   0.738
20260406204259    171    130.0    160.0   20.0    179.6    898.3   1323.0   0.866
20260406204259    172    345.0    365.0   20.0    106.3    924.1    924.0   0.896
20260406204259    172    440.0    485.0   20.0     58.5    925.7    926.4   0.769
20260406204259    172    645.0    660.0   20.0     38.6    927.1    975.9   0.820
20260406204259    172    730.0    755.0   20.0     74.4    972.9    929.4   0.739
20260406204259    173    345.0    365.0   20.0     65.3    900.5    901.4   0.766
20260406204259    173    540.0    555.0   20.0     29.7    906.5    947.6   0.786
20260406204259    173    620.0    635.0   20.0     20.2    960.3    963.5   0.781
20260406204259    173    685.0    700.0   20.0     55.7    973.6    969.5   0.786
20260406204259    173    930.0    945.0   20.0     59.0    986.7   1152.0   0.804
20260406204259    173   1050.0   1065.0   20.0     30.3   1152.9   1245.1   0.783
20260406204259    173   1145.0   1200.0   20.0     32.5   1261.9    902.7   0.950
20260406204259    174    140.0    185.0   20.0     72.9    934.5   1284.8   0.916
20260406204259    175    455.0    475.0   20.0     94.0    915.7    916.5   0.808
20260406204259    178   1090.0   1150.0   20.0     49.9    934.8    934.7   0.777
20260406204259    178   1245.0   1265.0   20.0    221.2    936.9    939.9   0.865
20260406204259    179    630.0    690.0   20.0    106.5    934.7   1261.7   0.853
20260406204259    179    765.0    780.0   20.0     80.4   1257.7   1269.8   0.497
20260406204259    179    850.0    885.0   20.0     56.9   1300.8   1291.7   0.827
20260406204259    179    950.0   1010.0   20.0     64.2   1300.7   1302.5   0.925
20260406204259    179   1110.0   1125.0   20.0     31.2   1271.3   1303.8   0.712
20260406204259    181    720.0    730.0   20.0     20.2    933.2    933.2   0.475
20260406204259    181    880.0    895.0   20.0     74.5    938.6    940.3   0.794
20260406204259    182   1250.0   1265.0   20.0     33.0    940.5    935.6   0.436
20260406204259    183    155.0    170.0   20.0     66.0    935.6    937.3   0.756
20260406204259    183   1250.0   1260.0   20.0     31.8    940.0    940.8   0.410
20260406204259    183   1555.0   1625.0   20.0     40.8    941.4   1127.0   0.711
20260406204259    183   1665.0   1730.0   20.0     87.4   1124.0    940.7   0.815
20260406204259    185   1285.0   1300.0   20.0     25.0    921.0    921.5   0.740
20260406204259    186    655.0    670.0   20.0     67.2   1457.8   1460.1   0.740
20260406204259    186   1230.0   1245.0   20.0     63.3   1467.8   1469.8   0.784
20260406204259    187    660.0    675.0   20.0     66.5    934.6    933.1   0.719
20260406204259    187    880.0    935.0   20.0     77.1    940.4   1084.4   0.752
20260406204259    187   1070.0   1085.0   20.0     80.2   1088.6    941.1   0.831
20260406204259    187   1375.0   1390.0   20.0    136.2    943.9   1227.3   0.858
20260406204259    188     75.0     90.0   20.0     26.6    939.4    973.6   0.743
20260406204259    188    135.0    150.0   20.0     23.1    981.6   1015.2   0.832
20260406204259    188    575.0    590.0   20.0     30.1   1125.3    971.8   0.940
20260406204259    188    965.0   1000.0   20.0     69.9    958.1    959.9   0.807
20260406204259    189    790.0    805.0   20.0     70.9    941.6    941.6   0.712
20260406204259    190    310.0    325.0   20.0     33.0   1367.5   1333.1   0.703
20260406204259    190    395.0    410.0   20.0     37.0   1347.3   1356.5   0.700
20260406204259    190    650.0    665.0   20.0     74.2   1401.6   1405.4   0.782
20260406204259    190    710.0    750.0   20.0     84.4   1410.7   1416.0   0.841
20260406204259    190    810.0   1450.0   20.0    218.5   1429.7   1304.6   0.858
20260406204259    190   1490.0   1800.0   20.0    220.3   1292.1   1393.8   0.849
20260406204259    191   1475.0   1490.0   20.0     30.3    955.6   1148.9   0.854
20260406204259    191   1565.0   1580.0   20.0     34.5   1205.9   1262.1   0.642
20260406204259    191   1645.0   1655.0   20.0     20.9   1246.1   1269.9   0.729
20260406204259    191   1785.0   1800.0   20.0     26.1   1201.1   1230.7   0.736
20260406204259    193   1605.0   1620.0   20.0    114.1    959.9   1161.5   0.854
20260406204259    194    240.0    255.0   20.0     35.2    946.9   1005.1   0.696
20260406204259    194    410.0    425.0   20.0     34.0   1073.5   1140.1   0.800
20260406204259    194    800.0    815.0   20.0     21.6   1246.4   1302.0   0.806
20260406204259    195    780.0    795.0   20.0     73.8    952.9    951.9   0.788
20260406204259    196    305.0    345.0   20.0    213.4    958.7    953.7   0.827
20260406204259    197     10.0     25.0   20.0     60.4   1411.1   1410.7   0.827
20260406204259    197    315.0    335.0   20.0     65.5   1443.8   1442.9   0.849
20260406204259    197    580.0    595.0   20.0     83.7   1455.0   1457.3   0.848
20260406204259    197    765.0    780.0   20.0     24.0   1473.9   1471.4   0.763
20260406204259    197    850.0    865.0   20.0     46.7   1471.2   1497.5   0.648
20260406204259    200      0.0     15.0   20.0     30.1      0.0   1218.0   0.657
20260406204259    200   1130.0   1145.0   20.0    144.3   1526.8   1355.3   0.822
20260406204259    200   1685.0   1705.0   20.0    140.9   1319.8   1317.9   0.848
20260406204259    200   1740.0   1760.0   20.0    144.2   1311.5   1398.4   0.796
20260406204259    201     25.0     70.0   20.0    103.7    956.8   1331.3   0.804
20260406204259    202   1305.0   1340.0   20.0     37.5   1126.0   1262.4   0.792
20260406204259    202   1375.0   1395.0   20.0    158.9   1257.0    982.2   0.913
20260406204259    202   1735.0   1750.0   20.0     39.9    971.6   1015.0   0.725
20260406204259    203     85.0    115.0   20.0    200.1    946.0    947.4   0.849
20260406204259    204    760.0    775.0   20.0     64.0    972.5   1046.9   0.768
20260406204259    204    825.0    905.0   20.0     50.5   1052.3   1108.9   0.768
20260406204259    204    945.0    955.0   20.0     22.0   1112.2   1137.4   0.663
20260406204259    204   1065.0   1115.0   20.0    105.8   1078.4    978.6   0.754
20260406204259    205   1200.0   1235.0   20.0     85.4    979.3    982.2   0.761
20260406204259    206    205.0    220.0   20.0     33.0    975.0   1019.0   0.760
20260406204259    206    290.0    305.0   20.0     36.9   1062.9   1102.7   0.718
20260406204259    206    495.0    510.0   20.0     23.6   1129.7   1176.9   0.852
20260406204259    207    245.0    300.0   20.0     54.6    979.5   1122.5   0.762
20260406204259    207    335.0    380.0   20.0     49.9   1114.9   1262.4   0.809
20260406204259    207    560.0    580.0   20.0     92.7   1248.3    979.3   0.816
20260406204259    207    860.0    870.0   20.0     67.2    981.1    979.5   0.584
20260406204259    207   1545.0   1565.0   20.0    113.5    978.9    978.3   0.829
20260406204259    208    615.0    630.0   20.0     26.3   1145.4   1215.0   0.773
20260406204259    208    665.0    760.0   20.0    184.0   1243.1    992.5   0.799
20260406204259    208   1425.0   1450.0   20.0     56.8    994.2    995.8   0.746
20260406204259    209    925.0    960.0   20.0    120.9    973.3    974.2   0.823
20260406204259    209   1770.0   1785.0   20.0    113.1    973.1   1238.9   0.841
20260406204259    210    360.0    405.0   20.0     22.5    989.4   1067.3   0.769
20260406204259    210    455.0    470.0   20.0     28.2   1085.6   1156.7   0.801
20260406204259    210    615.0    630.0   20.0     27.5   1160.8   1181.5   0.755
20260406204259    211    835.0    855.0   20.0     85.4    988.4    987.6   0.744
20260406204259    211   1310.0   1325.0   20.0     22.0    988.5    986.4   0.458
20260406204259    213   1325.0   1360.0   20.0    184.9    989.7    987.5   0.864
20260406204259    213   1710.0   1725.0   20.0     47.2    986.4    986.0   0.781
20260406204259    214    160.0    190.0   20.0    207.3   1002.8   1304.6   0.879
20260406204259    215    185.0    225.0   20.0    179.0    990.3    989.9   0.816
20260406204259    216    860.0    875.0   20.0     24.3   1556.8   1549.5   0.524
20260406204259    216   1615.0   1630.0   20.0     33.2   1561.2   1562.9   0.840
20260406204259    216   1700.0   1800.0   20.0     28.1   1564.3   1552.1   0.863
20260406204259    217   1210.0   1250.0   20.0     70.2   1006.8   1010.1   0.797
20260406204259    218    255.0    270.0   20.0     20.9   1257.3   1268.8   0.536
20260406204259    219    110.0    125.0   20.0     21.4   1630.4   1651.1   0.802
20260406204259    219   1440.0   1465.0   20.0     22.4   1650.2   1652.8   0.890
20260406204259    220    210.0    350.0   20.0     63.7   1015.9   1173.7   0.745
20260406204259    220   1485.0   1500.0   20.0    234.9   1336.3   1552.0   0.746
20260406204259    221   1390.0   1405.0   20.0     47.2    997.9    998.2   0.749
20260406204259    221   1550.0   1575.0   20.0     92.6   1005.3    997.4   0.843
20260406204259    221   1740.0   1760.0   20.0     83.6    995.9    995.1   0.870
20260406204259    222     10.0     25.0   20.0     58.8   1088.4   1019.3   0.764
20260406204259    222    585.0    610.0   20.0     81.8   1032.2   1031.2   0.836
20260406204259    224   1330.0   1345.0   20.0     26.3   1046.9   1042.3   0.606
20260406204259    224   1535.0   1560.0   20.0     94.2   1044.0   1094.8   0.834
20260406204259    224   1705.0   1720.0   20.0     24.3   1219.5   1253.1   0.656
20260406204259    226    295.0    315.0   20.0    135.4   1701.9   1718.6   0.794
20260406204259    227    150.0    165.0   20.0     52.3   1033.2   1035.3   0.771
20260406204259    227   1150.0   1165.0   20.0     89.0   1005.2   1003.8   0.727
20260406204259    228      5.0     20.0   20.0     22.0   1137.1   1150.2   0.470
20260406204259    228     85.0    210.0   20.0    105.7   1160.0   1357.7   0.743
20260406204259    228    265.0    280.0   20.0     34.0   1379.1   1422.1   0.777
20260406204259    228    610.0    625.0   20.0     20.8   1389.9   1378.3   0.756
20260406204259    228    825.0    840.0   20.0     37.6   1306.6   1370.6   0.806
20260406204259    230      0.0     10.0   20.0     27.5      0.0    472.6   0.797
20260406204259    230    515.0    530.0   20.0     21.8    570.0    570.7   0.694
20260406204259    232    100.0    205.0   20.0     81.8   1039.5   1465.3   0.751
20260406204259    233    835.0    850.0   20.0     80.8   1035.5   1036.1   0.830
20260406204259    234    195.0    210.0   20.0     63.3   1392.8   1543.8   0.764
20260406204259    234    315.0    330.0   20.0     42.7   1596.4   1304.6   0.947
20260406204259    234    435.0    530.0   20.0     52.1   1054.7   1267.3   0.822
20260406204259    234    690.0    705.0   20.0     27.2   1380.0   1426.6   0.788
20260406204259    235   1385.0   1400.0   20.0    138.9   1090.7   1520.4   0.867
20260406204259    241     25.0     40.0   20.0     58.4   1687.5   1685.8   0.702
20260406204259    242     35.0     50.0   20.0     49.2   1302.8   1294.7   0.774
20260406204259    242    190.0    205.0   20.0     52.8   1329.6   1323.5   0.580
20260406204259    244    250.0    265.0   20.0    142.5   1315.2   1115.8   0.772
20260406204259    244    410.0    430.0   20.0    243.7   1124.3   1695.1   0.890
20260406204259    245    515.0    620.0   20.0    350.1   1070.9   1080.4   0.911
20260406204259    246    280.0    440.0   20.0    213.1   1096.6   1097.4   0.853
20260406204259    246    595.0    610.0   20.0     38.0   1096.5   1153.6   0.702
20260406204259    246    670.0    730.0   20.0    159.4   1168.8   1246.7   0.828
20260406204259    246    775.0    790.0   20.0     91.1   1231.8   1094.5   0.765
20260406204259    247   1375.0   1395.0   20.0    236.2   1062.8   1061.9   0.811
20260406204259    248     30.0    200.0   20.0    152.3   1105.1   1112.4   0.833
20260406204259    248    430.0    460.0   20.0     75.9   1118.1   1192.7   0.818
20260406204259    248    715.0    730.0   20.0     58.9   1301.0   1339.9   0.732
20260406204259    248    770.0    785.0   20.0     34.6   1334.2   1341.0   0.613
20260406204259    248    995.0   1010.0   20.0     35.7   1337.6   1339.4   0.859
20260406204259    248   1090.0   1105.0   20.0     62.9   1342.9   1359.8   0.758
20260406204259    248   1145.0   1155.0   20.0     22.4   1352.1   1337.5   0.763
20260406204259    248   1310.0   1325.0   20.0     24.3   1337.8   1336.9   0.852
20260406204259    248   1395.0   1410.0   20.0     27.0   1341.4   1368.3   0.756
20260406204259    249    290.0    325.0   20.0    135.6   1084.0   1082.2   0.842
20260406204259    249   1520.0   1550.0   20.0     67.4   1075.1   1073.8   0.839
20260406204259    251   1265.0   1280.0   20.0     77.2   1151.7   1093.5   0.767
20260406204259    251   1535.0   1560.0   20.0     73.4   1098.6   1094.6   0.753
20260406204259    253   1200.0   1220.0   20.0    410.0   1072.9   1084.4   0.884
20260406204259    254    250.0    265.0   20.0     21.0   1623.8   1607.7   0.673
20260406204259    254    770.0    780.0   20.0     20.2   1643.3   1648.4   0.437
20260406204259    255    355.0    380.0   20.0    135.9   1118.4   1482.5   0.800
20260406204259    255    470.0    490.0   20.0     90.4   1450.1   1114.5   0.906
20260406204259    256     30.0     85.0   20.0     49.9   1136.0   1235.1   0.824
20260406204259    256   1415.0   1430.0   20.0     70.0   1347.5   1410.0   0.780
20260406211617      1    500.0    545.0   20.0     34.8   1003.5   1087.2   0.714
20260406211617      1    655.0    730.0   20.0    118.1   1129.1   1009.5   0.709
20260406211617      1   1010.0   1140.0   20.0     45.7   1007.4   1236.8   0.809
20260406211617      1   1175.0   1185.0   20.0     42.3   1238.7   1247.5   0.470
20260406211617      1   1245.0   1310.0   20.0     64.7   1224.8   1208.5   0.856
20260406211617      1   1385.0   1400.0   20.0     31.4   1182.4   1200.9   0.755
20260406211617      1   1485.0   1515.0   20.0     64.4   1139.6    992.3   0.784
20260406211617      2   1520.0   1535.0   20.0     20.9   1039.2   1017.8   0.765
20260406211617      2   1740.0   1780.0   20.0    154.2   1015.7   1019.0   0.839
20260406211617      3    950.0    970.0   20.0     89.9   1470.1   1467.8   0.888
20260406211617      3   1295.0   1310.0   20.0    112.2   1456.2   1499.1   0.804
20260406211617      4   1285.0   1310.0   20.0    170.2   1000.3   1000.3   0.760
20260406211617      5    390.0    425.0   20.0    134.0    997.0   1404.8   0.874
20260406211617      5    545.0    560.0   20.0     33.0   1399.8   1388.3   0.744
20260406211617      5    635.0    650.0   20.0     43.4   1259.1    982.2   0.945
20260406211617      5   1560.0   1585.0   20.0    132.3    997.4    987.2   0.762
20260406211617      6    270.0    285.0   20.0     45.5    987.0   1094.1   0.890
20260406211617      6    385.0    400.0   20.0     48.2   1152.6   1156.8   0.552
20260406211617      6    530.0    570.0   20.0     41.3   1292.6   1342.3   0.823
20260406211617      6    805.0    825.0   20.0     95.5   1339.8   1364.9   0.819
20260406211617      6    895.0    910.0   20.0     44.2   1328.8   1373.2   0.792
20260406211617      6   1435.0   1450.0   20.0     26.8   1397.8   1427.3   0.828
20260406211617      6   1495.0   1520.0   20.0     48.5   1420.9   1412.1   0.800
20260406211617      6   1655.0   1670.0   20.0     24.1   1355.9   1369.7   0.812
20260406211617      7    465.0    480.0   20.0     35.9   1111.6   1109.2   0.648
20260406211617      8    655.0    670.0   20.0    168.4   1009.2    972.1   0.830
20260406211617      9    550.0    565.0   20.0    227.5    993.4   1410.0   0.759
20260406211617     10    490.0    510.0   20.0     28.0   1454.3   1478.6   0.778
20260406211617     11    775.0    790.0   20.0     50.1    965.0    963.7   0.764
20260406211617     11   1635.0   1660.0   20.0     53.3    961.9    961.7   0.797
20260406211617     12     20.0     45.0   20.0    155.5    969.4    967.8   0.908
20260406211617     12    820.0    840.0   20.0     42.0    974.7    972.0   0.778
20260406211617     12   1365.0   1375.0   20.0     23.6    988.2    987.8   0.647
20260406211617     13    820.0    840.0   20.0    114.5    962.0   1103.6   0.779
20260406211617     13    905.0    960.0   20.0     34.0   1169.5   1143.7   0.848
20260406211617     13   1030.0   1085.0   20.0     91.8   1177.5   1245.1   0.746
20260406211617     13   1125.0   1140.0   20.0     21.8   1254.2   1306.6   0.801
20260406211617     13   1695.0   1710.0   20.0     30.3   1323.7   1373.4   0.826
20260406211617     15    765.0    780.0   20.0    133.4    983.7   1010.4   0.846
20260406211617     18    335.0    350.0   20.0     33.5    960.6   1015.1   0.879
20260406211617     18    400.0    450.0   20.0     99.3   1065.6   1117.6   0.780
20260406211617     18    660.0    675.0   20.0     30.9   1091.0   1161.5   0.910
20260406211617     18    770.0    785.0   20.0     22.7   1221.7   1287.0   0.842
20260406211617     19    335.0    350.0   20.0     36.6   1324.5   1311.5   0.775
20260406211617     19    405.0    420.0   20.0     20.1   1323.0   1327.3   0.818
20260406211617     19    610.0    750.0   20.0     36.4   1316.1   1325.0   0.829
20260406211617     19    800.0    940.0   20.0     31.8   1324.9   1333.0   0.835
20260406211617     19    980.0   1050.0   20.0     29.6   1325.1   1319.9   0.830
20260406211617     21     90.0    110.0   20.0    127.0    938.7   1185.8   0.790
20260406211617     21    230.0    265.0   20.0    123.6   1239.9    937.6   0.836
20260406211617     21    490.0    515.0   20.0     48.0    940.8    942.4   0.800
20260406211617     21    615.0    645.0   20.0     71.9    943.4    943.0   0.823
20260406211617     23    485.0    505.0   20.0     26.0    946.2   1049.2   0.796
20260406211617     23    540.0    615.0   20.0    108.7   1087.8   1074.0   0.903
20260406211617     26    360.0    375.0   20.0     74.0    947.8    945.8   0.532
20260406211617     26    595.0    610.0   20.0     63.2    953.4    959.8   0.789
20260406211617     26   1335.0   1375.0   20.0    125.5    967.8   1063.5   0.840
20260406211617     26   1560.0   1620.0   20.0     24.1   1188.7   1142.2   0.763
20260406211617     26   1660.0   1675.0   20.0    211.5   1147.7   1321.1   0.754
20260406211617     27    290.0    385.0   20.0     33.5    926.1   1112.0   0.835
20260406211617     27    420.0    460.0   20.0     44.5   1122.2   1242.3   0.870
20260406211617     31   1155.0   1175.0   20.0    125.2    945.0    946.6   0.770
20260406211617     31   1590.0   1605.0   20.0     37.6    950.2    947.4   0.475
20260406211617     32    280.0    300.0   20.0     49.2    930.9    931.4   0.730
20260406211617     32    540.0    555.0   20.0     33.8    937.8    940.9   0.693
20260406211617     32   1155.0   1170.0   20.0     25.6    941.5    981.8   0.704
20260406211617     32   1210.0   1225.0   20.0     29.5   1056.4   1066.8   0.695
20260406211617     32   1315.0   1355.0   20.0    141.2   1068.2    945.7   0.881
20260406211617     33    480.0    525.0   20.0    183.8    932.7    933.8   0.864
20260406211617     33    890.0    905.0   20.0     99.1    932.2    932.6   0.769
20260406211617     33   1280.0   1315.0   20.0     95.9    936.7   1058.8   0.754
20260406211617     33   1385.0   1440.0   20.0     56.5   1070.6   1114.9   0.625
20260406211617     34   1325.0   1340.0   20.0     49.6    941.5    943.6   0.554
20260406211617     35   1485.0   1500.0   20.0     67.3    921.8    997.9   0.782
20260406211617     36    940.0    955.0   20.0     31.1    928.7    927.5   0.785
20260406211617     36   1630.0   1685.0   20.0     65.6    927.8    922.6   0.863
20260406211617     37    695.0    740.0   20.0    154.0    927.3    937.3   0.812
20260406211617     37   1265.0   1285.0   20.0    149.2    939.9    941.4   0.867
20260406211617     37   1330.0   1345.0   20.0     30.3    940.6    946.9   0.760
20260406211617     37   1565.0   1580.0   20.0     66.4    922.8    926.0   0.757
20260406211617     42    490.0    550.0   20.0     76.2    927.4   1002.6   0.743
20260406211617     42    685.0    730.0   20.0     79.1   1042.0    928.0   0.794
20260406211617     42   1250.0   1265.0   20.0     45.8    939.8    988.1   0.765
20260406211617     42   1310.0   1335.0   20.0     70.2    996.7   1016.4   0.768
20260406211617     42   1500.0   1515.0   20.0     23.6   1038.1   1032.8   0.658
20260406211617     42   1705.0   1720.0   20.0     96.6   1019.5   1021.2   0.911
20260406211617     44     60.0     75.0   20.0    136.3   1178.1    919.8   0.779
20260406211617     44   1290.0   1375.0   20.0    222.2    948.6    932.7   0.867
20260406211617     45    995.0   1110.0   20.0    109.5    911.2   1274.7   0.825
20260406211617     45   1390.0   1405.0   20.0    114.5   1375.5   1411.4   0.835
20260406211617     45   1695.0   1710.0   20.0     31.8   1503.9   1492.8   0.725
20260406211617     48    990.0   1005.0   20.0     37.5    917.4   1111.6   0.861
20260406211617     48   1100.0   1125.0   20.0    137.3   1162.7   1210.3   0.804
20260406211617     48   1205.0   1220.0   20.0     65.8   1105.1    919.4   0.847
20260406211617     49    365.0    425.0   20.0    145.1    897.0    897.9   0.859
20260406211617     50    330.0    345.0   20.0     37.5    905.0    963.1   0.749
20260406211617     50    605.0    620.0   20.0     20.7   1060.5   1078.9   0.585
20260406211617     50   1385.0   1400.0   20.0     28.3    988.6    909.7   0.821
20260406211617     52    345.0    360.0   20.0     32.5    906.2    911.5   0.708
20260406211617     52    915.0    930.0   20.0     63.1    931.7    924.9   0.792
20260406211617     53    125.0    140.0   20.0    150.2    892.0    892.0   0.721
20260406211617     55    970.0    990.0   20.0    101.1    902.6    904.8   0.871
20260406211617     55   1035.0   1110.0   20.0     73.4    905.3   1093.3   0.826
20260406211617     55   1220.0   1240.0   20.0     79.3   1121.1   1102.7   0.924
20260406211617     55   1310.0   1325.0   20.0     32.2   1109.4   1135.0   0.811
20260406211617     57    270.0    320.0   20.0    107.0    889.5    890.9   0.838
20260406211617     57   1335.0   1350.0   20.0     64.9    912.2    909.7   0.726
20260406211617     59   1245.0   1305.0   20.0     49.3    906.4    959.3   0.800
20260406211617     59   1550.0   1565.0   20.0     33.6   1005.3   1003.8   0.797
20260406211617     60     85.0    100.0   20.0     92.6    897.3   1163.0   0.863
20260406211617     62    990.0   1025.0   20.0     63.7    887.2   1074.4   0.816
20260406211617     62   1190.0   1205.0   20.0     24.1   1065.8   1087.3   0.810
20260406211617     62   1275.0   1290.0   20.0     31.1   1088.8   1098.9   0.759
20260406211617     63    880.0    920.0   20.0    125.9    881.5    881.2   0.888
20260406211617     64    280.0    295.0   20.0     45.5   1005.9   1315.9   0.939
20260406211617     64   1460.0   1475.0   20.0     22.7   1364.3   1360.5   0.831
20260406211617     65    215.0    320.0   20.0    135.7    881.2   1105.9   0.812
20260406211617     65    440.0    455.0   20.0    164.0   1123.4   1282.0   0.739
20260406211617     66    120.0    170.0   20.0    156.0    880.8   1279.1   0.919
20260406211617     66   1250.0   1760.0   20.0    129.0   1378.4   1395.1   0.864
20260406211617     69   1740.0   1755.0   20.0     49.7    940.7    935.4   0.604
20260406211617     70   1320.0   1340.0   20.0     83.7    901.6    903.2   0.865
20260406211617     70   1450.0   1490.0   20.0    113.4    912.9    898.7   0.823
20260406211617     72      0.0     35.0   20.0    186.2      0.0    880.7   0.774
20260406211617     73    845.0   1800.0   20.0    125.0   1457.5   1513.4   0.863
20260406211617     74     50.0     80.0   20.0     82.2   1001.2   1060.5   0.770
20260406211617     74    235.0    250.0   20.0     27.8   1127.0   1146.1   0.576
20260406211617     75    915.0    970.0   20.0     80.9    891.9   1192.6   0.815
20260406211617     75   1090.0   1110.0   20.0     48.5   1230.8   1221.4   0.900
20260406211617     75   1390.0   1475.0   20.0     42.7   1224.8   1291.5   0.783
20260406211617     75   1510.0   1525.0   20.0     26.7   1286.5   1298.5   0.817
20260406211617     75   1665.0   1680.0   20.0     37.0   1281.7   1268.6   0.885
20260406211617     77    370.0    385.0   20.0     84.6    873.1    874.2   0.831
20260406211617     78    295.0    310.0   20.0     31.5   1230.0   1319.8   0.891
20260406211617     79    565.0    580.0   20.0     45.2    876.3    933.7   0.804
20260406211617     79    725.0    740.0   20.0     31.5    936.2    932.0   0.720
20260406211617     80    380.0    395.0   20.0     25.4    878.0    928.6   0.675
20260406211617     80    490.0    505.0   20.0     38.1   1005.2    984.7   0.828
20260406211617     80    560.0    600.0   20.0     50.9   1013.3   1106.5   0.775
20260406211617     80    835.0    850.0   20.0     23.6   1166.3   1205.7   0.803
20260406211617     81   1195.0   1235.0   20.0    115.7    874.2    875.6   0.783
20260406211617     82    120.0    135.0   20.0     55.3    874.9    951.4   0.789
20260406211617     82    185.0    200.0   20.0     21.2    960.0    986.9   0.679
20260406211617     82    745.0    760.0   20.0     31.4   1168.6   1204.3   0.857
20260406211617     86      0.0     10.0   20.0     27.0      0.0    866.1   0.793
20260406211617     88    675.0    690.0   20.0     35.3   1258.8   1291.5   0.770
20260406211617     89   1610.0   1625.0   20.0     33.9    883.3    969.4   0.797
20260406211617     90    890.0    905.0   20.0     21.6   1319.3   1337.8   0.755
20260406211617     92   1075.0   1105.0   20.0    121.6    923.2    930.3   0.840
20260406211617     94    130.0    145.0   20.0     29.6   1288.0   1331.6   0.852
20260406211617     95    460.0    475.0   20.0     42.1    866.2    868.4   0.747
20260406211617     95   1410.0   1425.0   20.0     20.6    881.3    879.2   0.521
20260406211617     96    815.0    855.0   20.0    108.6    904.1    901.1   0.786
20260406211617     96   1115.0   1130.0   20.0     39.5    904.9    954.3   0.719
20260406211617     96   1390.0   1405.0   20.0     24.4   1021.2   1065.5   0.728
20260406211617     96   1515.0   1570.0   20.0     61.3   1085.2   1114.9   0.742
20260406211617     97    155.0    170.0   20.0     70.5    875.6    876.2   0.734
20260406211617     97   1535.0   1550.0   20.0     49.3    922.9    887.9   0.695
20260406211617     98    170.0    185.0   20.0    126.3    934.1    873.4   0.794
20260406211617     98   1370.0   1450.0   20.0    118.6    892.4    893.2   0.903
20260406211617    100   1030.0   1070.0   20.0     58.6    873.1    872.9   0.815
20260406211617    101    895.0    910.0   20.0     25.7    868.8    896.2   0.679
20260406211617    102     50.0     70.0   20.0     27.7    874.7    876.0   0.762
20260406211617    102    500.0    515.0   20.0     97.4    888.2    885.1   0.760
20260406211617    102    895.0   1000.0   20.0     36.3    888.4   1071.0   0.729
20260406211617    102   1040.0   1150.0   20.0     34.2   1072.7   1167.9   0.769
20260406211617    104     10.0     40.0   20.0     64.2    861.3   1072.3   0.837
20260406211617    104     85.0    100.0   20.0     50.2   1092.0   1090.1   0.788
20260406211617    104    795.0    810.0   20.0     22.7   1107.5   1112.2   0.876
20260406211617    107    910.0    950.0   20.0     82.2    860.3    860.2   0.806
20260406211617    107   1440.0   1455.0   20.0     95.5    863.5   1069.6   0.845
20260406211617    107   1555.0   1570.0   20.0     25.9   1087.3   1121.1   0.834
20260406211617    108    295.0    355.0   20.0     56.4    873.4   1110.0   0.811
20260406211617    108    495.0    510.0   20.0     57.5   1122.6   1155.5   0.752
20260406211617    111   1315.0   1330.0   20.0     60.7    918.9    886.6   0.767
20260406211617    111   1480.0   1530.0   20.0    154.0    892.0   1020.3   0.822
20260406211617    111   1705.0   1720.0   20.0     44.9    997.0   1076.6   0.874
20260406211617    112     40.0     55.0   20.0     55.8    987.8    882.1   0.801
20260406211617    112    840.0    855.0   20.0    212.9    904.0   1362.4   0.821
20260406211617    112   1750.0   1800.0   20.0     89.3   1209.6   1117.8   0.925
20260406211617    113     95.0    110.0   20.0     46.3   1162.1   1145.4   0.562
20260406211617    114   1350.0   1375.0   20.0     50.9    922.4   1111.5   0.795
20260406211617    114   1785.0   1800.0   20.0     22.4   1157.5   1201.1   0.824
20260406211617    115   1520.0   1550.0   20.0    112.6    871.4    872.6   0.840
20260406211617    116    260.0    275.0   20.0     43.4    872.5    870.8   0.784
20260406211617    116   1730.0   1745.0   20.0     21.6    931.7    960.8   0.775
20260406211617    117    130.0    165.0   20.0    144.8    859.5    860.4   0.871
20260406211617    118    840.0    855.0   20.0     28.2    893.4    996.1   0.713
20260406211617    118    900.0    915.0   20.0    207.4   1019.6    896.8   0.701
20260406211617    118    950.0    965.0   20.0     38.6    894.6    950.3   0.750
20260406211617    118   1095.0   1110.0   20.0     30.0    970.9   1039.6   0.717
20260406211617    119    110.0    125.0   20.0     51.1    852.4    852.9   0.753
20260406211617    121   1395.0   1410.0   20.0     27.6    870.6    870.3   0.778
20260406211617    121   1720.0   1735.0   20.0     26.1    871.4    915.6   0.757
20260406211617    121   1790.0   1800.0   20.0     97.8    932.4    869.6   0.816
20260406211617    122      0.0     15.0   20.0     33.3      0.0    918.2   0.749
20260406211617    122    545.0    565.0   20.0     89.9    996.9   1174.8   0.890
20260406211617    124    400.0    415.0   20.0     23.2    906.8    937.1   0.741
20260406211617    124    655.0    670.0   20.0     96.2   1009.5   1090.5   0.777
20260406211617    124    835.0    850.0   20.0     34.3   1081.2   1136.2   0.898
20260406211617    125    435.0    455.0   20.0    176.3    879.9   1290.9   0.843
20260406211617    126    205.0    225.0   20.0     96.6    881.8    884.5   0.824
20260406211617    126   1070.0   1100.0   20.0     70.1    888.8    889.2   0.744
20260406211617    127    930.0    945.0   20.0    200.6    888.5   1051.3   0.897
20260406211617    127   1230.0   1245.0   20.0     23.2   1132.9   1179.5   0.856
20260406211617    128    330.0    345.0   20.0     37.3    946.9    947.4   0.787
20260406211617    129    550.0    565.0   20.0    169.3    852.4    855.1   0.816
20260406211617    129   1580.0   1595.0   20.0     65.2    858.5    857.2   0.793
20260406211617    131    900.0    950.0   20.0    253.3    879.1    886.0   0.811
20260406211617    131   1545.0   1570.0   20.0    182.7    896.2    882.1   0.791
20260406211617    131   1690.0   1740.0   20.0    256.2    882.5    879.0   0.832
20260406211617    132     20.0     35.0   20.0     36.4    948.0    954.0   0.739
20260406211617    132    120.0    135.0   20.0     72.9    967.6   1054.5   0.794
20260406211617    132   1530.0   1545.0   20.0     25.1    911.6    911.9   0.591
20260406211617    134    105.0    120.0   20.0     26.8   1340.8   1348.0   0.859
20260406211617    134    205.0    220.0   20.0     26.6   1341.5   1362.9   0.837
20260406211617    134   1030.0   1045.0   20.0     25.1   1372.7   1375.3   0.863
20260406211617    135    530.0    575.0   20.0    142.3    876.5   1249.2   0.922
20260406211617    135    790.0    800.0   20.0     20.5   1250.9   1271.9   0.693
20260406211617    136   1475.0   1490.0   20.0     62.7    908.4    909.2   0.805
20260406211617    136   1600.0   1615.0   20.0     37.4    908.6    910.8   0.644
20260406211617    137    520.0    540.0   20.0     40.7    880.1    879.2   0.788
20260406211617    137    885.0    900.0   20.0    133.2    885.8   1121.7   0.886
20260406211617    138   1010.0   1025.0   20.0     22.1    902.9    902.0   0.671
20260406211617    138   1200.0   1215.0   20.0     33.6    903.5   1008.0   0.775
20260406211617    138   1250.0   1265.0   20.0    132.4   1041.5    905.0   0.787
20260406211617    138   1575.0   1605.0   20.0     46.2    916.0    917.0   0.811
20260406211617    139    795.0    840.0   20.0    312.2    877.4    880.0   0.851
20260406211617    139    940.0    955.0   20.0     32.4    918.2    922.2   0.823
20260406211617    139   1005.0   1020.0   20.0     34.1   1024.1   1072.6   0.862
20260406211617    139   1160.0   1175.0   20.0     20.3   1071.8   1097.2   0.815
20260406211617    140      0.0     65.0   20.0     91.0      0.0   1198.9   0.850
20260406211617    141   1280.0   1330.0   20.0     86.7    891.6    895.6   0.839
20260406211617    142    365.0    430.0   20.0     50.9    898.5   1141.8   0.732
20260406211617    142    465.0    500.0   20.0     48.1   1137.7   1193.2   0.728
20260406211617    142    570.0    585.0   20.0     31.9   1198.9   1211.7   0.746
20260406211617    144     70.0     85.0   20.0     30.9    883.4    939.7   0.736
20260406211617    145   1125.0   1140.0   20.0     35.6    947.9   1061.9   0.757
20260406211617    145   1290.0   1310.0   20.0     32.2   1156.1   1207.4   0.856
20260406211617    145   1350.0   1365.0   20.0     93.5   1196.2    944.5   0.889
20260406211617    146    995.0   1010.0   20.0     65.5    902.1    902.4   0.786
20260406211617    147    410.0    425.0   20.0    122.9    888.1    888.1   0.822
20260406211617    148    865.0    880.0   20.0    148.2   1329.3   1325.1   0.768
20260406211617    150     40.0     55.0   20.0    110.7   1034.0    896.7   0.740
20260406211617    150    350.0    365.0   20.0     45.4    905.6   1007.7   0.734
20260406211617    150    410.0    425.0   20.0    225.4   1025.5   1274.1   0.760
20260406211617    151    405.0    420.0   20.0     28.2    935.4    936.5   0.736
20260406211617    154    250.0    265.0   20.0     26.2    888.1    922.2   0.769
20260406211617    154    395.0    465.0   20.0    105.1    972.9    898.1   0.882
20260406211617    154    500.0    535.0   20.0    180.3    899.1    940.0   0.863
20260406211617    154    655.0    695.0   20.0     94.2   1010.8   1197.1   0.831
20260406211617    154    730.0    745.0   20.0    199.4   1198.4    892.9   0.899
20260406211617    156    430.0    490.0   20.0    193.8    908.4    907.2   0.781
20260406211617    156    675.0    690.0   20.0    204.9    917.8   1271.0   0.794
20260406211617    157     95.0    115.0   20.0    185.0    889.6    893.0   0.796
20260406211617    158    220.0    235.0   20.0     30.8    888.8    889.7   0.786
20260406211617    158    380.0    395.0   20.0    138.6    889.2   1118.3   0.840
20260406211617    158    455.0    470.0   20.0     56.1   1150.8   1259.2   0.846
20260406211617    158    975.0    990.0   20.0     49.9   1298.0   1281.4   0.504
20260406211617    160    650.0    770.0   20.0     33.4   1311.4   1317.8   0.790
20260406211617    160    805.0    875.0   20.0     40.4   1312.8   1313.1   0.852
20260406211617    160    915.0   1120.0   20.0     43.0   1326.2   1314.9   0.868
20260406211617    160   1170.0   1185.0   20.0     33.5   1301.6   1326.3   0.666
20260406211617    161   1605.0   1705.0   20.0    150.2    898.2    900.3   0.794
20260406211617    162    365.0    380.0   20.0     22.6   1424.0   1382.2   0.810
20260406211617    162    620.0    635.0   20.0     37.9   1398.9   1392.1   0.770
20260406211617    162    690.0    705.0   20.0     24.3   1401.9   1398.4   0.790
20260406211617    162    815.0    845.0   20.0     34.2   1424.3   1401.1   0.843
20260406211617    162    910.0   1015.0   20.0     41.3   1434.3   1398.9   0.867
20260406211617    162   1065.0   1080.0   20.0     59.3   1401.9   1399.7   0.716
20260406211617    163    320.0    335.0   20.0    107.2    893.7    894.0   0.869
20260406211617    163    685.0    705.0   20.0     34.5    905.5    972.1   0.859
20260406211617    163    785.0    855.0   20.0     34.4    989.6   1000.0   0.857
20260406211617    163   1125.0   1175.0   20.0     26.5   1037.5   1058.1   0.843
20260406211617    163   1210.0   1225.0   20.0     24.3   1060.2   1090.1   0.693
20260406211617    163   1260.0   1335.0   20.0    258.7   1121.0   1427.7   0.811
20260406211617    165   1005.0   1035.0   20.0     85.2    909.3    909.7   0.830
20260406211617    165   1780.0   1795.0   20.0     62.2    913.2    913.3   0.757
20260406211617    167      0.0     25.0   20.0    106.8      0.0    896.5   0.795
20260406211617    167   1010.0   1035.0   20.0     28.0    907.8    908.2   0.715
20260406211617    168    235.0    250.0   20.0     34.6    927.0    969.4   0.718
20260406211617    168   1150.0   1165.0   20.0     47.2    946.6   1005.0   0.717
20260406211617    168   1270.0   1305.0   20.0     36.3   1007.1   1210.1   0.839
20260406211617    168   1415.0   1430.0   20.0     22.0   1231.1   1255.9   0.815
20260406211617    168   1680.0   1730.0   20.0     32.1   1264.8   1381.9   0.819
20260406211617    169    240.0    255.0   20.0     65.9    917.5    918.9   0.753
20260406211617    169    560.0    570.0   20.0     22.3    920.7    921.0   0.403
20260406211617    170    590.0    615.0   20.0     50.4    963.3    960.6   0.800
20260406211617    170   1675.0   1690.0   20.0     55.5    960.6    958.8   0.655
20260406211617    170   1765.0   1780.0   20.0     34.3    959.1    958.1   0.781
20260406211617    171      0.0     35.0   20.0    114.6      0.0   1242.5   0.889
20260406211617    171    155.0    170.0   20.0     20.0   1266.5   1265.5   0.548
20260406211617    171    860.0    875.0   20.0     27.1   1331.0   1322.7   0.782
20260406211617    171   1055.0   1070.0   20.0     31.2   1320.3   1370.8   0.868
20260406211617    172    135.0    190.0   20.0    109.5    921.0    922.2   0.782
20260406211617    174     25.0     40.0   20.0     88.6    937.0   1097.6   0.853
20260406211617    174    215.0    230.0   20.0     78.4   1130.4   1186.9   0.760
20260406211617    175   1380.0   1395.0   20.0     32.5    946.5    921.8   0.629
20260406211617    175   1625.0   1640.0   20.0    203.6    917.4   1351.8   0.848
20260406211617    176    710.0    730.0   20.0     54.7    940.6   1087.6   0.853
20260406211617    176    970.0    985.0   20.0     81.7   1130.2   1230.5   0.754
20260406211617    177    560.0    575.0   20.0     35.4    933.6    992.0   0.738
20260406211617    177    780.0    795.0   20.0    109.1   1039.2    937.8   0.798
20260406211617    177   1640.0   1655.0   20.0     53.4    935.6    936.7   0.599
20260406211617    178    520.0    535.0   20.0     47.6    935.9    992.3   0.741
20260406211617    178    590.0    610.0   20.0     62.3   1003.0    935.8   0.833
20260406211617    179    840.0    855.0   20.0    124.5    934.4   1241.2   0.862
20260406211617    182    430.0    445.0   20.0     67.1    935.0    932.9   0.745
20260406211617    183    495.0    520.0   20.0     73.0    936.6    937.9   0.728
20260406211617    185   1075.0   1155.0   20.0     24.2    919.2    923.0   0.836
20260406211617    185   1665.0   1690.0   20.0     61.7    921.1    921.2   0.784
20260406211617    186     80.0    175.0   20.0     45.2   1424.2   1449.4   0.900
20260406211617    186    320.0    500.0   20.0     35.9   1438.7   1457.1   0.883
20260406211617    186    655.0    670.0   20.0     31.5   1451.5   1462.1   0.849
20260406211617    186    745.0    760.0   20.0     27.5   1454.2   1471.5   0.815
20260406211617    186    960.0    975.0   20.0     38.8   1443.5   1471.2   0.823
20260406211617    186   1120.0   1135.0   20.0     27.0   1491.3   1488.3   0.752
20260406211617    186   1530.0   1545.0   20.0     23.1   1477.7   1458.2   0.599
20260406211617    186   1715.0   1725.0   20.0     21.7   1476.0   1481.5   0.766
20260406211617    187     20.0     55.0   20.0     66.7    923.8   1150.9   0.821
20260406211617    187    100.0    170.0   20.0    175.9   1182.2    928.7   0.836
20260406211617    187    675.0    720.0   20.0     30.1    931.4    962.3   0.747
20260406211617    187    775.0    790.0   20.0     91.8    998.8    931.4   0.776
20260406211617    188    705.0    735.0   20.0     49.2    960.1   1022.7   0.823
20260406211617    188    775.0    790.0   20.0     22.9   1056.1   1111.7   0.741
20260406211617    188    925.0    975.0   20.0    130.4   1137.4    959.7   0.852
20260406211617    188   1280.0   1295.0   20.0     50.0    962.0   1019.2   0.785
20260406211617    188   1405.0   1480.0   20.0     32.5   1082.3   1217.4   0.853
20260406211617    189   1190.0   1225.0   20.0    110.0    937.7    942.1   0.860
20260406211617    190     70.0    165.0   20.0     60.7   1358.3   1501.9   0.693
20260406211617    190    225.0    270.0   20.0     54.0   1352.7   1378.7   0.807
20260406211617    190   1350.0   1365.0   20.0     20.3   1345.8   1377.5   0.737
20260406211617    190   1730.0   1745.0   20.0     29.5   1396.9   1392.6   0.802
20260406211617    191     30.0     85.0   20.0     47.8   1206.5   1257.2   0.843
20260406211617    191    390.0    405.0   20.0     61.8   1366.9   1379.7   0.608
20260406211617    191    795.0    840.0   20.0     38.3   1300.5   1046.9   0.861
20260406211617    191   1650.0   1665.0   20.0     62.7    954.9   1033.2   0.753
20260406211617    192     40.0     65.0   20.0    214.5    943.7    944.0   0.773
20260406211617    192    855.0    870.0   20.0     23.4    959.1    989.4   0.750
20260406211617    192    920.0    945.0   20.0     41.6   1022.8   1062.3   0.830
20260406211617    192   1550.0   1565.0   20.0     50.4   1222.6   1227.8   0.655
20260406211617    194    415.0    430.0   20.0     27.8   1059.9   1078.8   0.781
20260406211617    195   1660.0   1685.0   20.0     60.6    954.6    959.0   0.861
20260406211617    202   1325.0   1430.0   20.0     83.6    980.2   1158.5   0.825
20260406211617    202   1550.0   1570.0   20.0     54.3   1153.3   1222.4   0.792
20260406211617    202   1645.0   1660.0   20.0     21.1   1244.6   1297.1   0.837
20260406211617    203    250.0    265.0   20.0     27.3    954.0    953.8   0.687
20260406211617    203    910.0    925.0   20.0     43.6    960.3    959.0   0.783
20260406211617    203   1735.0   1770.0   20.0     31.7   1156.2   1150.1   0.684
20260406211617    204    290.0    305.0   20.0     31.5    969.0    970.0   0.636
20260406211617    204    835.0    890.0   20.0    113.6    972.4    973.8   0.813
20260406211617    205    770.0    785.0   20.0     30.8    976.8    977.8   0.786
20260406211617    205   1485.0   1505.0   20.0     76.4    998.4    998.7   0.766
20260406211617    205   1625.0   1670.0   20.0    112.2   1004.4   1003.2   0.882
20260406211617    206    940.0   1110.0   20.0    136.7   1621.1   1526.5   0.875
20260406211617    206   1320.0   1420.0   20.0    168.3   1526.2   1480.0   0.853
20260406211617    206   1525.0   1540.0   20.0    148.0   1469.0   1469.5   0.897
20260406211617    206   1580.0   1610.0   20.0    146.7   1467.5   1466.0   0.875
20260406211617    206   1780.0   1795.0   20.0    181.2   1460.9   1326.2   0.864
20260406211617    207    135.0    150.0   20.0    128.0    972.6    976.0   0.767
20260406211617    207   1630.0   1675.0   20.0    157.8    977.4    993.4   0.834
20260406211617    209    445.0    460.0   20.0    106.8    975.7   1226.8   0.911
20260406211617    209    715.0    775.0   20.0     94.0   1223.2   1336.6   0.856
20260406211617    210      0.0     15.0   20.0     44.7      0.0   1188.5   0.842
20260406211617    210     80.0     95.0   20.0     20.7   1204.8   1247.3   0.830
20260406211617    210    260.0    305.0   20.0     51.9   1239.6   1125.3   0.877
20260406211617    211    535.0    550.0   20.0     29.4    983.2    984.2   0.457
20260406211617    211    715.0    730.0   20.0     46.8    984.2    984.6   0.787
20260406211617    211   1600.0   1615.0   20.0     37.3    986.0   1103.0   0.738
20260406211617    211   1650.0   1665.0   20.0     68.2   1167.8   1290.3   0.505
20260406211617    211   1745.0   1760.0   20.0    183.5   1314.4    988.8   0.873
20260406211617    213   1235.0   1250.0   20.0     54.6    992.6    987.5   0.834
20260406211617    214    460.0    540.0   20.0    105.9   1090.0   1338.6   0.877
20260406211617    214    900.0    915.0   20.0     25.1   1313.9   1319.6   0.604
20260406211617    214    965.0    980.0   20.0     21.3   1333.3   1324.3   0.479
20260406211617    214   1030.0   1045.0   20.0    155.2   1325.0   1417.7   0.775
20260406211617    215    810.0    930.0   20.0    314.0    989.2    990.2   0.832
20260406211617    216    120.0    555.0   20.0     33.9   1543.2   1554.4   0.710
20260406211617    216    670.0    685.0   20.0     24.9   1558.5   1559.7   0.524
20260406211617    217     40.0     80.0   20.0    113.5   1001.2   1000.6   0.796
20260406211617    217    350.0    370.0   20.0    281.1   1003.8   1003.9   0.823
20260406211617    217    555.0    565.0   20.0     21.3   1006.9   1007.0   0.406
20260406211617    217   1210.0   1260.0   20.0     82.6   1004.5   1316.5   0.755
20260406211617    217   1325.0   1420.0   20.0     93.5   1309.6   1003.6   0.919
20260406211617    220   1255.0   1270.0   20.0     30.2   1597.3   1595.7   0.782
20260406211617    220   1320.0   1760.0   20.0     41.0   1596.8   1592.7   0.838
20260406211617    224     20.0     35.0   20.0     29.2   1229.2   1246.9   0.703
20260406211617    224    720.0    735.0   20.0     20.5   1494.1   1493.2   0.830
20260406211617    225     50.0     70.0   20.0    191.3   1013.5   1012.4   0.864
20260406211617    227    340.0    355.0   20.0     31.4   1002.8   1072.5   0.782
20260406211617    227    525.0    540.0   20.0     30.1   1057.8   1059.2   0.621
20260406211617    227    715.0    730.0   20.0     40.9   1125.3   1158.8   0.644
20260406211617    227    790.0    805.0   20.0     69.8   1142.5   1145.4   0.630
20260406211617    227    855.0    870.0   20.0     28.8   1149.6   1137.6   0.824
20260406211617    227   1005.0   1020.0   20.0    184.4   1126.6   1003.7   0.782
20260406211617    228   1640.0   1660.0   20.0     76.0   1046.9   1047.8   0.789
20260406211617    229    580.0    595.0   20.0     25.5   1125.3   1125.8   0.438
20260406211617    232    260.0    280.0   20.0     39.7   1260.4   1383.5   0.721
20260406211617    232    525.0    540.0   20.0     35.4   1499.1   1533.7   0.764
20260406211617    233   1590.0   1605.0   20.0    102.1   1030.6   1029.5   0.714
20260406211617    235     55.0     80.0   20.0     89.6   1044.4   1045.5   0.887
20260406211617    235    145.0    160.0   20.0     88.9   1047.8   1047.5   0.626
20260406211617    235   1395.0   1425.0   20.0    237.8   1049.3   1048.9   0.810
20260406211617    236    875.0    915.0   20.0     51.0   1063.5   1249.8   0.848
20260406211617    236    990.0   1005.0   20.0     21.2   1245.2   1282.6   0.789
20260406211617    236   1110.0   1125.0   20.0     20.5   1338.9   1363.9   0.768
20260406211617    238    125.0    170.0   20.0    176.5   1060.4   1415.0   0.918
20260406211617    239      0.0     70.0   20.0    187.4      0.0   1709.5   0.856
20260406211617    239    150.0    200.0   20.0    183.3   1675.6   1702.6   0.793
20260406211617    239    335.0    375.0   20.0    198.4   1673.2   1702.6   0.820
20260406211617    239    435.0    485.0   20.0    190.5   1667.4   1704.7   0.822
20260406211617    239    560.0    595.0   20.0    207.2   1668.0   1711.3   0.721
20260406211617    239    875.0    905.0   20.0    223.3   1654.9   1714.5   0.696
20260406211617    239   1060.0   1085.0   20.0    220.0   1654.5   1705.3   0.704
20260406211617    239   1245.0   1265.0   20.0    232.7   1650.0   1716.6   0.696
20260406211617    239   1405.0   1425.0   20.0    244.6   1653.1   1708.0   0.692
20260406211617    239   1560.0   1580.0   20.0    242.7   1644.8   1707.1   0.711
20260406211617    239   1670.0   1690.0   20.0    227.6   1648.3   1707.4   0.709
20260406211617    239   1755.0   1775.0   20.0    228.2   1649.5   1703.1   0.713
20260406211617    240    735.0    765.0   20.0     49.5   1080.1   1254.9   0.846
20260406211617    240    800.0    815.0   20.0    105.2   1249.2   1288.2   0.886
20260406211617    240   1365.0   1380.0   20.0     22.8   1393.4   1403.4   0.651
20260406211617    240   1535.0   1550.0   20.0     30.9   1449.8   1505.2   0.438
20260406211617    242   1510.0   1530.0   20.0     38.3   1472.4   1477.1   0.859
20260406211617    243    530.0    575.0   20.0    287.6   1056.8   1059.1   0.828
20260406211617    243   1610.0   1625.0   20.0     48.1   1051.3   1055.0   0.810
20260406211617    244    185.0    200.0   20.0     43.1   1110.9   1158.3   0.744
20260406211617    244    405.0    420.0   20.0     27.9   1293.5   1318.2   0.729
20260406211617    244   1395.0   1410.0   20.0     31.9   1469.6   1353.8   0.830
20260406211617    246    260.0    280.0   20.0     81.4   1309.6   1101.5   0.898
20260406211617    246    360.0    385.0   20.0     86.1   1097.1   1098.0   0.750
20260406211617    246    630.0    670.0   20.0     68.2   1198.2   1399.5   0.885
20260406211617    246    720.0    735.0   20.0     23.4   1384.9   1375.5   0.710
20260406211617    246    885.0    900.0   20.0     25.2   1342.4   1357.1   0.623
20260406211617    246    990.0   1005.0   20.0     21.7   1376.3   1425.8   0.803
20260406211617    247   1145.0   1165.0   20.0    123.8   1062.3   1064.3   0.850
20260406211617    249    460.0    475.0   20.0    151.2   1083.0   1402.2   0.844
20260406211617    253    310.0    325.0   20.0    144.4   1071.8   1071.8   0.823
20260406211617    253    795.0    825.0   20.0    189.3   1070.2   1070.2   0.836
20260406211617    253   1375.0   1420.0   20.0     57.9   1067.4   1132.5   0.794
20260406211617    253   1620.0   1685.0   20.0    162.2   1286.6   1551.5   0.773
20260406211617    254    795.0    810.0   20.0     76.0   1577.3   1599.0   0.632
20260406211617    255   1550.0   1625.0   20.0    179.9   1106.2   1105.5   0.771
20260406211617    256    515.0    535.0   20.0     47.8   1158.8   1205.4   0.822
20260406214937      1   1725.0   1740.0   20.0     26.8   1015.4   1018.1   0.520
20260406214937      4    795.0    840.0   20.0    301.6   1005.9   1024.6   0.858
20260406214937      5    425.0    440.0   20.0     42.1   1008.6    992.9   0.738
20260406214937      5   1065.0   1090.0   20.0    113.6    995.7    994.9   0.792
20260406214937      5   1715.0   1795.0   20.0    188.9   1009.4   1005.0   0.866
20260406214937      6    130.0    230.0   20.0    110.7    996.2   1377.0   0.815
20260406214937      6    300.0    315.0   20.0     27.3   1391.6   1414.6   0.782
20260406214937      6    415.0    430.0   20.0     21.1   1374.0   1386.6   0.424
20260406214937      6    475.0    490.0   20.0     31.7   1388.6   1380.0   0.764
20260406214937      6    555.0    570.0   20.0     21.1   1370.8   1368.7   0.591
20260406214937      7    275.0    290.0   20.0     55.6   1061.5   1061.1   0.813
20260406214937      7    930.0    950.0   20.0     58.2   1060.8   1061.9   0.802
20260406214937      9   1200.0   1220.0   20.0    231.5    997.9   1456.8   0.834
20260406214937     10   1200.0   1215.0   20.0     26.3   1512.4   1517.7   0.627
20260406214937     10   1440.0   1455.0   20.0     28.0   1571.4   1515.3   0.814
20260406214937     11   1310.0   1330.0   20.0     98.9    970.9    964.7   0.796
20260406214937     11   1555.0   1575.0   20.0     68.3    961.7    962.8   0.740
20260406214937     12    405.0    460.0   20.0     81.4    981.5    983.4   0.782
20260406214937     13    295.0    315.0   20.0     33.1   1279.2   1283.1   0.839
20260406214937     13    355.0    370.0   20.0     25.4   1284.0   1335.7   0.898
20260406214937     13    520.0    535.0   20.0     40.0   1401.5   1445.1   0.786
20260406214937     15   1485.0   1500.0   20.0     39.7   1013.9    973.9   0.738
20260406214937     16    430.0    445.0   20.0     52.8    974.0    975.1   0.663
20260406214937     16    845.0    895.0   20.0     63.8    985.1   1081.3   0.904
20260406214937     16    990.0   1025.0   20.0     89.8   1089.0    981.3   0.777
20260406214937     17    825.0    840.0   20.0     97.2    966.4    964.8   0.806
20260406214937     17   1750.0   1765.0   20.0    177.4    962.5   1256.5   0.847
20260406214937     20     55.0    105.0   20.0    144.2   1752.3   1593.9   0.824
20260406214937     20    755.0    775.0   20.0    141.3   1568.8   1611.7   0.907
20260406214937     21    455.0    510.0   20.0    231.0    961.0   1475.3   0.859
20260406214937     22    430.0    500.0   20.0    229.2    959.9    959.9   0.868
20260406214937     22    620.0    670.0   20.0    196.9    963.4    974.4   0.855
20260406214937     22    790.0    810.0   20.0     63.5    962.0    962.2   0.756
20260406214937     22   1565.0   1580.0   20.0     37.8   1001.5   1007.7   0.625
20260406214937     23    465.0    480.0   20.0    182.5    963.4   1412.9   0.892
20260406214937     23   1300.0   1315.0   20.0     30.8   1391.0   1394.2   0.701
20260406214937     24    810.0    825.0   20.0     87.3    958.4   1186.1   0.839
20260406214937     26     15.0     40.0   20.0    253.9    947.7    948.6   0.905
20260406214937     26    495.0    515.0   20.0    232.0    952.2    952.8   0.868
20260406214937     26    560.0    580.0   20.0     40.7    952.4   1088.4   0.850
20260406214937     27   1470.0   1485.0   20.0     45.0    941.2   1012.4   0.795
20260406214937     27   1575.0   1605.0   20.0     45.3   1004.6   1135.9   0.870
20260406214937     27   1695.0   1780.0   20.0     59.9   1147.8   1160.6   0.925
20260406214937     30    260.0    280.0   20.0    139.3    943.5    945.4   0.832
20260406214937     30    990.0   1005.0   20.0     43.9    951.3    951.8   0.743
20260406214937     32    755.0    775.0   20.0    140.8    965.4    952.8   0.778
20260406214937     32   1215.0   1230.0   20.0     26.2    976.3    956.5   0.678
20260406214937     33      5.0     20.0   20.0    105.5    934.6    936.2   0.766
20260406214937     33    175.0    235.0   20.0    126.1    933.3    935.6   0.834
20260406214937     35    315.0    330.0   20.0     47.1    920.4    918.9   0.715
20260406214937     37   1280.0   1295.0   20.0     45.7    929.6    929.1   0.788
20260406214937     42      0.0     10.0   20.0     34.4      0.0    968.7   0.739
20260406214937     42     80.0    130.0   20.0    228.6   1001.6   1244.6   0.875
20260406214937     43    770.0    785.0   20.0     73.5    924.2   1013.4   0.754
20260406214937     43    820.0    845.0   20.0     30.4   1017.8   1053.1   0.625
20260406214937     43    980.0   1015.0   20.0     41.8   1078.6   1122.3   0.811
20260406214937     43   1125.0   1140.0   20.0     68.0   1147.0   1198.8   0.796
20260406214937     43   1790.0   1800.0   20.0     85.1   1211.0   1292.6   0.753
20260406214937     45    265.0    315.0   20.0     63.8    913.0    914.5   0.803
20260406214937     48   1190.0   1220.0   20.0    167.9    942.5   1367.9   0.865
20260406214937     50   1210.0   1230.0   20.0     57.7    921.6    926.7   0.838
20260406214937     50   1505.0   1520.0   20.0     49.9    918.9    918.3   0.754
20260406214937     51    330.0    340.0   20.0     27.8   1384.6   1383.8   0.581
20260406214937     51    540.0    625.0   20.0     26.0   1419.5   1438.8   0.859
20260406214937     51    705.0    720.0   20.0     20.2   1432.4   1428.6   0.691
20260406214937     51    805.0    965.0   20.0    240.8   1430.7   1437.9   0.837
20260406214937     51   1025.0   1045.0   20.0    117.3   1418.8   1436.5   0.818
20260406214937     51   1160.0   1175.0   20.0     23.8   1428.1   1426.3   0.870
20260406214937     51   1590.0   1605.0   20.0     20.3   1419.6   1419.7   0.876
20260406214937     52    910.0    945.0   20.0     63.5    929.0    927.6   0.760
20260406214937     52   1365.0   1385.0   20.0     60.2    936.8    926.6   0.814
20260406214937     53    530.0    560.0   20.0     53.2    914.8   1033.5   0.860
20260406214937     53    680.0    695.0   20.0     27.1   1057.9   1113.3   0.789
20260406214937     53    865.0    880.0   20.0     23.2   1140.2   1155.0   0.639
20260406214937     53   1050.0   1065.0   20.0     25.0   1198.4   1240.1   0.716
20260406214937     55   1110.0   1155.0   20.0    124.2    916.7    922.1   0.814
20260406214937     57    695.0    730.0   20.0    104.1    922.1    920.9   0.842
20260406214937     58     25.0     45.0   20.0     69.2    905.7    906.9   0.733
20260406214937     59   1510.0   1525.0   20.0     53.7    909.3    975.5   0.748
20260406214937     59   1565.0   1595.0   20.0     98.8    981.2   1006.6   0.867
20260406214937     59   1655.0   1670.0   20.0    115.7   1026.0   1130.0   0.778
20260406214937     61   1740.0   1760.0   20.0    103.6    907.9    907.6   0.756
20260406214937     62    100.0    115.0   20.0    113.2   1075.8    883.4   0.832
20260406214937     62    500.0    575.0   20.0     34.2    898.8   1089.9   0.869
20260406214937     62   1420.0   1435.0   20.0     36.5    896.4    949.5   0.779
20260406214937     63     90.0    110.0   20.0     52.4    880.4    977.2   0.744
20260406214937     63    150.0    180.0   20.0    117.9   1034.5    881.0   0.952
20260406214937     63    230.0    250.0   20.0    196.3    881.9    885.1   0.858
20260406214937     63    290.0    305.0   20.0     75.9    885.4    978.2   0.746
20260406214937     63    440.0    455.0   20.0     68.4   1013.6   1138.3   0.880
20260406214937     63    580.0    595.0   20.0    111.5   1061.7   1321.5   0.839
20260406214937     63    635.0    650.0   20.0    120.8   1305.6   1317.9   0.743
20260406214937     64    280.0    295.0   20.0     89.8   1345.6   1355.0   0.820
20260406214937     64    420.0    435.0   20.0     75.6   1359.6   1359.8   0.798
20260406214937     64    525.0    540.0   20.0     69.5   1367.2   1367.8   0.799
20260406214937     64   1350.0   1365.0   20.0     91.7   1366.2   1388.1   0.690
20260406214937     69   1640.0   1655.0   20.0     40.7    893.0    893.1   0.627
20260406214937     70    860.0    880.0   20.0     79.1    897.6    901.1   0.797
20260406214937     71     30.0    185.0   20.0     79.5    883.6   1218.8   0.789
20260406214937     71    250.0    300.0   20.0     68.7   1228.4   1251.7   0.872
20260406214937     72     10.0     25.0   20.0     35.3    941.1    955.7   0.734
20260406214937     72     85.0    100.0   20.0     32.0    980.8   1018.5   0.805
20260406214937     72    415.0    430.0   20.0     25.4   1104.4   1121.4   0.834
20260406214937     72    515.0    530.0   20.0     30.0   1121.6   1205.2   0.817
20260406214937     73    115.0    130.0   20.0     42.3   1452.2   1484.8   0.643
20260406214937     75    190.0    255.0   20.0     32.1    887.0   1174.8   0.802
20260406214937     75    500.0    515.0   20.0     27.4   1181.5   1181.0   0.872
20260406214937     75    615.0    630.0   20.0     36.9   1167.4   1193.6   0.870
20260406214937     76      0.0     15.0   20.0     64.3      0.0    895.4   0.759
20260406214937     76    405.0    420.0   20.0     31.2    911.9    946.2   0.778
20260406214937     76    535.0    550.0   20.0     51.6    971.6   1000.0   0.789
20260406214937     76    725.0    740.0   20.0     28.5   1118.6   1129.1   0.822
20260406214937     76   1045.0   1060.0   20.0     31.2   1139.8   1211.6   0.771
20260406214937     77     55.0     70.0   20.0     61.0    877.0    988.1   0.763
20260406214937     77    110.0    125.0   20.0     48.2   1002.1   1047.8   0.728
20260406214937     77    575.0    590.0   20.0     91.9   1099.6   1188.8   0.754
20260406214937     78   1155.0   1185.0   20.0    200.8    918.5   1332.4   0.828
20260406214937     79    970.0    985.0   20.0     51.4    891.0   1022.8   0.772
20260406214937     79   1050.0   1120.0   20.0     51.7   1096.7   1191.9   0.870
20260406214937     81     55.0    100.0   20.0    141.0    868.1    867.6   0.755
20260406214937     81   1325.0   1340.0   20.0     22.6    873.9    939.2   0.750
20260406214937     81   1505.0   1535.0   20.0     40.8   1070.5   1135.0   0.790
20260406214937     82    330.0    345.0   20.0     45.2    888.7    949.0   0.707
20260406214937     82    465.0    530.0   20.0    112.8    962.5    902.0   0.853
20260406214937     82   1015.0   1040.0   20.0     50.7    918.0   1221.6   0.844
20260406214937     83    130.0    180.0   20.0    203.2    869.3    868.7   0.840
20260406214937     83    910.0    925.0   20.0     52.6    884.0    879.5   0.642
20260406214937     84    990.0   1050.0   20.0    158.2    910.9    903.4   0.824
20260406214937     84   1125.0   1140.0   20.0     21.4    915.7    912.4   0.482
20260406214937     84   1325.0   1340.0   20.0     22.6    916.7    909.1   0.435
20260406214937     84   1570.0   1590.0   20.0    124.6    913.1    914.8   0.741
20260406214937     88      0.0     10.0   20.0     25.5      0.0   1252.8   0.594
20260406214937     89     90.0    220.0   20.0     60.1    877.8   1151.7   0.858
20260406214937     89    275.0    290.0   20.0     32.3   1174.7   1195.7   0.847
20260406214937     89    330.0    345.0   20.0     21.5   1195.0   1207.4   0.727
20260406214937     89    560.0    575.0   20.0     23.7   1268.7   1261.5   0.727
20260406214937     89   1035.0   1050.0   20.0     71.2   1331.7   1398.1   0.751
20260406214937     90    640.0    655.0   20.0     35.3   1303.4   1372.8   0.862
20260406214937     91   1215.0   1230.0   20.0     25.8    882.2    879.2   0.685
20260406214937     94    490.0    505.0   20.0     57.8   1334.0   1367.8   0.739
20260406214937     96    385.0    405.0   20.0     71.0    900.8    902.8   0.742
20260406214937     96   1245.0   1260.0   20.0     54.9    918.6    916.6   0.799
20260406214937     96   1685.0   1800.0   20.0    264.8    916.3   1333.4   0.794
20260406214937     98     15.0     30.0   20.0     46.9    875.6    930.8   0.757
20260406214937     98     85.0    105.0   20.0     49.2    953.0    986.3   0.700
20260406214937     98    230.0    245.0   20.0     28.0   1041.0   1054.1   0.840
20260406214937     98    540.0    580.0   20.0     32.4   1092.0   1111.3   0.841
20260406214937     98    985.0   1000.0   20.0     51.5   1189.7   1253.6   0.782
20260406214937     99    415.0    435.0   20.0    126.4    898.2    899.0   0.796
20260406214937     99    610.0    630.0   20.0     49.5    900.9    900.7   0.751
20260406214937     99    945.0    960.0   20.0     61.2    900.6    905.8   0.784
20260406214937    101    660.0    675.0   20.0     62.4    875.0   1069.5   0.818
20260406214937    101    925.0    940.0   20.0     33.4   1141.6   1136.7   0.635
20260406214937    104   1075.0   1095.0   20.0    196.2    903.0   1298.5   0.903
20260406214937    105    285.0    300.0   20.0     59.3    859.6    860.3   0.788
20260406214937    105   1015.0   1045.0   20.0     73.8    867.7    955.9   0.773
20260406214937    105   1350.0   1370.0   20.0     51.1    975.1   1040.5   0.921
20260406214937    107    860.0    875.0   20.0     93.3    865.8   1041.5   0.854
20260406214937    107    985.0   1000.0   20.0     21.3   1077.2   1104.2   0.723
20260406214937    111   1110.0   1170.0   20.0     53.1    946.8    935.5   0.759
20260406214937    111   1745.0   1760.0   20.0     25.3   1013.2   1034.7   0.662
20260406214937    112     10.0     25.0   20.0     56.8    977.7   1079.0   0.769
20260406214937    115    835.0    875.0   20.0     60.4    875.2    873.0   0.730
20260406214937    115   1625.0   1640.0   20.0    109.2    990.7   1176.6   0.837
20260406214937    116     25.0     45.0   20.0     49.0    869.4    871.4   0.773
20260406214937    116    315.0    330.0   20.0     38.3    880.6    926.9   0.738
20260406214937    116    410.0    425.0   20.0     23.2    996.5    976.4   0.644
20260406214937    116    635.0    680.0   20.0     74.9   1006.7    886.2   0.870
20260406214937    116   1065.0   1085.0   20.0    183.1    892.2    902.0   0.867
20260406214937    116   1275.0   1290.0   20.0     53.0    903.4    959.6   0.745
20260406214937    116   1345.0   1360.0   20.0     65.4    986.6    897.9   0.774
20260406214937    116   1570.0   1590.0   20.0    262.6    892.1   1314.8   0.881
20260406214937    117   1295.0   1310.0   20.0     30.9    879.7    920.9   0.789
20260406214937    117   1445.0   1460.0   20.0     23.9    970.9    975.8   0.417
20260406214937    117   1530.0   1590.0   20.0    100.7    978.8    874.2   0.918
20260406214937    120    290.0    305.0   20.0     37.6    874.1    938.5   0.773
20260406214937    120    425.0    440.0   20.0     23.1    979.7    992.6   0.627
20260406214937    120    620.0    660.0   20.0     38.8   1024.0   1026.2   0.760
20260406214937    120    695.0    710.0   20.0     36.9   1057.0   1030.1   0.706
20260406214937    120    900.0    915.0   20.0    135.1   1124.2    875.4   0.828
20260406214937    122     40.0     55.0   20.0     86.1    867.3   1107.4   0.918
20260406214937    125    210.0    235.0   20.0    138.7    874.5   1221.7   0.919
20260406214937    125    465.0    480.0   20.0     48.3   1255.2   1252.6   0.692
20260406214937    125    715.0    730.0   20.0     20.2   1265.1   1267.3   0.647
20260406214937    126    415.0    435.0   20.0     46.5    918.7    949.1   0.836
20260406214937    126    505.0    520.0   20.0     26.1    964.7   1008.6   0.698
20260406214937    126    575.0    590.0   20.0     22.4   1003.5   1097.5   0.705
20260406214937    126    685.0    700.0   20.0     35.8   1109.4   1141.8   0.604
20260406214937    126    785.0    800.0   20.0     21.6   1089.6   1126.4   0.763
20260406214937    126    925.0    940.0   20.0     24.6   1091.6    900.8   0.861
20260406214937    128    135.0    150.0   20.0     43.3    968.2    969.5   0.782
20260406214937    128    490.0    505.0   20.0     21.9    968.7    969.7   0.691
20260406214937    129    150.0    185.0   20.0     97.8    854.7    853.6   0.801
20260406214937    129    400.0    450.0   20.0     40.7    857.4   1062.2   0.841
20260406214937    129    515.0    575.0   20.0     25.5   1054.6   1146.7   0.766
20260406214937    129    610.0    625.0   20.0    156.1   1174.4    860.5   0.876
20260406214937    129   1625.0   1645.0   20.0     70.9    864.7    865.2   0.786
20260406214937    130    210.0    225.0   20.0    142.8    890.8    883.6   0.689
20260406214937    130    810.0    830.0   20.0     33.5    891.1    892.7   0.789
20260406214937    131    840.0    855.0   20.0    135.0    880.3    879.2   0.829
20260406214937    131    915.0    930.0   20.0     27.1    883.9    880.6   0.752
20260406214937    132    215.0    230.0   20.0     37.6    892.4    951.0   0.735
20260406214937    132    340.0    355.0   20.0     24.0    995.9   1054.8   0.757
20260406214937    132    425.0    440.0   20.0     49.4   1042.7   1086.0   0.623
20260406214937    132    550.0    565.0   20.0     58.2   1080.7   1164.9   0.754
20260406214937    132    680.0    695.0   20.0     31.5   1120.5   1162.2   0.758
20260406214937    132    810.0    825.0   20.0     23.9   1202.1   1182.0   0.726
20260406214937    132    965.0    980.0   20.0     29.1   1164.4    969.7   0.877
20260406214937    133    795.0    810.0   20.0     27.1    884.5    926.4   0.753
20260406214937    133   1115.0   1130.0   20.0     20.5   1086.9   1079.4   0.744
20260406214937    134      0.0     15.0   20.0     38.3      0.0   1352.4   0.882
20260406214937    134    115.0    130.0   20.0     23.1   1385.9   1368.6   0.896
20260406214937    134    340.0    375.0   20.0     29.8   1377.9   1394.9   0.927
20260406214937    134    440.0    465.0   20.0     22.7   1392.4   1394.0   0.865
20260406214937    134    615.0    630.0   20.0     25.3   1398.9   1384.6   0.876
20260406214937    134    780.0    795.0   20.0     26.7   1397.8   1397.5   0.760
20260406214937    135     30.0     70.0   20.0    196.4    873.5   1221.0   0.813
20260406214937    135   1380.0   1395.0   20.0     22.4   1254.0   1298.8   0.892
20260406214937    136    240.0    255.0   20.0     37.1    898.1   1039.5   0.811
20260406214937    136    385.0    410.0   20.0     63.5   1055.5   1104.7   0.909
20260406214937    136    470.0    550.0   20.0     97.8   1092.0    941.7   0.819
20260406214937    137    225.0    240.0   20.0     28.1   1090.0   1147.7   0.724
20260406214937    137    325.0    340.0   20.0     30.1   1226.3   1236.1   0.812
20260406214937    137    505.0    520.0   20.0     20.7   1310.5   1292.8   0.849
20260406214937    137    635.0    650.0   20.0     28.0   1284.9   1280.7   0.863
20260406214937    139    475.0    510.0   20.0    100.2    875.0   1126.4   0.899
20260406214937    141     55.0     75.0   20.0     67.1    871.8    874.4   0.810
20260406214937    142    340.0    365.0   20.0     40.8    905.5    905.3   0.793
20260406214937    142    680.0    745.0   20.0     44.5    908.6    993.7   0.771
20260406214937    142    900.0    915.0   20.0     21.6   1027.9   1054.3   0.675
20260406214937    142   1130.0   1145.0   20.0     96.1   1096.5    915.3   0.866
20260406214937    142   1250.0   1265.0   20.0     37.9    909.0    908.3   0.700
20260406214937    142   1650.0   1665.0   20.0     49.9    910.0    910.9   0.714
20260406214937    145    725.0    740.0   20.0     23.9    951.8   1005.3   0.764
20260406214937    145    810.0    860.0   20.0    153.0   1039.9    959.5   0.872
20260406214937    146    190.0    205.0   20.0     40.1   1016.8   1030.3   0.540
20260406214937    146    440.0    455.0   20.0     36.3   1043.9   1106.6   0.793
20260406214937    147    780.0    795.0   20.0    222.9    900.1    900.7   0.795
20260406214937    148     95.0    110.0   20.0     33.2   1246.6   1257.7   0.746
20260406214937    148   1510.0   1530.0   20.0     76.7   1259.7   1258.7   0.902
20260406214937    150     40.0     55.0   20.0     37.8    903.7    956.0   0.738
20260406214937    150    125.0    220.0   20.0     36.7   1021.4   1187.0   0.742
20260406214937    150    675.0    695.0   20.0     59.1   1273.8   1383.1   0.803
20260406214937    152    655.0    675.0   20.0    127.1    942.7   1142.3   0.811
20260406214937    154    140.0    165.0   20.0     46.7    893.4    895.3   0.800
20260406214937    154   1115.0   1200.0   20.0     72.3    913.7   1127.9   0.875
20260406214937    154   1445.0   1460.0   20.0    112.3   1139.9   1242.3   0.758
20260406214937    156    105.0    120.0   20.0    235.4    906.4   1361.0   0.872
20260406214937    157     90.0    105.0   20.0     88.4    895.7    899.2   0.533
20260406214937    158    145.0    160.0   20.0     41.5    894.2    896.7   0.751
20260406214937    158    900.0    915.0   20.0     55.7    919.1    916.2   0.441
20260406214937    158   1565.0   1580.0   20.0     39.9    911.7    965.0   0.744
20260406214937    159    645.0    665.0   20.0    109.4   1427.8   1518.4   0.812
20260406214937    160    760.0    775.0   10.6    113.5   1508.9   1501.1   0.594
20260406214937    160    875.0    955.0   12.2    426.5   1493.0   1496.3   0.647
20260406214937    160    990.0   1400.0   20.0    403.1   1490.4   1431.0   0.833
20260406214937    160   1515.0   1530.0   20.0    286.0   1466.1   1185.3   0.750
20260406214937    160   1570.0   1585.0   20.0    274.8   1165.6   1269.1   0.677
20260406214937    160   1710.0   1765.0   20.0    308.0   1439.9   1212.8   0.865
20260406214937    162     30.0     45.0   20.0     31.9   1435.9   1427.3   0.863
20260406214937    162    540.0    555.0   20.0     45.8   1450.0   1449.3   0.846
20260406214937    165   1590.0   1620.0   20.0     92.4    922.7    918.3   0.741
20260406214937    166    120.0    135.0   20.0    148.9    909.0    911.3   0.875
20260406214937    166    170.0    185.0   20.0     74.8    932.3    909.4   0.862
20260406214937    166   1565.0   1580.0   20.0     57.3    918.1    921.3   0.711
20260406214937    167   1060.0   1075.0   20.0     56.6    917.7    918.3   0.813
20260406214937    169     55.0     70.0   20.0     62.6    910.2    979.6   0.722
20260406214937    169    110.0    130.0   20.0     38.0    994.9   1126.0   0.744
20260406214937    169    840.0    855.0   20.0     23.3   1227.1   1261.2   0.814
20260406214937    170    400.0    415.0   20.0     52.3    909.3    911.4   0.824
20260406214937    171    255.0    295.0   20.0    188.4    912.2   1324.8   0.849
20260406214937    171    695.0    710.0   20.0     51.8   1381.6   1419.7   0.712
20260406214937    171   1185.0   1200.0   20.0     30.8   1405.3   1400.1   0.844
20260406214937    172    385.0    435.0   20.0    103.6    938.5   1178.4   0.892
20260406214937    173   1155.0   1180.0   20.0    205.9    912.7    914.5   0.837
20260406214937    175   1125.0   1200.0   20.0     33.2    923.1   1113.1   0.738
20260406214937    175   1270.0   1300.0   20.0    110.0   1131.0    946.1   0.867
20260406214937    175   1485.0   1500.0   20.0     57.6    923.0    923.2   0.813
20260406214937    176      0.0     15.0   20.0     82.8      0.0    927.2   0.880
20260406214937    177   1060.0   1090.0   20.0    152.4    936.2    938.5   0.844
20260406214937    178    570.0    600.0   20.0     47.5    939.1    939.0   0.754
20260406214937    178   1090.0   1110.0   20.0     85.3    969.6    951.8   0.796
20260406214937    178   1550.0   1565.0   20.0     32.5    945.9    999.4   0.743
20260406214937    179    155.0    190.0   20.0     85.4    921.4   1164.7   0.880
20260406214937    179    250.0    265.0   20.0     25.1   1156.8   1149.2   0.682
20260406214937    179    340.0    355.0   20.0     24.6   1184.9   1187.3   0.603
20260406214937    179    450.0    465.0   20.0     37.4   1169.0   1142.7   0.702
20260406214937    179    535.0    550.0   20.0     29.6   1072.9   1161.8   0.782
20260406214937    182    225.0    245.0   20.0    137.9    939.3    939.4   0.767
20260406214937    183   1760.0   1775.0   20.0     38.5    945.8    951.0   0.681
20260406214937    187    355.0    370.0   20.0     57.1    935.0    934.4   0.563
20260406214937    188     15.0     50.0   20.0     27.1   1167.0   1153.7   0.621
20260406214937    188     85.0    105.0   20.0     60.7   1140.2   1131.9   0.913
20260406214937    188    270.0    285.0   20.0     21.5   1164.3   1169.9   0.815
20260406214937    189   1040.0   1150.0   20.0     72.0    968.5   1245.1   0.853
20260406214937    189   1235.0   1250.0   20.0     32.6   1212.8   1269.0   0.769
20260406214937    189   1545.0   1565.0   20.0     54.5   1312.4   1578.3   0.823
20260406214937    190    345.0    365.0   20.0     55.2   1357.3   1374.4   0.901
20260406214937    190   1355.0   1390.0   20.0     27.4   1365.0   1389.2   0.811
20260406214937    191    710.0    740.0   20.0    201.7    957.5    959.6   0.846
20260406214937    191   1685.0   1710.0   20.0    209.5    964.1    962.6   0.883
20260406214937    192   1135.0   1150.0   20.0     77.5    965.7   1021.2   0.673
20260406214937    192   1200.0   1220.0   20.0     94.5   1037.9   1134.8   0.821
20260406214937    193   1595.0   1610.0   20.0     57.8    963.9    967.6   0.743
20260406214937    194     50.0     80.0   20.0    139.7    960.0    961.5   0.763
20260406214937    194    825.0    860.0   20.0     62.5    974.3   1100.9   0.768
20260406214937    194    900.0    915.0   20.0    217.3   1147.2   1414.1   0.759
20260406214937    196    760.0    775.0   20.0     40.8    970.8    973.7   0.610
20260406214937    196   1525.0   1540.0   20.0     46.9    967.8   1013.6   0.742
20260406214937    196   1765.0   1780.0   20.0     20.7   1064.9   1076.9   0.664
20260406214937    197    765.0    785.0   20.0     79.0   1594.4   1591.3   0.904
20260406214937    203   1580.0   1595.0   20.0     68.1    968.5    977.8   0.812
20260406214937    204     60.0    120.0   20.0    106.8    969.7    973.2   0.822
20260406214937    204    450.0    495.0   20.0     41.9    980.0    980.6   0.760
20260406214937    204    725.0    740.0   20.0    155.7    979.7   1353.4   0.925
20260406214937    204    990.0   1015.0   20.0    142.7   1297.7   1038.0   0.893
20260406214937    204   1155.0   1170.0   20.0     55.7   1078.6   1128.4   0.762
20260406214937    204   1290.0   1305.0   20.0     39.1   1140.8   1143.6   0.844
20260406214937    204   1440.0   1455.0   20.0     22.2   1132.7   1152.4   0.633
20260406214937    204   1505.0   1530.0   20.0     33.2   1142.7   1154.9   0.775
20260406214937    204   1595.0   1610.0   20.0     26.7   1160.8   1230.1   0.755
20260406214937    206      0.0     15.0   20.0     90.5      0.0   1382.2   0.668
20260406214937    206     90.0    150.0   20.0     22.2   1397.2   1429.0   0.670
20260406214937    206    210.0    220.0   20.0     21.2   1425.4   1430.3   0.471
20260406214937    206    975.0    995.0   20.0     25.5   1454.9   1535.2   0.765
20260406214937    206   1055.0   1285.0   20.0     32.3   1442.2   1469.9   0.768
20260406214937    206   1380.0   1390.0   20.0     22.0   1470.6   1461.9   0.767
20260406214937    206   1485.0   1520.0   20.0     33.0   1472.6   1472.3   0.735
20260406214937    206   1555.0   1570.0   20.0     21.9   1473.4   1467.0   0.655
20260406214937    206   1660.0   1670.0   20.0     36.6   1484.6   1662.1   0.661
20260406214937    208    210.0    260.0   20.0     26.1    999.0   1170.8   0.801
20260406214937    208    465.0    480.0   20.0     48.4   1171.9   1214.9   0.723
20260406214937    209     75.0    140.0   20.0     56.3    970.2   1231.8   0.794
20260406214937    209    230.0    250.0   20.0    139.2   1350.9    975.0   0.951
20260406214937    209    940.0    980.0   20.0     95.4    978.2   1229.9   0.839
20260406214937    209   1235.0   1250.0   20.0     25.5   1283.8   1298.8   0.780
20260406214937    210      5.0     20.0   20.0     28.4    992.5   1074.7   0.752
20260406214937    210     65.0     80.0   20.0     41.5   1111.0   1166.7   0.727
20260406214937    210    115.0    170.0   20.0     56.7   1166.2   1090.9   0.897
20260406214937    210    205.0    220.0   20.0     77.4   1078.2   1001.2   0.764
20260406214937    211    480.0    500.0   20.0     73.3    989.3    988.0   0.830
20260406214937    211   1175.0   1190.0   20.0     56.5    993.3    993.7   0.759
20260406214937    215    250.0    300.0   20.0     78.0    992.2   1271.6   0.827
20260406214937    215    340.0    405.0   20.0    121.5   1299.6   1412.7   0.704
20260406214937    215    820.0    840.0   20.0     44.9   1494.3   1182.7   0.865
20260406214937    217     30.0     45.0   20.0    108.2   1002.6   1002.6   0.518
20260406214937    217    100.0    135.0   20.0     57.7   1002.4   1008.3   0.773
20260406214937    217   1515.0   1530.0   20.0     22.4   1010.0   1010.1   0.533
20260406214937    220     35.0     50.0   20.0     37.7   1648.3   1640.7   0.754
20260406214937    221   1460.0   1520.0   20.0    334.9   1040.0   1000.4   0.823
20260406214937    222    710.0    725.0   20.0     59.4   1038.5   1037.9   0.725
20260406214937    222   1380.0   1395.0   20.0     57.0   1036.7   1106.0   0.761
20260406214937    222   1460.0   1525.0   20.0     28.5   1149.2   1229.7   0.832
20260406214937    222   1650.0   1680.0   20.0     35.3   1235.4   1276.0   0.788
20260406214937    223   1165.0   1185.0   20.0    101.5   1104.3   1105.9   0.845
20260406214937    224    565.0    580.0   20.0     26.8   1384.1   1386.5   0.847
20260406214937    225   1285.0   1345.0   20.0    137.4   1018.4   1018.7   0.870
20260406214937    226    490.0    540.0   20.0     56.0   1131.7   1228.3   0.778
20260406214937    226    580.0    595.0   20.0    133.9   1230.8   1141.9   0.795
20260406214937    227   1235.0   1265.0   20.0    218.6   1012.7   1006.2   0.907
20260406214937    227   1320.0   1335.0   20.0     46.6   1005.0   1006.7   0.749
20260406214937    227   1635.0   1660.0   20.0     45.5   1005.5   1409.2   0.849
20260406214937    228    130.0    180.0   20.0     70.3   1237.1   1058.7   0.877
20260406214937    228    485.0    500.0   20.0     40.1   1058.4   1106.7   0.739
20260406214937    228    850.0    865.0   20.0     20.3   1218.3   1218.5   0.731
20260406214937    228   1705.0   1720.0   20.0     45.1   1067.4   1115.8   0.711
20260406214937    229    935.0    985.0   20.0    230.8   1064.7   1063.8   0.824
20260406214937    229   1575.0   1590.0   20.0    194.4   1064.6   1419.7   0.841
20260406214937    231    955.0    975.0   20.0     58.5   1137.4   1138.8   0.773
20260406214937    231   1335.0   1350.0   20.0     25.8   1136.5   1135.0   0.643
20260406214937    232     45.0     60.0   20.0     22.0   1461.5   1474.4   0.738
20260406214937    233   1490.0   1520.0   20.0     94.4   1041.2   1170.5   0.801
20260406214937    233   1655.0   1695.0   20.0     58.3   1209.0   1236.8   0.861
20260406214937    233   1760.0   1775.0   20.0     36.6   1301.9   1308.2   0.776
20260406214937    235     80.0    115.0   20.0    312.7   1046.2   1046.3   0.856
20260406214937    236    555.0    575.0   20.0    310.4   1082.4   1568.8   0.846
20260406214937    237    795.0    860.0   20.0    112.8   1042.8   1050.1   0.848
20260406214937    237   1755.0   1795.0   20.0    132.1   1043.0   1042.2   0.879
20260406214937    238     75.0    110.0   20.0     27.9   1253.1   1336.4   0.723
20260406214937    238    285.0    300.0   20.0     20.4   1366.1   1313.0   0.813
20260406214937    238    360.0    375.0   20.0     48.0   1334.8   1355.6   0.530
20260406214937    238    550.0    580.0   20.0     52.3   1279.6   1139.2   0.847
20260406214937    238    625.0    640.0   20.0     61.1   1140.2   1078.3   0.749
20260406214937    238    830.0    875.0   20.0     51.0   1073.9   1158.2   0.838
20260406214937    238    935.0    950.0   20.0     22.8   1182.8   1272.6   0.816
20260406214937    239    135.0    150.0   20.0    241.9   1652.4   1861.9   0.731
20260406214937    239    205.0    220.0   20.0     75.3   1848.5   1763.8   0.845
20260406214937    240    455.0    470.0   20.0    106.8   1071.8   1318.1   0.836
20260406214937    240    515.0    540.0   20.0     74.8   1359.5   1075.8   0.774
20260406214937    240    835.0    880.0   20.0    192.8   1077.2   1441.1   0.896
20260406214937    240   1025.0   1040.0   20.0    125.3   1429.5   1069.4   0.850
20260406214937    240   1565.0   1580.0   20.0     29.8   1092.3   1132.4   0.756
20260406214937    244    150.0    185.0   20.0     75.5   1114.6   1114.0   0.801
20260406214937    244    290.0    345.0   20.0    276.7   1120.2   1122.2   0.928
20260406214937    244    690.0    705.0   20.0     52.6   1114.1   1167.7   0.737
20260406214937    244   1270.0   1305.0   20.0     51.7   1217.1   1443.7   0.823
20260406214937    245    745.0    770.0   20.0    232.7   1070.9   1072.9   0.868
20260406214937    245   1770.0   1785.0   20.0     66.7   1065.8   1065.9   0.702
20260406214937    247   1715.0   1735.0   20.0     74.0   1062.8   1062.1   0.776
20260406214937    248    120.0    135.0   20.0     66.6   1112.5   1205.8   0.750
20260406214937    248    180.0    315.0   20.0    106.6   1241.3   1154.7   0.875
20260406214937    248   1100.0   1155.0   20.0    122.3   1117.0   1115.5   0.842
20260406214937    248   1335.0   1350.0   20.0     86.4   1111.8   1111.7   0.717
20260406214937    248   1600.0   1670.0   20.0     51.0   1111.4   1268.2   0.871
20260406214937    249      0.0     10.0   20.0     77.2      0.0   1082.6   0.685
20260406214937    249    580.0    595.0   20.0     42.7   1094.1   1180.5   0.752
20260406214937    249    640.0    655.0   20.0     61.5   1191.8   1087.7   0.807
20260406214937    251   1275.0   1290.0   20.0     99.6   1095.2   1094.8   0.845
20260406214937    254    535.0    550.0   20.0     30.6   1579.9   1588.7   0.719
20260406214937    256    395.0    410.0   20.0     77.1   1304.9   1160.6   0.861
20260406222258      1    315.0    395.0   20.0    275.6   1010.6   1006.1   0.913
20260406222258      1   1770.0   1785.0   20.0     23.5   1040.0   1035.2   0.742
20260406222258      2   1330.0   1390.0   20.0     87.7   1018.4   1347.0   0.780
20260406222258      2   1440.0   1450.0   20.0     21.2   1301.9   1251.7   0.830
20260406222258      2   1510.0   1525.0   20.0     23.3   1279.5   1286.3   0.748
20260406222258      2   1575.0   1605.0   20.0     92.6   1269.6   1017.7   0.911
20260406222258      5    725.0    735.0   20.0     20.0    994.8    996.9   0.480
20260406222258      5   1785.0   1800.0   20.0    249.1    999.7   1417.5   0.843
20260406222258      6    455.0    490.0   20.0     25.0   1541.7   1553.0   0.767
20260406222258      6    540.0    580.0   20.0     45.6   1557.5   1564.8   0.881
20260406222258      7    720.0    745.0   20.0     47.6   1051.5   1051.7   0.773
20260406222258      7    855.0    905.0   20.0    105.1   1051.0   1048.6   0.850
20260406222258      8    955.0    975.0   20.0    160.5    991.1    994.8   0.829
20260406222258      9    810.0    855.0   20.0    284.3    996.3   1553.5   0.828
20260406222258     10   1155.0   1170.0   20.0     20.9   1563.1   1603.9   0.763
20260406222258     11    320.0    335.0   20.0     47.9    958.7    958.3   0.721
20260406222258     11   1720.0   1765.0   20.0     98.5    962.8    962.4   0.756
20260406222258     12   1715.0   1755.0   20.0    203.5   1008.8    994.6   0.894
20260406222258     13    205.0    225.0   20.0    163.8   1010.7   1428.7   0.894
20260406222258     13    345.0    400.0   20.0     36.3   1440.2   1422.3   0.876
20260406222258     13    770.0    785.0   20.0     28.6   1468.3   1526.5   0.890
20260406222258     15   1210.0   1225.0   20.0    100.9    979.9   1136.9   0.794
20260406222258     15   1285.0   1305.0   20.0     43.3   1159.4   1206.6   0.799
20260406222258     15   1730.0   1760.0   20.0    112.7   1244.6   1260.2   0.917
20260406222258     16    315.0    335.0   20.0    153.4    967.3   1019.2   0.833
20260406222258     16   1015.0   1030.0   20.0     35.7   1020.2   1018.3   0.864
20260406222258     17   1565.0   1625.0   20.0     26.8    967.7   1122.5   0.859
20260406222258     17   1675.0   1725.0   20.0     46.7   1124.5   1188.7   0.785
20260406222258     17   1780.0   1795.0   20.0     27.5   1230.6   1230.3   0.842
20260406222258     19    225.0    240.0   20.0     82.3    928.1    926.3   0.768
20260406222258     19    680.0    705.0   20.0    119.4    937.3    937.4   0.848
20260406222258     21    995.0   1010.0   20.0     40.0    951.7   1012.5   0.770
20260406222258     21   1045.0   1075.0   20.0     36.0   1016.5   1230.1   0.786
20260406222258     21   1200.0   1330.0   20.0     41.3   1222.4   1117.1   0.779
20260406222258     21   1480.0   1495.0   20.0     21.8   1091.8   1139.7   0.869
20260406222258     21   1780.0   1790.0   20.0     33.1   1206.9   1198.2   0.644
20260406222258     22    485.0    505.0   20.0     78.7    957.8    956.2   0.769
20260406222258     22   1265.0   1280.0   20.0     21.5    969.2   1001.9   0.713
20260406222258     22   1745.0   1760.0   20.0     21.5   1061.7   1078.2   0.641
20260406222258     23      0.0     15.0   20.0    153.8      0.0   1420.6   0.936
20260406222258     23    675.0    690.0   20.0     43.8   1510.1   1512.0   0.895
20260406222258     24     50.0     65.0   20.0     58.0   1034.0    941.1   0.795
20260406222258     24    365.0    380.0   20.0     86.6    942.1    944.5   0.589
20260406222258     24   1650.0   1665.0   20.0     35.2    964.5    963.5   0.472
20260406222258     25    375.0    390.0   20.0     24.2   1026.6   1026.5   0.760
20260406222258     26      5.0     20.0   20.0     78.6    956.0   1036.3   0.739
20260406222258     27    815.0    830.0   20.0    145.9    979.9    946.9   0.851
20260406222258     27   1645.0   1660.0   20.0     25.7    953.4   1000.7   0.764
20260406222258     30   1195.0   1210.0   20.0     27.6    954.0    999.1   0.733
20260406222258     30   1315.0   1330.0   20.0     22.2   1142.8   1164.3   0.758
20260406222258     30   1385.0   1400.0   20.0     42.5   1193.1   1195.0   0.772
20260406222258     30   1550.0   1565.0   20.0     59.6   1212.2   1202.4   0.747
20260406222258     30   1735.0   1775.0   20.0     43.5    964.9    954.2   0.790
20260406222258     31    570.0    585.0   20.0     26.8    950.4    947.1   0.489
20260406222258     31    640.0    745.0   20.0     53.0    950.4   1107.0   0.865
20260406222258     31    845.0    895.0   20.0     51.4   1142.4   1152.6   0.729
20260406222258     31   1675.0   1690.0   20.0     24.4   1310.5   1359.5   0.865
20260406222258     32    640.0    655.0   20.0     33.7    951.0    992.6   0.705
20260406222258     32    960.0    975.0   20.0     91.7   1040.6    952.2   0.758
20260406222258     32   1335.0   1350.0   20.0     38.8    959.0    997.0   0.739
20260406222258     32   1395.0   1470.0   20.0     47.3   1005.2   1056.1   0.883
20260406222258     32   1570.0   1620.0   20.0     35.6   1051.2   1150.8   0.799
20260406222258     32   1685.0   1700.0   20.0     54.7   1183.1   1181.1   0.635
20260406222258     33   1020.0   1035.0   20.0     21.2    976.1    950.0   0.698
20260406222258     33   1765.0   1780.0   20.0     21.3    952.2    959.0   0.616
20260406222258     34     80.0     95.0   20.0     23.4   1016.3   1037.7   0.806
20260406222258     34    630.0    645.0   20.0     40.6   1051.3    926.2   0.812
20260406222258     35    815.0    830.0   20.0     37.1    927.0    988.6   0.738
20260406222258     35    875.0    920.0   20.0     29.9   1005.7   1109.5   0.756
20260406222258     35   1005.0   1020.0   20.0     94.7   1156.7    934.3   0.826
20260406222258     36     50.0     65.0   20.0     32.4    922.8    960.9   0.743
20260406222258     36    210.0    265.0   20.0     81.6   1031.3    922.8   0.856
20260406222258     36    530.0    555.0   20.0    123.6    929.6    928.0   0.829
20260406222258     36   1660.0   1675.0   20.0    167.9    957.8    965.5   0.725
20260406222258     37    685.0    755.0   20.0    247.7    925.8    929.1   0.833
20260406222258     43     10.0     55.0   20.0     29.2   1029.0   1009.5   0.824
20260406222258     43    145.0    160.0   20.0    146.3    992.4   1005.3   0.698
20260406222258     43    215.0    265.0   20.0     75.7   1015.2   1134.5   0.843
20260406222258     43    685.0    695.0   20.0     25.0   1283.1   1311.7   0.526
20260406222258     43    840.0    855.0   20.0     37.9   1303.7   1318.0   0.875
20260406222258     43   1100.0   1115.0   20.0     71.6   1310.5   1413.5   0.868
20260406222258     44   1405.0   1435.0   20.0     33.4    950.7   1060.2   0.789
20260406222258     44   1500.0   1545.0   20.0    144.7   1091.0    941.2   0.813
20260406222258     45    445.0    460.0   20.0     20.4    913.3    913.0   0.658
20260406222258     45    970.0    985.0   20.0     73.8    921.8    920.2   0.691
20260406222258     48    485.0    500.0   20.0    214.5    920.7    927.4   0.707
20260406222258     48    700.0    725.0   20.0    109.7    927.2   1228.7   0.889
20260406222258     48    770.0    785.0   20.0     97.9   1146.0    924.3   0.859
20260406222258     50      0.0     15.0   20.0     38.4      0.0   1005.2   0.811
20260406222258     50     70.0    110.0   20.0    140.4   1096.7    909.7   0.874
20260406222258     50    490.0    510.0   20.0    195.4    919.6   1353.5   0.895
20260406222258     51      0.0     10.0   20.0     35.4      0.0   1273.9   0.902
20260406222258     51     45.0     60.0   20.0     85.8   1259.4   1311.5   0.828
20260406222258     51    220.0    235.0   20.0     93.2   1288.2   1288.4   0.827
20260406222258     51    375.0    480.0   20.0    102.9   1284.4   1289.7   0.901
20260406222258     51    600.0    690.0   20.0    121.5   1283.5   1406.3   0.882
20260406222258     52    875.0    890.0   20.0     37.9    932.6    982.7   0.724
20260406222258     52    925.0    940.0   20.0     62.9    997.1    938.9   0.805
20260406222258     52   1385.0   1400.0   20.0     40.7    931.5    975.6   0.718
20260406222258     52   1590.0   1650.0   20.0     87.3   1024.2    980.2   0.947
20260406222258     53    270.0    295.0   20.0     50.3    900.5   1249.9   0.791
20260406222258     53    605.0    620.0   20.0     23.2   1281.2   1345.0   0.793
20260406222258     53    900.0    915.0   20.0     21.2   1361.0   1357.7   0.569
20260406222258     54    595.0    615.0   20.0     56.9   1342.1   1342.9   0.810
20260406222258     55   1280.0   1300.0   20.0    161.7    916.9    915.7   0.831
20260406222258     56    795.0    845.0   20.0     84.8    975.0    977.0   0.798
20260406222258     58    255.0    270.0   20.0     28.2    942.7    998.8   0.771
20260406222258     58    410.0    430.0   20.0     31.7   1157.7   1041.9   0.923
20260406222258     58    535.0    550.0   20.0     27.5   1072.3   1075.7   0.801
20260406222258     58    775.0    795.0   20.0     47.0   1138.2   1151.1   0.873
20260406222258     58    885.0    900.0   20.0     24.1   1147.2   1154.4   0.625
20260406222258     58   1020.0   1070.0   20.0     38.7   1222.7    940.3   0.866
20260406222258     59    565.0    585.0   20.0    113.7    901.7    903.3   0.799
20260406222258     60    385.0    400.0   20.0     26.9   1199.3   1197.4   0.771
20260406222258     60    605.0    620.0   20.0     62.8   1244.1   1330.3   0.781
20260406222258     62    290.0    330.0   20.0     78.7    996.2    897.1   0.869
20260406222258     64      0.0     15.0   20.0    118.7      0.0   1404.9   0.831
20260406222258     65   1610.0   1625.0   20.0     46.6    905.4    903.7   0.721
20260406222258     69    720.0    735.0   20.0     91.0    900.5    897.1   0.644
20260406222258     69    875.0    900.0   20.0    187.8    898.0    898.8   0.849
20260406222258     70   1530.0   1545.0   20.0     32.6   1015.1   1023.4   0.820
20260406222258     70   1600.0   1615.0   20.0    135.9   1033.1   1258.5   0.811
20260406222258     71     40.0     60.0   20.0     53.5    886.1   1243.1   0.897
20260406222258     71    125.0    140.0   20.0     62.1   1280.8   1293.4   0.815
20260406222258     71    615.0    630.0   20.0    125.5   1381.0   1435.4   0.739
20260406222258     72   1160.0   1175.0   20.0     54.4    913.9    914.6   0.636
20260406222258     73     30.0     45.0   20.0     29.8   1464.0   1475.9   0.595
20260406222258     75    500.0    520.0   20.0    203.2    907.7   1295.8   0.825
20260406222258     77     15.0     30.0   20.0     55.5    878.0    879.2   0.760
20260406222258     77    390.0    440.0   20.0     76.9    885.3   1041.2   0.773
20260406222258     77    645.0    660.0   20.0     36.1   1083.7   1129.6   0.734
20260406222258     77    855.0    870.0   20.0     20.8   1196.2   1219.4   0.683
20260406222258     78    870.0    890.0   20.0     33.7   1286.7   1369.0   0.764
20260406222258     78   1095.0   1460.0   20.0     48.6   1362.4   1393.4   0.883
20260406222258     79    735.0    750.0   20.0     70.0    907.6   1225.0   0.812
20260406222258     79    785.0    840.0   20.0     32.3   1246.1   1273.2   0.858
20260406222258     80     80.0     95.0   20.0     37.6    883.8    884.1   0.798
20260406222258     80    165.0    215.0   20.0    104.2    883.7   1232.2   0.816
20260406222258     80    895.0    910.0   20.0     21.9   1304.0   1308.4   0.591
20260406222258     80   1005.0   1015.0   20.0     23.0   1311.8   1315.1   0.788
20260406222258     80   1180.0   1195.0   20.0     21.0   1313.4   1315.5   0.780
20260406222258     80   1245.0   1260.0   20.0     25.2   1326.5   1325.8   0.771
20260406222258     80   1350.0   1435.0   20.0     47.3   1325.0   1311.1   0.806
20260406222258     80   1480.0   1505.0   20.0     29.0   1325.3   1322.1   0.880
20260406222258     81    835.0    850.0   20.0     61.8    879.1    994.6   0.737
20260406222258     81    925.0    940.0   20.0     36.7    933.0    881.3   0.776
20260406222258     82    705.0    720.0   20.0    217.6    903.8   1250.3   0.882
20260406222258     83    985.0   1060.0   20.0    101.2    882.4   1023.9   0.861
20260406222258     83   1145.0   1160.0   20.0     42.8   1080.7   1099.8   0.722
20260406222258     83   1265.0   1280.0   20.0     37.2   1155.8   1164.6   0.582
20260406222258     84    880.0    895.0   20.0     26.9    901.1    943.0   0.858
20260406222258     84   1310.0   1325.0   20.0     21.9   1178.1   1195.0   0.791
20260406222258     84   1520.0   1530.0   20.0     29.5   1185.2   1173.4   0.619
20260406222258     86    635.0    650.0   20.0     74.7    928.5    897.9   0.773
20260406222258     87   1405.0   1445.0   20.0    103.3    883.6    883.0   0.767
20260406222258     88     10.0     25.0   20.0     72.5    977.7    888.8   0.802
20260406222258     88     60.0     80.0   20.0    266.5    893.4   1325.9   0.799
20260406222258     89   1365.0   1460.0   20.0     62.2    918.0   1037.8   0.907
20260406222258     89   1580.0   1595.0   20.0     32.6   1024.9   1110.9   0.832
20260406222258     90     40.0     55.0   20.0     39.7   1315.5   1328.2   0.831
20260406222258     90    180.0    200.0   20.0     37.1   1342.7   1335.8   0.866
20260406222258     90    430.0    455.0   20.0     36.4   1334.6   1348.2   0.845
20260406222258     90    970.0   1000.0   20.0     38.1   1353.2   1369.9   0.835
20260406222258     90   1605.0   1630.0   20.0     38.2   1357.3   1363.6   0.845
20260406222258     92      0.0     10.0   20.0    105.9      0.0    854.4   0.746
20260406222258     93   1725.0   1740.0   20.0     22.5    893.5    939.4   0.811
20260406222258     96    415.0    430.0   20.0     39.4    901.4    901.9   0.659
20260406222258     96    640.0    655.0   20.0     42.8    907.7    979.3   0.742
20260406222258     96    720.0    760.0   20.0    107.5   1040.1   1055.7   0.762
20260406222258     96    840.0    855.0   20.0     46.9   1060.8   1081.8   0.771
20260406222258     96    910.0    935.0   20.0     36.7   1105.6   1166.6   0.817
20260406222258     96   1145.0   1160.0   20.0     73.0   1182.9   1192.1   0.728
20260406222258     96   1195.0   1210.0   20.0     50.5   1200.2   1300.7   0.761
20260406222258     96   1785.0   1800.0   20.0     21.8   1316.0   1330.8   0.816
20260406222258     97   1500.0   1515.0   20.0    106.4    896.5   1126.1   0.861
20260406222258     97   1765.0   1780.0   20.0     23.8   1143.7   1204.6   0.884
20260406222258     98    175.0    195.0   20.0     57.0   1200.5   1193.6   0.931
20260406222258     98   1660.0   1675.0   20.0     41.2   1316.1   1362.1   0.731
20260406222258    100    435.0    510.0   20.0     46.6    883.3    960.0   0.892
20260406222258    100   1130.0   1145.0   20.0    107.0   1017.3    882.4   0.780
20260406222258    100   1515.0   1560.0   20.0     81.4    906.7   1144.3   0.883
20260406222258    100   1615.0   1630.0   20.0     21.5   1138.4   1169.0   0.820
20260406222258    100   1765.0   1780.0   20.0     20.1   1155.8   1149.5   0.616
20260406222258    101    305.0    325.0   20.0    164.1    872.1   1140.7   0.863
20260406222258    101    980.0    995.0   20.0     38.9   1269.3   1260.8   0.725
20260406222258    101   1110.0   1125.0   20.0     20.9   1264.6   1300.4   0.768
20260406222258    103    625.0    640.0   20.0     29.4    878.5    970.9   0.820
20260406222258    103    685.0    700.0   20.0     31.6   1056.9   1056.4   0.606
20260406222258    103    735.0    820.0   20.0     27.1   1059.8   1130.8   0.695
20260406222258    103    895.0    905.0   20.0     22.1   1119.5   1141.4   0.401
20260406222258    103   1160.0   1175.0   20.0    106.8   1139.9   1254.4   0.747
20260406222258    104     60.0     75.0   20.0     31.9    885.6    896.0   0.715
20260406222258    104    150.0    165.0   20.0     56.3    880.0    879.5   0.758
20260406222258    105    330.0    370.0   20.0    116.6    859.6    860.7   0.811
20260406222258    105    820.0    835.0   20.0     69.0    869.4    871.7   0.559
20260406222258    105   1090.0   1115.0   20.0    120.5    876.8    871.8   0.848
20260406222258    108   1575.0   1590.0   20.0     28.2    910.3    947.7   0.769
20260406222258    108   1675.0   1690.0   20.0     23.7    979.3   1055.1   0.681
20260406222258    108   1730.0   1765.0   20.0     39.2   1075.1    907.4   0.884
20260406222258    111   1710.0   1725.0   20.0     39.5    890.4    890.1   0.728
20260406222258    112    810.0    825.0   20.0     34.1   1056.5    954.9   0.830
20260406222258    112    940.0    955.0   20.0     28.3    968.5    956.3   0.814
20260406222258    112   1020.0   1100.0   20.0     44.6    957.5   1126.1   0.840
20260406222258    112   1175.0   1190.0   20.0     24.3   1125.5   1131.7   0.576
20260406222258    112   1265.0   1280.0   20.0     22.9   1133.2   1135.0   0.762
20260406222258    112   1455.0   1470.0   20.0     43.5   1108.5   1113.5   0.488
20260406222258    112   1520.0   1540.0   20.0     52.9   1169.5    947.4   0.945
20260406222258    112   1585.0   1600.0   20.0     36.8    946.3   1003.8   0.893
20260406222258    112   1665.0   1680.0   20.0     26.0   1015.9   1094.5   0.826
20260406222258    113      0.0     20.0   20.0     60.3      0.0   1279.7   0.747
20260406222258    113   1760.0   1785.0   20.0    180.6   1270.0   1299.3   0.744
20260406222258    114    985.0   1000.0   20.0     52.9    925.5    924.4   0.777
20260406222258    114   1085.0   1100.0   20.0     33.4    923.0    989.2   0.761
20260406222258    114   1150.0   1220.0   20.0     53.0   1020.8    919.0   0.803
20260406222258    114   1255.0   1270.0   20.0     38.1    922.2   1000.1   0.734
20260406222258    114   1415.0   1430.0   20.0     21.0   1028.5   1035.3   0.487
20260406222258    115    760.0    780.0   20.0    236.4    873.2    872.8   0.819
20260406222258    115   1595.0   1635.0   20.0    126.8    891.3    889.4   0.774
20260406222258    116    850.0    865.0   20.0     56.0    894.8    980.8   0.740
20260406222258    116    900.0    925.0   20.0     28.6    986.0    999.5   0.549
20260406222258    116    965.0    975.0   20.0     20.4   1000.8   1008.5   0.746
20260406222258    116   1180.0   1195.0   20.0     22.5   1027.6   1020.9   0.780
20260406222258    116   1235.0   1290.0   20.0     21.9   1028.3   1077.3   0.895
20260406222258    116   1380.0   1395.0   20.0     30.6   1077.3   1112.1   0.849
20260406222258    116   1590.0   1605.0   20.0     49.3   1172.3   1179.3   0.755
20260406222258    117   1505.0   1520.0   20.0     43.8    894.1    886.6   0.716
20260406222258    118    780.0    830.0   20.0     52.0    913.7   1027.3   0.765
20260406222258    118    875.0    890.0   20.0    216.1   1025.7   1324.6   0.769
20260406222258    120    660.0    685.0   20.0    118.1    878.2    878.5   0.785
20260406222258    122     90.0    130.0   20.0    108.4    877.4   1225.2   0.842
20260406222258    123     75.0     90.0   20.0     39.9    847.1    848.3   0.765
20260406222258    123   1700.0   1715.0   20.0    214.5    867.7   1179.5   0.838
20260406222258    123   1765.0   1780.0   20.0     24.1   1168.3   1188.9   0.836
20260406222258    124      0.0     10.0   20.0     86.7      0.0   1046.8   0.793
20260406222258    124     50.0     70.0   20.0    105.2   1039.2    935.0   0.781
20260406222258    124    360.0    375.0   20.0     35.1   1060.1   1111.0   0.824
20260406222258    125     25.0     40.0   20.0     51.0    865.0    864.6   0.669
20260406222258    125    200.0    220.0   20.0    166.8    869.1   1214.9   0.914
20260406222258    126    250.0    265.0   20.0     26.3    902.6    935.0   0.750
20260406222258    126   1155.0   1170.0   20.0     31.3   1031.0   1075.1   0.758
20260406222258    126   1420.0   1435.0   20.0    119.5   1046.7    930.5   0.775
20260406222258    127    330.0    345.0   20.0     57.3    877.0    879.3   0.774
20260406222258    127   1125.0   1140.0   20.0    117.3    888.4    893.0   0.790
20260406222258    127   1505.0   1520.0   20.0    111.0    901.2   1070.0   0.825
20260406222258    127   1565.0   1580.0   20.0     32.3   1166.1   1153.0   0.672
20260406222258    127   1655.0   1670.0   20.0    107.4   1176.2    891.0   0.930
20260406222258    130     25.0     50.0   20.0     54.2    879.0    878.3   0.744
20260406222258    130    505.0    520.0   20.0     20.6    894.4    928.8   0.828
20260406222258    130    570.0    585.0   20.0     50.2    995.5    976.2   0.882
20260406222258    130    630.0    665.0   20.0     37.1    973.6   1022.6   0.823
20260406222258    130    870.0    890.0   20.0    108.8   1067.3    893.6   0.876
20260406222258    130    970.0   1065.0   20.0    128.3    896.0    899.3   0.831
20260406222258    132   1025.0   1040.0   20.0     22.6    916.1    912.9   0.511
20260406222258    132   1090.0   1105.0   20.0     69.2    908.9    977.4   0.725
20260406222258    132   1220.0   1230.0   20.0     26.2   1013.3   1017.8   0.424
20260406222258    132   1385.0   1400.0   20.0    141.7   1055.3   1320.0   0.802
20260406222258    135    235.0    250.0   20.0     94.1   1069.7   1181.9   0.771
20260406222258    136   1225.0   1245.0   20.0     66.9    894.5    895.5   0.752
20260406222258    137    940.0    955.0   20.0     34.7   1102.4   1147.8   0.845
20260406222258    138    615.0    625.0   20.0     21.9   1317.0   1299.1   0.717
20260406222258    138   1055.0   1100.0   20.0     27.6   1340.2   1324.9   0.597
20260406222258    138   1150.0   1165.0   20.0     20.9   1325.9   1325.5   0.777
20260406222258    138   1435.0   1450.0   20.0     57.5   1345.2   1335.6   0.637
20260406222258    139    685.0    735.0   20.0    108.6    883.7   1239.2   0.827
20260406222258    139   1770.0   1785.0   20.0     32.0   1261.5   1281.3   0.774
20260406222258    141    505.0    565.0   20.0     76.6    886.3   1150.8   0.825
20260406222258    141    625.0    675.0   20.0     70.3   1147.9    885.4   0.960
20260406222258    141   1565.0   1580.0   20.0     35.7    906.5    897.8   0.581
20260406222258    141   1750.0   1765.0   20.0     22.6    897.5    896.5   0.655
20260406222258    142    255.0    270.0   20.0     98.1    908.8   1126.4   0.879
20260406222258    143    765.0    785.0   20.0    152.9    885.7    882.9   0.884
20260406222258    143   1140.0   1170.0   20.0     97.8    900.7    885.1   0.909
20260406222258    145      0.0     40.0   20.0    309.9      0.0    938.1   0.748
20260406222258    145   1440.0   1450.0   20.0     21.1    951.6    954.8   0.418
20260406222258    146    110.0    140.0   20.0     54.1    899.9    963.9   0.850
20260406222258    146    215.0    230.0   20.0     27.3    980.4   1026.6   0.800
20260406222258    146    325.0    345.0   20.0    124.3   1040.5    903.7   0.829
20260406222258    147     30.0     45.0   20.0    102.0    889.4    888.1   0.845
20260406222258    147   1405.0   1435.0   20.0    155.8    908.9    906.6   0.817
20260406222258    149    640.0    670.0   20.0    143.7    956.6    956.6   0.804
20260406222258    150    240.0    260.0   20.0    197.7    917.9   1343.0   0.916
20260406222258    154    565.0    610.0   20.0     68.2    906.3    911.0   0.795
20260406222258    154   1105.0   1125.0   20.0     42.9    923.7    966.0   0.832
20260406222258    154   1170.0   1230.0   20.0     22.1    986.9   1016.9   0.726
20260406222258    154   1300.0   1310.0   20.0     20.4   1033.5   1075.7   0.624
20260406222258    154   1520.0   1550.0   20.0     28.5   1087.2   1104.0   0.872
20260406222258    154   1680.0   1735.0   20.0    119.8   1136.0   1003.5   0.904
20260406222258    158    200.0    215.0   20.0     27.1    905.9    963.3   0.693
20260406222258    158    345.0    360.0   20.0    109.9    995.7    898.1   0.769
20260406222258    158    730.0    790.0   20.0     87.5   1065.3   1053.4   0.768
20260406222258    158   1295.0   1310.0   20.0     44.8   1065.8   1088.7   0.777
20260406222258    160     65.0    110.0   20.0     42.6   1042.0   1107.0   0.779
20260406222258    160    150.0    170.0   20.0     23.0   1150.4    926.9   0.922
20260406222258    160    380.0    400.0   20.0     61.0    924.6    923.7   0.864
20260406222258    160    505.0    520.0   20.0    100.7    922.4   1281.3   0.911
20260406222258    160    900.0   1000.0   20.0     85.9   1376.9   1328.8   0.871
20260406222258    160   1080.0   1160.0   20.0     39.7   1311.8   1335.1   0.862
20260406222258    160   1205.0   1245.0   20.0     42.3   1343.7   1338.1   0.874
20260406222258    160   1280.0   1330.0   20.0     96.6   1349.0   1355.3   0.839
20260406222258    160   1450.0   1465.0   20.0     37.4   1373.8   1362.3   0.826
20260406222258    162     30.0     45.0   20.0     47.0   1593.1   1504.0   0.889
20260406222258    164    305.0    320.0   20.0     35.1    926.1    968.8   0.747
20260406222258    164    365.0    380.0   20.0     20.1    978.2    999.0   0.741
20260406222258    164    595.0    610.0   20.0     41.5   1018.7   1080.7   0.869
20260406222258    164    685.0    765.0   20.0    136.2   1094.1   1001.5   0.815
20260406222258    164    825.0    870.0   20.0     62.8   1015.9   1259.2   0.775
20260406222258    164   1140.0   1155.0   20.0     90.6   1316.0   1437.2   0.806
20260406222258    166    985.0   1005.0   20.0     50.7    947.5    919.7   0.765
20260406222258    167    635.0    650.0   20.0     40.5    916.2    964.8   0.735
20260406222258    168   1035.0   1050.0   20.0     47.4    963.2   1036.0   0.741
20260406222258    168   1295.0   1310.0   20.0     20.1   1049.9   1092.0   0.575
20260406222258    172      0.0     10.0   20.0     26.6      0.0   1025.3   0.769
20260406222258    172    165.0    190.0   20.0     66.6   1072.1    985.1   0.828
20260406222258    172    735.0    750.0   20.0     22.1   1051.4   1077.5   0.807
20260406222258    172   1155.0   1170.0   20.0     52.3   1059.3    953.0   0.770
20260406222258    173   1475.0   1530.0   20.0    239.9    915.8    915.4   0.830
20260406222258    175    230.0    255.0   20.0    169.5    916.9    918.3   0.842
20260406222258    175    390.0    425.0   20.0    196.6    918.5    918.9   0.840
20260406222258    175    830.0    850.0   20.0     75.2    925.3    925.5   0.822
20260406222258    176   1180.0   1205.0   20.0     36.2    948.9    946.5   0.803
20260406222258    177    665.0    705.0   20.0    195.7    936.5    936.7   0.802
20260406222258    177   1505.0   1540.0   20.0     72.6    942.1   1239.4   0.766
20260406222258    177   1590.0   1645.0   20.0    164.1   1278.4    940.4   0.828
20260406222258    178   1225.0   1245.0   20.0     86.3    973.3   1211.3   0.867
20260406222258    181   1130.0   1145.0   20.0     69.5    936.4    936.9   0.682
20260406222258    181   1745.0   1770.0   20.0     50.7    940.0    964.9   0.474
20260406222258    182    135.0    150.0   20.0     57.4    937.5    938.7   0.791
20260406222258    183    445.0    460.0   20.0     46.3    941.2    940.8   0.786
20260406222258    183   1040.0   1055.0   20.0    109.5    947.2    946.5   0.873
20260406222258    183   1680.0   1695.0   20.0     87.6    949.6   1193.5   0.903
20260406222258    183   1765.0   1780.0   20.0     36.3   1226.4   1282.4   0.907
20260406222258    186    180.0    195.0   20.0     38.9   1602.0   1537.5   0.817
20260406222258    186   1005.0   1055.0   20.0     25.4   1544.6   1551.1   0.940
20260406222258    187    515.0    535.0   20.0    103.6    939.1    940.5   0.768
20260406222258    188    645.0    715.0   20.0     52.9    969.6   1090.2   0.841
20260406222258    188    760.0    775.0   20.0     27.9   1090.8   1099.2   0.895
20260406222258    188    895.0    910.0   20.0     36.3   1098.9   1115.0   0.830
20260406222258    188    945.0    975.0   20.0     65.5   1130.3   1161.5   0.779
20260406222258    188   1090.0   1110.0   20.0    110.5   1207.7   1402.8   0.857
20260406222258    189    915.0    930.0   20.0     26.0    982.4    961.4   0.756
20260406222258    189    995.0   1045.0   20.0    129.7    963.2    959.0   0.807
20260406222258    189   1330.0   1345.0   20.0    211.0    979.4   1499.0   0.935
20260406222258    190    405.0    425.0   20.0     58.2   1416.7   1403.7   0.880
20260406222258    190   1560.0   1575.0   20.0     28.4   1476.3   1421.5   0.799
20260406222258    192     35.0     50.0   20.0     33.6    952.9   1001.2   0.841
20260406222258    192    150.0    165.0   20.0     79.1   1105.3    958.8   0.852
20260406222258    192    405.0    420.0   20.0     32.4    969.1   1004.4   0.752
20260406222258    192    735.0    750.0   20.0     35.7   1107.8   1119.6   0.692
20260406222258    192    840.0    855.0   20.0     21.0   1131.2   1173.5   0.771
20260406222258    192   1615.0   1630.0   20.0     20.7   1256.5   1279.6   0.811
20260406222258    194    155.0    170.0   20.0    204.5    964.0   1376.0   0.911
20260406222258    196    705.0    720.0   20.0     32.1    972.1   1008.0   0.736
20260406222258    196    805.0    820.0   20.0     57.8   1025.1   1074.8   0.697
20260406222258    196    875.0    890.0   20.0     41.1   1084.1   1133.0   0.692
20260406222258    196   1140.0   1175.0   20.0     84.2   1094.7   1251.3   0.823
20260406222258    196   1255.0   1270.0   20.0     89.2   1254.3    986.9   0.962
20260406222258    198   1510.0   1525.0   20.0     28.1   1846.4   1766.3   0.888
20260406222258    199   1675.0   1690.0   20.0     46.3   1049.4   1049.0   0.823
20260406222258    202     15.0     80.0   20.0     71.8   1026.3   1040.0   0.873
20260406222258    202    165.0    180.0   20.0     30.0   1081.3   1141.9   0.803
20260406222258    202    270.0    285.0   20.0     42.2   1201.8   1225.3   0.616
20260406222258    203    515.0    560.0   20.0    294.2    959.1    962.0   0.870
20260406222258    203   1600.0   1620.0   20.0     78.5    965.2    965.7   0.778
20260406222258    204     30.0     45.0   20.0     70.5   1081.0    976.0   0.847
20260406222258    204    995.0   1010.0   20.0     41.9    982.1   1030.8   0.748
20260406222258    204   1420.0   1435.0   20.0     20.9   1158.8   1171.8   0.746
20260406222258    204   1605.0   1620.0   20.0     21.6   1100.5   1149.2   0.843
20260406222258    206    480.0    590.0   20.0     53.9   1435.8   1484.5   0.863
20260406222258    206    700.0    715.0   20.0     36.5   1477.0   1499.9   0.815
20260406222258    206    780.0    835.0   20.0     27.8   1493.9   1565.8   0.907
20260406222258    206    925.0    990.0   20.0     29.8   1516.3   1510.1   0.869
20260406222258    207    460.0    475.0   20.0     75.0    982.8    981.4   0.766
20260406222258    207    515.0    575.0   20.0     49.8    981.4   1219.5   0.778
20260406222258    207    610.0    625.0   20.0     92.0   1258.2   1285.6   0.884
20260406222258    207    665.0    760.0   20.0     46.6   1291.8   1057.1   0.927
20260406222258    208    100.0    125.0   20.0    134.5    995.1   1281.7   0.873
20260406222258    209    430.0    445.0   20.0     42.7    983.4    974.4   0.740
20260406222258    209   1290.0   1305.0   20.0     33.2    982.2   1026.2   0.764
20260406222258    209   1400.0   1415.0   20.0     82.4   1032.7    981.8   0.782
20260406222258    210    265.0    285.0   20.0    109.5    998.5    999.4   0.812
20260406222258    210    360.0    375.0   20.0     91.4   1001.1   1000.6   0.774
20260406222258    211   1685.0   1700.0   20.0     65.6    992.4    993.7   0.748
20260406222258    213    535.0    550.0   20.0     60.0    990.9    991.0   0.731
20260406222258    215    750.0    805.0   20.0    245.8    995.4    995.4   0.792
20260406222258    220      0.0    130.0   20.0     40.1      0.0   1664.0   0.883
20260406222258    220    255.0    270.0   20.0     25.1   1642.5   1670.3   0.831
20260406222258    220    595.0    610.0   20.0     20.3   1651.7   1675.9   0.746
20260406222258    221    960.0    980.0   20.0    193.4   1003.7   1005.8   0.839
20260406222258    221   1485.0   1535.0   20.0    210.8   1003.8   1005.5   0.764
20260406222258    222    265.0    280.0   20.0     43.3   1041.3   1121.8   0.718
20260406222258    222    350.0    365.0   20.0     26.5   1142.5   1193.5   0.793
20260406222258    222    430.0    475.0   20.0     80.9   1231.1   1347.8   0.806
20260406222258    222   1170.0   1190.0   20.0     46.5   1191.0   1389.3   0.793
20260406222258    222   1430.0   1445.0   20.0     23.3   1391.5   1408.5   0.777
20260406222258    225   1150.0   1165.0   20.0     36.5   1022.5   1022.5   0.497
20260406222258    225   1605.0   1635.0   20.0    172.8   1027.4   1024.3   0.822
20260406222258    225   1670.0   1690.0   20.0     95.2   1029.7   1027.5   0.872
20260406222258    228    175.0    190.0   20.0     56.7   1157.6   1203.0   0.787
20260406222258    231    945.0    960.0   20.0    172.4   1123.6   1474.6   0.939
20260406222258    232   1535.0   1550.0   20.0     40.1   1551.4   1603.0   0.747
20260406222258    235    165.0    180.0   20.0     30.0   1050.4   1050.4   0.794
20260406222258    235    580.0    610.0   20.0    130.2   1054.3   1052.3   0.793
20260406222258    235   1340.0   1480.0   20.0    130.1   1052.0   1050.6   0.899
20260406222258    235   1735.0   1775.0   20.0    187.3   1093.0   1442.9   0.862
20260406222258    236   1715.0   1730.0   20.0     21.6   1563.4   1544.4   0.615
20260406222258    237   1505.0   1525.0   20.0    332.0   1047.8   1042.1   0.806
20260406222258    237   1775.0   1790.0   20.0     50.3   1042.6   1108.6   0.840
20260406222258    238   1155.0   1205.0   20.0     35.5   1432.5   1523.6   0.883
20260406222258    240    415.0    430.0   20.0     26.4   1176.0   1217.3   0.919
20260406222258    240    530.0    610.0   20.0    118.8   1218.2   1072.4   0.835
20260406222258    241     60.0     80.0   20.0    156.7   1054.9   1053.2   0.844
20260406222258    241    745.0    765.0   20.0    128.1   1057.7   1060.0   0.866
20260406222258    245    785.0    800.0   20.0     74.3   1078.7   1081.2   0.766
20260406222258    245   1030.0   1045.0   20.0    162.5   1080.8   1447.6   0.838
20260406222258    247     75.0     90.0   20.0     86.8   1066.3   1066.7   0.625
20260406222258    248     25.0     65.0   20.0     69.9   1117.3   1214.5   0.767
20260406222258    248    135.0    150.0   20.0     28.2   1231.4   1269.8   0.775
20260406222258    248    580.0    595.0   20.0     20.8   1290.9   1315.8   0.741
20260406222258    248    880.0    900.0   20.0     57.6   1357.3   1347.5   0.931
20260406222258    248    965.0    980.0   20.0     20.9   1322.1   1322.9   0.731
20260406222258    248   1560.0   1575.0   20.0     40.9   1305.3   1332.4   0.755
20260406222258    248   1715.0   1730.0   20.0     43.0   1318.6   1364.7   0.774
20260406222258    253      0.0     50.0   20.0     59.3      0.0   1619.6   0.905
20260406222258    253     90.0    105.0   20.0     22.0   1636.4   1650.3   0.570
20260406222258    253    220.0    235.0   20.0     28.7   1725.5   1709.2   0.565
20260406222258    253    270.0    280.0   20.0     21.1   1711.5   1718.6   0.459
20260406222258    253    795.0    810.0   20.0     29.1   1731.0   1738.0   0.669
20260406222258    253    945.0    955.0   20.0     20.8   1734.5   1895.0   0.762
20260406222258    254     90.0    105.0   20.0     20.0   1589.1   1586.9   0.684
20260406222258    255   1125.0   1150.0   20.0    249.1   1115.3   1114.0   0.743
20260406222258    255   1505.0   1520.0   20.0     67.9   1111.7   1111.3   0.766
20260406222258    256     65.0     80.0   20.0     24.0   1260.2   1293.3   0.849
20260406222258    256    285.0    300.0   20.0     81.1   1260.5   1154.9   0.766
20260406222258    256    945.0    985.0   20.0     65.0   1191.1   1269.3   0.812
20260406222258    256   1130.0   1145.0   20.0    137.9   1265.4   1429.3   0.800
20260406225618      1   1700.0   1715.0   20.0     34.0   1039.4   1111.7   0.879
20260406225618      2    200.0    215.0   20.0     55.8   1016.6   1017.1   0.799
20260406225618      2    270.0    285.0   20.0     56.8   1018.7   1018.7   0.768
20260406225618      4    440.0    710.0   20.0    217.3   1015.4   1011.4   0.882
20260406225618      4   1235.0   1255.0   20.0    111.7   1016.0   1020.2   0.767
20260406225618      5   1240.0   1255.0   20.0     20.7   1015.7    997.2   0.683
20260406225618      5   1605.0   1620.0   20.0     25.9   1000.7   1001.1   0.487
20260406225618      7    650.0    665.0   20.0     20.2   1040.6   1039.7   0.627
20260406225618      7   1295.0   1305.0   20.0     24.1   1034.7   1039.0   0.449
20260406225618      7   1505.0   1555.0   20.0     94.2   1033.3   1033.1   0.769
20260406225618      8     60.0     75.0   20.0    205.4   1345.1    981.6   0.796
20260406225618      8    865.0    895.0   20.0    207.5   1000.7    986.7   0.809
20260406225618      8    985.0   1165.0   20.0    177.1    995.9    988.2   0.909
20260406225618      8   1495.0   1510.0   20.0     85.0    994.4   1140.1   0.770
20260406225618      8   1580.0   1745.0   20.0    136.1   1190.2   1191.2   0.895
20260406225618      9    315.0    330.0   20.0    102.4    990.9    986.0   0.657
20260406225618     11    230.0    265.0   20.0     36.1    964.7   1119.1   0.799
20260406225618     11    465.0    485.0   20.0     28.0   1106.4   1102.4   0.458
20260406225618     11    565.0    610.0   20.0     72.0   1116.4   1101.4   0.712
20260406225618     11    900.0    910.0   20.0     27.9   1156.6   1156.7   0.466
20260406225618     11   1095.0   1110.0   20.0     38.6   1164.9   1185.3   0.663
20260406225618     11   1160.0   1175.0   20.0     29.4   1167.4   1174.6   0.511
20260406225618     11   1380.0   1395.0   20.0     31.9   1159.8   1202.3   0.856
20260406225618     11   1505.0   1520.0   20.0     60.8   1231.2   1274.3   0.788
20260406225618     11   1570.0   1585.0   20.0     51.4   1284.2   1334.0   0.726
20260406225618     11   1635.0   1650.0   20.0     35.2   1348.3   1343.1   0.868
20260406225618     12    480.0    495.0   20.0     33.1    988.6   1068.9   0.766
20260406225618     12    550.0    665.0   20.0     39.6   1085.8   1094.8   0.779
20260406225618     12    795.0    810.0   20.0     62.4   1120.9   1133.2   0.692
20260406225618     12    845.0    865.0   20.0     66.3   1124.7   1152.0   0.797
20260406225618     12    965.0    980.0   20.0     74.8   1161.8   1270.3   0.786
20260406225618     13    120.0    140.0   20.0    236.1    968.4   1535.6   0.829
20260406225618     14   1590.0   1650.0   20.0     82.0   1011.8   1001.5   0.787
20260406225618     15   1615.0   1630.0   20.0    174.2    980.6    994.6   0.863
20260406225618     16    615.0    640.0   20.0    117.1    994.6    997.9   0.902
20260406225618     16   1475.0   1500.0   20.0     94.2   1003.2   1002.9   0.814
20260406225618     16   1785.0   1800.0   20.0     33.3    999.1   1043.4   0.746
20260406225618     17     65.0    105.0   20.0     44.2   1169.6   1230.5   0.873
20260406225618     17    150.0    165.0   20.0     35.4   1234.0   1269.0   0.656
20260406225618     17    265.0    275.0   20.0     21.6   1274.6   1307.6   0.732
20260406225618     17   1645.0   1660.0   20.0     21.8   1440.5   1469.3   0.805
20260406225618     19    335.0   1535.0   20.0    210.7    934.1   1410.8   0.870
20260406225618     19   1605.0   1800.0   20.0    128.0   1393.6   1317.4   0.892
20260406225618     21    100.0    110.0   20.0     30.1   1153.1   1152.9   0.447
20260406225618     21    250.0    265.0   20.0     62.8   1166.5   1366.5   0.842
20260406225618     21    325.0    340.0   20.0     62.8   1173.1   1181.8   0.811
20260406225618     21    385.0    405.0   20.0     49.2   1196.7   1298.3   0.862
20260406225618     21    715.0    730.0   20.0     22.0   1330.1   1333.9   0.879
20260406225618     21   1240.0   1255.0   20.0     36.0   1368.7   1354.2   0.955
20260406225618     21   1455.0   1470.0   20.0     21.2   1345.8   1346.4   0.824
20260406225618     25    840.0    890.0   20.0    112.9   1044.5   1044.9   0.925
20260406225618     26    340.0    395.0   20.0    153.1    964.0   1209.7   0.793
20260406225618     26    540.0    585.0   20.0     63.4   1210.4   1181.6   0.844
20260406225618     30     10.0     25.0   20.0     62.9    949.5   1228.3   0.842
20260406225618     30    100.0    115.0   20.0     42.6   1220.3   1267.1   0.817
20260406225618     30    310.0    325.0   20.0     27.3   1287.9   1342.7   0.868
20260406225618     30    710.0    760.0   20.0     85.6   1524.0   1486.5   0.850
20260406225618     30    840.0    910.0   20.0    215.5   1539.8   1526.4   0.833
20260406225618     31    860.0    875.0   20.0     29.6   1237.9   1279.0   0.794
20260406225618     32     35.0     50.0   20.0     44.5   1303.2   1077.4   0.923
20260406225618     32    180.0    195.0   20.0     45.1   1067.9   1020.9   0.749
20260406225618     33   1100.0   1135.0   20.0    198.8    955.1    959.9   0.888
20260406225618     34   1500.0   1560.0   20.0     31.8    966.4    948.2   0.792
20260406225618     34   1690.0   1705.0   20.0     51.7    948.3    950.0   0.738
20260406225618     35     65.0    110.0   20.0    226.3    928.6    926.7   0.830
20260406225618     35   1590.0   1605.0   20.0     27.7    956.3    942.0   0.716
20260406225618     36   1440.0   1470.0   20.0     76.6    972.6    969.4   0.794
20260406225618     37   1215.0   1285.0   20.0    141.3    945.7    953.4   0.867
20260406225618     39   1005.0   1020.0   20.0     50.2    915.9    909.8   0.696
20260406225618     40   1085.0   1145.0   20.0     21.7    946.7    947.8   0.891
20260406225618     40   1420.0   1435.0   20.0     21.7    951.8    943.3   0.872
20260406225618     43    495.0    510.0   20.0     62.9   1516.3   1525.2   0.495
20260406225618     43    545.0    700.0    7.1    180.0   1534.8   1531.5   0.801
20260406225618     43    765.0    775.0   20.0     36.7   1531.7   1538.5   0.601
20260406225618     43    810.0    820.0   20.0    279.9   1508.5   1502.8   0.593
20260406225618     43    880.0   1110.0   20.0    486.8   1569.4   1215.1   0.884
20260406225618     44    655.0    675.0   20.0    116.8    946.5    946.5   0.794
20260406225618     44    950.0    970.0   20.0     43.0    950.8    950.1   0.714
20260406225618     44   1095.0   1120.0   20.0     42.5    952.4    950.0   0.693
20260406225618     44   1320.0   1385.0   20.0    150.0    948.3    959.6   0.863
20260406225618     45   1185.0   1200.0   20.0     50.7    930.8    928.4   0.702
20260406225618     48    290.0    320.0   20.0    141.5    934.8    927.9   0.841
20260406225618     48   1635.0   1650.0   20.0     40.4    932.9    988.3   0.750
20260406225618     49    615.0    735.0   20.0     64.7    924.0   1285.9   0.816
20260406225618     49    970.0    985.0   20.0     24.0   1291.8   1316.0   0.490
20260406225618     50     70.0     85.0   20.0     28.5   1145.7   1173.9   0.844
20260406225618     52      0.0     15.0   20.0    246.6      0.0    914.8   0.602
20260406225618     52    605.0    625.0   20.0     88.4    933.5    934.0   0.770
20260406225618     52   1075.0   1215.0   20.0     36.0    940.9   1069.7   0.783
20260406225618     52   1425.0   1440.0   20.0     46.0   1183.4   1237.7   0.781
20260406225618     53    160.0    205.0   20.0    139.6    908.7   1315.1   0.859
20260406225618     54    200.0    215.0   20.0     23.8   1371.9   1423.3   0.793
20260406225618     55   1230.0   1250.0   20.0    138.0    921.4    922.4   0.812
20260406225618     56   1620.0   1650.0   20.0     42.8    974.9    976.5   0.829
20260406225618     57   1575.0   1595.0   20.0     64.4    931.5    928.1   0.753
20260406225618     57   1745.0   1755.0   20.0     31.2    934.7    925.6   0.529
20260406225618     58    970.0    995.0   20.0    207.2    925.4    930.8   0.913
20260406225618     59   1375.0   1390.0   20.0    121.6    918.0    920.6   0.835
20260406225618     60    410.0    425.0   20.0     43.2    916.1    916.7   0.765
20260406225618     61    595.0    615.0   20.0    119.4    911.1   1173.2   0.841
20260406225618     61    670.0    685.0   20.0     49.7   1186.4   1174.2   0.712
20260406225618     61    955.0    970.0   20.0     51.3   1154.3    912.6   0.909
20260406225618     62    155.0    235.0   20.0    179.4    895.0   1061.4   0.837
20260406225618     64     55.0     70.0   20.0     98.7   1413.8   1474.7   0.715
20260406225618     65   1010.0   1025.0   20.0    105.5    917.1   1099.9   0.903
20260406225618     67      5.0     20.0   20.0     67.5   1401.1   1477.8   0.831
20260406225618     69    305.0    325.0   20.0    148.0    917.0    899.3   0.866
20260406225618     70    885.0    900.0   20.0     23.5    916.2    958.7   0.729
20260406225618     70   1095.0   1110.0   20.0     23.1   1015.6   1009.5   0.852
20260406225618     71     20.0     40.0   20.0    193.1    894.1   1346.0   0.903
20260406225618     71    360.0    375.0   20.0     29.1   1384.4   1400.4   0.877
20260406225618     72   1285.0   1320.0   20.0     62.1    938.8   1258.6   0.779
20260406225618     72   1705.0   1720.0   20.0     30.6   1289.5   1353.9   0.799
20260406225618     76    505.0    520.0   20.0     33.9    924.2   1025.2   0.826
20260406225618     76    770.0    810.0   20.0     47.4   1192.3    927.4   0.873
20260406225618     76    890.0    905.0   20.0     40.8    924.3   1006.6   0.760
20260406225618     76    945.0    960.0   20.0    102.9   1019.9    926.9   0.796
20260406225618     77    210.0    230.0   20.0     63.4    904.6    906.5   0.829
20260406225618     79      0.0     15.0   20.0     51.8      0.0   1297.0   0.790
20260406225618     79   1050.0   1065.0   20.0     20.4   1246.4   1249.4   0.544
20260406225618     80    480.0    495.0   20.0     23.7    901.0    989.2   0.794
20260406225618     80    560.0    645.0   20.0     90.7    943.6    908.9   0.919
20260406225618     80    710.0    730.0   20.0    114.5    909.4   1243.8   0.824
20260406225618     80    920.0    940.0   20.0     86.5   1197.2   1192.0   0.910
20260406225618     81    515.0    565.0   20.0    218.9    889.9   1061.3   0.736
20260406225618     81    620.0    645.0   20.0     26.0   1087.8   1158.6   0.799
20260406225618     81   1040.0   1055.0   20.0     41.7   1164.1   1204.0   0.729
20260406225618     81   1555.0   1570.0   20.0     79.9   1207.5   1250.8   0.750
20260406225618     83    735.0    765.0   20.0     86.8    891.8    893.2   0.862
20260406225618     83   1330.0   1350.0   20.0     78.1    890.4    891.3   0.834
20260406225618     83   1775.0   1790.0   20.0     73.0    896.4    913.3   0.708
20260406225618     84    245.0    260.0   20.0     64.7    897.3    899.5   0.806
20260406225618     84   1070.0   1160.0   20.0     88.5    914.8   1086.5   0.835
20260406225618     84   1230.0   1250.0   20.0     56.0   1085.2   1080.1   0.846
20260406225618     84   1335.0   1350.0   20.0     28.3   1087.0   1129.4   0.721
20260406225618     84   1630.0   1645.0   20.0     44.0   1174.2   1166.2   0.755
20260406225618     85     65.0    120.0   20.0     26.3   1237.6   1235.7   0.909
20260406225618     85    695.0    710.0   20.0     24.2   1270.9   1259.7   0.587
20260406225618     85    795.0    810.0   20.0     22.8   1253.8   1245.4   0.720
20260406225618     85    945.0    960.0   20.0     21.0   1257.2   1252.9   0.824
20260406225618     85   1165.0   1190.0   20.0     41.8   1243.7   1250.3   0.679
20260406225618     86    485.0    500.0   20.0     33.6    903.6    954.9   0.737
20260406225618     86    535.0    550.0   20.0     38.0    982.2   1075.0   0.825
20260406225618     86    670.0    680.0   20.0     22.0   1095.9   1087.0   0.672
20260406225618     86    910.0    925.0   20.0     34.5   1096.5   1115.3   0.730
20260406225618     86   1300.0   1315.0   20.0     82.0   1135.2   1200.6   0.736
20260406225618     86   1450.0   1465.0   20.0     21.1   1246.0   1267.2   0.818
20260406225618     89    110.0    125.0   20.0    146.8    891.3    891.7   0.842
20260406225618     89   1745.0   1760.0   20.0     47.2    904.7    905.0   0.627
20260406225618     91    585.0    600.0   20.0     43.2    877.0    956.4   0.888
20260406225618     91    680.0    695.0   20.0     25.2    948.7   1027.3   0.592
20260406225618     91    740.0    775.0   20.0     22.6   1020.3   1033.5   0.719
20260406225618     92     95.0    110.0   20.0     32.4    879.4    914.8   0.737
20260406225618     92    230.0    245.0   20.0    123.8    946.6   1194.1   0.763
20260406225618     95    705.0    730.0   20.0    157.2    892.8    892.1   0.784
20260406225618     95   1415.0   1460.0   20.0     63.9    898.4   1040.1   0.855
20260406225618     95   1540.0   1580.0   20.0    150.2   1056.7    899.0   0.819
20260406225618     97   1030.0   1045.0   20.0     26.1    904.1    904.5   0.477
20260406225618     99    810.0    825.0   20.0     50.2    895.9    895.8   0.748
20260406225618    100    440.0    470.0   20.0    150.5    901.4    887.0   0.793
20260406225618    100    550.0    565.0   20.0    118.2    891.8    889.5   0.694
20260406225618    100    630.0    645.0   20.0     74.0    892.6    893.1   0.648
20260406225618    102   1330.0   1350.0   20.0     29.3    933.2    931.4   0.769
20260406225618    103    170.0    185.0   20.0     40.3   1073.3    897.9   0.886
20260406225618    103    680.0    780.0   20.0    123.4    899.8   1000.7   0.896
20260406225618    103    965.0   1005.0   20.0     91.7   1003.3    917.2   0.918
20260406225618    104    970.0    985.0   20.0     37.1    901.0    945.6   0.759
20260406225618    104   1025.0   1045.0   20.0     63.6    954.9    897.5   0.813
20260406225618    104   1350.0   1365.0   20.0     79.0    901.4    902.4   0.794
20260406225618    104   1460.0   1495.0   20.0    199.2    906.8   1303.9   0.889
20260406225618    105   1340.0   1355.0   20.0     29.4    908.2    921.7   0.588
20260406225618    105   1720.0   1735.0   20.0     51.2    953.6    920.8   0.629
20260406225618    107    360.0    375.0   20.0     85.6    870.2    871.7   0.678
20260406225618    107    720.0    735.0   20.0     36.3    875.0    877.4   0.705
20260406225618    108    575.0    595.0   20.0    143.0    906.6    908.8   0.863
20260406225618    108   1080.0   1095.0   20.0     50.1    907.1    907.7   0.792
20260406225618    109    380.0    405.0   20.0     65.0   1386.6   1418.6   0.833
20260406225618    109    480.0    495.0   20.0     64.3   1401.0   1468.7   0.810
20260406225618    111    965.0   1005.0   20.0    132.7    895.7   1204.8   0.859
20260406225618    111   1405.0   1420.0   20.0     36.3   1255.7   1258.5   0.433
20260406225618    111   1745.0   1760.0   20.0     27.3   1267.5   1295.6   0.858
20260406225618    112    240.0    255.0   20.0     32.0   1266.0   1282.0   0.863
20260406225618    112   1150.0   1165.0   20.0     26.6   1099.4   1105.5   0.705
20260406225618    112   1440.0   1455.0   20.0     27.8   1113.4   1120.8   0.940
20260406225618    113     80.0     95.0   20.0    149.7   1299.3   1450.5   0.789
20260406225618    114     20.0     60.0   20.0     28.9   1031.1   1016.1   0.823
20260406225618    114    200.0    215.0   20.0     31.7   1012.4   1005.4   0.620
20260406225618    114    585.0    600.0   20.0     20.0   1048.2   1074.1   0.819
20260406225618    114    735.0    750.0   20.0     24.6   1117.4   1140.8   0.728
20260406225618    114    900.0    915.0   20.0     30.2   1139.5   1183.8   0.796
20260406225618    115    540.0    555.0   20.0     58.5    881.1    881.5   0.832
20260406225618    115   1195.0   1210.0   20.0     52.8    887.7    949.5   0.792
20260406225618    115   1540.0   1635.0   20.0    105.9   1065.3    989.9   0.836
20260406225618    116    355.0    370.0   20.0     20.2   1065.8   1106.0   0.821
20260406225618    116    435.0    450.0   20.0     49.8   1115.7   1159.2   0.731
20260406225618    117   1280.0   1295.0   20.0     31.9    884.3    968.2   0.792
20260406225618    117   1330.0   1410.0   20.0     85.6    965.8   1033.3   0.768
20260406225618    117   1460.0   1475.0   20.0     41.9   1025.2   1082.5   0.649
20260406225618    117   1700.0   1715.0   20.0     29.9   1039.6   1124.2   0.858
20260406225618    118     60.0     75.0   20.0     49.9    893.5    964.7   0.767
20260406225618    118    205.0    295.0   20.0    231.4   1027.0    899.6   0.790
20260406225618    118    330.0    365.0   20.0    208.5    906.6   1359.3   0.845
20260406225618    119   1430.0   1445.0   20.0     39.5    881.3    882.8   0.760
20260406225618    121   1000.0   1015.0   20.0     61.0    892.2   1015.9   0.924
20260406225618    121   1085.0   1120.0   20.0     70.2   1116.2   1232.7   0.751
20260406225618    122     30.0     45.0   20.0     20.6   1036.0   1034.8   0.815
20260406225618    122    450.0    465.0   20.0     32.9   1154.6   1199.8   0.740
20260406225618    125     50.0     65.0   20.0    147.3   1290.0   1453.7   0.783
20260406225618    126    110.0    125.0   20.0     33.1    899.3    994.9   0.854
20260406225618    126    210.0    225.0   20.0    114.8   1051.3    916.2   0.777
20260406225618    126   1225.0   1240.0   20.0     35.5    927.5    968.5   0.820
20260406225618    126   1330.0   1345.0   20.0     48.2    969.7    984.5   0.912
20260406225618    126   1565.0   1580.0   20.0     26.3    991.4   1011.7   0.762
20260406225618    126   1635.0   1705.0   20.0    130.3   1014.8    957.5   0.890
20260406225618    127    470.0    575.0   20.0    152.0    899.5   1175.7   0.770
20260406225618    127    635.0    645.0   20.0     20.4   1188.3   1184.9   0.596
20260406225618    127    680.0    695.0   20.0     32.1   1218.3   1275.2   0.793
20260406225618    127    765.0    820.0   20.0     26.2   1278.1   1312.5   0.749
20260406225618    127   1115.0   1130.0   20.0     31.5   1324.3   1335.5   0.768
20260406225618    127   1235.0   1250.0   20.0     25.7   1342.1   1354.5   0.609
20260406225618    127   1520.0   1535.0   20.0     30.8   1334.0   1372.2   0.747
20260406225618    130    505.0    520.0   20.0     32.7    910.1    955.4   0.747
20260406225618    130    930.0    945.0   20.0     56.9   1000.5   1053.0   0.930
20260406225618    130   1325.0   1340.0   20.0    143.0   1020.5   1134.5   0.798
20260406225618    132     15.0     75.0   20.0    108.3    891.9   1042.5   0.761
20260406225618    132    290.0    305.0   20.0     58.1   1043.9   1065.9   0.898
20260406225618    135    580.0    595.0   20.0     26.3    918.2    971.2   0.817
20260406225618    135    645.0    660.0   20.0     98.0   1019.4    918.6   0.812
20260406225618    138    365.0    380.0   20.0     66.7   1297.1   1271.9   0.703
20260406225618    138    525.0    540.0   20.0     21.8   1300.9   1322.3   0.737
20260406225618    138    985.0   1000.0   20.0     24.4   1399.0   1423.0   0.811
20260406225618    139    960.0   1015.0   20.0    123.6    890.9    911.6   0.881
20260406225618    139   1170.0   1185.0   20.0    169.7    899.7   1224.9   0.861
20260406225618    141   1395.0   1410.0   20.0     57.0    900.6    901.1   0.636
20260406225618    142     90.0    145.0   20.0     52.5   1005.0    924.9   0.873
20260406225618    142    255.0    330.0   20.0     66.3    922.4   1350.3   0.831
20260406225618    145   1495.0   1510.0   20.0    150.3    974.7   1269.6   0.803
20260406225618    147    750.0    765.0   20.0     64.1    910.0    909.1   0.722
20260406225618    149    400.0    415.0   20.0     34.5    957.2    992.1   0.783
20260406225618    149    450.0    465.0   20.0     59.1   1000.6    957.1   0.723
20260406225618    150     25.0     40.0   20.0     45.1   1434.0   1443.5   0.843
20260406225618    154    420.0    435.0   20.0     42.8   1245.3   1222.3   0.812
20260406225618    154   1125.0   1140.0   20.0     71.0   1184.4   1263.3   0.794
20260406225618    155    435.0    450.0   20.0     28.0    892.1    959.3   0.746
20260406225618    155    535.0    550.0   20.0     41.1    995.2   1012.4   0.533
20260406225618    155    620.0    635.0   20.0     44.0   1017.9   1028.4   0.792
20260406225618    155    715.0    730.0   20.0     28.4   1042.3   1046.1   0.632
20260406225618    155    840.0    880.0   20.0     52.3   1037.6   1140.6   0.833
20260406225618    155   1150.0   1165.0   20.0     27.3   1255.8    897.3   0.945
20260406225618    158    875.0    890.0   20.0     33.7   1334.1   1381.6   0.803
20260406225618    160    455.0    510.0   20.0    139.1    928.5   1224.2   0.935
20260406225618    161   1100.0   1115.0   20.0     72.5    965.8    924.6   0.817
20260406225618    162     65.0    105.0   20.0     65.8   1523.6   1567.3   0.912
20260406225618    163    140.0    155.0   20.0     42.1    963.8    962.6   0.745
20260406225618    163   1285.0   1325.0   20.0     58.6    961.6    963.9   0.797
20260406225618    164    475.0    495.0   20.0    198.3    936.1   1520.6   0.899
20260406225618    166    120.0    135.0   20.0     36.2    913.5    955.8   0.742
20260406225618    166    300.0    315.0   20.0     21.3    985.2   1007.4   0.631
20260406225618    166    550.0    570.0   20.0     31.9   1070.0   1156.8   0.755
20260406225618    166    955.0    970.0   20.0     28.8   1164.7   1167.9   0.470
20260406225618    168    825.0    840.0   20.0     26.8   1035.5   1044.8   0.663
20260406225618    168    915.0    930.0   20.0     55.3   1075.3   1157.5   0.678
20260406225618    169    175.0    205.0   20.0    172.0    928.2   1244.4   0.738
20260406225618    170    880.0    895.0   20.0     47.9    927.2    926.9   0.628
20260406225618    172      0.0    140.0   20.0     68.6      0.0   1177.5   0.889
20260406225618    172    210.0    225.0   20.0     52.6   1166.8   1282.9   0.849
20260406225618    175     10.0     30.0   20.0    120.0    916.5    917.4   0.880
20260406225618    175   1390.0   1410.0   20.0    350.4    959.6   1130.0   0.801
20260406225618    176   1400.0   1420.0   20.0     79.9    958.1    955.5   0.792
20260406225618    177   1275.0   1290.0   20.0     28.1    952.0    947.0   0.601
20260406225618    178   1745.0   1780.0   20.0     49.6    961.1   1123.1   0.898
20260406225618    180      0.0     15.0   20.0     39.2      0.0   1328.3   0.829
20260406225618    181    635.0    650.0   18.4     50.7    941.5   1012.0   0.767
20260406225618    181    715.0    730.0   20.0     39.3   1033.5   1082.8   0.528
20260406225618    181    865.0    915.0   20.0    118.5   1093.3   1399.7   0.853
20260406225618    182    760.0    840.0   20.0     44.8    955.7   1157.1   0.822
20260406225618    182    920.0    935.0   20.0     20.8   1118.6   1142.0   0.778
20260406225618    182   1140.0   1155.0   20.0     46.3   1172.5   1236.9   0.744
20260406225618    182   1420.0   1435.0   20.0     99.1   1304.5   1422.1   0.753
20260406225618    183   1390.0   1410.0   20.0    120.5    958.3    960.3   0.842
20260406225618    185   1295.0   1310.0   20.0     76.1    938.3    943.9   0.733
20260406225618    185   1635.0   1660.0   20.0    258.9    948.2    942.1   0.837
20260406225618    187   1295.0   1310.0   20.0     25.9    978.9    954.3   0.782
20260406225618    188    130.0    150.0   20.0     54.2    969.5    971.0   0.776
20260406225618    188    545.0    560.0   20.0    143.5    977.8   1308.1   0.850
20260406225618    188    635.0    650.0   20.0     27.1   1271.3   1287.3   0.661
20260406225618    188   1360.0   1380.0   20.0     50.3   1323.2   1378.8   0.917
20260406225618    189    240.0    270.0   20.0     59.0    965.4   1373.4   0.904
20260406225618    190    120.0    160.0   20.0     83.9   1475.3   1440.3   0.846
20260406225618    190    335.0    350.0   20.0     74.5   1439.9   1431.6   0.758
20260406225618    190    970.0    985.0   20.0     38.8   1424.2   1435.9   0.620
20260406225618    191   1035.0   1050.0   20.0     21.7    972.4    970.9   0.745
20260406225618    192     10.0     40.0   20.0     94.3    957.1   1347.6   0.759
20260406225618    193    470.0    485.0   20.0     20.1    968.0    971.3   0.501
20260406225618    193   1155.0   1170.0   20.0    122.1    973.5    973.0   0.706
20260406225618    195   1045.0   1060.0   20.0     25.4    971.0   1011.9   0.834
20260406225618    195   1100.0   1135.0   20.0     51.0   1009.2   1127.6   0.876
20260406225618    195   1185.0   1220.0   20.0     53.4   1128.2   1147.3   0.586
20260406225618    195   1275.0   1290.0   20.0     36.0   1163.5   1196.2   0.613
20260406225618    195   1410.0   1425.0   20.0     23.5   1310.6   1305.1   0.781
20260406225618    196    110.0    145.0   20.0     72.4    963.1    968.3   0.748
20260406225618    196    245.0    260.0   20.0     42.6    970.4    971.9   0.704
20260406225618    196    295.0    310.0   20.0     39.3    972.0    971.5   0.735
20260406225618    196   1315.0   1330.0   20.0     37.7    977.5   1017.5   0.776
20260406225618    196   1435.0   1450.0   20.0     54.6   1035.9   1195.3   0.848
20260406225618    198      0.0   1800.0   20.0    136.8      0.0   1856.8   0.948
20260406225618    199     55.0    100.0   20.0    101.4   1050.0   1049.0   0.802
20260406225618    203    610.0    680.0   20.0    112.7   1015.6    970.1   0.853
20260406225618    203   1295.0   1330.0   20.0    240.9    969.9    970.4   0.827
20260406225618    205    550.0    580.0   20.0    134.2    991.1    992.8   0.832
20260406225618    205    925.0    955.0   20.0     60.2    995.0   1002.9   0.789
20260406225618    207    505.0    525.0   20.0    176.6    988.5   1474.1   0.910
20260406225618    208    265.0    280.0   20.0    132.9   1013.9   1301.9   0.827
20260406225618    209   1635.0   1660.0   20.0    159.0   1000.2   1395.1   0.858
20260406225618    210    155.0    175.0   20.0     78.4   1000.1    999.0   0.796
20260406225618    210   1595.0   1610.0   20.0     56.2   1010.6   1073.4   0.719
20260406225618    210   1735.0   1750.0   20.0     24.0   1122.3   1134.9   0.813
20260406225618    211    550.0    610.0   20.0    155.1    997.3    995.7   0.854
20260406225618    211    750.0    765.0   20.0     59.1    995.0    996.5   0.681
20260406225618    211   1075.0   1090.0   20.0     34.8    996.7    997.9   0.671
20260406225618    213   1530.0   1545.0   20.0     26.6    999.9   1004.4   0.792
20260406225618    215    275.0    330.0   20.0     56.2    997.3   1000.0   0.779
20260406225618    217    250.0    270.0   20.0     31.2   1013.4   1016.1   0.762
20260406225618    221    970.0    985.0   20.0    114.9   1011.0   1017.1   0.792
20260406225618    222    405.0    420.0   20.0     45.9   1063.0   1128.1   0.743
20260406225618    222    505.0    520.0   20.0     86.2   1187.6   1054.4   0.828
20260406225618    225     80.0    100.0   20.0    117.4   1020.9   1021.0   0.852
20260406225618    225    315.0    345.0   20.0    266.2   1028.8   1027.6   0.833
20260406225618    226      5.0     20.0   20.0     55.6   1120.7   1170.4   0.770
20260406225618    226    110.0    130.0   20.0    198.7   1183.6   1116.6   0.819
20260406225618    227    515.0    545.0   20.0     42.1   1016.1   1167.7   0.875
20260406225618    227    585.0    610.0   20.0     40.2   1204.6   1221.7   0.864
20260406225618    227    850.0    865.0   20.0    292.7   1431.6   1022.3   0.813
20260406225618    228   1180.0   1195.0   20.0     23.7   1368.8   1432.4   0.790
20260406225618    229    480.0    515.0   20.0    135.3   1045.1   1067.0   0.939
20260406225618    230     50.0     95.0   20.0     90.9    428.2    385.2   0.893
20260406225618    231    370.0    390.0   20.0    104.3   1126.1   1128.5   0.781
20260406225618    231    990.0   1025.0   20.0     98.5   1127.4   1125.8   0.886
20260406225618    232    495.0    510.0   20.0     23.5   1584.8   1584.7   0.577
20260406225618    233    780.0    795.0   20.0    254.8   1043.0   1525.4   0.833
20260406225618    235    365.0    515.0   20.0    167.4   1052.6   1051.7   0.900
20260406225618    237     45.0    125.0   20.0     62.7   1043.9   1211.3   0.758
20260406225618    237    185.0    200.0   20.0     33.0   1242.8   1213.4   0.769
20260406225618    237    235.0    280.0   20.0     23.0   1216.3   1266.9   0.784
20260406225618    237    575.0    590.0   20.0     52.0   1286.7   1427.5   0.769
20260406225618    237    665.0    680.0   20.0     23.6   1410.8   1422.0   0.726
20260406225618    238    120.0    135.0   20.0     40.5   1292.8   1304.6   0.557
20260406225618    238    350.0    365.0   20.0     83.7   1292.3   1346.9   0.735
20260406225618    240     45.0     60.0   20.0     51.5   1073.1   1128.5   0.742
20260406225618    240    265.0    280.0   20.0     54.9   1321.2   1304.0   0.808
20260406225618    240    690.0    710.0   20.0     57.4   1319.8   1424.8   0.796
20260406225618    240   1045.0   1060.0   20.0     33.8   1083.1   1134.8   0.763
20260406225618    240   1265.0   1280.0   20.0     27.8   1169.5   1213.3   0.755
20260406225618    240   1390.0   1410.0   20.0     53.3   1276.9   1313.4   0.619
20260406225618    240   1585.0   1605.0   20.0     38.0   1307.3   1326.1   0.702
20260406225618    240   1735.0   1750.0   20.0     33.5   1319.1   1337.8   0.702
20260406225618    241      5.0     20.0   20.0     64.8   1054.9   1055.5   0.687
20260406225618    241    245.0    260.0   20.0     56.9   1063.0   1065.2   0.790
20260406225618    243     35.0     50.0   20.0     72.9   1062.4   1062.9   0.846
20260406225618    244   1210.0   1225.0   20.0     35.8   1460.4   1459.3   0.415
20260406225618    245    505.0    520.0   20.0     34.8   1075.7   1074.5   0.868
20260406225618    245    635.0    655.0   20.0     52.7   1074.5   1142.8   0.824
20260406225618    245    775.0    790.0   20.0     26.5   1187.8   1144.8   0.839
20260406225618    245    855.0    870.0   20.0     83.7   1183.4   1073.4   0.747
20260406225618    245   1340.0   1355.0   20.0     26.4   1071.0   1072.2   0.629
20260406225618    247   1140.0   1230.0   20.0    191.2   1074.5   1071.2   0.870
20260406225618    247   1435.0   1450.0   20.0     80.3   1068.2   1070.6   0.733
20260406225618    248     20.0     35.0   20.0    107.3   1314.1   1152.9   0.893
20260406225618    248    775.0    790.0   20.0     22.2   1160.4   1191.1   0.733
20260406225618    248    830.0    845.0   20.0     80.7   1204.7   1159.7   0.740
20260406225618    249    175.0    195.0   20.0    123.8   1085.8   1088.0   0.755
20260406225618    249   1560.0   1630.0   20.0     49.1   1084.3   1371.7   0.824
20260406225618    249   1745.0   1760.0   20.0     34.0   1454.2   1461.6   0.521
20260406225618    255   1645.0   1720.0   20.0    151.4   1120.8   1605.7   0.833
20260406225618    256   1625.0   1640.0   20.0     21.8   1181.4   1211.5   0.821
20260406225618    256   1725.0   1740.0   20.0    135.7   1242.5   1184.7   0.862
20260406232937      1    955.0    995.0   20.0     43.0   1024.8   1299.3   0.851
20260406232937      1   1220.0   1235.0   20.0     32.0   1314.6   1307.9   0.790
20260406232937      1   1335.0   1350.0   20.0     86.5   1297.5   1022.5   0.909
20260406232937      1   1760.0   1775.0   20.0     32.3   1031.7   1046.8   0.742
20260406232937      2   1525.0   1540.0   20.0     23.0   1038.8   1038.0   0.628
20260406232937      3    780.0    800.0   20.0    126.2   1217.4   1197.5   0.857
20260406232937      3   1130.0   1185.0   20.0    108.1   1211.9   1247.8   0.849
20260406232937      3   1485.0   1520.0   20.0     33.1   1258.9   1234.9   0.909
20260406232937      3   1565.0   1580.0   20.0     26.7   1400.0   1317.7   0.841
20260406232937      3   1615.0   1710.0   20.0     51.0   1329.1   1493.7   0.806
20260406232937      3   1755.0   1770.0   20.0    147.3   1406.0   1099.1   0.889
20260406232937      5    520.0    535.0   20.0     29.0   1001.6    999.7   0.507
20260406232937      5   1390.0   1410.0   20.0    106.1   1002.6    998.3   0.802
20260406232937      5   1635.0   1650.0   20.0     54.0    998.2    997.3   0.777
20260406232937      6     30.0     45.0   20.0     20.2   1494.5   1469.3   0.572
20260406232937      6    205.0    220.0   20.0     24.9   1534.1   1533.2   0.898
20260406232937      8     15.0     35.0   20.0    107.7    994.2   1206.2   0.899
20260406232937      8     75.0     90.0   20.0     21.1   1215.0   1208.1   0.592
20260406232937      8    130.0    185.0   20.0     46.0   1205.6   1262.3   0.669
20260406232937      8    220.0    245.0   20.0     86.7   1255.2   1311.1   0.908
20260406232937      8    280.0    335.0   20.0     45.8   1284.9   1319.9   0.780
20260406232937      8    415.0    475.0   20.0     43.2   1342.9   1368.0   0.692
20260406232937      8    530.0    545.0   20.0     29.9   1417.2   1386.5   0.704
20260406232937      8    620.0    635.0   20.0     21.3   1393.1   1399.4   0.683
20260406232937      8    685.0    700.0   20.0     98.9   1413.8   1480.5   0.773
20260406232937      8    950.0    970.0   20.0     30.2   1388.1    994.3   0.928
20260406232937      9    745.0    760.0   20.0     33.0    993.7    992.9   0.552
20260406232937     11    815.0    830.0   20.0     70.9   1456.6   1453.6   0.822
20260406232937     11    935.0    950.0   20.0     28.5   1457.5   1465.8   0.865
20260406232937     11   1000.0   1180.0   20.0    134.2   1464.6   1473.5   0.885
20260406232937     11   1235.0   1305.0   20.0     83.5   1470.7   1466.6   0.865
20260406232937     11   1345.0   1410.0   20.0     88.1   1469.0   1457.4   0.903
20260406232937     11   1495.0   1520.0   20.0     66.4   1455.7   1450.6   0.849
20260406232937     11   1570.0   1585.0   20.0     73.4   1454.6   1453.9   0.875
20260406232937     11   1790.0   1800.0   20.0     48.9   1453.0   1451.5   0.858
20260406232937     12     90.0    105.0   20.0    106.6   1104.7    992.0   0.836
20260406232937     14     80.0    105.0   20.0    179.9    977.2    975.0   0.773
20260406232937     14    295.0    315.0   20.0    199.3    976.1    981.4   0.879
20260406232937     15    325.0    340.0   20.0     75.0    982.0    982.0   0.790
20260406232937     16    650.0    665.0   20.0     47.1   1020.5    996.7   0.468
20260406232937     16    870.0    885.0   20.0     23.8    997.9    995.9   0.493
20260406232937     19      0.0     25.0   20.0    186.7      0.0    935.2   0.808
20260406232937     19   1295.0   1310.0   20.0     48.7    934.9    933.2   0.739
20260406232937     22    320.0    390.0   20.0     33.5    968.8   1083.1   0.829
20260406232937     22    460.0    475.0   20.0     52.4   1089.3   1163.5   0.809
20260406232937     22    735.0    755.0   20.0     49.2   1173.3   1295.7   0.817
20260406232937     22   1485.0   1525.0   20.0     75.2    965.0    964.4   0.733
20260406232937     25    585.0    600.0   20.0    110.4   1027.3   1027.8   0.770
20260406232937     26    115.0    175.0   20.0     39.8    967.3   1086.4   0.828
20260406232937     26    640.0    655.0   20.0     60.8   1156.7   1211.3   0.749
20260406232937     30     75.0     90.0   20.0     35.9   1066.6   1112.2   0.769
20260406232937     31    520.0    535.0   20.0    195.7    972.6   1261.3   0.576
20260406232937     32    995.0   1020.0   20.0     47.9    970.3    971.4   0.819
20260406232937     34    170.0    190.0   20.0     39.9    942.4    937.7   0.744
20260406232937     34   1525.0   1545.0   20.0     63.2    959.8    956.7   0.750
20260406232937     35     95.0    120.0   20.0     54.0    931.4    932.0   0.746
20260406232937     35    770.0    780.0   20.0     20.3    936.1    935.9   0.430
20260406232937     35   1590.0   1610.0   20.0     69.6    959.6    962.3   0.764
20260406232937     36    660.0    675.0   20.0     61.0    950.6   1052.7   0.713
20260406232937     36    805.0    820.0   20.0    170.6   1066.2   1313.1   0.763
20260406232937     37   1385.0   1400.0   20.0    135.8    946.4    944.5   0.676
20260406232937     37   1500.0   1515.0   20.0     31.4    941.3    978.1   0.735
20260406232937     39    400.0    460.0   20.0     61.3    910.4    910.4   0.756
20260406232937     39    705.0    740.0   20.0    112.7    914.0    911.8   0.798
20260406232937     40    150.0    195.0   20.0     66.7    927.1    925.5   0.836
20260406232937     40    275.0    290.0   20.0    143.1    926.4   1218.5   0.843
20260406232937     43    335.0    350.0   20.0     31.7   1360.0   1339.3   0.510
20260406232937     43   1610.0   1635.0   20.0     65.6   1420.5   1453.4   0.795
20260406232937     44    830.0    845.0   20.0     40.4    966.1    956.0   0.738
20260406232937     44   1290.0   1305.0   20.0     47.1    954.5   1052.1   0.816
20260406232937     44   1575.0   1610.0   20.0     24.6   1103.5   1183.4   0.852
20260406232937     45    260.0    310.0   20.0     65.9    946.2   1111.6   0.745
20260406232937     45    370.0    440.0   20.0     41.7   1098.0   1082.3   0.780
20260406232937     45    505.0    650.0   20.0     61.8   1099.9   1241.5   0.766
20260406232937     45    685.0    735.0   20.0     29.6   1191.5   1187.8   0.838
20260406232937     49    135.0    150.0   20.0    142.7    915.4   1324.3   0.869
20260406232937     49    205.0    220.0   20.0     83.4   1361.9    914.6   0.960
20260406232937     50      5.0     20.0   20.0     29.0    931.4   1003.6   0.892
20260406232937     50     55.0     80.0   20.0     82.6   1027.5   1127.7   0.729
20260406232937     50    365.0    380.0   20.0     21.9   1170.6   1057.3   0.954
20260406232937     50    610.0    635.0   20.0     30.3   1230.3   1292.7   0.897
20260406232937     52    845.0    860.0   20.0     65.0    943.9   1087.7   0.855
20260406232937     52   1185.0   1235.0   20.0     34.6   1227.2    940.8   0.907
20260406232937     52   1525.0   1540.0   20.0     30.0    939.2    973.6   0.703
20260406232937     52   1585.0   1600.0   20.0     43.4    979.8    935.3   0.750
20260406232937     55   1065.0   1185.0   20.0     65.4    918.3   1074.0   0.838
20260406232937     55   1235.0   1250.0   20.0     27.2   1089.9   1148.1   0.875
20260406232937     55   1300.0   1315.0   20.0     23.5   1114.6   1122.9   0.626
20260406232937     55   1540.0   1555.0   20.0     23.7   1155.7   1249.5   0.824
20260406232937     60   1080.0   1140.0   20.0     92.3    925.8    926.6   0.804
20260406232937     61      0.0     15.0   20.0     54.2      0.0    905.2   0.710
20260406232937     61    195.0    215.0   20.0    220.1    922.2   1280.8   0.896
20260406232937     61    265.0    340.0   20.0     25.7   1288.8   1264.0   0.527
20260406232937     61    385.0    400.0   20.0     89.3   1285.9   1298.6   0.884
20260406232937     61    440.0    455.0   20.0     73.4   1315.8   1446.3   0.800
20260406232937     61    550.0    565.0   20.0     65.0   1523.3   1490.1   0.457
20260406232937     61    665.0    685.0   20.0     41.2   1533.1   1448.3   0.681
20260406232937     61   1035.0   1075.0   20.0    315.8   1330.8   1348.0   0.843
20260406232937     61   1140.0   1180.0   20.0    199.1   1378.0   1288.1   0.533
20260406232937     61   1230.0   1240.0   20.0     24.6   1294.5   1308.4   0.405
20260406232937     61   1280.0   1305.0   20.0     57.1   1298.1   1321.6   0.632
20260406232937     61   1340.0   1700.0   20.0    256.2   1429.3   1212.9   0.881
20260406232937     61   1735.0   1750.0   20.0    257.3   1205.7   1527.7   0.751
20260406232937     65     70.0     85.0   20.0     36.4    951.0    902.0   0.771
20260406232937     65   1440.0   1450.0   20.0     20.1    910.7    909.4   0.612
20260406232937     65   1500.0   1515.0   20.0     57.4    909.9    908.8   0.752
20260406232937     69    155.0    190.0   20.0     64.2    903.3    926.4   0.855
20260406232937     70     65.0     80.0   20.0     27.4   1034.7   1042.2   0.666
20260406232937     70    135.0    150.0   20.0     39.1   1028.9   1097.1   0.832
20260406232937     70    195.0    210.0   20.0     20.2   1098.0   1126.7   0.799
20260406232937     71     90.0    105.0   20.0    128.0    896.9   1330.6   0.838
20260406232937     71    260.0    315.0    8.0     88.4   1380.4   1405.5   0.571
20260406232937     71    495.0    505.0   20.0     30.3   1458.3   1450.9   0.705
20260406232937     71    550.0    560.0   20.0    105.4   1369.6   1460.9   0.690
20260406232937     71    605.0    660.0   20.0    158.9   1361.0   1392.6   0.710
20260406232937     71    710.0    845.0   20.0     95.8   1388.8   1434.7   0.905
20260406232937     71    955.0    985.0   20.0     64.3   1435.8   1431.1   0.898
20260406232937     71   1405.0   1425.0   20.0     55.8   1448.1   1419.0   0.883
20260406232937     71   1495.0   1510.0   20.0     77.6   1420.3   1421.9   0.812
20260406232937     71   1545.0   1590.0   20.0     68.3   1419.5   1419.9   0.860
20260406232937     71   1690.0   1710.0   20.0     73.1   1420.7   1420.4   0.843
20260406232937     72     85.0    100.0   20.0     28.2    906.6    950.6   0.754
20260406232937     72    285.0    300.0   20.0     68.5   1070.1    909.3   0.798
20260406232937     72    380.0    410.0   20.0     92.3    912.5   1335.4   0.911
20260406232937     72   1325.0   1340.0   20.0     26.7   1389.5   1415.2   0.883
20260406232937     75    240.0    255.0   20.0     24.2   1206.5   1169.6   0.845
20260406232937     76   1065.0   1080.0   20.0     90.1    998.7    948.6   0.784
20260406232937     76   1350.0   1365.0   20.0     31.4    936.2    933.2   0.729
20260406232937     77    605.0    645.0   20.0    177.5    925.3    921.6   0.790
20260406232937     77    685.0    700.0   20.0     44.2    939.1    912.4   0.798
20260406232937     79    475.0    490.0   20.0     46.5    938.1   1000.0   0.827
20260406232937     79    590.0    605.0   20.0     47.2   1009.5   1040.4   0.828
20260406232937     79    890.0    905.0   20.0     43.1   1095.9   1111.5   0.688
20260406232937     79    960.0    975.0   20.0     25.8   1147.1   1167.1   0.495
20260406232937     79   1320.0   1350.0   20.0    109.3   1176.7   1193.2   0.833
20260406232937     80      0.0     20.0   20.0    207.4      0.0   1271.9   0.755
20260406232937     80     65.0     80.0   20.0     20.5   1304.2   1316.3   0.858
20260406232937     80    530.0    545.0   20.0     40.1   1293.9   1291.2   0.605
20260406232937     81    685.0    700.0   20.0     20.2    927.8    927.6   0.686
20260406232937     81    925.0    940.0   20.0     28.0    917.7    916.0   0.770
20260406232937     81   1075.0   1090.0   20.0     96.7    915.3   1131.8   0.761
20260406232937     81   1145.0   1165.0   20.0     38.3   1073.0    938.3   0.883
20260406232937     81   1640.0   1750.0   20.0     89.2    900.8    904.7   0.925
20260406232937     83   1475.0   1490.0   20.0     26.0    889.5    928.1   0.798
20260406232937     83   1620.0   1675.0   20.0     73.9   1082.5   1082.7   0.883
20260406232937     83   1755.0   1775.0   20.0     33.9   1053.1   1067.9   0.869
20260406232937     85    195.0    210.0   20.0     66.2   1338.7   1327.6   0.762
20260406232937     85    355.0    370.0   20.0     52.3   1205.6   1242.0   0.852
20260406232937     85    555.0    570.0   20.0     24.6   1215.2   1234.1   0.806
20260406232937     86    350.0    365.0   20.0     29.5   1035.8   1082.6   0.804
20260406232937     86    465.0    480.0   20.0     96.5   1046.2   1119.5   0.701
20260406232937     87    215.0    300.0   20.0     33.5   1058.8   1085.8   0.730
20260406232937     87    375.0    485.0   20.0     80.4   1096.2    881.6   0.916
20260406232937     87   1585.0   1600.0   14.3     48.1    884.0    886.4   0.553
20260406232937     91     10.0     25.0   20.0     77.8    868.2    869.2   0.801
20260406232937     91    475.0    490.0   20.0     36.9    911.4    937.9   0.836
20260406232937     91   1710.0   1730.0   20.0     61.6   1229.9   1235.2   0.908
20260406232937     91   1785.0   1800.0   20.0     48.7   1248.7   1254.1   0.552
20260406232937     92    605.0    640.0   20.0     67.0    893.8    897.9   0.779
20260406232937     92   1030.0   1045.0   20.0     24.2    896.5    944.5   0.735
20260406232937     92   1165.0   1180.0   20.0     61.5   1014.6    963.5   0.760
20260406232937     92   1610.0   1625.0   20.0     22.4    958.2    980.5   0.665
20260406232937     95   1600.0   1615.0   20.0     82.6    901.8    901.4   0.776
20260406232937     97    710.0    740.0   20.0    141.6    928.4    929.6   0.818
20260406232937     97    840.0    855.0   20.0     71.5    930.7    929.9   0.864
20260406232937     99   1705.0   1725.0   20.0     60.9    896.6   1030.3   0.767
20260406232937    100    245.0    260.0   20.0     41.8    888.7    943.9   0.747
20260406232937    100    500.0    515.0   20.0     23.4   1008.6   1053.4   0.712
20260406232937    100    610.0    625.0   20.0    139.3   1110.2   1299.6   0.765
20260406232937    101    485.0    500.0   20.0     20.2   1353.1   1402.9   0.949
20260406232937    102    700.0    715.0   20.0     61.5   1069.0   1180.7   0.787
20260406232937    102    965.0    980.0   20.0     21.3   1129.2   1161.2   0.789
20260406232937    103    485.0    500.0   20.0     22.3   1253.5   1284.5   0.673
20260406232937    104    490.0    505.0   20.0     24.5    931.7    927.7   0.761
20260406232937    104   1390.0   1405.0   20.0     39.7    978.3   1213.0   0.930
20260406232937    104   1695.0   1710.0   20.0     21.2   1141.3   1164.6   0.839
20260406232937    105   1635.0   1650.0   20.0     27.0    889.4    886.2   0.738
20260406232937    107     95.0    140.0   20.0    252.7    870.5    872.9   0.774
20260406232937    107    780.0    795.0   20.0     50.5    877.9    878.1   0.739
20260406232937    108    540.0    570.0   20.0    184.8    908.3    908.0   0.763
20260406232937    115    250.0    280.0   20.0     36.1    881.3    883.9   0.826
20260406232937    116     35.0     50.0   20.0     26.9   1101.2   1079.3   0.537
20260406232937    116    165.0    180.0   20.0     27.7   1097.4   1126.7   0.552
20260406232937    116    235.0    250.0   20.0     24.1   1141.7   1141.5   0.639
20260406232937    116    480.0    495.0   20.0     21.2   1186.2   1202.7   0.512
20260406232937    117   1640.0   1655.0   20.0     45.2    887.2    944.6   0.746
20260406232937    117   1720.0   1735.0   20.0     75.4    999.1    884.0   0.888
20260406232937    119   1540.0   1570.0   20.0    187.3    883.0    887.5   0.857
20260406232937    120    340.0    385.0   20.0     64.6    891.6    903.7   0.787
20260406232937    120   1450.0   1465.0   20.0     43.4    908.2    959.6   0.779
20260406232937    120   1525.0   1540.0   20.0     71.6    963.0   1005.0   0.735
20260406232937    121    305.0    325.0   20.0     39.1   1387.7   1048.7   0.870
20260406232937    121    725.0    740.0   20.0     46.3    893.8    893.1   0.727
20260406232937    122    325.0    340.0   20.0    100.6   1042.1    905.5   0.813
20260406232937    123   1290.0   1305.0   20.0     50.4    869.2    868.5   0.752
20260406232937    123   1425.0   1440.0   20.0     22.6    870.0    868.4   0.836
20260406232937    125     85.0    100.0   20.0     47.0   1434.6   1458.7   0.667
20260406232937    127    200.0    215.0   20.0     27.9   1019.0   1202.4   0.878
20260406232937    129    370.0    385.0   20.0     65.7    871.4    873.0   0.716
20260406232937    130   1200.0   1230.0   20.0     30.2    917.7   1030.6   0.795
20260406232937    130   1440.0   1485.0   20.0     67.4   1043.9   1225.3   0.893
20260406232937    130   1580.0   1595.0   20.0     82.2   1207.5   1318.2   0.730
20260406232937    131    280.0    295.0   20.0     62.0    889.5    890.0   0.768
20260406232937    133    330.0    345.0   20.0     55.4    892.5    892.3   0.774
20260406232937    133   1430.0   1440.0   16.7     25.8    913.4    922.2   0.502
20260406232937    135    275.0    300.0   20.0     52.5    913.9    914.6   0.771
20260406232937    138    245.0    260.0   20.0     43.8   1393.3   1390.3   0.889
20260406232937    141    310.0    335.0   20.0    211.7    895.4    900.6   0.798
20260406232937    141    635.0    650.0   20.0     35.6    899.8    980.1   0.853
20260406232937    141    690.0    705.0   20.0     72.3   1008.0   1076.7   0.817
20260406232937    141   1440.0   1455.0   20.0     27.7   1212.6   1213.5   0.849
20260406232937    142      0.0     15.0   20.0     22.8      0.0   1149.5   0.824
20260406232937    142    605.0    620.0   20.0     29.1   1217.8   1308.6   0.740
20260406232937    143     15.0     35.0   20.0     97.9    884.0    883.6   0.890
20260406232937    146   1530.0   1550.0   20.0     59.9    926.8    927.3   0.746
20260406232937    149    645.0    660.0   20.0     63.5    961.1    961.8   0.727
20260406232937    151     90.0    105.0   20.0     43.7    938.7    988.7   0.796
20260406232937    151    290.0    310.0   20.0    146.0   1006.6   1051.0   0.789
20260406232937    151    390.0    405.0   20.0     83.9   1056.4    980.1   0.733
20260406232937    155   1035.0   1090.0   20.0     42.3    901.3   1084.0   0.863
20260406232937    155   1130.0   1145.0   20.0    133.6   1102.8    912.9   0.818
20260406232937    157      0.0     10.0   20.0     34.9      0.0    965.5   0.735
20260406232937    157    410.0    425.0   20.0    140.4   1091.8    917.4   0.831
20260406232937    160    545.0    560.0   20.0     41.9    933.1    989.0   0.753
20260406232937    160    600.0    635.0   20.0     37.7   1017.1   1034.1   0.687
20260406232937    160    760.0    775.0   20.0     21.8   1042.5   1104.1   0.827
20260406232937    160    835.0    850.0   20.0     32.0   1193.1   1215.2   0.724
20260406232937    162     10.0     25.0   20.0     27.3   1638.2   1560.1   0.816
20260406232937    162    125.0    160.0   20.0     70.3   1531.4   1583.3   0.901
20260406232937    162    650.0    675.0   20.0     36.9   1560.8   1560.5   0.917
20260406232937    162    885.0    915.0   20.0     38.1   1554.2   1556.0   0.900
20260406232937    162   1055.0   1085.0   20.0     35.0   1543.5   1550.4   0.870
20260406232937    162   1195.0   1240.0   20.0     40.1   1546.2   1552.6   0.907
20260406232937    162   1520.0   1535.0   20.0     40.4   1547.7   1628.9   0.853
20260406232937    163   1305.0   1320.0   20.0     37.2    936.4    930.4   0.664
20260406232937    164     30.0     50.0   20.0     39.7    931.4   1013.1   0.766
20260406232937    164    135.0    170.0   20.0     64.5   1047.0   1175.9   0.737
20260406232937    164    270.0    285.0   20.0     38.7   1131.6    998.2   0.745
20260406232937    164    460.0    550.0   20.0     41.0    944.9   1186.4   0.819
20260406232937    164    590.0    655.0   20.0    190.4   1244.3    942.2   0.893
20260406232937    164   1600.0   1620.0   20.0     52.9    939.2   1000.2   0.848
20260406232937    165    405.0    425.0   20.0     52.6    925.5    926.7   0.759
20260406232937    165   1615.0   1650.0   20.0     94.1    929.0    932.0   0.786
20260406232937    166    140.0    205.0   20.0     48.7   1052.3   1239.2   0.789
20260406232937    166    245.0    265.0   20.0    204.9   1266.7   1154.3   0.708
20260406232937    167   1725.0   1745.0   20.0    175.8    924.7    923.7   0.833
20260406232937    168   1320.0   1335.0   20.0     32.3   1192.2   1175.7   0.595
20260406232937    170   1030.0   1045.0   20.0     36.1    929.2    979.9   0.751
20260406232937    170   1130.0   1150.0   20.0     39.2    994.9    990.5   0.880
20260406232937    170   1225.0   1240.0   20.0     43.0    991.0    931.9   0.742
20260406232937    172   1440.0   1455.0   20.0     28.6   1407.5   1483.8   0.837
20260406232937    173     30.0     45.0   20.0    252.1    908.3    908.7   0.788
20260406232937    175   1660.0   1695.0   20.0    163.6    932.5    931.8   0.861
20260406232937    175   1780.0   1800.0   20.0    185.9    934.0   1295.1   0.838
20260406232937    176    260.0    275.0   20.0     39.6    954.8   1004.2   0.743
20260406232937    176    315.0    325.0   20.0     20.0   1062.6   1120.2   0.718
20260406232937    176    430.0    445.0   20.0     59.3   1139.8   1214.0   0.793
20260406232937    176    725.0    740.0   20.0     28.1   1298.5   1369.2   0.830
20260406232937    177   1530.0   1690.0   20.0    226.7    946.0   1003.8   0.944
20260406232937    177   1785.0   1800.0   20.0     26.9   1085.3   1058.5   0.859
20260406232937    178    370.0    410.0   20.0     25.5   1072.3   1132.5   0.722
20260406232937    178    460.0    475.0   20.0     34.7   1112.2   1191.6   0.818
20260406232937    178    510.0    525.0   20.0     43.7   1204.9   1256.0   0.739
20260406232937    178    705.0    720.0   20.0     20.5   1288.3   1284.1   0.779
20260406232937    178    830.0    845.0   20.0     35.7   1245.7    964.9   0.941
20260406232937    178   1025.0   1045.0   20.0     42.3    961.1   1027.5   0.752
20260406232937    178   1105.0   1120.0   20.0     67.9   1040.2    957.3   0.761
20260406232937    181    350.0    380.0   20.0     52.6    948.3   1334.7   0.894
20260406232937    181    760.0    775.0   20.0     21.5   1381.4   1391.0   0.792
20260406232937    181    850.0    865.0   20.0     35.4   1385.5   1461.7   0.730
20260406232937    181   1030.0   1040.0   20.0     22.6   1392.6   1231.8   0.597
20260406232937    182     10.0     25.0   20.0     79.2    947.9    948.5   0.647
20260406232937    183    300.0    315.0   20.0     20.7    954.7    989.3   0.585
20260406232937    183    405.0    420.0   20.0     47.7   1132.0   1134.7   0.718
20260406232937    183    570.0    585.0   20.0     31.3   1174.1   1176.9   0.616
20260406232937    183    690.0    710.0   20.0     75.1   1342.0   1370.3   0.827
20260406232937    185   1075.0   1100.0   20.0     62.5    937.0    938.8   0.826
20260406232937    186    845.0    860.0   20.0     43.7   1058.5   1099.4   0.789
20260406232937    186   1350.0   1365.0   20.0     29.7   1112.5   1197.7   0.907
20260406232937    186   1430.0   1445.0   20.0     36.6   1207.7   1186.4   0.449
20260406232937    189    150.0    165.0   20.0     34.8   1307.8   1360.2   0.723
20260406232937    189    550.0    580.0   20.0     71.0   1451.0   1482.6   0.861
20260406232937    189    735.0    750.0   20.0     25.8   1481.5   1474.7   0.862
20260406232937    192     40.0     55.0   20.0     40.4    965.2   1026.9   0.750
20260406232937    192    370.0    425.0   20.0     33.0   1040.1   1284.6   0.863
20260406232937    192    520.0    535.0   20.0     21.4   1246.3   1223.6   0.832
20260406232937    192    885.0    900.0   20.0     27.1   1149.2   1199.2   0.787
20260406232937    192   1400.0   1415.0   20.0     34.9    990.6   1030.1   0.749
20260406232937    192   1585.0   1600.0   20.0     86.3   1050.1    991.9   0.567
20260406232937    193    315.0    330.0   20.0     21.9   1089.3   1084.1   0.798
20260406232937    193   1020.0   1035.0   20.0     39.0   1146.3   1149.5   0.782
20260406232937    193   1075.0   1090.0   20.0     27.1   1152.0   1148.4   0.876
20260406232937    193   1530.0   1590.0   20.0    198.8   1172.6   1445.6   0.868
20260406232937    195      0.0     10.0   20.0     20.9      0.0   1319.6   0.475
20260406232937    196     50.0     65.0   20.0     38.9    971.5   1019.0   0.733
20260406232937    196    385.0    440.0   20.0    203.3   1076.0    979.2   0.925
20260406232937    196    635.0    670.0   20.0    179.4    986.5   1354.1   0.903
20260406232937    198     55.0     70.0   20.0     23.1   1882.0   1887.6   0.697
20260406232937    202   1540.0   1555.0   20.0     23.4   1523.0   1523.1   0.774
20260406232937    203    230.0    255.0   20.0    198.6    970.1    971.7   0.866
20260406232937    205    745.0    765.0   20.0     40.1    995.3    994.9   0.882
20260406232937    206   1210.0   1230.0   20.0     79.9   1558.9   1558.1   0.892
20260406232937    208    160.0    175.0   20.0     21.4   1273.6   1314.8   0.822
20260406232937    208    630.0    820.0   20.0    142.3   1572.0   1504.5   0.862
20260406232937    208    875.0    890.0   20.0    102.8   1512.9   1721.9   0.838
20260406232937    209     55.0    130.0   20.0    199.7    979.2    983.9   0.839
20260406232937    209    530.0    555.0   20.0    107.9    987.8    987.3   0.771
20260406232937    211    120.0    160.0   20.0    340.1    989.6   1002.3   0.841
20260406232937    211    380.0    405.0   20.0    108.8   1029.7   1028.0   0.805
20260406232937    211    840.0    855.0   20.0     20.5   1025.7   1001.8   0.712
20260406232937    211   1610.0   1625.0   20.0     20.6    998.7    999.0   0.649
20260406232937    215    380.0    430.0   20.0    218.5   1019.8   1015.4   0.753
20260406232937    218     90.0    110.0   20.0     57.8   1216.7   1095.3   0.897
20260406232937    221     25.0     40.0   20.0    120.9   1006.0   1006.1   0.701
20260406232937    221    740.0    755.0   20.0     48.8   1015.0   1014.7   0.650
20260406232937    221   1545.0   1560.0   20.0     24.4   1010.8   1016.2   0.480
20260406232937    222    100.0    155.0   20.0    122.9   1048.3   1219.2   0.796
20260406232937    222    870.0    885.0   20.0     36.1   1422.7   1459.8   0.813
20260406232937    223    515.0    530.0   20.0     38.0   1091.4   1088.3   0.458
20260406232937    223    905.0    920.0   20.0     28.2   1097.4   1089.6   0.532
20260406232937    225     45.0     95.0   20.0     71.4   1395.1   1502.0   0.897
20260406232937    225    135.0    160.0   20.0     91.1   1345.8   1031.7   0.933
20260406232937    225    490.0    545.0   20.0    134.0   1038.2   1354.9   0.817
20260406232937    225    630.0    645.0   20.0     26.9   1383.4   1376.1   0.768
20260406232937    225   1100.0   1130.0   20.0     92.6   1383.8   1420.5   0.853
20260406232937    225   1370.0   1385.0   20.0     21.5   1390.1   1407.3   0.617
20260406232937    226    320.0    335.0   20.0     68.8   1119.5   1119.1   0.767
20260406232937    226    805.0    820.0   20.0     53.7   1113.7   1113.7   0.809
20260406232937    227    280.0    295.0   20.0     72.4   1018.5   1018.1   0.756
20260406232937    227    410.0    425.0   20.0     84.0   1021.1   1163.4   0.858
20260406232937    227    500.0    525.0   20.0     27.2   1189.7   1201.1   0.823
20260406232937    227    615.0    630.0   20.0    304.9   1239.9   1501.6   0.753
20260406232937    229    765.0    780.0   20.0     27.2   1061.2   1049.3   0.555
20260406232937    230    185.0    200.0   20.0     21.9    427.2    440.6   0.759
20260406232937    230    600.0    615.0   20.0     27.9    521.9    407.1   0.845
20260406232937    240     40.0     55.0   20.0     67.6   1076.3   1152.9   0.746
20260406232937    240    155.0    170.0   20.0     37.6   1186.1   1200.3   0.793
20260406232937    240    210.0    225.0   20.0     75.6   1202.1   1229.2   0.781
20260406232937    240    490.0    540.0   20.0     66.3   1252.4   1308.6   0.812
20260406232937    241    235.0    255.0   20.0     84.7   1069.1   1069.7   0.875
20260406232937    243    170.0    210.0   20.0    129.9   1068.9   1069.6   0.826
20260406232937    243    375.0    395.0   20.0     71.2   1073.6   1075.7   0.762
20260406232937    243    670.0    685.0   20.0     76.6   1104.4   1073.9   0.750
20260406232937    243   1330.0   1360.0   20.0     92.7   1071.6   1064.9   0.813
20260406232937    245     25.0     45.0   20.0     80.6   1076.0   1074.9   0.870
20260406232937    247    610.0    635.0   20.0    140.9   1079.1   1077.4   0.830
20260406232937    247   1240.0   1290.0   20.0    266.2   1070.3   1069.2   0.822
20260406232937    248     75.0    150.0   20.0    305.0   1143.7   1679.3   0.849
20260406232937    249    130.0    160.0   20.0     85.9   1382.8   1408.5   0.819
20260406232937    249    200.0    215.0   20.0     50.6   1461.6   1517.8   0.552
20260406232937    255    260.0    345.0   20.0    179.9   1124.5   1529.1   0.792
20260406232937    255    520.0    535.0   20.0    158.9   1508.5   1666.9   0.749
20260406232937    256    545.0    560.0   20.0     78.8   1171.4   1168.4   0.782
20260406232937    256   1175.0   1190.0   20.0     36.4   1187.5   1222.3   0.696
20260407000256      1    270.0    330.0   20.0     95.3   1011.6   1283.5   0.766
20260407000256      1    410.0    430.0   20.0    162.4   1331.9   1007.1   0.841
20260407000256      1    785.0    800.0   20.0     26.3   1038.1   1040.9   0.747
20260407000256      1   1425.0   1440.0   20.0     28.7   1061.5   1036.8   0.869
20260407000256      2   1180.0   1190.0   20.0     24.1   1029.8   1025.2   0.463
20260407000256      2   1235.0   1290.0   20.0    187.2   1143.6   1025.5   0.816
20260407000256      3   1025.0   1040.0   20.0     20.2   1068.6   1061.0   0.781
20260407000256      4    440.0    455.0   20.0     22.4   1015.5   1019.0   0.618
20260407000256      4    625.0    640.0   20.0     91.9   1017.6   1019.9   0.653
20260407000256      5    180.0    195.0   20.0     58.7    993.2    992.5   0.769
20260407000256      6    290.0    305.0   20.0     20.3   1048.6   1045.4   0.643
20260407000256      7    545.0    560.0   20.0     22.7    978.3   1066.5   0.837
20260407000256      7    675.0    730.0   20.0    184.4   1196.5   1278.7   0.754
20260407000256      8   1185.0   1200.0   20.0     84.0   1015.4   1196.1   0.823
20260407000256      8   1640.0   1655.0   20.0     22.4   1304.0   1295.1   0.598
20260407000256      9    635.0    650.0   20.0     57.9    990.3   1057.9   0.792
20260407000256      9    760.0    795.0   20.0    117.5   1089.9   1165.2   0.577
20260407000256      9    880.0    895.0   20.0     28.0   1172.8   1153.2   0.785
20260407000256      9    940.0    955.0   20.0     67.1   1157.0   1207.1   0.727
20260407000256      9   1030.0   1045.0   20.0     90.0   1216.0   1394.1   0.767
20260407000256     11     35.0     50.0   20.0     85.3   1441.4   1462.3   0.806
20260407000256     11   1275.0   1295.0   20.0     36.7   1477.9   1494.9   0.950
20260407000256     12    840.0    855.0   20.0    138.6   1092.9    999.4   0.772
20260407000256     14    335.0    350.0   20.0     78.4    982.2    987.5   0.696
20260407000256     14    860.0    885.0   20.0    213.4   1008.0    996.4   0.853
20260407000256     15   1170.0   1190.0   20.0     69.6    987.3   1009.0   0.740
20260407000256     16    660.0    675.0   20.0     30.3    996.1   1040.5   0.764
20260407000256     16    710.0    745.0   20.0    109.9   1070.9   1003.0   0.818
20260407000256     17   1500.0   1515.0   20.0     22.9   1021.6   1004.9   0.837
20260407000256     17   1615.0   1635.0   20.0     66.2   1019.9   1197.4   0.819
20260407000256     18   1655.0   1670.0   20.0     26.8   1182.0   1363.2   0.868
20260407000256     19    175.0    190.0   20.0     54.3    938.3    937.5   0.746
20260407000256     22      5.0     45.0   20.0     69.4    981.2   1198.5   0.762
20260407000256     22     80.0     95.0   20.0     29.0   1205.5   1233.2   0.822
20260407000256     22    225.0    240.0   20.0     20.4   1251.4   1284.5   0.771
20260407000256     25    455.0    485.0   20.0    144.5   1016.9   1020.1   0.863
20260407000256     25   1015.0   1030.0   20.0     21.7   1018.9   1016.0   0.469
20260407000256     26    745.0    760.0   20.0    228.6    969.9   1358.2   0.890
20260407000256     27    375.0    410.0   20.0    119.1    944.2    945.1   0.902
20260407000256     30    935.0    950.0   20.0     79.3   1011.8   1013.7   0.795
20260407000256     32   1010.0   1045.0   20.0     87.5    961.0    966.7   0.871
20260407000256     33    440.0    455.0   20.0     45.4    950.0   1058.3   0.754
20260407000256     33    560.0    575.0   20.0     77.6   1059.9   1051.6   0.837
20260407000256     33   1445.0   1460.0   20.0     23.0   1125.0   1068.8   0.800
20260407000256     34      0.0     15.0   20.0     49.4      0.0    940.7   0.763
20260407000256     34   1010.0   1025.0   20.0     36.4    988.9    983.1   0.649
20260407000256     34   1325.0   1340.0   20.0     50.3   1047.5    984.3   0.799
20260407000256     34   1455.0   1470.0   20.0     80.7    962.4    958.4   0.634
20260407000256     35    545.0    565.0   20.0     36.8   1014.5   1018.4   0.836
20260407000256     35    730.0    745.0   20.0    112.9   1044.2   1164.6   0.886
20260407000256     35   1045.0   1060.0   20.0     21.0   1243.4   1269.0   0.745
20260407000256     35   1110.0   1125.0   20.0     20.7   1261.5   1266.3   0.666
20260407000256     36    545.0    560.0   20.0     24.9    973.9    941.8   0.840
20260407000256     36    695.0    710.0   20.0     20.2    945.9    963.2   0.487
20260407000256     36   1180.0   1195.0   20.0    266.2    966.4   1437.8   0.836
20260407000256     37    585.0    600.0   20.0     22.2    959.5    957.4   0.767
20260407000256     38    960.0    975.0   20.0     59.6   1040.1   1039.2   0.823
20260407000256     38   1395.0   1410.0   20.0     24.1   1037.4   1044.5   0.626
20260407000256     42    970.0    985.0   20.0     36.5   1059.9   1119.9   0.779
20260407000256     42   1120.0   1135.0   20.0     88.7   1154.9   1369.3   0.901
20260407000256     44    560.0    575.0   20.0     26.2    948.0    981.6   0.733
20260407000256     44    630.0    645.0   20.0     26.9   1009.3   1107.3   0.767
20260407000256     44    725.0    740.0   20.0     22.2   1092.3   1080.4   0.581
20260407000256     44    780.0    805.0   20.0     99.9   1107.6   1146.5   0.790
20260407000256     44    875.0    895.0   20.0     27.9   1168.2   1227.7   0.656
20260407000256     45    670.0    690.0   20.0     70.9    939.9    945.0   0.871
20260407000256     45    895.0    910.0   20.0    202.0    947.5   1397.7   0.912
20260407000256     45   1230.0   1245.0   20.0     26.6   1342.1   1375.8   0.809
20260407000256     46    595.0    615.0   20.0     24.2   1432.4   1399.5   0.782
20260407000256     48   1070.0   1085.0   20.0     30.6    996.2   1001.9   0.658
20260407000256     48   1215.0   1230.0   20.0     77.0   1011.6   1030.4   0.621
20260407000256     49   1605.0   1665.0   20.0     62.3    969.6    926.7   0.762
20260407000256     50    295.0    315.0   20.0     28.9    948.8    949.6   0.809
20260407000256     50    795.0    850.0   20.0    174.4    961.1   1318.2   0.862
20260407000256     50   1440.0   1455.0   20.0     24.8   1319.5   1375.2   0.820
20260407000256     53     25.0     40.0   20.0     87.3   1365.0   1408.6   0.840
20260407000256     57    435.0    450.0   20.0     52.9    911.2   1038.0   0.684
20260407000256     57    550.0    610.0   20.0    207.1   1048.0   1371.1   0.811
20260407000256     57    820.0    910.0   20.0     42.0   1188.8    915.1   0.936
20260407000256     57    980.0    995.0   20.0     43.7    915.4    917.2   0.684
20260407000256     57   1640.0   1720.0   20.0    101.0    922.1   1176.9   0.791
20260407000256     57   1785.0   1800.0   20.0     58.7   1169.5   1132.0   0.724
20260407000256     59   1115.0   1130.0   20.0     22.0    927.6    930.5   0.656
20260407000256     59   1300.0   1315.0   20.0     23.1    927.8    930.6   0.520
20260407000256     61    205.0    285.0   20.0    102.2   1375.5   1455.1   0.721
20260407000256     61    450.0    460.0   16.7    148.8   1436.4   1472.9   0.534
20260407000256     61    495.0    510.0    8.3    229.7   1476.9   1511.8   0.577
20260407000256     61    575.0    985.0   20.0    571.7   1532.2   1293.5   0.857
20260407000256     61   1035.0   1065.0   20.0    431.1   1276.9   1317.4   0.845
20260407000256     61   1475.0   1540.0   20.0    440.5   1255.6   1448.8   0.811
20260407000256     62     25.0     40.0   20.0     38.1   1157.0   1179.0   0.683
20260407000256     64     10.0     25.0   20.0     85.8   1455.6   1502.9   0.770
20260407000256     69   1355.0   1380.0   20.0     70.9    929.2    930.0   0.854
20260407000256     70    555.0    570.0   20.0     91.6    909.5   1067.6   0.845
20260407000256     70    675.0    690.0   20.0     83.6   1049.2    952.2   0.769
20260407000256     70   1255.0   1270.0   20.0     23.5   1255.0   1273.7   0.771
20260407000256     71      0.0     60.0   20.0     91.9      0.0   1473.8   0.832
20260407000256     71    460.0    475.0   20.0     85.0   1405.9   1472.4   0.771
20260407000256     76    350.0    365.0   20.0     29.2    913.9    917.3   0.734
20260407000256     76   1045.0   1085.0   20.0     60.1    924.3   1117.2   0.775
20260407000256     76   1210.0   1250.0   20.0     63.2   1158.3   1179.9   0.849
20260407000256     76   1390.0   1405.0   20.0     23.3   1181.1   1182.4   0.771
20260407000256     76   1485.0   1500.0   20.0     66.1   1205.0   1247.0   0.808
20260407000256     76   1560.0   1575.0   20.0     20.3   1230.6   1237.1   0.693
20260407000256     76   1630.0   1645.0   20.0     33.2   1222.9   1228.5   0.707
20260407000256     76   1705.0   1760.0   20.0     43.5   1227.0   1278.8   0.760
20260407000256     77    690.0    705.0   20.0    163.4    924.5   1321.8   0.873
20260407000256     77   1090.0   1105.0   20.0     44.4   1347.9   1355.5   0.824
20260407000256     77   1690.0   1705.0   20.0     45.4   1338.6   1392.4   0.865
20260407000256     79     65.0     80.0   20.0     20.6   1143.2   1097.0   0.714
20260407000256     81   1065.0   1080.0   20.0    273.2    912.1   1288.6   0.793
20260407000256     86     90.0    115.0   20.0     44.2    910.8    910.6   0.760
20260407000256     86   1735.0   1755.0   20.0    210.4    922.1   1308.1   0.863
20260407000256     89    630.0    645.0   20.0     86.7    898.3   1075.1   0.820
20260407000256     89    705.0    720.0   20.0     41.3   1113.7   1109.2   0.629
20260407000256     89   1060.0   1075.0   20.0     23.2   1131.7   1137.2   0.730
20260407000256     89   1320.0   1340.0   20.0     86.0   1205.7   1371.1   0.932
20260407000256     91    800.0    815.0   20.0     27.5    886.1    888.1   0.679
20260407000256     91    865.0    880.0   20.0     21.1    888.2    886.4   0.599
20260407000256     91   1465.0   1595.0   20.0    209.9    890.9   1249.6   0.864
20260407000256     92    365.0    400.0   20.0     86.2    893.4    888.5   0.785
20260407000256     93    490.0    540.0   20.0     91.9    887.8   1152.2   0.804
20260407000256     93    630.0    665.0   20.0     23.9   1158.8   1184.4   0.790
20260407000256     93    885.0    935.0   20.0     36.7   1206.6    892.6   0.941
20260407000256     93   1270.0   1290.0   20.0     65.0    897.4    896.7   0.819
20260407000256     95    910.0    945.0   20.0     23.3    894.3    895.8   0.678
20260407000256     95   1645.0   1660.0   20.0     81.4    897.3    896.4   0.738
20260407000256     97    335.0    350.0   20.0     21.6    901.8    897.4   0.515
20260407000256     98    585.0    605.0   20.0     55.4    936.0    937.4   0.799
20260407000256     99    480.0    495.0   20.0     45.6    892.3    992.9   0.805
20260407000256     99    680.0    695.0   20.0     35.7   1066.3   1054.8   0.504
20260407000256     99    840.0    855.0   20.0     31.6   1092.1   1104.5   0.837
20260407000256     99   1725.0   1740.0   20.0     58.8    901.2    899.9   0.734
20260407000256    100   1160.0   1180.0   20.0     36.6    903.3    900.0   0.732
20260407000256    100   1235.0   1250.0   20.0     29.0    898.5    897.9   0.779
20260407000256    100   1405.0   1500.0   20.0     51.9    913.8   1271.3   0.861
20260407000256    100   1550.0   1565.0   20.0     24.2   1273.8   1260.7   0.758
20260407000256    100   1645.0   1660.0   20.0     47.3   1176.3    902.9   0.878
20260407000256    100   1760.0   1775.0   20.0     36.2    903.2    939.5   0.723
20260407000256    101    240.0    255.0   20.0    117.5   1350.8   1483.0   0.788
20260407000256    102    470.0    485.0   20.0     22.3   1096.8   1142.5   0.843
20260407000256    104    665.0    680.0   20.0    165.4    913.0   1322.7   0.938
20260407000256    105    990.0   1005.0   20.0    112.4    884.9   1179.3   0.865
20260407000256    105   1120.0   1165.0   20.0    128.3   1216.4    880.9   0.942
20260407000256    107     55.0     65.0   20.0     21.1    870.4    870.7   0.416
20260407000256    108    660.0    675.0   20.0     33.4    910.3    908.8   0.647
20260407000256    112    720.0    735.0   20.0     21.4   1155.8   1158.8   0.858
20260407000256    112   1460.0   1475.0   20.0     23.4   1242.9   1249.0   0.766
20260407000256    112   1685.0   1735.0   20.0     69.7   1266.6   1302.7   0.933
20260407000256    115    360.0    390.0   20.0     57.7    879.5    880.3   0.715
20260407000256    116    400.0    420.0   20.0     54.2    918.4    916.6   0.842
20260407000256    116    585.0    600.0   20.0     40.5    917.9    960.6   0.765
20260407000256    116    775.0    800.0   20.0     40.7   1040.5   1106.3   0.861
20260407000256    116    935.0    950.0   20.0     48.9   1151.7   1241.9   0.795
20260407000256    116   1310.0   1325.0   20.0     29.4   1234.2   1261.1   0.759
20260407000256    117   1020.0   1035.0   20.0     20.8    895.4    924.7   0.776
20260407000256    117   1185.0   1200.0   20.0     52.8    941.3    892.8   0.718
20260407000256    117   1350.0   1370.0   20.0     90.9    895.7    897.1   0.813
20260407000256    119    770.0    785.0   20.0     21.9    883.3    884.5   0.531
20260407000256    120     75.0     90.0   20.0     34.4    885.1    989.6   0.844
20260407000256    120    450.0    480.0   20.0     29.2   1033.3   1030.7   0.721
20260407000256    120    820.0    840.0   20.0     92.9   1126.2   1183.4   0.850
20260407000256    120   1595.0   1610.0   20.0     32.0   1198.1   1198.0   0.925
20260407000256    122    250.0    290.0   20.0    116.1    892.4   1202.1   0.840
20260407000256    122    510.0    525.0   20.0     37.8   1378.6   1416.6   0.837
20260407000256    124    540.0    555.0   20.0    158.5    944.2   1251.4   0.753
20260407000256    126    315.0    330.0   20.0     26.6   1215.2   1260.8   0.847
20260407000256    127    405.0    420.0   20.0    288.7    895.2   1343.6   0.840
20260407000256    127    700.0    715.0   20.0     32.0   1354.7   1385.0   0.792
20260407000256    128    805.0    825.0   20.0     48.7    931.4    931.7   0.773
20260407000256    129   1015.0   1030.0   20.0     34.4    885.4    931.4   0.799
20260407000256    129   1115.0   1130.0   20.0    114.9   1004.1    885.4   0.778
20260407000256    131    875.0    895.0   20.0     97.7    897.6    896.6   0.899
20260407000256    133   1770.0   1785.0   20.0     80.2    902.9    905.0   0.740
20260407000256    138    145.0    315.0   20.0     24.9   1474.6   1480.1   0.591
20260407000256    138    425.0    435.0   20.0     20.0   1476.2   1471.2   0.552
20260407000256    138   1125.0   1135.0   20.0     20.3   1508.1   1505.2   0.411
20260407000256    138   1390.0   1405.0   20.0     21.8   1509.1   1500.3   0.526
20260407000256    141    130.0    145.0   20.0     20.2    893.7    936.9   0.762
20260407000256    141    195.0    245.0   20.0     37.7    971.0    998.2   0.768
20260407000256    141    280.0    295.0   20.0     34.9   1093.5   1081.8   0.611
20260407000256    141    335.0    350.0   20.0     28.1   1097.8   1122.3   0.574
20260407000256    141    395.0    410.0   20.0     33.2   1140.7   1208.1   0.541
20260407000256    141    515.0    530.0   20.0     24.0   1194.0   1192.1   0.538
20260407000256    141    925.0    940.0   20.0     92.6   1256.6   1329.0   0.850
20260407000256    141    995.0   1010.0   20.0     39.2   1405.8   1409.8   0.914
20260407000256    143    440.0    500.0   20.0     57.6    891.2   1025.2   0.771
20260407000256    143    535.0    590.0   20.0     28.6   1037.0   1049.0   0.766
20260407000256    143    650.0    715.0   20.0     52.4   1087.3   1081.6   0.840
20260407000256    143    995.0   1010.0   20.0     54.1   1140.9   1132.2   0.879
20260407000256    143   1055.0   1075.0   20.0    157.2   1145.4    899.6   0.893
20260407000256    143   1255.0   1275.0   20.0    125.5    899.0    910.0   0.863
20260407000256    146    830.0    845.0   20.0     37.3    929.5    998.5   0.744
20260407000256    146    890.0    945.0   20.0    152.9   1020.5    930.5   0.807
20260407000256    146   1640.0   1655.0   20.0     66.1    928.9   1019.6   0.748
20260407000256    147    605.0    720.0   20.0     73.9    924.0   1106.7   0.759
20260407000256    147    765.0    780.0   20.0     21.9   1098.5   1140.7   0.811
20260407000256    147   1180.0   1200.0   20.0     26.0   1155.9    995.3   0.892
20260407000256    149    590.0    605.0   20.0     63.2    952.0    951.8   0.832
20260407000256    149   1045.0   1060.0   20.0    115.7    959.9   1123.5   0.815
20260407000256    149   1130.0   1150.0   20.0     47.6   1132.5   1118.5   0.918
20260407000256    149   1710.0   1725.0   20.0     24.9   1282.9    976.3   0.912
20260407000256    154     95.0    110.0   20.0     53.5   1264.6   1320.9   0.781
20260407000256    155    670.0    690.0   20.0    109.5    900.7    901.7   0.822
20260407000256    155   1155.0   1185.0   20.0     58.0    912.4    907.5   0.770
20260407000256    157   1115.0   1135.0   20.0     65.5    927.6    927.6   0.822
20260407000256    157   1420.0   1510.0   20.0    115.0    928.5   1156.9   0.831
20260407000256    157   1550.0   1565.0   20.0     25.1   1164.0   1210.0   0.814
20260407000256    158   1140.0   1155.0   20.0     21.5   1400.6   1399.6   0.734
20260407000256    160    370.0    385.0   20.0     43.1   1240.8   1255.8   0.759
20260407000256    161    690.0    705.0   20.0     54.3    922.2   1026.9   0.793
20260407000256    161    780.0    825.0   20.0     81.6   1106.2   1251.0   0.798
20260407000256    161    935.0    950.0   20.0     22.8   1239.0   1225.6   0.706
20260407000256    164    915.0    935.0   20.0     35.1    947.2    948.4   0.785
20260407000256    164   1730.0   1745.0   20.0     41.2    953.7    997.3   0.759
20260407000256    166    245.0    275.0   20.0     47.9    923.8   1085.1   0.841
20260407000256    166    325.0    380.0   20.0    256.3   1086.9   1134.8   0.709
20260407000256    166    430.0    620.0   20.0    226.5   1128.8   1165.9   0.778
20260407000256    166    740.0    755.0   20.0     35.7   1185.1   1118.8   0.882
20260407000256    166    790.0    805.0   20.0     26.5   1138.6   1153.3   0.579
20260407000256    166    865.0    885.0   20.0     82.6   1142.3   1127.9   0.745
20260407000256    166    935.0   1010.0   20.0    113.3   1145.5   1156.7   0.852
20260407000256    166   1065.0   1105.0   20.0     99.3   1234.5   1450.6   0.915
20260407000256    166   1360.0   1445.0   20.0     59.0   1363.9   1366.0   0.737
20260407000256    166   1490.0   1515.0   20.0     26.9   1352.9   1329.5   0.873
20260407000256    166   1565.0   1625.0   20.0     63.8   1280.5    938.5   0.839
20260407000256    167    130.0    150.0   20.0    218.2    934.1    922.5   0.860
20260407000256    168     10.0     60.0   20.0     34.0   1130.0   1158.7   0.778
20260407000256    168    130.0    145.0   20.0     31.4   1215.8   1197.2   0.803
20260407000256    168    420.0    435.0   20.0    111.3   1147.6    980.5   0.824
20260407000256    170     55.0     90.0   20.0     43.4    920.5   1015.4   0.765
20260407000256    170    155.0    170.0   20.0     62.0   1018.4    927.2   0.787
20260407000256    170    860.0    875.0   20.0     54.6    933.6    995.5   0.753
20260407000256    170    930.0    945.0   20.0     32.1   1009.4   1024.3   0.591
20260407000256    170   1190.0   1220.0   20.0     61.1   1021.4   1140.8   0.790
20260407000256    170   1545.0   1570.0   20.0    125.9   1151.3    990.3   0.854
20260407000256    173   1300.0   1315.0   20.0     96.4    923.8   1160.6   0.871
20260407000256    175    330.0    350.0   20.0     64.2    931.7    930.3   0.742
20260407000256    175   1480.0   1495.0   20.0     81.7    939.0    937.8   0.675
20260407000256    176      0.0     10.0   20.0     42.8      0.0   1003.8   0.781
20260407000256    176    300.0    320.0   20.0     32.9   1042.6   1074.8   0.736
20260407000256    176    390.0    405.0   20.0     32.4   1073.9   1138.1   0.800
20260407000256    176    635.0    650.0   20.0     55.1   1213.1   1213.9   0.632
20260407000256    177   1740.0   1755.0   20.0     35.2    997.3   1035.9   0.720
20260407000256    178   1400.0   1415.0   20.0     47.4    965.5   1086.9   0.739
20260407000256    178   1455.0   1515.0   20.0    248.8   1093.6   1237.7   0.885
20260407000256    178   1615.0   1630.0   20.0    135.3   1178.0    957.8   0.881
20260407000256    181    590.0    605.0   20.0     51.8    947.4    947.7   0.690
20260407000256    181   1380.0   1395.0   20.0     30.2    955.8    959.3   0.639
20260407000256    183    585.0    600.0   20.0     76.2    963.4   1048.6   0.740
20260407000256    183    640.0    735.0   20.0    182.6   1082.4   1562.5   0.832
20260407000256    185    715.0    730.0   20.0     32.6    942.4    976.1   0.733
20260407000256    185    805.0    820.0   20.0    102.9   1018.8    941.9   0.724
20260407000256    185   1405.0   1420.0   20.0     23.4    946.3    940.3   0.756
20260407000256    186    870.0    885.0   20.0     22.7   1403.4   1417.7   0.594
20260407000256    186   1710.0   1725.0   20.0     23.6   1493.9   1489.5   0.801
20260407000256    191    305.0    320.0   20.0     69.5    968.7    967.6   0.746
20260407000256    191    985.0   1000.0   20.0     65.9    976.1    974.0   0.633
20260407000256    192      0.0     10.0   20.0    139.4      0.0   1245.5   0.858
20260407000256    193     80.0    125.0   20.0    116.1    965.6   1218.9   0.860
20260407000256    195    425.0    440.0   20.0    140.5    973.9   1405.5   0.838
20260407000256    195   1035.0   1640.0   20.0    143.8   1445.0   1546.1   0.898
20260407000256    196     40.0     55.0   20.0     32.2   1252.0   1238.9   0.662
20260407000256    203      0.0     10.0   20.0     30.8      0.0   1020.6   0.790
20260407000256    203     75.0    110.0   20.0     97.6   1054.2   1012.7   0.883
20260407000256    203   1600.0   1645.0   20.0    326.2    993.7   1240.2   0.810
20260407000256    204   1655.0   1670.0   20.0     23.9   1358.0   1401.0   0.783
20260407000256    206     40.0     55.0   20.0     56.0   1596.3   1589.0   0.850
20260407000256    206    115.0    175.0   20.0     57.1   1592.0   1597.3   0.875
20260407000256    206    215.0    445.0   20.0     43.8   1598.4   1627.2   0.906
20260407000256    206    550.0    565.0   20.0     20.8   1628.1   1625.2   0.844
20260407000256    207   1575.0   1590.0   20.0    340.4    994.5    993.6   0.798
20260407000256    209    255.0    270.0   20.0     45.4    987.7    991.6   0.662
20260407000256    209   1235.0   1250.0   20.0     96.3    993.7   1203.2   0.853
20260407000256    210    505.0    520.0   20.0     56.9   1009.6   1086.1   0.750
20260407000256    210    660.0    745.0   20.0    115.3   1173.3   1483.6   0.816
20260407000256    210   1175.0   1190.0   20.0     42.4   1305.2   1336.0   0.780
20260407000256    211    815.0    955.0   20.0     54.0   1005.4   1272.3   0.757
20260407000256    211   1145.0   1160.0   20.0     24.1   1318.9   1365.0   0.796
20260407000256    211   1200.0   1215.0   20.0     92.0   1417.5   1461.6   0.752
20260407000256    213      5.0     25.0   20.0    277.2    998.4    998.1   0.798
20260407000256    213    795.0    865.0   20.0     61.8   1006.1   1211.9   0.767
20260407000256    213    980.0    995.0   20.0     30.1   1229.5   1250.8   0.545
20260407000256    215    265.0    305.0   20.0    240.9   1002.3   1654.1   0.899
20260407000256    217    865.0    920.0   20.0     64.8   1023.2   1022.1   0.741
20260407000256    217   1500.0   1550.0   20.0     26.5   1022.7   1023.2   0.601
20260407000256    223   1640.0   1655.0   20.0     84.1   1062.0   1150.2   0.765
20260407000256    225    525.0    540.0   20.0     74.3   1031.6   1032.3   0.715
20260407000256    227    985.0   1000.0   20.0     86.8   1042.1   1266.4   0.871
20260407000256    229     10.0     25.0   20.0     70.1   1232.1   1286.8   0.694
20260407000256    229     90.0    190.0   20.0    183.5   1323.3   1045.7   0.805
20260407000256    229   1465.0   1485.0   20.0     76.5   1050.9   1046.0   0.828
20260407000256    231    655.0    670.0   20.0     66.3   1131.2   1129.2   0.766
20260407000256    233    675.0    690.0   20.0     52.0   1051.5   1231.5   0.783
20260407000256    233    740.0    795.0   20.0    137.0   1312.7   1404.3   0.830
20260407000256    233    840.0    860.0   20.0     43.6   1458.3   1111.6   0.788
20260407000256    234   1045.0   1060.0   20.0     75.2   1136.0   1239.0   0.811
20260407000256    234   1130.0   1160.0   20.0     38.7   1358.6   1333.1   0.785
20260407000256    234   1405.0   1420.0   20.0    133.4   1337.2   1426.3   0.810
20260407000256    234   1480.0   1495.0   20.0     31.4   1442.8   1371.9   0.745
20260407000256    235    140.0    210.0   20.0     60.6   1066.3   1419.4   0.818
20260407000256    235    250.0    310.0   20.0    200.3   1404.8   1056.7   0.856
20260407000256    235    605.0    645.0   20.0    291.7   1056.4   1059.0   0.803
20260407000256    235    755.0    765.0   20.0     68.0   1057.7   1058.4   0.514
20260407000256    235   1325.0   1350.0   20.0    117.5   1059.9   1057.0   0.813
20260407000256    237   1385.0   1400.0   20.0     51.9   1157.6   1059.1   0.765
20260407000256    240   1790.0   1800.0   20.0     39.0   1459.3   1477.5   0.647
20260407000256    241     15.0     35.0   20.0    364.4   1488.1   1066.7   0.969
20260407000256    242    260.0    275.0   20.0     22.5   1631.2   1614.8   0.911
20260407000256    243    125.0    140.0   20.0     84.2   1067.0   1066.8   0.726
20260407000256    243   1275.0   1285.0   20.0     28.1   1066.7   1067.7   0.408
20260407000256    243   1660.0   1675.0   20.0     60.5   1065.8   1177.3   0.752
20260407000256    243   1715.0   1785.0   20.0     71.5   1250.3   1347.3   0.758
20260407000256    245    445.0    460.0   20.0     92.5   1082.2   1115.7   0.787
20260407000256    245    555.0    570.0   20.0     23.6   1107.9   1080.2   0.766
20260407000256    245    755.0    775.0   20.0    160.4   1082.3   1083.8   0.817
20260407000256    246    890.0    905.0   20.0     24.8   1623.5   1646.2   0.793
20260407000256    246   1040.0   1055.0   20.0     20.2   1635.8   1663.2   0.826
20260407003616      1    810.0    825.0   20.0     33.5   1030.9   1037.0   0.631
20260407003616      1   1445.0   1465.0   20.0    131.4   1043.9   1042.0   0.879
20260407003616      2   1040.0   1060.0   20.0     49.5   1025.9   1025.9   0.779
20260407003616      2   1340.0   1415.0   20.0     72.1   1020.8   1276.0   0.856
20260407003616      4   1705.0   1725.0   20.0     61.0   1035.6   1037.0   0.808
20260407003616      5    190.0    390.0   20.0     85.0   1008.3   1394.8   0.879
20260407003616      5    505.0    520.0   20.0     35.6   1395.5   1443.5   0.668
20260407003616      5    555.0    570.0   20.0     35.7   1402.7   1427.4   0.785
20260407003616      5    630.0    645.0   20.0     48.9   1380.3   1478.5   0.805
20260407003616      5    770.0    785.0   20.0     22.5   1476.8   1464.6   0.749
20260407003616      5    825.0    840.0   20.0     30.2   1529.9   1498.8   0.834
20260407003616      5    890.0    935.0   20.0     40.8   1385.6   1137.3   0.802
20260407003616      5   1615.0   1715.0   20.0    135.6   1006.2   1226.7   0.865
20260407003616      7     60.0     85.0   20.0     70.2    995.8    995.3   0.746
20260407003616      7    440.0    455.0   20.0    305.8    995.7   1003.6   0.767
20260407003616      8    150.0    165.0   20.0     29.2    992.1   1043.9   0.766
20260407003616      8    255.0    380.0   20.0     45.2   1198.2   1261.5   0.826
20260407003616      8    430.0    535.0   20.0    102.5   1280.8    993.0   0.888
20260407003616      9    240.0    260.0   20.0    152.8    988.6    990.2   0.799
20260407003616     11    120.0    135.0   20.0     49.6   1496.5   1491.0   0.931
20260407003616     14    165.0    225.0   20.0    175.2   1300.9    980.3   0.907
20260407003616     14    975.0   1010.0   20.0    185.6   1000.6    996.7   0.829
20260407003616     14   1180.0   1195.0   20.0     57.1    998.7   1055.4   0.745
20260407003616     14   1285.0   1305.0   20.0     69.3   1059.8    997.2   0.823
20260407003616     15   1030.0   1045.0   20.0     28.5    990.2    988.7   0.454
20260407003616     15   1480.0   1580.0   20.0     94.3   1016.9    974.8   0.809
20260407003616     16    500.0    525.0   20.0     57.2   1007.1    995.9   0.844
20260407003616     16   1125.0   1170.0   20.0    377.3    996.0    987.0   0.959
20260407003616     16   1620.0   1670.0   20.0    112.9    991.1    989.0   0.871
20260407003616     17    305.0    375.0   20.0    184.6   1182.0    973.0   0.815
20260407003616     17   1260.0   1280.0   20.0     72.0   1008.9   1013.0   0.775
20260407003616     17   1620.0   1665.0   20.0    128.0   1008.9   1008.0   0.811
20260407003616     18     60.0     75.0   20.0     24.7   1303.0   1320.9   0.819
20260407003616     18    330.0    345.0   20.0     27.8   1415.6   1407.6   0.822
20260407003616     18    385.0    405.0   20.0     55.9   1379.4   1480.7   0.863
20260407003616     18    450.0    465.0   20.0     40.9   1490.1   1523.2   0.795
20260407003616     18    550.0    565.0   20.0     25.8   1510.6   1482.7   0.845
20260407003616     18   1085.0   1100.0   20.0     35.4   1222.2   1152.3   0.839
20260407003616     19    595.0    720.0   20.0     29.4    965.7    968.5   0.899
20260407003616     19    765.0    885.0   20.0     33.4    961.3    942.1   0.901
20260407003616     19   1250.0   1260.0   20.0     22.5    940.6    938.6   0.880
20260407003616     19   1350.0   1365.0   20.0     26.5    939.7    941.8   0.902
20260407003616     19   1445.0   1465.0   20.0     27.0    942.3    944.9   0.888
20260407003616     19   1555.0   1600.0   20.0     24.8    949.7    940.9   0.886
20260407003616     19   1700.0   1710.0   20.0     21.3    919.5    929.5   0.854
20260407003616     26    300.0    315.0   20.0     68.1    971.1    975.6   0.809
20260407003616     26    890.0    905.0   20.0     26.9    986.0   1022.5   0.800
20260407003616     26   1055.0   1090.0   20.0    104.0   1225.7    982.8   0.870
20260407003616     26   1395.0   1415.0   20.0    114.5    991.5   1466.2   0.908
20260407003616     27    295.0    310.0   20.0     27.6    981.7   1005.6   0.634
20260407003616     27    360.0    375.0   20.0    127.6   1024.0    950.4   0.802
20260407003616     27    735.0    750.0   20.0     28.2    959.7    955.6   0.839
20260407003616     27   1170.0   1215.0   20.0     32.7   1021.9   1096.5   0.663
20260407003616     27   1260.0   1280.0   20.0     25.7   1132.7   1217.0   0.656
20260407003616     27   1320.0   1335.0   20.0     26.9   1250.0   1266.1   0.758
20260407003616     30   1340.0   1355.0   14.3     55.6    967.9    982.3   0.609
20260407003616     30   1485.0   1500.0   20.0    100.4    960.3    958.4   0.870
20260407003616     30   1590.0   1605.0   20.0     22.3    955.7    998.8   0.801
20260407003616     30   1640.0   1750.0   20.0    106.1   1021.4    955.7   0.861
20260407003616     32    255.0    275.0   20.0    272.8    955.3    959.5   0.835
20260407003616     32   1005.0   1025.0   20.0    108.2    953.6    961.7   0.787
20260407003616     32   1550.0   1585.0   20.0    154.6    955.8    953.1   0.916
20260407003616     33     65.0     80.0   20.0     22.9   1046.6   1078.8   0.666
20260407003616     34   1325.0   1340.0   20.0     30.2    965.8   1022.5   0.766
20260407003616     34   1400.0   1415.0   20.0     55.3   1027.9   1167.1   0.847
20260407003616     35      5.0     65.0   20.0     47.4    935.6   1125.4   0.780
20260407003616     35    115.0    130.0   20.0     21.3   1103.1   1124.4   0.741
20260407003616     35    215.0    235.0   20.0    204.2   1190.4    934.4   0.914
20260407003616     37    810.0    830.0   20.0     93.9    937.7    941.2   0.813
20260407003616     37    885.0    900.0   20.0     53.2    944.5    943.9   0.691
20260407003616     37   1255.0   1275.0   20.0    133.9    977.4    942.3   0.859
20260407003616     39    495.0    525.0   20.0     72.9    917.7    909.8   0.826
20260407003616     39    730.0    745.0   20.0     56.3    906.4    905.3   0.617
20260407003616     40    615.0    630.0   20.0     78.4    944.2    957.5   0.796
20260407003616     44    345.0    360.0   20.0     29.4    948.9   1001.5   0.645
20260407003616     44    430.0    535.0   20.0    111.6   1077.0    953.1   0.826
20260407003616     44   1750.0   1765.0   20.0     79.9    957.8   1142.1   0.838
20260407003616     45      5.0     20.0   20.0     50.1   1024.7   1044.1   0.771
20260407003616     45     65.0    140.0   20.0     42.7   1046.8   1086.1   0.845
20260407003616     45    495.0    510.0   20.0     36.4   1139.2   1196.1   0.791
20260407003616     45    625.0    640.0   20.0     26.2   1188.7   1228.3   0.839
20260407003616     48    135.0    150.0   20.0    135.9    963.9    937.7   0.863
20260407003616     48    765.0    780.0   20.0     59.0    949.0    936.4   0.750
20260407003616     48   1005.0   1020.0   20.0     59.2    937.2    951.9   0.600
20260407003616     49    895.0    910.0   20.0     28.0    913.6    915.4   0.757
20260407003616     49    975.0    990.0   20.0     29.1    915.8    915.3   0.748
20260407003616     50    385.0    400.0   20.0     20.9    965.9    958.7   0.671
20260407003616     52    820.0    835.0   20.0     27.4    945.4   1007.9   0.781
20260407003616     52    985.0   1015.0   20.0    113.7   1025.7   1139.8   0.859
20260407003616     52   1070.0   1085.0   20.0     27.6   1146.0   1176.6   0.688
20260407003616     52   1535.0   1550.0   20.0     73.2   1173.1   1205.4   0.648
20260407003616     52   1630.0   1650.0   20.0    103.1   1161.2   1173.2   0.800
20260407003616     55   1110.0   1125.0   20.0     38.5    931.4    931.1   0.632
20260407003616     56    565.0    580.0   20.0     30.8    957.4    954.4   0.679
20260407003616     57   1335.0   1360.0   20.0    139.9    921.6    920.7   0.829
20260407003616     58    825.0    850.0   20.0    161.6    955.7    953.1   0.873
20260407003616     59    885.0    915.0   20.0    160.0    913.9    913.1   0.825
20260407003616     60    260.0    285.0   20.0    171.1    925.4    928.5   0.866
20260407003616     61     20.0     75.0   20.0     31.2   1221.7   1265.4   0.733
20260407003616     61    195.0    205.0   20.0     27.3   1263.9   1263.2   0.503
20260407003616     61    310.0    420.0    6.7    147.4   1339.1   1365.7   0.732
20260407003616     61    580.0    590.0    0.5    218.1   1400.4   1406.1   0.408
20260407003616     61    800.0    845.0   20.0    256.0   1209.7   1245.2   0.877
20260407003616     61    895.0    940.0   20.0    305.6   1198.3   1269.2   0.717
20260407003616     61    980.0    990.0   20.0     45.4   1438.4   1439.3   0.871
20260407003616     61   1055.0   1070.0   20.0    286.8   1225.5   1276.0   0.656
20260407003616     61   1110.0   1125.0   20.0    292.7   1226.8   1274.8   0.647
20260407003616     61   1165.0   1180.0   20.0    285.2   1229.6   1275.7   0.649
20260407003616     61   1240.0   1255.0   20.0    303.5   1226.4   1283.9   0.655
20260407003616     61   1355.0   1370.0   20.0    420.7   1218.9   1355.7   0.576
20260407003616     63    480.0    495.0   20.0     29.8   1301.3   1317.0   0.732
20260407003616     63    765.0    780.0   20.0     21.7   1309.9   1334.6   0.716
20260407003616     67    425.0    440.0   20.0     47.6    990.5    991.1   0.749
20260407003616     70    520.0    535.0   20.0     73.8   1143.1   1215.4   0.824
20260407003616     74   1655.0   1670.0   20.0     42.7    972.9   1013.3   0.774
20260407003616     74   1790.0   1800.0   20.0     20.0   1033.8   1059.6   0.713
20260407003616     75     50.0     90.0   20.0     79.3    939.0    939.2   0.807
20260407003616     75    630.0    660.0   20.0     82.0    938.6    935.2   0.815
20260407003616     76      0.0     40.0   20.0    106.6      0.0   1240.8   0.789
20260407003616     76    375.0    390.0   20.0     28.1   1258.8   1303.7   0.789
20260407003616     77    135.0    150.0   20.0     30.4   1190.4   1230.9   0.590
20260407003616     79   1325.0   1360.0   20.0     88.9    930.7   1050.1   0.812
20260407003616     79   1460.0   1495.0   20.0     28.8   1077.1   1085.7   0.699
20260407003616     81    975.0   1000.0   20.0     50.8    899.9    942.1   0.829
20260407003616     83    935.0    950.0   20.0     49.6    923.4    927.3   0.759
20260407003616     83    990.0   1025.0   20.0    145.1    944.9    890.5   0.756
20260407003616     83   1145.0   1170.0   20.0    258.5    887.5    896.6   0.937
20260407003616     83   1330.0   1345.0   20.0     38.4    890.5    889.9   0.750
20260407003616     84    340.0    355.0   20.0     26.9   1107.1   1127.9   0.586
20260407003616     84    855.0    870.0   20.0    213.5   1055.8   1089.3   0.738
20260407003616     86      0.0     15.0   20.0    130.9      0.0   1252.4   0.902
20260407003616     86    330.0    345.0   20.0     47.2   1254.4   1338.6   0.811
20260407003616     91     10.0     25.0   20.0     33.3    874.2    962.3   0.791
20260407003616     91     60.0     70.0   20.0     20.1   1031.3   1147.3   0.688
20260407003616     91    130.0    185.0   20.0     30.4   1106.8   1028.0   0.902
20260407003616     91    240.0    255.0   20.0     81.2   1075.8   1053.2   0.805
20260407003616     91    575.0    590.0   20.0     20.6   1073.5    881.1   0.846
20260407003616     91   1135.0   1150.0   20.0     29.5    887.2    894.8   0.654
20260407003616     91   1360.0   1380.0   20.0     82.4    880.4   1123.5   0.874
20260407003616     91   1540.0   1555.0   20.0    129.2   1128.7   1126.6   0.871
20260407003616     91   1605.0   1620.0   20.0     21.6   1128.5   1145.1   0.759
20260407003616     92   1390.0   1410.0   20.0    268.2    899.9   1069.4   0.805
20260407003616     93    870.0    885.0   20.0     84.7    897.4    892.7   0.771
20260407003616     93   1140.0   1160.0   20.0     87.0    899.1   1088.1   0.825
20260407003616     94   1205.0   1220.0   20.0     23.9   1092.0   1115.8   0.834
20260407003616     98    150.0    165.0   20.0     26.1    931.5    912.8   0.758
20260407003616     98   1635.0   1665.0   20.0     32.4    925.1   1054.5   0.878
20260407003616     98   1720.0   1735.0   20.0     20.8   1044.2   1037.8   0.505
20260407003616    100    350.0    375.0   20.0     35.7   1048.6    898.8   0.894
20260407003616    101    120.0    135.0   20.0     59.4   1384.8   1451.3   0.793
20260407003616    102     20.0     35.0   20.0     31.0   1310.1   1400.7   0.860
20260407003616    103    615.0    670.0   20.0     67.8    912.1    900.9   0.768
20260407003616    104    475.0    495.0   20.0     66.0    903.2    902.8   0.834
20260407003616    105    455.0    470.0   20.0     65.6    881.6    880.6   0.675
20260407003616    116    365.0    380.0   20.0     22.5   1216.9   1241.1   0.783
20260407003616    116    525.0    540.0   20.0     22.8   1190.5   1184.1   0.777
20260407003616    119    585.0    600.0   20.0     24.5    884.4    884.2   0.455
20260407003616    119   1245.0   1265.0   20.0    113.2    885.5    883.2   0.838
20260407003616    119   1390.0   1405.0   20.0     70.8    880.3    880.3   0.686
20260407003616    121    855.0    920.0   20.0    156.5    892.5   1409.6   0.902
20260407003616    124    990.0   1005.0   20.0     23.2   1394.2   1401.8   0.750
20260407003616    127    500.0    540.0   20.0     76.2    912.4    910.6   0.792
20260407003616    127    690.0    835.0   20.0    296.8    915.2   1426.7   0.821
20260407003616    127    875.0    890.0   20.0     37.5   1429.8   1429.3   0.838
20260407003616    130    570.0    585.0   20.0     71.1   1093.2   1149.2   0.615
20260407003616    130    640.0    655.0   20.0     20.3   1172.4   1178.3   0.785
20260407003616    130    705.0    720.0   20.0     36.5   1184.6   1194.2   0.875
20260407003616    130    950.0    965.0   20.0     31.1   1241.2   1295.4   0.809
20260407003616    131    355.0    370.0   20.0     46.8    897.0    892.6   0.796
20260407003616    131    570.0    585.0   20.0    152.5    897.0    926.1   0.852
20260407003616    133    960.0    985.0   20.0     58.0    897.6    901.1   0.784
20260407003616    133   1690.0   1705.0   20.0     43.6    895.3    950.4   0.763
20260407003616    138    460.0    470.0   20.0     35.0   1515.5   1518.0   0.422
20260407003616    138    850.0    865.0   20.0     38.9   1523.9   1527.3   0.515
20260407003616    143    195.0    210.0   20.0     54.5    894.6   1003.4   0.773
20260407003616    143    285.0    300.0   20.0    158.2   1040.6    895.3   0.837
20260407003616    143   1180.0   1195.0   20.0     28.4    896.6    934.1   0.785
20260407003616    143   1265.0   1335.0   20.0     60.2    986.0   1009.5   0.565
20260407003616    143   1385.0   1405.0   20.0     44.9   1002.8   1030.0   0.492
20260407003616    143   1790.0   1800.0   20.0     74.7   1038.5   1228.8   0.822
20260407003616    145    765.0    780.0   20.0     55.3    966.9    968.2   0.830
20260407003616    145    830.0    900.0   20.0    106.2    966.2   1001.5   0.863
20260407003616    145   1480.0   1495.0   20.0     48.0    957.9    959.0   0.698
20260407003616    146     60.0     75.0   20.0     55.1   1133.9   1204.2   0.813
20260407003616    146    850.0    865.0   20.0     24.8   1266.8   1254.1   0.643
20260407003616    146   1635.0   1650.0   20.0     27.3   1152.9   1172.7   0.788
20260407003616    147   1745.0   1765.0   20.0    111.4    919.5    915.7   0.850
20260407003616    148    110.0    125.0   20.0     69.1   1365.9   1366.6   0.868
20260407003616    148    740.0    760.0   20.0    146.8   1366.7   1385.5   0.891
20260407003616    149    165.0    180.0   20.0     87.7    961.7    961.5   0.792
20260407003616    149    515.0    535.0   20.0     40.2    959.6    960.0   0.810
20260407003616    151    690.0    705.0   20.0     52.7    944.4    941.3   0.772
20260407003616    155   1060.0   1115.0   20.0    241.1    904.9    907.9   0.869
20260407003616    157    925.0    950.0   20.0     62.8    946.8    957.2   0.811
20260407003616    160   1310.0   1325.0   20.0     20.6   1520.7   1535.8   0.802
20260407003616    160   1560.0   1795.0   20.0     33.5   1549.8   1566.2   0.842
20260407003616    163   1510.0   1525.0   20.0     43.7    912.2    910.3   0.769
20260407003616    164    190.0    210.0   20.0     81.6    942.3    942.1   0.780
20260407003616    164   1070.0   1085.0   20.0     44.3    970.0   1021.1   0.764
20260407003616    164   1145.0   1175.0   20.0    144.1   1030.5   1328.7   0.862
20260407003616    164   1395.0   1410.0   20.0     27.4   1161.3    961.3   0.959
20260407003616    165   1100.0   1115.0   20.0     37.0    929.3   1010.6   0.762
20260407003616    165   1175.0   1190.0   20.0     93.2   1018.0    928.3   0.734
20260407003616    168    165.0    180.0   20.0    171.6   1063.3   1218.5   0.799
20260407003616    170    525.0    545.0   20.0     34.0    942.1    940.8   0.730
20260407003616    170    845.0    860.0   20.0     44.3    939.7    939.4   0.732
20260407003616    170   1325.0   1350.0   20.0    143.3    935.6    935.1   0.844
20260407003616    173    450.0    595.0   20.0     44.4    925.2   1131.1   0.777
20260407003616    173    645.0    660.0   20.0     37.0   1176.1   1199.9   0.794
20260407003616    173   1115.0   1130.0   20.0     25.1   1237.4   1263.0   0.854
20260407003616    175      0.0     10.0   20.0     52.3      0.0    932.3   0.718
20260407003616    175    550.0    570.0   20.0    115.6    941.8    945.1   0.775
20260407003616    175   1790.0   1800.0   20.0     25.9    969.2    943.3   0.730
20260407003616    176     30.0     70.0   20.0     63.2    948.0   1347.3   0.892
20260407003616    178    400.0    540.0   20.0     89.1    964.8   1083.3   0.842
20260407003616    178    580.0    620.0   20.0     83.8   1087.5   1092.2   0.654
20260407003616    178    675.0    695.0   20.0     32.0   1092.0   1094.4   0.858
20260407003616    178   1020.0   1035.0   20.0     23.1   1152.8   1139.3   0.776
20260407003616    181    185.0    200.0   20.0     22.0    949.4    948.7   0.719
20260407003616    181    405.0    420.0   20.0     43.1    951.3    951.9   0.683
20260407003616    182    540.0    555.0   20.0     39.2    967.0    966.4   0.749
20260407003616    182   1405.0   1415.0   20.0     26.7    963.8    965.8   0.424
20260407003616    185    845.0    875.0   20.0    172.5    941.1    939.4   0.845
20260407003616    186    360.0    375.0   20.0     27.5   1473.2   1377.6   0.714
20260407003616    187    140.0    155.0   20.0     23.2    947.3    988.2   0.718
20260407003616    187    240.0    265.0   20.0    200.6    999.1    953.2   0.855
20260407003616    188    130.0    140.0   20.0     21.1   1309.6   1319.5   0.534
20260407003616    188    230.0    245.0   20.0     40.8   1427.9   1403.4   0.532
20260407003616    189     60.0     75.0   20.0     29.6   1495.4   1520.8   0.877
20260407003616    191    435.0    505.0   20.0    277.0    972.8    975.6   0.835
20260407003616    191    680.0    705.0   20.0    114.7    976.8   1220.5   0.915
20260407003616    192    575.0    620.0   20.0    122.1   1017.3   1197.4   0.757
20260407003616    192   1260.0   1270.0   20.0     45.6   1215.9   1260.9   0.535
20260407003616    195    245.0    275.0   20.0    148.4    971.0   1505.3   0.872
20260407003616    195    450.0    585.0   20.0     41.3   1525.1   1531.7   0.848
20260407003616    195    620.0    700.0   20.0     31.7   1532.5   1523.0   0.897
20260407003616    199    395.0    410.0   20.0     22.5   1194.2   1199.9   0.624
20260407003616    199    985.0   1000.0   20.0     32.1   1408.0   1373.1   0.930
20260407003616    199   1560.0   1575.0   20.0     21.1   1398.6   1392.4   0.738
20260407003616    199   1775.0   1790.0   20.0     21.4   1404.9   1391.5   0.704
20260407003616    203   1550.0   1565.0   20.0     41.0    975.9    988.3   0.632
20260407003616    203   1720.0   1780.0   20.0     28.3    979.2   1165.5   0.793
20260407003616    205    940.0    955.0   20.0     66.4    995.2   1074.1   0.731
20260407003616    205   1115.0   1130.0   20.0     20.4   1093.5   1100.7   0.719
20260407003616    205   1475.0   1490.0   20.0    144.3   1118.1   1505.7   0.782
20260407003616    208    325.0    340.0   20.0     34.1   1404.6   1449.0   0.829
20260407003616    211    100.0    115.0   20.0     21.5   1211.8   1227.0   0.831
20260407003616    213    850.0    870.0   20.0     73.3   1010.9   1012.4   0.808
20260407003616    213   1320.0   1355.0   20.0    224.1   1005.9   1000.9   0.855
20260407003616    214    795.0    810.0   20.0     65.3   1448.8   1469.3   0.768
20260407003616    215    370.0    460.0   20.0    141.4   1017.2   1289.7   0.817
20260407003616    215    650.0    665.0   20.0    189.0   1453.3   1004.8   0.913
20260407003616    217     10.0     60.0   20.0    300.7   1017.5   1018.3   0.856
20260407003616    217   1620.0   1660.0   20.0     65.3   1021.2   1018.2   0.687
20260407003616    221    295.0    350.0   20.0     39.7   1019.9   1092.4   0.746
20260407003616    221    430.0    450.0   20.0     44.7   1104.5   1212.2   0.821
20260407003616    221    490.0    505.0   20.0     52.6   1262.7   1294.3   0.645
20260407003616    221    600.0    625.0   20.0     97.3   1323.6   1463.0   0.916
20260407003616    223    370.0    430.0   20.0     39.6   1259.4   1568.3   0.832
20260407003616    223    680.0    695.0   20.0    115.4   1592.7   1652.3   0.789
20260407003616    223    805.0    820.0   20.0    109.5   1588.4   1580.0   0.709
20260407003616    225    770.0    790.0   20.0     60.8   1037.1   1038.0   0.781
20260407003616    225    865.0    880.0   20.0     54.9   1038.0   1038.6   0.766
20260407003616    226    875.0    930.0   20.0     72.7   1108.8   1297.4   0.821
20260407003616    226    985.0   1000.0   20.0     32.3   1373.3   1420.0   0.717
20260407003616    226   1175.0   1190.0   20.0     59.3   1409.2   1430.4   0.632
20260407003616    226   1225.0   1240.0   20.0     23.5   1439.6   1107.7   0.931
20260407003616    228    390.0    405.0   20.0     26.8   1654.4   1653.0   0.700
20260407003616    228    515.0    590.0   20.0     32.1   1665.2   1665.0   0.853
20260407003616    228    685.0   1705.0   20.0     93.2   1675.0   1677.4   0.839
20260407003616    228   1745.0   1800.0   20.0     89.3   1682.2   1671.5   0.702
20260407003616    229     20.0     35.0   20.0     26.4   1061.5   1129.2   0.846
20260407003616    229     70.0     90.0   20.0     42.4   1152.3   1281.4   0.876
20260407003616    229    175.0    235.0   20.0    139.9   1339.0   1424.4   0.800
20260407003616    229    910.0    925.0   20.0     21.7   1498.0   1506.3   0.658
20260407003616    229   1695.0   1710.0   20.0     41.6   1531.1   1523.9   0.696
20260407003616    233    455.0    485.0   20.0    210.4   1049.6   1050.1   0.860
20260407003616    233    905.0    925.0   20.0     83.4   1058.6   1055.9   0.856
20260407003616    233   1115.0   1130.0   20.0     68.8   1053.4   1167.3   0.869
20260407003616    233   1165.0   1190.0   20.0     35.6   1180.5   1198.6   0.629
20260407003616    233   1240.0   1255.0   20.0     24.9   1201.9   1261.4   0.567
20260407003616    233   1300.0   1325.0   20.0    495.6   1267.3   1045.4   0.782
20260407003616    235    920.0    935.0   20.0     20.8   1064.6   1066.2   0.619
20260407003616    237   1030.0   1050.0   20.0    102.1   1050.8   1046.9   0.821
20260407003616    238    490.0    510.0   20.0     53.8   1161.1   1332.7   0.749
20260407003616    238   1495.0   1510.0   20.0     29.1   1264.9   1298.5   0.749
20260407003616    241      0.0     15.0   20.0    175.8      0.0   1069.8   0.845
20260407003616    243    190.0    280.0   20.0    104.8   1071.5   1387.3   0.772
20260407003616    243    380.0    395.0   20.0     33.3   1339.0   1374.8   0.832
20260407003616    243    430.0    445.0   20.0     64.9   1365.4   1355.4   0.818
20260407003616    243    530.0    545.0   20.0     64.9   1394.9   1404.7   0.863
20260407003616    243    825.0    840.0   20.0     26.0   1403.2   1479.5   0.820
20260407003616    243    970.0    985.0   20.0     22.5   1509.4   1468.4   0.843
20260407003616    245    595.0    625.0   20.0    272.7   1081.6   1082.9   0.749
20260407003616    246     95.0    110.0   20.0     49.7   1245.8   1262.7   0.773
20260407003616    246    260.0    275.0   20.0     39.6   1236.9   1277.2   0.752
20260407003616    246    440.0    455.0   20.0     32.1   1295.3   1299.0   0.721
20260407003616    246    630.0    645.0   20.0     90.3   1312.7   1452.6   0.912
20260407003616    247   1075.0   1090.0   20.0     70.4   1077.1   1076.0   0.736
20260407003616    251    575.0    595.0   20.0    236.1   1109.4   1104.3   0.857
20260407003616    253   1790.0   1800.0   20.0    104.0   1899.0   1946.3   0.771
20260407003616    255    705.0    720.0   20.0    160.8   1131.8   1129.2   0.741
20260407003616    255   1170.0   1185.0   20.0     36.9   1138.8   1179.6   0.758
20260407003616    255   1235.0   1250.0   20.0    123.1   1201.5   1134.5   0.789
20260407003616    256    335.0    350.0   20.0     53.5   1173.2   1237.7   0.737
20260407003616    256    670.0    685.0   20.0     21.1   1274.8   1312.1   0.780
20260407010935      1   1410.0   1435.0   20.0    306.4   1029.4   1030.6   0.897
20260407010935      1   1585.0   1600.0   20.0     31.5   1030.6   1045.6   0.471
20260407010935      3    495.0    510.0   20.0     20.2   1037.3   1046.0   0.719
20260407010935      3   1665.0   1695.0   20.0     33.1   1039.4   1035.6   0.635
20260407010935      4    540.0    565.0   20.0     30.9   1025.4   1018.5   0.766
20260407010935      5     30.0     60.0   20.0     25.5   1245.9   1268.1   0.745
20260407010935      5    190.0    205.0   20.0     46.6   1284.6   1306.2   0.847
20260407010935      5    290.0    305.0   20.0     38.7   1376.1   1405.6   0.469
20260407010935      6    225.0    245.0   20.0    139.1   1014.2   1015.6   0.866
20260407010935      6    670.0    685.0   20.0    338.7   1029.1   1581.0   0.800
20260407010935      6   1155.0   1195.0   20.0    168.8   1466.0   1028.1   0.915
20260407010935      7    280.0    315.0   20.0    230.1    971.5    969.3   0.816
20260407010935      7    485.0    500.0   20.0     56.4    971.1   1047.5   0.751
20260407010935      7    555.0    570.0   20.0     23.2   1059.4   1070.6   0.811
20260407010935      7    615.0    645.0   20.0     29.2   1085.9   1266.5   0.738
20260407010935      7   1350.0   1365.0   20.0     70.9   1169.5   1173.9   0.678
20260407010935      7   1520.0   1535.0   20.0     87.6   1175.9   1171.5   0.634
20260407010935      9    795.0    845.0   20.0     21.2    997.5    997.9   0.806
20260407010935     12    385.0    405.0   20.0    153.5    995.2    996.1   0.781
20260407010935     12   1640.0   1655.0   20.0     35.9   1005.3   1005.3   0.753
20260407010935     14    505.0    520.0   20.0     68.9   1001.0   1010.1   0.464
20260407010935     14    600.0    610.0   20.0     21.4   1006.0   1012.9   0.413
20260407010935     14   1575.0   1590.0   20.0    116.9    989.5   1020.6   0.756
20260407010935     14   1730.0   1745.0   20.0     21.9   1084.9   1110.7   0.535
20260407010935     15   1130.0   1145.0   20.0     39.3    985.2    987.6   0.735
20260407010935     16    270.0    285.0   20.0     51.1    984.5    984.2   0.721
20260407010935     16    490.0    540.0   20.0     38.0    990.1   1138.6   0.834
20260407010935     16    590.0    780.0   20.0     81.6   1166.1   1205.2   0.840
20260407010935     16    950.0    965.0   20.0     20.7   1201.0   1197.5   0.734
20260407010935     16   1385.0   1400.0   20.0     20.9   1186.4   1220.8   0.788
20260407010935     16   1580.0   1595.0   20.0     41.3   1199.7   1168.0   0.860
20260407010935     16   1645.0   1675.0   20.0     28.5   1212.5   1241.2   0.792
20260407010935     18    870.0    885.0   20.0     41.4   1055.6   1056.2   0.809
20260407010935     19     70.0    165.0   20.0    192.7    939.1    938.8   0.852
20260407010935     21   1030.0   1075.0   20.0     96.7   1511.2   1515.8   0.867
20260407010935     25    975.0   1005.0   20.0     54.1   1236.3   1260.3   0.905
20260407010935     26    445.0    460.0   20.0    342.0    969.8   1469.3   0.834
20260407010935     27     30.0     45.0   20.0     53.4    955.5   1179.1   0.783
20260407010935     27    145.0    170.0   20.0     23.6   1209.7   1216.2   0.703
20260407010935     27    335.0    350.0   20.0     46.5   1220.5   1267.0   0.724
20260407010935     30    910.0    985.0   20.0    133.5    967.6   1140.1   0.773
20260407010935     30   1025.0   1080.0   20.0     78.6   1109.3   1157.6   0.833
20260407010935     30   1180.0   1190.0   20.0     21.1   1230.5   1221.1   0.792
20260407010935     30   1270.0   1280.0   20.0     27.0   1264.6   1272.3   0.406
20260407010935     32    465.0    510.0   20.0    111.0    958.7    958.2   0.756
20260407010935     33     10.0     25.0   20.0    101.9    957.5   1154.8   0.860
20260407010935     34     45.0     60.0   20.0     90.3    940.0    944.3   0.780
20260407010935     34    490.0    505.0   20.0     46.1    942.3    952.5   0.805
20260407010935     34    815.0    840.0   20.0    171.1    948.8    958.1   0.922
20260407010935     34   1505.0   1520.0   20.0    119.7   1025.2    944.5   0.770
20260407010935     36    640.0    655.0   20.0     36.2    951.7   1010.5   0.789
20260407010935     36    715.0    730.0   20.0     30.8   1068.7   1069.5   0.702
20260407010935     36    800.0    850.0   20.0     74.9   1067.2    951.0   0.860
20260407010935     37   1670.0   1685.0   20.0    249.6    953.1   1122.0   0.589
20260407010935     40    675.0    695.0   20.0     69.3    949.8    949.2   0.864
20260407010935     40   1325.0   1355.0   20.0    222.3    948.0    950.7   0.809
20260407010935     40   1505.0   1520.0   20.0     38.4    956.3    949.5   0.729
20260407010935     40   1735.0   1750.0   20.0     80.5    954.9    958.9   0.641
20260407010935     44    505.0    525.0   20.0    105.9    954.3    954.6   0.813
20260407010935     44    755.0    775.0   20.0     63.0    959.0    958.2   0.680
20260407010935     44   1210.0   1260.0   20.0    116.0    969.6    963.9   0.741
20260407010935     47   1460.0   1475.0   20.0     24.4   1031.0   1030.5   0.642
20260407010935     48    520.0    540.0   20.0     94.3    935.6    936.8   0.803
20260407010935     48   1130.0   1200.0   20.0    127.2    942.0   1179.2   0.869
20260407010935     48   1450.0   1505.0   20.0     51.7   1251.0    944.1   0.929
20260407010935     48   1720.0   1740.0   20.0     44.4   1030.4   1033.8   0.713
20260407010935     48   1785.0   1800.0   20.0     95.0   1033.0   1037.1   0.743
20260407010935     49    505.0    520.0   20.0     48.3    924.9    920.0   0.845
20260407010935     49    910.0    925.0   20.0     78.9    930.1    934.1   0.771
20260407010935     49   1535.0   1575.0   20.0     44.5    937.8   1176.3   0.829
20260407010935     50    105.0    145.0   20.0    117.9    963.2   1456.3   0.870
20260407010935     52   1395.0   1405.0   20.0     26.5    958.5    953.8   0.407
20260407010935     53      0.0     15.0   20.0     79.6      0.0   1470.8   0.896
20260407010935     54    590.0    650.0   20.0     64.3   1045.1   1040.5   0.815
20260407010935     55    485.0    520.0   20.0    164.1    925.9    928.7   0.789
20260407010935     56    340.0    355.0   20.0    117.4    926.1    917.0   0.832
20260407010935     57    535.0    550.0   20.0     73.8    929.6   1030.8   0.836
20260407010935     57    820.0    840.0   20.0    121.6   1042.3   1154.1   0.940
20260407010935     57   1065.0   1080.0   20.0     47.5   1170.8   1239.0   0.749
20260407010935     57   1270.0   1285.0   20.0     42.8   1312.0   1342.6   0.795
20260407010935     58    600.0    615.0   20.0     20.4    939.4    945.4   0.648
20260407010935     58   1540.0   1555.0   20.0     68.9    943.9    945.6   0.803
20260407010935     58   1695.0   1710.0   20.0     27.8    945.8    945.4   0.673
20260407010935     58   1790.0   1800.0   20.0     28.4    947.1    949.2   0.690
20260407010935     59   1525.0   1570.0   20.0     58.9    975.6    934.0   0.819
20260407010935     61    265.0    285.0   20.0    303.8   1218.8   1479.2   0.793
20260407010935     62      5.0     25.0   20.0     27.4   1019.6   1124.8   0.812
20260407010935     62     60.0     75.0   20.0     22.5   1110.9   1155.5   0.649
20260407010935     62   1370.0   1385.0   20.0     24.3   1192.5   1225.0   0.824
20260407010935     65    370.0    385.0   20.0    121.0    909.5    911.8   0.774
20260407010935     65   1150.0   1165.0   20.0     66.2    919.1    920.8   0.822
20260407010935     69    475.0    490.0   20.0     27.6    913.3    945.4   0.759
20260407010935     69    545.0    640.0   20.0    144.6   1002.8   1107.7   0.873
20260407010935     69    680.0    695.0   20.0     22.6   1141.2   1150.7   0.760
20260407010935     73    205.0    220.0   20.0     41.2    993.0   1038.2   0.782
20260407010935     73    270.0    290.0   20.0     59.3   1045.1    994.2   0.780
20260407010935     74    155.0    170.0   20.0     94.2   1084.6    980.0   0.859
20260407010935     75   1415.0   1480.0   20.0     78.1    916.9    919.1   0.809
20260407010935     76      0.0     30.0   20.0     54.6      0.0   1108.8   0.845
20260407010935     76    320.0    335.0   20.0     54.1   1150.4   1199.0   0.860
20260407010935     76    375.0    405.0   20.0     22.4   1206.3   1214.7   0.811
20260407010935     76    560.0    585.0   20.0     40.8   1111.1    971.2   0.923
20260407010935     76   1430.0   1455.0   20.0     80.4    931.2    930.4   0.764
20260407010935     79     15.0     35.0   20.0     54.3    929.0    928.1   0.754
20260407010935     79    540.0    595.0   20.0    106.7    923.7    924.4   0.823
20260407010935     79    725.0    740.0   20.0     49.6    925.9    925.6   0.749
20260407010935     79   1435.0   1455.0   20.0     54.4    929.3    926.7   0.768
20260407010935     79   1605.0   1620.0   20.0     29.9    927.0    970.4   0.820
20260407010935     83    420.0    435.0   20.0     37.0    923.9    891.1   0.633
20260407010935     83    775.0    790.0   20.0    183.8    895.6   1241.3   0.837
20260407010935     84      0.0     10.0   20.0     98.6      0.0    908.0   0.581
20260407010935     84    180.0    195.0   20.0    104.8    906.3   1014.3   0.742
20260407010935     84    330.0    415.0   20.0    132.0   1069.4   1065.8   0.791
20260407010935     84    480.0    510.0   20.0     24.7   1077.4   1068.3   0.714
20260407010935     84    555.0    570.0   20.0     39.5   1070.0   1075.4   0.636
20260407010935     84    735.0    745.0   20.0     28.3   1083.3   1141.6   0.530
20260407010935     84    795.0    815.0   20.0    128.9   1074.1   1087.8   0.891
20260407010935     84    850.0    865.0   20.0    179.6   1076.8   1117.3   0.696
20260407010935     84   1720.0   1735.0   20.0     34.7   1116.3   1135.7   0.784
20260407010935     87     35.0     50.0   20.0     37.7    881.1    973.0   0.730
20260407010935     87     95.0    135.0   20.0    161.6    944.6    886.9   0.935
20260407010935     91    790.0    805.0   20.0     25.2    900.2    930.5   0.784
20260407010935     91    880.0    950.0   20.0     92.6    948.4   1121.5   0.849
20260407010935     91   1450.0   1465.0   20.0     23.2   1159.8   1154.6   0.550
20260407010935     94    385.0    425.0   20.0     29.5   1149.1   1216.7   0.777
20260407010935     94    790.0    805.0   20.0     34.7   1271.9   1298.8   0.690
20260407010935     95    450.0    465.0   20.0    160.8    891.4   1267.1   0.921
20260407010935     97    175.0    280.0   20.0    162.2    902.0    904.1   0.896
20260407010935     97    625.0    660.0   20.0     91.8    906.0   1144.8   0.889
20260407010935     97    695.0    795.0   20.0    140.2   1173.9   1264.8   0.752
20260407010935     97    845.0    930.0   20.0     43.3   1257.3   1277.4   0.685
20260407010935     97   1020.0   1080.0   20.0     39.0   1337.2   1307.4   0.607
20260407010935     97   1125.0   1200.0   20.0    191.2   1318.9   1343.7   0.851
20260407010935     97   1255.0   1320.0   20.0     93.2   1353.3   1335.4   0.756
20260407010935     98    485.0    500.0   20.0     33.4    939.0    916.8   0.596
20260407010935     98    680.0    695.0   20.0     20.3    913.6    945.5   0.740
20260407010935     98    730.0    780.0   20.0     61.7    950.9   1222.0   0.851
20260407010935     98    820.0    830.0   20.0     39.1   1234.7   1238.7   0.509
20260407010935     98   1220.0   1235.0   20.0     44.9   1313.5   1319.3   0.844
20260407010935    103    505.0    540.0   20.0     70.3   1180.7   1164.3   0.890
20260407010935    103   1305.0   1320.0   20.0     22.6   1242.0   1242.7   0.858
20260407010935    104     80.0    100.0   20.0     23.5    898.4    944.4   0.751
20260407010935    104    240.0    265.0   20.0    152.5   1039.1    900.8   0.829
20260407010935    104    425.0    445.0   20.0    108.0    904.1    903.6   0.889
20260407010935    105   1200.0   1215.0   20.0     22.5   1003.2   1035.1   0.426
20260407010935    105   1275.0   1290.0   20.0     22.3   1052.7   1065.9   0.719
20260407010935    105   1385.0   1435.0   20.0     69.0   1054.9   1148.8   0.698
20260407010935    105   1505.0   1520.0   20.0     29.3   1065.0    890.7   0.695
20260407010935    107    225.0    240.0   20.0     50.4    877.7    894.2   0.795
20260407010935    107    520.0    535.0   20.0     26.4    882.0    932.3   0.769
20260407010935    107    600.0    615.0   20.0    227.6   1014.5    881.8   0.628
20260407010935    107   1470.0   1535.0   20.0     86.2    890.6    938.1   0.909
20260407010935    107   1720.0   1735.0   20.0     35.3    932.9    892.0   0.737
20260407010935    108   1165.0   1180.0   20.0    107.7    932.9   1247.0   0.935
20260407010935    108   1220.0   1235.0   20.0     44.1   1194.2    935.1   0.922
20260407010935    115    875.0    905.0   20.0     93.2    903.5    903.5   0.811
20260407010935    116    180.0    200.0   20.0    133.5    916.6    916.5   0.765
20260407010935    116    385.0    400.0   20.0    366.8    935.2   1467.8   0.799
20260407010935    117   1425.0   1460.0   20.0    229.8    895.1    895.8   0.850
20260407010935    118    410.0    425.0   20.0     21.0   1343.3   1343.4   0.775
20260407010935    119    750.0    765.0   20.0     69.3    907.6   1078.1   0.863
20260407010935    121     50.0     80.0   20.0    126.0    896.1   1345.6   0.941
20260407010935    125    155.0    170.0   20.0     44.4   1386.5   1343.6   0.903
20260407010935    127    785.0    805.0   20.0    223.2    905.0   1436.9   0.857
20260407010935    127   1020.0   1070.0   15.1    132.2   1457.2   1459.8   0.776
20260407010935    127   1135.0   1270.0   20.0    275.2   1469.9   1457.9   0.865
20260407010935    127   1355.0   1370.0   20.0    287.9   1459.2   1448.7   0.760
20260407010935    127   1490.0   1795.0   20.0    358.8   1454.3   1443.5   0.812
20260407010935    129    800.0    815.0   20.0     44.1    889.4    890.0   0.707
20260407010935    129   1045.0   1060.0   20.0     91.2    891.8    890.7   0.793
20260407010935    131   1070.0   1135.0   20.0    206.0    903.4    904.1   0.798
20260407010935    131   1600.0   1640.0   20.0    169.7    918.5   1162.6   0.820
20260407010935    131   1770.0   1785.0   20.0     23.1   1168.1   1180.2   0.776
20260407010935    135   1440.0   1455.0   20.0    259.0    923.0    924.3   0.746
20260407010935    135   1680.0   1700.0   20.0    106.4    928.7   1197.0   0.866
20260407010935    136   1390.0   1405.0   20.0     71.3    929.4    927.1   0.714
20260407010935    143   1360.0   1380.0   20.0     95.6    909.4    908.3   0.829
20260407010935    143   1440.0   1490.0   20.0    151.1    921.9    911.8   0.910
20260407010935    143   1545.0   1560.0   20.0     78.2    914.9   1124.3   0.932
20260407010935    146   1585.0   1625.0   20.0     99.1   1007.4   1238.4   0.668
20260407010935    147    810.0    840.0   20.0     45.8    922.5   1046.3   0.778
20260407010935    147    875.0    925.0   20.0     56.6   1075.8   1150.4   0.727
20260407010935    147   1180.0   1195.0   20.0     67.4   1232.4   1227.3   0.669
20260407010935    148     85.0    190.0   20.0     91.8   1426.8   1424.5   0.914
20260407010935    148    240.0    255.0   20.0    108.6   1433.4   1420.3   0.858
20260407010935    148    320.0    370.0   20.0     85.9   1428.4   1425.4   0.877
20260407010935    148    415.0   1680.0   20.0    101.0   1429.8   1457.7   0.932
20260407010935    148   1720.0   1800.0   20.0     41.7   1486.2   1477.9   0.898
20260407010935    149    805.0    845.0   20.0     40.0    963.7    959.6   0.815
20260407010935    150     45.0    150.0   20.0     53.5   1464.3   1467.9   0.824
20260407010935    150    270.0    290.0   20.0     57.3   1472.1   1468.2   0.807
20260407010935    150    460.0    475.0   20.0     52.0   1475.6   1469.3   0.766
20260407010935    150    525.0   1800.0   20.0     99.1   1475.0   1558.4   0.927
20260407010935    155    580.0    630.0   20.0     20.9    910.3   1021.9   0.828
20260407010935    155    735.0    750.0   20.0     63.3   1052.4   1095.4   0.732
20260407010935    155    795.0    815.0   20.0     58.3   1114.6   1113.9   0.837
20260407010935    155    910.0    925.0   20.0     29.5   1149.6   1157.9   0.799
20260407010935    160     10.0     25.0   20.0     22.3   1546.0   1544.7   0.813
20260407010935    161    335.0    355.0   20.0    163.6    922.7   1243.9   0.867
20260407010935    163   1135.0   1170.0   20.0     64.3    923.3    922.6   0.768
20260407010935    164   1055.0   1090.0   20.0     63.3    954.6    958.3   0.771
20260407010935    165    500.0    515.0   20.0     58.1    932.7    933.5   0.781
20260407010935    165   1135.0   1150.0   20.0     52.7    941.7    940.5   0.801
20260407010935    166    250.0    265.0   20.0     26.5    939.1    939.7   0.763
20260407010935    166    355.0    435.0   20.0    383.9    936.3    938.8   0.865
20260407010935    170   1610.0   1625.0   20.0     57.0    940.9    941.5   0.755
20260407010935    172    495.0    510.0   20.0     36.8   1026.7   1080.8   0.747
20260407010935    172    635.0    660.0   20.0     34.3   1154.6   1223.6   0.816
20260407010935    172    910.0    925.0   20.0     38.4   1248.7   1289.1   0.796
20260407010935    172    970.0    985.0   20.0     30.0   1292.5   1315.0   0.574
20260407010935    172   1680.0   1695.0   20.0     30.3   1327.7   1364.1   0.892
20260407010935    173    470.0    485.0   20.0     67.4    929.3    927.2   0.784
20260407010935    173   1080.0   1125.0   20.0     82.5    945.5   1322.1   0.801
20260407010935    173   1180.0   1210.0   20.0     27.0   1361.5   1324.4   0.919
20260407010935    175    715.0    730.0   20.0     30.8    943.8    942.7   0.597
20260407010935    176    260.0    275.0   20.0     25.3   1171.9   1211.7   0.733
20260407010935    176    485.0    500.0   20.0     30.2   1257.3   1251.4   0.879
20260407010935    176    620.0    635.0   20.0     49.9   1211.9   1274.5   0.808
20260407010935    176    840.0    855.0   20.0     20.0   1308.6   1310.0   0.800
20260407010935    176   1025.0   1040.0   20.0     21.8   1338.6   1338.5   0.794
20260407010935    177    670.0    685.0   20.0     45.6    954.6    961.2   0.628
20260407010935    177    745.0    775.0   20.0     58.9    959.1    955.4   0.769
20260407010935    180     30.0     45.0   20.0     45.8   1056.8   1099.7   0.863
20260407010935    180    660.0    675.0   20.0     24.6   1183.5   1206.0   0.718
20260407010935    181    495.0    510.0   20.0     48.2    948.8    950.6   0.719
20260407010935    181    785.0    805.0   20.0    141.8    952.5    953.7   0.826
20260407010935    181   1695.0   1710.0   20.0     52.8    955.6    962.0   0.428
20260407010935    182    115.0    130.0   20.0    165.7    958.4    962.1   0.811
20260407010935    182    200.0    215.0   20.0     38.4    965.1   1016.7   0.751
20260407010935    182    370.0    385.0   20.0     27.8   1051.6   1077.6   0.860
20260407010935    182    445.0    460.0   20.0    107.2   1097.1   1235.7   0.735
20260407010935    185      5.0     20.0   20.0     85.3    935.3    935.3   0.737
20260407010935    187      0.0     15.0   20.0     54.3      0.0    948.6   0.745
20260407010935    192     25.0     40.0   20.0     51.8   1095.0   1167.2   0.724
20260407010935    192     95.0    110.0   20.0     61.2   1160.3   1072.4   0.777
20260407010935    193   1385.0   1400.0   20.0     21.7    979.4    984.8   0.629
20260407010935    195    205.0    255.0   11.1     43.5   1449.7   1481.0   0.727
20260407010935    195    290.0    300.0   20.0     40.2   1487.5   1447.6   0.608
20260407010935    195    515.0    550.0   20.0    175.4   1461.6   1546.5   0.823
20260407010935    202   1215.0   1230.0   14.3     49.2   1864.2   1870.7   0.489
20260407010935    202   1640.0   1650.0   20.0     20.3   1852.9   1850.5   0.439
20260407010935    202   1710.0   1720.0   20.0     23.0   1858.5   1858.5   0.428
20260407010935    203    210.0    225.0   20.0     34.5   1132.4   1157.7   0.641
20260407010935    203    400.0    415.0   20.0     50.3   1176.7   1231.1   0.778
20260407010935    203    490.0    505.0   20.0     24.3   1247.8   1246.5   0.755
20260407010935    205   1525.0   1545.0   20.0    357.6   1010.7   1550.0   0.830
20260407010935    207    600.0    615.0   20.0     52.5    999.6    999.3   0.650
20260407010935    207    940.0   1025.0   20.0    302.6   1001.3   1001.2   0.873
20260407010935    209   1215.0   1240.0   20.0    166.8   1005.9   1000.9   0.767
20260407010935    210    400.0    415.0   20.0     57.2   1016.9   1126.8   0.739
20260407010935    210    450.0    465.0   20.0     39.8   1142.8   1160.3   0.761
20260407010935    211    455.0    475.0   20.0    109.2   1101.4   1103.3   0.834
20260407010935    211    585.0    600.0   20.0     50.7   1097.9   1097.5   0.727
20260407010935    211   1400.0   1470.0   20.0     57.8   1092.6   1092.7   0.766
20260407010935    217    530.0    620.0   20.0    139.5   1025.9   1350.2   0.764
20260407010935    217    690.0    705.0   20.0     28.2   1304.5   1311.9   0.670
20260407010935    217    880.0    895.0   20.0     57.7   1382.0   1430.8   0.574
20260407010935    217   1425.0   1440.0   20.0     27.4   1030.6   1042.9   0.533
20260407010935    221     25.0     75.0   20.0    178.5   1015.4   1259.5   0.946
20260407010935    225   1385.0   1400.0   20.0     89.6   1038.6   1046.9   0.820
20260407010935    226    375.0    390.0   20.0     30.6   1332.8   1348.8   0.656
20260407010935    226    480.0    535.0   20.0     24.5   1339.7   1327.5   0.732
20260407010935    227   1330.0   1345.0   20.0    245.7   1044.8   1538.1   0.908
20260407010935    228      0.0   1800.0   20.0    146.3      0.0   1709.1   0.830
20260407010935    229    100.0    115.0   20.0     37.3   1472.6   1499.6   0.526
20260407010935    229    500.0    510.0   20.0     23.9   1615.9   1625.5   0.450
20260407010935    230    290.0    305.0   20.0     35.8    379.5    359.9   0.720
20260407010935    230    370.0    405.0   20.0     30.7    379.6    625.1   0.923
20260407010935    230    455.0    470.0   20.0     33.8    640.0    399.1   0.908
20260407010935    233   1015.0   1045.0   20.0     67.1   1051.9   1050.1   0.854
20260407010935    233   1620.0   1640.0   20.0    155.3   1048.9   1450.2   0.879
20260407010935    235    730.0    795.0   20.0     76.5   1068.5   1203.1   0.806
20260407010935    235    840.0    930.0   20.0     62.7   1241.7   1352.6   0.830
20260407010935    235    995.0   1045.0   20.0    155.4   1312.4   1092.4   0.762
20260407010935    235   1235.0   1270.0   20.0     78.8   1071.5   1071.2   0.905
20260407010935    240     15.0     30.0   20.0     29.1   1420.3   1412.6   0.748
20260407010935    240    220.0    235.0   20.0     33.1   1400.1   1432.9   0.701
20260407010935    243     35.0     50.0   20.0     32.0   1071.5   1073.5   0.723
20260407010935    243    200.0    215.0   20.0     94.3   1075.7   1187.5   0.760
20260407010935    243    385.0    400.0   20.0     36.5   1229.2   1222.4   0.720
20260407010935    243    465.0    515.0   20.0     67.5   1248.1   1389.1   0.758
20260407010935    245    325.0    340.0   20.0    166.5   1083.0   1365.3   0.827
20260407010935    245    900.0    915.0   20.0     21.8   1423.7   1425.2   0.855
20260407010935    247   1495.0   1550.0   20.0    246.8   1113.3   1077.8   0.801
20260407010935    248     60.0     70.0    0.7     73.5   1599.0   1593.3   0.447
20260407010935    248    125.0    135.0    2.8     68.7   1589.3   1531.0   0.577
20260407010935    248    250.0    335.0   20.0     71.4   1533.1   1602.3   0.836
20260407010935    248    975.0    990.0   20.0     29.6   1558.0   1602.0   0.708
20260407010935    248   1180.0   1800.0   20.0     59.7   1548.0   1520.7   0.840
20260407010935    253     10.0     25.0   20.0    115.1   1903.9   1955.8   0.699
20260407010935    253    605.0    620.0   20.0    216.4   1969.5   1828.6   0.588
20260407010935    255     75.0    105.0   20.0    253.9   1126.0   1124.5   0.781
20260407014255      1    465.0    480.0   20.0    167.4   1014.1   1014.3   0.804
20260407014255      1   1430.0   1445.0   20.0     21.4   1034.1   1034.6   0.672
20260407014255      3   1425.0   1460.0   20.0    182.8   1019.7   1032.9   0.885
20260407014255      4    635.0    650.0   20.0     75.3   1016.7   1270.2   0.875
20260407014255      5   1645.0   1660.0   20.0     30.5   1458.0   1517.2   0.793
20260407014255      6    105.0    165.0   20.0    265.3   1020.4   1020.2   0.828
20260407014255      6    250.0    270.0   20.0     72.3   1016.0   1016.3   0.792
20260407014255      6    490.0    505.0   20.0     42.8   1048.7   1016.5   0.827
20260407014255      6   1160.0   1175.0   20.0     42.6   1010.2   1077.1   0.816
20260407014255      6   1230.0   1245.0   20.0     27.7   1172.5   1198.8   0.621
20260407014255      6   1285.0   1300.0   20.0     42.5   1146.3   1124.4   0.500
20260407014255      6   1565.0   1580.0   20.0     22.8   1147.7   1149.1   0.611
20260407014255      6   1635.0   1680.0   20.0     31.2   1130.1   1142.5   0.762
20260407014255      7    245.0    265.0   20.0    281.7    963.8    964.6   0.805
20260407014255      8    790.0    805.0   20.0    153.7    993.1    987.0   0.699
20260407014255      8   1725.0   1740.0   20.0     56.8    987.5    995.0   0.664
20260407014255      9   1760.0   1790.0   20.0    164.6    989.5    997.0   0.785
20260407014255     10      0.0     15.0   20.0     68.3      0.0   1841.3   0.890
20260407014255     10    975.0   1075.0   20.0     84.6   1803.2   1823.8   0.906
20260407014255     12     15.0     30.0   20.0     56.6   1285.8   1033.9   0.915
20260407014255     12    525.0    540.0   20.0     27.4   1022.8    985.3   0.815
20260407014255     12    765.0    785.0   20.0     69.5    999.4   1001.5   0.836
20260407014255     12    885.0    915.0   20.0    230.3   1004.3    985.6   0.844
20260407014255     12   1315.0   1330.0   20.0     22.7   1006.8   1009.2   0.561
20260407014255     14   1100.0   1115.0   20.0     28.8    996.9    996.0   0.653
20260407014255     14   1585.0   1605.0   20.0    186.3    995.3    994.5   0.803
20260407014255     14   1755.0   1770.0   20.0    104.8    991.4   1116.6   0.773
20260407014255     15   1020.0   1065.0   20.0    159.9    980.5    982.2   0.889
20260407014255     15   1130.0   1150.0   20.0     40.7    978.8    976.0   0.747
20260407014255     15   1630.0   1645.0   20.0     52.0    991.3    998.8   0.644
20260407014255     16    400.0    415.0   20.0     87.7    987.5    982.8   0.755
20260407014255     16    900.0    965.0   20.0     57.5    988.5    991.1   0.818
20260407014255     16   1345.0   1400.0   20.0     96.9    998.5   1037.4   0.731
20260407014255     18   1570.0   1630.0   20.0     59.6   1031.2   1212.6   0.782
20260407014255     19    235.0    325.0   20.0    102.4    940.6   1388.1   0.847
20260407014255     19    380.0    415.0   20.0     37.5   1372.4   1394.8   0.871
20260407014255     21    550.0    565.0   20.0     26.0   1092.9   1138.1   0.862
20260407014255     21    625.0    640.0   20.0    102.2   1145.1   1091.3   0.714
20260407014255     25    285.0    300.0   20.0     21.0   1303.9   1301.3   0.600
20260407014255     25    350.0    365.0   20.0     41.3   1297.7   1325.3   0.612
20260407014255     26    100.0    115.0   20.0     26.7   1440.5   1444.7   0.850
20260407014255     27    310.0    350.0   20.0     66.6    951.9   1069.7   0.804
20260407014255     27    450.0    465.0   20.0     24.7   1125.0   1108.6   0.840
20260407014255     30     85.0    120.0   20.0     97.1    957.7    959.5   0.877
20260407014255     30   1530.0   1550.0   20.0    115.9    941.6    941.7   0.852
20260407014255     32    555.0    575.0   20.0    161.0    965.1    975.8   0.832
20260407014255     32   1300.0   1315.0   20.0     67.9   1006.9    973.6   0.739
20260407014255     34    690.0    705.0   20.0     53.3    953.9    955.1   0.787
20260407014255     34   1605.0   1630.0   20.0     52.3    956.4    943.2   0.806
20260407014255     35   1520.0   1535.0   20.0     27.7    950.8    933.8   0.538
20260407014255     36   1455.0   1470.0   20.0    122.4    964.3    945.1   0.770
20260407014255     37   1640.0   1655.0   20.0     21.8    964.9    991.1   0.850
20260407014255     37   1720.0   1735.0   20.0     49.6   1015.7   1036.8   0.711
20260407014255     39    455.0    470.0   20.0     24.6    907.1    909.8   0.568
20260407014255     39   1230.0   1295.0   20.0    261.3    899.7   1129.9   0.887
20260407014255     40     10.0     30.0   20.0     35.3   1031.1   1246.4   0.793
20260407014255     45    415.0    430.0   20.0    115.2    933.9   1209.9   0.788
20260407014255     45    510.0    525.0   20.0    139.1   1231.9   1385.3   0.798
20260407014255     48    440.0    455.0   20.0     43.2    953.3    945.4   0.755
20260407014255     48   1340.0   1380.0   20.0     58.7    941.4    935.8   0.781
20260407014255     48   1630.0   1645.0   20.0     67.3    938.2    934.9   0.654
20260407014255     52    615.0    635.0   20.0     51.8    952.0    952.2   0.708
20260407014255     54   1640.0   1680.0   20.0     81.2   1024.3   1023.7   0.807
20260407014255     55    310.0    335.0   20.0    131.4    918.2    917.9   0.781
20260407014255     55    420.0    445.0   20.0    233.7    917.4    919.2   0.844
20260407014255     55   1255.0   1270.0   20.0     26.2    922.8    916.5   0.473
20260407014255     56     70.0    185.0   20.0    233.5    920.5    918.5   0.861
20260407014255     56   1585.0   1600.0   20.0     35.4    914.9    915.1   0.743
20260407014255     61     45.0     60.0   20.0     27.5   1351.7   1352.7   0.609
20260407014255     62    525.0    540.0   20.0     21.2   1247.9   1274.3   0.779
20260407014255     64    230.0    245.0   20.0     23.5   1259.9   1283.0   0.760
20260407014255     65    375.0    390.0   20.0     86.1    908.8    906.5   0.742
20260407014255     68    100.0    140.0   20.0     60.6   1008.3   1006.6   0.796
20260407014255     69    220.0    235.0   20.0     49.8    912.3    982.8   0.726
20260407014255     69    325.0    355.0   20.0     37.2   1024.7   1029.2   0.713
20260407014255     69   1020.0   1035.0   20.0     20.5   1058.8   1095.3   0.867
20260407014255     72   1170.0   1185.0   20.0     39.9    966.1   1013.0   0.753
20260407014255     72   1375.0   1395.0   20.0     87.9   1081.3    964.3   0.840
20260407014255     73    530.0    565.0   20.0    124.0    987.7    988.8   0.822
20260407014255     74    950.0    965.0   20.0     53.2    975.3    974.8   0.735
20260407014255     75    260.0    275.0   20.0     80.8    909.1   1033.5   0.785
20260407014255     75    350.0    395.0   20.0     33.1   1118.3   1180.2   0.708
20260407014255     75    450.0    465.0   20.0     21.0   1198.5   1226.2   0.773
20260407014255     75    500.0    515.0   20.0     49.6   1243.9   1271.9   0.858
20260407014255     75    950.0    965.0   20.0     23.2   1286.8   1291.0   0.788
20260407014255     76   1180.0   1195.0   20.0     22.4    928.4    983.3   0.767
20260407014255     76   1410.0   1460.0   20.0     93.0   1060.6    923.7   0.833
20260407014255     79    675.0    690.0   20.0     35.9   1317.3   1328.6   0.861
20260407014255     79    970.0    990.0   20.0     37.1   1311.7   1367.2   0.876
20260407014255     79   1265.0   1280.0   20.0     25.3   1324.2   1346.6   0.805
20260407014255     79   1380.0   1395.0   20.0     29.6   1313.8   1334.5   0.922
20260407014255     81   1195.0   1225.0   20.0    246.4    891.0    899.9   0.854
20260407014255     81   1650.0   1675.0   20.0    124.1    895.4    896.9   0.866
20260407014255     83   1155.0   1170.0   20.0     22.4    914.0    893.6   0.715
20260407014255     83   1380.0   1390.0   20.0     22.3    903.8    909.1   0.618
20260407014255     84    210.0    335.0   20.0    198.7   1128.2   1088.1   0.836
20260407014255     84    380.0    460.0   20.0    194.8   1108.9   1077.7   0.841
20260407014255     84    550.0    565.0   20.0     46.9   1081.8   1073.3   0.801
20260407014255     84    715.0    740.0   20.0     42.9   1041.3   1059.0   0.765
20260407014255     84    780.0    830.0   20.0     40.6   1084.5   1089.9   0.834
20260407014255     84   1285.0   1300.0   20.0     53.9   1088.4   1084.9   0.717
20260407014255     84   1725.0   1765.0   20.0     22.8   1131.2   1135.7   0.831
20260407014255     85    595.0    610.0   20.0     56.6    960.2    960.5   0.677
20260407014255     85   1475.0   1490.0   20.0     23.2    958.1    952.7   0.574
20260407014255     89    105.0    120.0   20.0    111.2   1278.9   1414.1   0.795
20260407014255     90    505.0    520.0   20.0     85.8    982.4   1212.8   0.871
20260407014255     90    975.0    990.0   20.0     22.8   1230.7   1209.8   0.809
20260407014255     91    720.0    815.0   20.0    105.4    902.6   1244.2   0.891
20260407014255     91   1020.0   1035.0   20.0     23.1   1249.9   1251.0   0.926
20260407014255     91   1170.0   1185.0   20.0     37.8   1255.9   1214.6   0.930
20260407014255     93    225.0    250.0   20.0    158.6    894.7    895.8   0.765
20260407014255     93    655.0    675.0   20.0     67.4    899.1    898.2   0.775
20260407014255     95    575.0    695.0   20.0     61.2    893.1   1125.0   0.831
20260407014255     95    730.0    760.0   20.0    198.4   1127.5    892.2   0.896
20260407014255     95   1660.0   1680.0   20.0     54.5    920.7    913.7   0.790
20260407014255     97      5.0     20.0   20.0    196.5    902.6   1392.6   0.884
20260407014255     97    720.0    755.0   20.0     41.3   1218.7   1011.1   0.812
20260407014255     97   1565.0   1580.0   20.0    193.3    900.3   1243.4   0.820
20260407014255    100    355.0    370.0   20.0     81.2    899.7    901.7   0.792
20260407014255    105    425.0    440.0   20.0     57.6    880.5    968.4   0.747
20260407014255    105    545.0    560.0   20.0     79.4    977.6    975.6   0.761
20260407014255    105    630.0    795.0   20.0     59.9    980.0   1113.8   0.860
20260407014255    105    870.0    885.0   20.0    139.2   1093.2    882.4   0.853
20260407014255    107   1045.0   1065.0   20.0     91.5    877.8    880.0   0.785
20260407014255    107   1375.0   1395.0   20.0     49.3    918.9    974.6   0.743
20260407014255    107   1570.0   1660.0   20.0     50.6   1000.3   1093.3   0.809
20260407014255    108     80.0     95.0   20.0     43.6    910.1    972.1   0.734
20260407014255    108    180.0    230.0   20.0     43.3    990.2   1058.5   0.741
20260407014255    108    365.0    385.0   20.0     80.0   1051.9   1128.0   0.669
20260407014255    108    430.0    470.0   20.0    103.2   1115.5    930.9   0.861
20260407014255    115    870.0    885.0   20.0    146.5    891.4    891.0   0.792
20260407014255    115   1265.0   1275.0   20.0     22.7    888.1    891.3   0.424
20260407014255    118      0.0     45.0   20.0     49.2      0.0   1059.6   0.741
20260407014255    118    300.0    320.0   20.0    153.6   1072.7   1319.0   0.844
20260407014255    118    480.0    495.0   20.0     65.8   1301.6   1304.0   0.711
20260407014255    119    115.0    130.0   20.0     22.1    889.5    943.5   0.727
20260407014255    119    250.0    265.0   20.0     37.1    999.2   1033.3   0.631
20260407014255    119    305.0    365.0   20.0     93.9   1008.8    896.1   0.789
20260407014255    119   1300.0   1315.0   20.0     59.2    884.8    967.6   0.739
20260407014255    119   1375.0   1390.0   20.0    104.5    970.4    883.0   0.735
20260407014255    123    275.0    290.0   20.0     48.9    964.5    874.4   0.767
20260407014255    127    270.0    290.0   20.0     68.1    902.3   1426.9   0.905
20260407014255    128   1740.0   1800.0   20.0    193.1    877.9    877.8   0.770
20260407014255    129   1465.0   1490.0   20.0    179.6    897.3    880.3   0.877
20260407014255    130    490.0    500.0    0.8     63.0   1561.6   1558.6   0.642
20260407014255    130    695.0    705.0    0.5     70.3   1574.4   1570.2   0.595
20260407014255    133    590.0    610.0   20.0     54.3    903.3    934.1   0.765
20260407014255    135    270.0    285.0   20.0     25.7    940.6    949.2   0.713
20260407014255    135    335.0    350.0   20.0     41.5    958.5    967.1   0.755
20260407014255    135    690.0    715.0   20.0     21.5    939.2    935.0   0.829
20260407014255    135   1215.0   1230.0   20.0     36.5    935.3    960.3   0.654
20260407014255    136    220.0    235.0   20.0     28.6    910.0    954.4   0.751
20260407014255    136    285.0    300.0   20.0     37.5   1006.8   1026.7   0.824
20260407014255    136    825.0    840.0   20.0     37.7   1049.9   1050.7   0.772
20260407014255    136   1115.0   1150.0   20.0    104.0   1055.7    910.4   0.781
20260407014255    136   1225.0   1240.0   20.0     64.8    907.8    907.7   0.743
20260407014255    137    285.0    300.0   20.0     21.2   1402.4   1398.8   0.763
20260407014255    138   1345.0   1360.0   20.0     49.4   1571.2   1570.0   0.578
20260407014255    138   1405.0   1415.0   20.0     46.3   1567.9   1562.8   0.621
20260407014255    138   1595.0   1610.0   20.0     48.6   1572.3   1572.0   0.596
20260407014255    145     70.0     90.0   20.0    167.2    957.9    960.5   0.853
20260407014255    145    360.0    375.0   20.0     55.0    962.5    963.6   0.761
20260407014255    145   1505.0   1520.0   20.0     35.4    962.3    960.4   0.759
20260407014255    146    315.0    330.0   20.0     25.5   1027.7   1041.6   0.758
20260407014255    146   1275.0   1290.0   20.0     29.7   1258.5   1293.6   0.730
20260407014255    147    930.0    985.0   20.0    284.0    920.9    920.3   0.848
20260407014255    148     65.0     80.0   20.0     21.4   1491.7   1480.6   0.893
20260407014255    148    260.0    275.0   20.0     23.7   1510.7   1491.0   0.899
20260407014255    148    325.0    340.0   20.0     27.1   1496.6   1492.0   0.885
20260407014255    148    390.0    405.0   20.0     25.2   1496.7   1489.5   0.908
20260407014255    148    865.0    880.0   20.0     22.5   1494.8   1489.2   0.906
20260407014255    149      0.0     30.0   20.0     67.8      0.0    947.4   0.840
20260407014255    149    180.0    195.0   20.0     52.7    949.3    946.3   0.663
20260407014255    149    270.0    305.0   20.0     74.5    946.7    946.8   0.829
20260407014255    149   1310.0   1330.0   20.0     38.2    932.3    931.7   0.842
20260407014255    150      0.0     60.0   20.0     79.5      0.0   1482.8   0.839
20260407014255    150    100.0    115.0   20.0     86.6   1484.7   1483.2   0.814
20260407014255    150    155.0    195.0   20.0     80.8   1487.8   1487.3   0.851
20260407014255    150    230.0    275.0   20.0     77.6   1485.5   1489.0   0.826
20260407014255    150    330.0    730.0   20.0    102.5   1489.5   1499.7   0.870
20260407014255    150    780.0   1385.0   20.0     97.7   1496.8   1487.1   0.886
20260407014255    150   1455.0   1545.0   20.0     84.6   1488.0   1477.7   0.854
20260407014255    150   1660.0   1695.0   20.0     79.5   1479.3   1477.7   0.868
20260407014255    150   1785.0   1800.0   20.0     85.7   1481.5   1474.9   0.811
20260407014255    151    425.0    475.0   20.0    166.5    937.4    936.4   0.827
20260407014255    151    965.0    990.0   20.0     57.0    941.9    943.0   0.829
20260407014255    157     50.0     80.0   20.0     82.0    919.6    931.5   0.926
20260407014255    157    310.0    320.0   20.0     23.4    933.4    934.5   0.407
20260407014255    161    555.0    570.0   20.0     21.0    923.6   1042.2   0.874
20260407014255    161    650.0    660.0   20.0     25.9   1158.1   1149.5   0.512
20260407014255    161    735.0    775.0   20.0     56.8   1138.4   1218.5   0.749
20260407014255    161   1415.0   1430.0   20.0     36.9   1324.7   1308.0   0.816
20260407014255    162    155.0    170.0   20.0     39.9   1027.9   1070.6   0.804
20260407014255    162    315.0    325.0   20.0     42.9   1135.0   1243.1   0.614
20260407014255    163   1145.0   1160.0   20.0     23.7    916.0    913.7   0.678
20260407014255    163   1310.0   1325.0   20.0     32.8    916.2    915.8   0.525
20260407014255    164     55.0    210.0   20.0    140.3    943.5   1116.0   0.783
20260407014255    164    355.0    370.0   20.0     90.5   1178.7   1289.2   0.848
20260407014255    166    890.0    925.0   20.0     33.8    935.0   1072.4   0.778
20260407014255    166    970.0    985.0   20.0     20.7   1132.8   1068.3   0.672
20260407014255    166   1065.0   1080.0   20.0     23.2   1090.8   1107.5   0.661
20260407014255    167   1255.0   1285.0   20.0    137.5    932.8    931.1   0.785
20260407014255    170     15.0     30.0   20.0     23.0    935.3    991.4   0.797
20260407014255    170    255.0    270.0   20.0     28.0   1011.8   1065.2   0.776
20260407014255    172     55.0     70.0   20.0     29.7   1059.8   1094.7   0.817
20260407014255    172    785.0    800.0   20.0     26.9   1188.8   1224.1   0.794
20260407014255    172    865.0    880.0   20.0     38.5   1184.1   1074.5   0.833
20260407014255    173   1325.0   1340.0   20.0     26.5    931.2    959.5   0.748
20260407014255    173   1615.0   1630.0   20.0     33.9    970.6   1048.7   0.847
20260407014255    173   1720.0   1735.0   20.0     39.3   1047.4   1162.7   0.797
20260407014255    175   1725.0   1740.0   20.0     20.3    938.2    939.0   0.584
20260407014255    176   1545.0   1560.0   20.0     32.1   1318.1   1377.7   0.762
20260407014255    177   1615.0   1630.0   20.0     78.8    951.4    952.4   0.886
20260407014255    181     50.0     90.0   20.0    205.3    977.1    945.7   0.840
20260407014255    181    895.0    940.0   20.0     61.6    950.3   1005.8   0.817
20260407014255    181   1300.0   1320.0   20.0     21.0    983.4    964.2   0.745
20260407014255    181   1600.0   1625.0   20.0     23.9    956.1   1169.1   0.711
20260407014255    181   1735.0   1780.0   20.0     27.2   1143.7   1138.8   0.880
20260407014255    182    190.0    205.0   20.0     83.4   1106.3    964.8   0.773
20260407014255    183    700.0    715.0   20.0     66.8    985.6    987.2   0.712
20260407014255    183    750.0    795.0   20.0     71.3    987.9    986.0   0.690
20260407014255    185    145.0    175.0   20.0    195.9    940.7    943.9   0.872
20260407014255    185   1515.0   1570.0   20.0     68.0    942.2   1124.4   0.766
20260407014255    185   1615.0   1630.0   20.0     38.6   1173.0   1187.6   0.570
20260407014255    185   1665.0   1680.0   20.0     50.1   1193.2   1227.3   0.522
20260407014255    185   1720.0   1770.0   20.0     26.6   1223.2   1284.8   0.855
20260407014255    189    260.0    275.0   20.0     37.7   1682.8   1605.2   0.846
20260407014255    193    595.0    615.0   20.0     82.0    980.6    988.3   0.797
20260407014255    193   1635.0   1650.0   20.0     59.6    974.7    974.8   0.615
20260407014255    193   1770.0   1795.0   20.0    124.4    974.1    975.0   0.770
20260407014255    202    190.0    205.0   13.4     64.4   1871.3   1868.9   0.493
20260407014255    202    255.0    265.0   14.3     78.3   1882.3   1885.8   0.401
20260407014255    202    330.0    345.0   11.1     79.1   1893.1   1899.3   0.471
20260407014255    202    480.0    495.0    8.0     48.3   1882.6   1886.3   0.426
20260407014255    202    640.0   1080.0   10.2     72.6   1896.0   1898.0   0.855
20260407014255    202   1195.0   1205.0   20.0     24.2   1882.1   1882.3   0.552
20260407014255    203    215.0    230.0   20.0     74.1    978.1    983.4   0.617
20260407014255    203    420.0    435.0   20.0    224.6    984.5   1475.1   0.894
20260407014255    205    185.0    200.0   20.0     29.4   1311.9   1326.2   0.824
20260407014255    205    300.0    315.0   20.0     47.9   1353.1   1415.3   0.874
20260407014255    209    685.0    700.0   20.0     53.7   1000.0    997.8   0.704
20260407014255    209   1770.0   1795.0   20.0     67.1    994.3    995.9   0.758
20260407014255    210    815.0    835.0   20.0     36.9   1017.8   1017.8   0.757
20260407014255    210   1170.0   1185.0   20.0     56.2   1017.4   1076.6   0.738
20260407014255    210   1270.0   1285.0   20.0     26.3   1078.9   1124.0   0.842
20260407014255    210   1335.0   1350.0   20.0     25.7   1135.0   1167.5   0.782
20260407014255    210   1495.0   1510.0   20.0     87.2   1213.5   1312.2   0.763
20260407014255    210   1625.0   1640.0   20.0     74.1   1301.3   1401.4   0.779
20260407014255    211      0.0     10.0   20.0    150.0      0.0   1005.6   0.574
20260407014255    211   1065.0   1110.0   20.0     89.1   1013.6   1005.9   0.778
20260407014255    211   1420.0   1435.0   20.0     70.6   1029.7   1017.5   0.804
20260407014255    215    315.0    335.0   20.0     97.9   1012.5   1012.0   0.733
20260407014255    215   1175.0   1195.0   20.0     67.3   1007.7   1090.1   0.822
20260407014255    215   1305.0   1370.0   20.0    194.0   1220.2   1010.1   0.877
20260407014255    220    375.0    445.0   20.0     63.0   1160.2   1214.7   0.848
20260407014255    220   1135.0   1150.0   20.0     38.5   1226.0   1228.9   0.805
20260407014255    220   1285.0   1300.0   20.0     55.4   1339.2   1445.5   0.747
20260407014255    220   1495.0   1510.0   20.0     22.7   1402.0   1403.4   0.737
20260407014255    221     15.0     35.0   20.0     30.5   1148.0   1232.1   0.817
20260407014255    227     15.0     35.0   20.0    100.0   1034.4   1390.6   0.826
20260407014255    227    135.0    195.0   20.0     42.3   1392.4   1069.8   0.886
20260407014255    227   1105.0   1125.0   20.0    111.3   1030.3   1030.9   0.855
20260407014255    228      0.0    160.0   20.0    108.1      0.0   1729.3   0.804
20260407014255    228    195.0    675.0   20.0     77.7   1730.7   1695.6   0.840
20260407014255    228    765.0   1725.0   20.0     58.4   1689.1   1686.7   0.865
20260407014255    228   1765.0   1800.0   20.0     25.9   1663.8   1663.8   0.789
20260407014255    229      0.0     15.0   20.0     26.6      0.0   1631.4   0.814
20260407014255    229     65.0     80.0   20.0     23.9   1642.6   1635.3   0.848
20260407014255    229    115.0    130.0   20.0     30.0   1641.2   1639.4   0.812
20260407014255    229    400.0    420.0   20.0    109.1   1647.1   1638.5   0.864
20260407014255    229    475.0    490.0   20.0     29.1   1655.1   1647.5   0.809
20260407014255    229    555.0    570.0   20.0     21.5   1650.1   1660.0   0.814
20260407014255    229    735.0    810.0   20.0     29.1   1659.8   1655.3   0.880
20260407014255    229   1025.0   1040.0   20.0     43.5   1658.7   1652.0   0.832
20260407014255    229   1190.0   1210.0   20.0     41.9   1648.3   1652.8   0.896
20260407014255    229   1275.0   1435.0   20.0     70.6   1649.6   1698.2   0.937
20260407014255    229   1500.0   1690.0   20.0     27.7   1652.4   1694.3   0.912
20260407014255    229   1745.0   1755.0   20.0     22.4   1657.3   1695.7   0.906
20260407014255    230   1070.0   1085.0   20.0     54.4    451.4    378.3   0.809
20260407014255    233     10.0     30.0   20.0    145.7   1052.9   1050.5   0.824
20260407014255    233    315.0    330.0   20.0     77.3   1054.1   1054.6   0.723
20260407014255    233   1785.0   1800.0   20.0    122.4   1062.0   1297.7   0.877
20260407014255    235      0.0     25.0   20.0    200.3      0.0   1062.9   0.782
20260407014255    235    510.0    525.0   20.0     50.7   1065.6   1066.0   0.724
20260407014255    240    150.0    165.0   20.0     26.0   1466.9   1487.9   0.718
20260407014255    241    785.0    810.0   20.0    121.5   1072.5   1073.6   0.802
20260407014255    241   1180.0   1195.0   20.0     27.2   1070.3   1113.4   0.815
20260407014255    241   1280.0   1295.0   20.0    208.2   1173.5   1068.0   0.488
20260407014255    243    215.0    245.0   20.0    236.8   1095.9   1613.5   0.889
20260407014255    243    310.0    360.0   20.0     42.9   1618.4   1615.7   0.651
20260407014255    245    830.0    845.0   20.0     75.9   1078.8   1078.9   0.741
20260407014255    245    940.0    955.0   20.0     49.7   1077.8   1140.9   0.747
20260407014255    245   1025.0   1050.0   20.0     36.7   1149.1   1376.1   0.741
20260407014255    247    290.0    380.0   20.0    189.8   1083.5   1212.8   0.905
20260407014255    247    500.0    555.0   20.0     88.3   1244.4   1266.2   0.684
20260407014255    247    635.0    695.0   20.0     45.4   1252.9   1294.1   0.678
20260407014255    247    750.0    765.0   20.0     56.8   1274.9   1363.4   0.801
20260407014255    247    805.0    820.0   20.0     21.7   1295.0   1272.8   0.647
20260407014255    247    885.0   1060.0   20.0     52.4   1288.2   1348.7   0.851
20260407014255    247   1135.0   1210.0   20.0     24.9   1352.4   1380.3   0.812
20260407014255    247   1280.0   1295.0   20.0     23.2   1341.3   1341.4   0.678
20260407014255    247   1345.0   1360.0   20.0     97.0   1396.8   1396.4   0.774
20260407014255    247   1395.0   1475.0   20.0     87.1   1449.2   1453.3   0.835
20260407014255    247   1510.0   1580.0   20.0     30.1   1473.8   1489.1   0.649
20260407014255    247   1665.0   1720.0   20.0     40.7   1482.1   1510.4   0.739
20260407014255    247   1770.0   1790.0   20.0    117.6   1510.0   1532.0   0.820
20260407014255    251     90.0    105.0   20.0    101.7   1104.4   1103.7   0.823
20260407021613      1    230.0    245.0   20.0    141.0   1018.4   1023.3   0.723
20260407021613      1    415.0    425.0   20.0     22.3   1043.9   1021.4   0.694
20260407021613      1    605.0    620.0   20.0     20.3   1120.9   1067.9   0.825
20260407021613      1   1400.0   1415.0   20.0     20.1   1046.6   1048.7   0.681
20260407021613      2   1465.0   1480.0   20.0     30.7   1036.4   1028.5   0.644
20260407021613      3   1585.0   1600.0   20.0     20.2   1025.3   1029.2   0.496
20260407021613      4    800.0    815.0   20.0     58.6   1025.4   1025.9   0.773
20260407021613      6      0.0     40.0   20.0     99.0      0.0   1093.1   0.781
20260407021613      6    165.0    190.0   20.0     36.1   1174.6   1190.2   0.845
20260407021613      6    275.0    290.0   20.0     63.6   1214.5   1221.4   0.468
20260407021613      6    575.0    590.0   20.0     36.6   1254.9   1264.6   0.821
20260407021613      6    640.0    670.0   20.0     43.4   1284.7   1321.9   0.730
20260407021613      6    820.0    835.0   20.0     22.8   1334.4   1354.4   0.687
20260407021613      7   1055.0   1120.0   20.0    158.5    969.3   1131.3   0.874
20260407021613      7   1630.0   1645.0   20.0     21.7   1166.7   1233.8   0.834
20260407021613      8   1540.0   1565.0   20.0     95.8   1000.0   1222.8   0.874
20260407021613      9   1305.0   1320.0   20.0     53.6   1022.2   1020.6   0.739
20260407021613      9   1520.0   1535.0   20.0     36.9   1049.3   1135.8   0.820
20260407021613     12    840.0    855.0   20.0     29.6   1023.7   1083.7   0.759
20260407021613     12    965.0    980.0   20.0     22.0   1080.7   1083.5   0.805
20260407021613     12   1015.0   1070.0   20.0     31.4   1093.2   1014.9   0.875
20260407021613     12   1310.0   1365.0   20.0     67.2   1028.3   1158.5   0.836
20260407021613     12   1415.0   1430.0   20.0     31.0   1131.2   1144.4   0.784
20260407021613     15      0.0     40.0   20.0    270.7      0.0    984.6   0.794
20260407021613     16    805.0    860.0   20.0    202.4   1006.6   1002.5   0.905
20260407021613     16   1115.0   1140.0   20.0    118.1    993.0   1173.7   0.838
20260407021613     16   1510.0   1525.0   20.0     59.6   1226.9   1230.7   0.716
20260407021613     16   1775.0   1790.0   20.0     29.7   1254.7   1265.3   0.752
20260407021613     17   1235.0   1300.0   20.0     37.6    971.8    974.8   0.627
20260407021613     17   1635.0   1655.0   20.0     97.7    976.2   1142.8   0.842
20260407021613     21   1365.0   1380.0   20.0     41.6   1033.7   1032.5   0.756
20260407021613     22    345.0    360.0   20.0     29.0   1611.4   1658.4   0.838
20260407021613     27    220.0    235.0   20.0     40.6   1093.7   1099.4   0.754
20260407021613     30    215.0    240.0   20.0    138.4    959.0    960.6   0.834
20260407021613     30    940.0    960.0   20.0     87.9    962.3    964.4   0.827
20260407021613     32    285.0    305.0   20.0     76.7   1001.2    967.0   0.757
20260407021613     32    700.0    710.0   20.0     21.2    962.1    962.0   0.447
20260407021613     32    830.0    855.0   20.0    187.2    961.4   1196.8   0.884
20260407021613     32   1085.0   1140.0   20.0     57.9   1222.0   1215.6   0.868
20260407021613     32   1305.0   1320.0   20.0     22.3   1272.9   1247.3   0.892
20260407021613     34   1165.0   1185.0   20.0    151.9    960.1    963.2   0.845
20260407021613     35    450.0    510.0   20.0    323.8    958.7    943.9   0.810
20260407021613     35    570.0    615.0   20.0     94.7    947.1   1159.7   0.902
20260407021613     35   1570.0   1585.0   20.0     48.3   1188.6   1198.3   0.515
20260407021613     36     85.0    100.0   20.0     35.1    935.0    934.4   0.702
20260407021613     37    800.0    850.0   20.0    161.8    949.0    957.1   0.829
20260407021613     38    140.0    180.0   20.0     67.5   1015.2   1012.7   0.872
20260407021613     38   1620.0   1640.0   20.0     55.5   1015.3   1009.8   0.762
20260407021613     40    550.0    565.0   20.0     22.0   1275.5   1286.7   0.589
20260407021613     43     35.0     50.0   20.0     47.1   1468.1   1513.6   0.866
20260407021613     44    340.0    355.0   20.0    181.3    956.2    956.9   0.760
20260407021613     44   1040.0   1105.0   20.0    100.1    970.3    967.6   0.836
20260407021613     45    285.0    345.0   20.0    145.0    940.3   1284.9   0.790
20260407021613     48    600.0    615.0   20.0     33.4    972.6    964.3   0.599
20260407021613     48   1650.0   1665.0   20.0     20.8    996.1    996.5   0.670
20260407021613     49    570.0    660.0   20.0     56.2    929.5   1179.5   0.864
20260407021613     49    695.0    710.0   20.0    119.1   1188.2   1227.0   0.856
20260407021613     49    830.0    845.0   20.0     23.2   1206.3    937.0   0.916
20260407021613     49   1445.0   1460.0   20.0     21.5    924.5    928.7   0.862
20260407021613     49   1600.0   1620.0   20.0    116.1    941.5    933.1   0.837
20260407021613     52   1330.0   1345.0   20.0     23.8    959.6    990.2   0.661
20260407021613     52   1395.0   1415.0   20.0     66.1    999.8   1076.9   0.865
20260407021613     56    315.0    330.0   20.0     37.9    965.7    921.3   0.744
20260407021613     56    585.0    600.0   20.0     67.5    922.7    921.9   0.665
20260407021613     58    580.0    595.0   20.0     79.2    941.5    947.4   0.670
20260407021613     60   1450.0   1595.0   20.0     68.0    943.5   1192.7   0.867
20260407021613     60   1720.0   1735.0   20.0     32.6   1171.1   1194.1   0.714
20260407021613     62    860.0    875.0   20.0     35.5   1233.9   1247.8   0.576
20260407021613     65   1320.0   1335.0   20.0     34.0    922.2    922.4   0.671
20260407021613     65   1400.0   1415.0   20.0     27.3    914.9    919.8   0.674
20260407021613     68   1340.0   1355.0   20.0     25.3    998.1   1028.5   0.782
20260407021613     68   1750.0   1800.0   20.0     71.1   1123.2    999.4   0.910
20260407021613     70    525.0    555.0   20.0     27.7   1285.2   1278.2   0.874
20260407021613     71   1290.0   1305.0   20.0     26.3   1032.6   1032.3   0.807
20260407021613     72    840.0    865.0   20.0     43.5    970.7    971.7   0.781
20260407021613     72    965.0    980.0   20.0     35.5    976.9    970.8   0.480
20260407021613     73    270.0    285.0   20.0     26.4    983.9   1035.9   0.806
20260407021613     73    375.0    390.0   20.0     44.0   1062.4   1132.0   0.898
20260407021613     73    490.0    515.0   20.0     49.0   1108.6   1247.4   0.753
20260407021613     73    620.0    650.0   20.0     35.3   1264.3   1210.1   0.871
20260407021613     73    910.0    925.0   20.0     96.9   1193.7   1191.3   0.724
20260407021613     74    665.0    680.0   20.0     28.2    992.1   1018.1   0.776
20260407021613     74   1585.0   1600.0   20.0     26.9   1072.2   1090.8   0.822
20260407021613     80     60.0     80.0   20.0     88.9   1399.8   1371.5   0.852
20260407021613     81    655.0    670.0   20.0     66.5    899.4   1076.8   0.863
20260407021613     81    765.0    780.0   20.0     22.6   1089.3   1110.9   0.841
20260407021613     84     40.0     55.0   20.0     43.4   1062.3   1122.1   0.434
20260407021613     84   1750.0   1780.0   20.0     36.5   1276.9   1287.5   0.845
20260407021613     85    315.0    330.0   20.0     23.9    962.2   1009.5   0.892
20260407021613     85    380.0    395.0   20.0     77.1   1039.0    968.5   0.805
20260407021613     87    235.0    270.0   20.0    104.7    890.9    886.8   0.780
20260407021613     87   1710.0   1730.0   20.0     79.0    966.8    895.5   0.698
20260407021613     90    505.0    520.0   20.0    101.3    981.6    977.7   0.875
20260407021613     91     95.0    125.0   20.0    162.9    894.0   1318.4   0.838
20260407021613     91    380.0    395.0   20.0     24.7   1317.7   1313.3   0.836
20260407021613     93    485.0    500.0   20.0     97.8    902.8   1111.9   0.802
20260407021613     93   1005.0   1020.0   20.0     59.7   1236.3   1172.6   0.843
20260407021613     93   1080.0   1095.0   20.0     28.7   1164.3   1171.3   0.635
20260407021613     93   1185.0   1200.0   20.0     40.1   1145.5   1123.9   0.555
20260407021613     93   1235.0   1250.0   20.0     24.1   1121.1   1141.6   0.674
20260407021613     93   1425.0   1435.0   20.0     33.4   1203.3   1201.8   0.435
20260407021613     93   1705.0   1720.0   20.0    156.0   1244.6   1391.6   0.770
20260407021613     94     55.0     70.0   20.0     32.0   1036.9   1044.8   0.718
20260407021613     95    970.0    995.0   20.0    178.6    906.2    912.5   0.914
20260407021613     99   1565.0   1580.0   20.0     71.5    913.9    917.4   0.817
20260407021613     99   1790.0   1800.0   20.0     24.8    912.7    907.2   0.723
20260407021613    100    300.0    340.0   20.0     75.4    901.2    899.6   0.841
20260407021613    100    860.0    900.0   20.0     37.9    931.3   1037.6   0.866
20260407021613    100   1015.0   1030.0   20.0     22.8   1099.7   1099.0   0.760
20260407021613    100   1245.0   1260.0   20.0     24.0   1153.3   1160.0   0.813
20260407021613    105    300.0    320.0   20.0     39.2    880.4    883.3   0.723
20260407021613    108     75.0     90.0   20.0     21.0    908.5   1004.7   0.797
20260407021613    108    140.0    185.0   20.0     93.9   1027.0    937.6   0.805
20260407021613    108    310.0    360.0   20.0     95.1    916.6    917.1   0.812
20260407021613    111    775.0    790.0   20.0     23.6   1259.3   1290.1   0.895
20260407021613    115   1315.0   1335.0   20.0    104.9    898.4    892.2   0.829
20260407021613    115   1640.0   1655.0   20.0    109.0    948.9    900.1   0.890
20260407021613    115   1695.0   1710.0   20.0     23.1    901.8    906.0   0.557
20260407021613    116    225.0    250.0   20.0     31.5    908.9    910.8   0.751
20260407021613    116    435.0    455.0   20.0    192.2    953.1    942.5   0.920
20260407021613    116    585.0    605.0   20.0    210.3    938.2   1386.3   0.837
20260407021613    117   1560.0   1580.0   20.0    101.2    892.7   1185.7   0.901
20260407021613    119   1315.0   1330.0   20.0     32.3    896.9    913.9   0.791
20260407021613    119   1430.0   1565.0   20.0     87.3    901.5   1220.5   0.894
20260407021613    119   1705.0   1720.0   20.0     35.2   1265.9   1247.4   0.742
20260407021613    128    360.0    380.0   20.0     87.6    884.6    886.8   0.818
20260407021613    129   1595.0   1610.0   20.0    139.3    905.3   1209.6   0.880
20260407021613    130      0.0    435.0   20.0     94.9      0.0   1534.7   0.812
20260407021613    130    645.0   1075.0   20.0     93.0   1542.3   1549.2   0.808
20260407021613    130   1150.0   1280.0   20.0    110.2   1546.8   1556.7   0.765
20260407021613    130   1330.0   1800.0   20.0     93.7   1547.1   1559.8   0.825
20260407021613    131    185.0    200.0   20.0     23.0    900.5    899.4   0.648
20260407021613    133    375.0    390.0   20.0     39.9    905.9    969.1   0.796
20260407021613    133    445.0    465.0   20.0    116.4    975.9    913.0   0.778
20260407021613    133    715.0    730.0   20.0     54.7    931.5    932.0   0.652
20260407021613    133   1305.0   1325.0   20.0     50.3    999.0   1136.0   0.804
20260407021613    133   1465.0   1480.0   20.0    192.9   1184.2    934.7   0.901
20260407021613    135   1575.0   1620.0   20.0    104.9    909.8    911.3   0.856
20260407021613    136    330.0    360.0   20.0    101.8    916.0    915.0   0.862
20260407021613    141     55.0     70.0   20.0     47.3   1415.3   1466.2   0.910
20260407021613    143   1230.0   1245.0   20.0    110.9    902.4   1286.3   0.834
20260407021613    143   1365.0   1380.0   20.0    123.4   1277.2    902.6   0.940
20260407021613    144     55.0     80.0   20.0     24.2   1006.5   1038.8   0.756
20260407021613    144    120.0    135.0   20.0     21.3   1050.4   1125.5   0.837
20260407021613    145   1025.0   1115.0   20.0     37.9    968.8   1104.6   0.777
20260407021613    145   1175.0   1190.0   20.0     28.1   1085.9   1079.1   0.588
20260407021613    145   1270.0   1285.0   20.0     58.4   1064.7   1065.3   0.539
20260407021613    145   1415.0   1470.0   20.0     38.7   1075.5   1084.4   0.866
20260407021613    145   1575.0   1585.0   20.0     21.6   1081.5   1095.7   0.449
20260407021613    146    285.0    300.0   20.0     41.3   1106.5   1160.3   0.810
20260407021613    147   1615.0   1630.0   20.0     22.0    964.9    944.4   0.778
20260407021613    147   1785.0   1800.0   20.0    131.1    952.4   1154.3   0.892
20260407021613    149     60.0     80.0   20.0    150.9    933.2    933.2   0.809
20260407021613    149   1165.0   1185.0   20.0    220.4    881.5    887.5   0.814
20260407021613    149   1580.0   1595.0   20.0     33.8    895.6    890.9   0.422
20260407021613    150     55.0   1070.0   20.0    120.5   1622.2   1548.4   0.884
20260407021613    150   1120.0   1180.0   20.0     44.3   1596.2   1606.7   0.906
20260407021613    150   1225.0   1625.0   20.0    107.5   1607.4   1631.2   0.873
20260407021613    150   1680.0   1695.0   20.0     66.2   1630.8   1624.1   0.803
20260407021613    151    700.0    720.0   20.0     51.4    939.9    940.7   0.764
20260407021613    154    480.0    495.0   20.0     76.6   1012.2   1085.6   0.772
20260407021613    154    585.0    625.0   20.0     93.8   1085.5   1135.8   0.794
20260407021613    154   1340.0   1355.0   20.0     22.4   1241.3   1242.1   0.545
20260407021613    156     35.0     50.0   20.0     36.9   1159.6   1209.9   0.892
20260407021613    159   1020.0   1035.0   20.0     23.7   1011.1   1010.3   0.770
20260407021613    161    315.0    330.0   20.0     36.6   1281.7   1344.7   0.828
20260407021613    166    800.0    815.0   20.0     28.1    945.3    989.0   0.820
20260407021613    166    880.0    895.0   20.0     31.8   1040.0   1039.1   0.609
20260407021613    166    935.0    950.0   20.0     75.8   1027.4    945.1   0.767
20260407021613    169    220.0    235.0   20.0     23.5   1303.9   1304.4   0.827
20260407021613    170     10.0     60.0   20.0     65.4    958.5   1100.6   0.837
20260407021613    170     95.0    110.0   20.0     32.4   1121.7   1151.5   0.584
20260407021613    170    235.0    255.0   20.0     76.0   1062.0   1121.1   0.822
20260407021613    170    445.0    460.0   20.0     50.1   1096.1    978.0   0.823
20260407021613    172    110.0    125.0   20.0     55.3   1029.6   1079.2   0.761
20260407021613    172    415.0    465.0   20.0     67.3   1102.3   1102.5   0.855
20260407021613    172    775.0    830.0   20.0     30.9   1169.4   1192.1   0.791
20260407021613    172    990.0   1005.0   20.0     43.7   1231.2   1235.7   0.781
20260407021613    173     80.0     95.0   20.0     99.6    928.4    925.5   0.798
20260407021613    173    810.0    825.0   20.0     44.1    941.5    941.6   0.700
20260407021613    173   1170.0   1185.0   20.0     53.4    951.3    941.4   0.772
20260407021613    173   1295.0   1335.0   20.0    284.5    943.8   1095.0   0.893
20260407021613    173   1405.0   1455.0   17.1    126.1   1101.3   1399.9   0.849
20260407021613    175   1305.0   1320.0   20.0     52.9    940.7    940.4   0.762
20260407021613    177    770.0    790.0   20.0     36.0    970.7    968.5   0.821
20260407021613    177   1285.0   1300.0   20.0    105.2    973.0    976.9   0.791
20260407021613    179    290.0    310.0   20.0     54.2   1656.7   1617.9   0.867
20260407021613    181    665.0    695.0   20.0    178.3    953.8    954.3   0.785
20260407021613    181   1475.0   1530.0   20.0     83.2    952.8    951.9   0.861
20260407021613    181   1615.0   1630.0   20.0     25.0    953.7   1046.7   0.844
20260407021613    181   1675.0   1695.0   20.0     89.1   1056.2    953.2   0.835
20260407021613    182    100.0    115.0   20.0     44.1    960.5   1017.0   0.752
20260407021613    182    165.0    180.0   20.0     46.8   1020.7    965.4   0.793
20260407021613    182    405.0    510.0   20.0     60.0    974.1   1158.5   0.730
20260407021613    182    550.0    570.0   20.0     87.0   1147.0    969.2   0.873
20260407021613    183   1035.0   1050.0   20.0     80.6    982.1    981.7   0.733
20260407021613    185      0.0    230.0   20.0     82.1      0.0   1183.1   0.769
20260407021613    185    370.0    410.0   20.0     25.7   1238.1   1226.9   0.811
20260407021613    185    885.0    900.0   20.0     29.3   1265.7   1267.5   0.781
20260407021613    185    965.0    980.0   20.0    150.0   1275.8   1445.1   0.808
20260407021613    186   1595.0   1610.0   20.0     43.7   1053.5   1053.1   0.625
20260407021613    187   1215.0   1260.0   20.0    163.1    961.1    964.3   0.860
20260407021613    187   1785.0   1800.0   20.0     75.3    970.9    961.4   0.749
20260407021613    189     65.0     80.0   20.0     49.9   1735.6   1700.5   0.696
20260407021613    193   1490.0   1505.0   20.0    163.4    974.4    979.3   0.775
20260407021613    193   1550.0   1565.0   20.0     22.6    979.6    978.3   0.482
20260407021613    194    790.0    825.0   20.0     59.2   1057.2   1057.5   0.769
20260407021613    194   1150.0   1165.0   20.0     72.4   1053.7   1119.5   0.763
20260407021613    194   1335.0   1355.0   20.0    249.8   1141.6   1055.5   0.914
20260407021613    195    175.0    190.0   20.0     64.8   1554.2   1580.3   0.624
20260407021613    195    320.0    335.0   20.0     30.7   1574.1   1593.3   0.763
20260407021613    202    630.0    645.0    3.2     65.4   1900.0   1897.7   0.450
20260407021613    202    780.0   1490.0   20.0     65.0   1899.2   1901.1   0.846
20260407021613    202   1565.0   1580.0   20.0     22.6   1901.2   1902.0   0.624
20260407021613    205    340.0    355.0   20.0     25.4   1481.7   1535.2   0.916
20260407021613    206     40.0     75.0   20.0     66.3   1817.3   1817.5   0.775
20260407021613    206    120.0    145.0   20.0     56.6   1813.3   1813.2   0.811
20260407021613    208    360.0    385.0   20.0     89.5   1486.6   1668.4   0.826
20260407021613    210     60.0     75.0   20.0     61.6   1083.7   1132.1   0.704
20260407021613    210    250.0    265.0   20.0     21.5   1125.8   1172.9   0.846
20260407021613    210    300.0    315.0   20.0     23.4   1173.3   1196.4   0.706
20260407021613    210    695.0    710.0   20.0     22.1   1227.6   1286.9   0.829
20260407021613    211    305.0    315.0   20.0     22.2   1007.7   1007.6   0.432
20260407021613    211    380.0    400.0   20.0    306.0   1005.7   1005.9   0.858
20260407021613    211   1080.0   1105.0   20.0    103.6   1007.4   1002.7   0.801
20260407021613    211   1170.0   1240.0   20.0    141.2   1019.2   1262.7   0.942
20260407021613    215    740.0    755.0   20.0     37.4   1011.6   1022.9   0.797
20260407021613    217     80.0    105.0   20.0     90.2   1033.2   1025.2   0.737
20260407021613    217    605.0    625.0   20.0    109.4   1036.7   1026.5   0.790
20260407021613    217   1245.0   1325.0   20.0    329.1   1025.0   1024.0   0.866
20260407021613    218    815.0    840.0   20.0     50.7   1072.0   1069.8   0.797
20260407021613    220      0.0     10.0   20.0     49.8      0.0   1161.6   0.788
20260407021613    221    135.0    150.0   20.0     41.1   1296.0   1360.4   0.842
20260407021613    225    425.0    445.0   20.0    287.6   1040.0   1041.9   0.837
20260407021613    229    150.0    165.0   20.0     28.7   1713.7   1734.0   0.888
20260407021613    230   1365.0   1385.0   20.0     32.5    448.4    457.6   0.834
20260407021613    231    365.0    380.0   20.0     23.2   1136.9   1137.6   0.747
20260407021613    235    220.0    250.0   20.0    154.4   1064.2   1404.0   0.830
20260407021613    235    310.0    325.0   20.0     33.2   1419.2   1485.0   0.872
20260407021613    235    510.0    530.0   20.0     96.8   1504.9   1065.6   0.936
20260407021613    241    345.0    360.0   20.0     31.5   1081.7   1085.6   0.471
20260407021613    245    610.0    635.0   20.0    169.5   1501.2   1501.8   0.858
20260407021613    245   1525.0   1540.0   20.0     35.1   1405.0   1400.1   0.809
20260407021613    247    320.0    380.0   20.0     71.2   1470.8   1507.9   0.754
20260407021613    247    460.0    475.0   20.0     78.4   1538.1   1562.0   0.740
20260407021613    247    560.0    575.0   20.0     22.8   1585.1   1596.4   0.793
20260407021613    247    890.0    905.0   20.0     51.8   1611.8   1616.9   0.651
20260407021613    247   1285.0   1300.0   20.0    106.6   1548.6   1281.5   0.895
20260407021613    251   1510.0   1525.0   20.0     54.0   1099.3   1196.2   0.594
20260407021613    252    580.0    595.0   20.0     37.2   1252.9   1283.8   0.733
20260407021613    255    510.0    620.0   20.0     67.5   1134.3   1493.9   0.776
20260407021613    255    715.0    780.0   20.0     42.6   1515.9   1506.3   0.697
20260407021613    255    965.0    990.0   20.0    103.5   1572.0   1562.5   0.772
20260407024932      1   1295.0   1310.0   20.0     49.0   1031.3   1046.9   0.454
20260407024932      3    360.0    375.0   20.0     62.3   1028.5   1025.9   0.760
20260407024932      6      0.0     55.0   20.0     24.0      0.0   1393.3   0.605
20260407024932      6    150.0    165.0   20.0     62.4   1378.8   1556.0   0.816
20260407024932      8    890.0    905.0   20.0     26.3    992.5    996.4   0.710
20260407024932      8    955.0    990.0   20.0    105.7    990.2   1403.3   0.836
20260407024932      8   1230.0   1245.0   20.0     29.1   1390.5   1374.3   0.728
20260407024932      8   1305.0   1320.0   20.0     33.1   1260.1    999.5   0.928
20260407024932      9      0.0     10.0   20.0     20.5      0.0   1080.8   0.694
20260407024932      9     95.0    115.0   20.0     72.5   1072.6    992.3   0.814
20260407024932      9    390.0    405.0   20.0     64.1    996.3   1001.8   0.813
20260407024932      9   1345.0   1360.0   20.0     47.0   1048.4   1003.1   0.809
20260407024932     10     10.0     75.0   20.0    106.7   1764.2   1869.1   0.926
20260407024932     12    645.0    660.0   20.0     62.9   1025.7   1027.5   0.403
20260407024932     14    775.0    840.0   20.0     44.9    987.8   1141.6   0.817
20260407024932     14    980.0   1000.0   20.0     58.5   1163.9   1181.4   0.819
20260407024932     14   1460.0   1475.0   20.0     21.1   1198.8   1207.2   0.900
20260407024932     15     10.0     25.0   20.0     44.9    988.0   1048.8   0.686
20260407024932     15    445.0    460.0   20.0     24.9   1074.8   1064.2   0.806
20260407024932     15   1365.0   1390.0   20.0     49.1   1144.7    987.8   0.873
20260407024932     15   1700.0   1710.0   20.0     32.9   1369.7   1012.8   0.769
20260407024932     16   1665.0   1680.0   20.0     87.8   1154.3   1005.9   0.785
20260407024932     19   1440.0   1455.0   20.0    207.6    957.6   1367.8   0.850
20260407024932     19   1585.0   1595.0   20.0     29.3   1350.7   1359.1   0.503
20260407024932     24    320.0    335.0   20.0     54.3   1041.6   1035.9   0.711
20260407024932     30    830.0    845.0   20.0     49.2    981.0    959.0   0.706
20260407024932     32     85.0    100.0   20.0    104.1    958.6    958.1   0.812
20260407024932     32    310.0    335.0   20.0     43.8    957.7   1178.7   0.854
20260407024932     32    370.0    465.0   20.0     50.2   1161.2   1259.4   0.742
20260407024932     32    685.0    700.0   20.0    134.7   1249.3   1260.5   0.544
20260407024932     34    395.0    445.0   20.0     46.4    948.6   1103.6   0.799
20260407024932     34    480.0    500.0   20.0    144.7   1104.0    951.7   0.792
20260407024932     34    935.0    955.0   20.0     31.3    970.4    968.7   0.803
20260407024932     34   1020.0   1035.0   20.0     27.7    972.5    972.1   0.481
20260407024932     34   1200.0   1245.0   20.0     41.1    979.4   1139.3   0.771
20260407024932     34   1280.0   1295.0   20.0     52.5   1144.3   1280.8   0.899
20260407024932     35   1205.0   1225.0   20.0    196.7    954.0    954.3   0.873
20260407024932     35   1340.0   1385.0   20.0    228.1    948.9    946.3   0.875
20260407024932     36    605.0    620.0   20.0     84.5    942.4    939.5   0.701
20260407024932     36    875.0    890.0   20.0     58.2    952.8    953.0   0.715
20260407024932     36   1330.0   1345.0   20.0    300.4    970.5   1458.8   0.842
20260407024932     37   1480.0   1495.0   20.0     35.6    972.0   1027.9   0.813
20260407024932     37   1550.0   1565.0   20.0    184.5   1052.2   1027.9   0.780
20260407024932     37   1640.0   1695.0   20.0     31.2   1054.4   1090.0   0.855
20260407024932     38   1030.0   1055.0   20.0     44.6   1003.0   1003.5   0.765
20260407024932     39    855.0    905.0   20.0     83.5    913.6    912.2   0.784
20260407024932     41      0.0     10.0   20.0     36.1      0.0   1308.9   0.888
20260407024932     43     95.0    110.0   20.0     23.5   1494.8   1518.6   0.885
20260407024932     44    230.0    360.0   20.0    124.9   1006.8   1239.3   0.899
20260407024932     44    415.0    430.0   20.0     35.1   1253.5   1323.0   0.833
20260407024932     44    465.0    495.0   20.0     46.7   1193.8    978.9   0.934
20260407024932     44   1360.0   1390.0   20.0     56.0    968.5   1040.6   0.896
20260407024932     44   1430.0   1445.0   20.0    131.1   1040.9   1061.9   0.770
20260407024932     44   1715.0   1730.0   20.0     36.9   1105.5   1183.0   0.761
20260407024932     48    250.0    265.0   20.0     21.5    959.2   1021.1   0.710
20260407024932     48    310.0    350.0   20.0     43.4   1040.7   1207.2   0.784
20260407024932     48    800.0    815.0   20.0     20.0   1351.5   1353.8   0.853
20260407024932     48   1175.0   1190.0   20.0     64.3   1338.7   1426.7   0.885
20260407024932     49    735.0    750.0   20.0     68.0    928.7    928.3   0.605
20260407024932     49   1055.0   1070.0   20.0     35.6    934.7    998.6   0.840
20260407024932     49   1140.0   1200.0   20.0     24.3   1034.6   1091.2   0.696
20260407024932     49   1270.0   1285.0   20.0     91.8   1089.6   1049.4   0.838
20260407024932     49   1375.0   1415.0   20.0    138.3   1053.7   1083.9   0.827
20260407024932     49   1535.0   1550.0   20.0     20.5   1097.8   1121.2   0.876
20260407024932     51    890.0    915.0   20.0     26.7   1011.7   1011.0   0.794
20260407024932     52    515.0    550.0   20.0    100.8    936.0    938.6   0.812
20260407024932     52   1180.0   1240.0   20.0     74.7    944.8   1270.4   0.884
20260407024932     52   1275.0   1295.0   20.0    153.6   1277.5   1477.2   0.801
20260407024932     55    710.0    725.0   20.0     70.2    927.2    919.8   0.755
20260407024932     56   1730.0   1785.0   20.0    168.7    935.1    930.3   0.786
20260407024932     58    420.0    435.0   20.0     39.3    968.5    938.3   0.715
20260407024932     58    895.0    915.0   20.0     49.1   1007.2    982.9   0.843
20260407024932     60     65.0     80.0   20.0     31.1   1054.9   1094.7   0.632
20260407024932     61    755.0    775.0   20.0    331.0   1398.7   1564.1   0.857
20260407024932     63    760.0    775.0   20.0     40.3    971.7   1018.3   0.778
20260407024932     63    835.0    850.0   20.0     54.6   1026.4    971.5   0.789
20260407024932     63   1545.0   1565.0   20.0    133.0    970.3    971.6   0.898
20260407024932     65    710.0    725.0   20.0     21.5    919.8    954.9   0.846
20260407024932     66    370.0    385.0   20.0     30.1   1011.4   1013.3   0.792
20260407024932     67    930.0    945.0   20.0     37.9    988.7   1046.3   0.767
20260407024932     67    980.0    995.0   20.0     73.3   1078.9    977.1   0.817
20260407024932     67   1545.0   1560.0   20.0     24.0    979.1    979.4   0.560
20260407024932     68   1305.0   1325.0   20.0     57.9    995.4    992.5   0.798
20260407024932     70    670.0    685.0   20.0     25.9   1295.3   1307.5   0.709
20260407024932     72    280.0    300.0   20.0     83.5    952.8    953.4   0.822
20260407024932     72   1100.0   1195.0   20.0    128.8    952.1   1316.8   0.756
20260407024932     72   1405.0   1455.0   20.0     99.0   1239.4   1298.3   0.912
20260407024932     72   1550.0   1575.0   20.0     59.3   1263.3   1322.0   0.803
20260407024932     72   1725.0   1770.0   20.0     30.9   1319.8   1358.3   0.735
20260407024932     74     15.0     30.0   20.0     49.9   1051.6   1003.5   0.759
20260407024932     76    870.0    930.0   20.0     41.5    940.0   1085.5   0.852
20260407024932     76    985.0   1000.0   20.0     70.1   1074.5   1166.3   0.798
20260407024932     76   1055.0   1070.0   20.0     52.5   1189.5   1258.1   0.803
20260407024932     81    875.0    890.0   20.0     59.9    900.6   1101.6   0.823
20260407024932     81    940.0    955.0   20.0     25.9   1128.8   1122.8   0.674
20260407024932     81   1480.0   1495.0   20.0     69.6   1175.8   1181.9   0.878
20260407024932     81   1705.0   1720.0   20.0     35.7   1164.0   1167.9   0.545
20260407024932     83    660.0    675.0   20.0     43.1    895.1    898.6   0.757
20260407024932     83   1450.0   1465.0   20.0    106.8    914.5   1168.8   0.814
20260407024932     85    710.0    745.0   20.0     65.9    959.1    959.1   0.840
20260407024932     85    780.0    795.0   20.0     25.6    959.1    958.5   0.644
20260407024932     87   1115.0   1150.0   20.0    273.0    899.0    898.2   0.847
20260407024932     87   1665.0   1680.0   20.0     24.8    917.9    905.9   0.766
20260407024932     90   1590.0   1605.0   20.0     23.9    986.9   1008.9   0.757
20260407024932     92   1460.0   1475.0   20.0     39.5    906.9    906.8   0.765
20260407024932     93    560.0    575.0   20.0     75.2    899.9    899.6   0.759
20260407024932     93   1685.0   1700.0   20.0     94.8    906.7   1113.9   0.818
20260407024932     95     25.0     40.0   20.0     58.7    890.1    890.4   0.605
20260407024932     95    330.0    345.0   20.0    138.7    891.9    894.4   0.786
20260407024932     97    405.0    435.0   20.0     58.8    958.7    915.1   0.771
20260407024932    100    600.0    615.0   20.0     32.8   1109.7   1140.6   0.744
20260407024932    101    365.0    380.0   20.0     34.4    990.7    991.7   0.765
20260407024932    102   1570.0   1585.0   20.0     21.7   1008.4   1009.9   0.788
20260407024932    104   1280.0   1310.0   20.0    136.8    909.6   1312.0   0.874
20260407024932    105    745.0    760.0   20.0     77.4    887.2    886.0   0.757
20260407024932    111   1195.0   1210.0   20.0     20.3   1257.3   1274.1   0.763
20260407024932    113   1205.0   1230.0   20.0     25.2    968.3    968.5   0.783
20260407024932    113   1325.0   1345.0   20.0     51.7    967.9    969.1   0.801
20260407024932    115    200.0    235.0   20.0    215.7    888.4    889.5   0.786
20260407024932    117    140.0    160.0   20.0    147.3    886.9    887.3   0.777
20260407024932    117    490.0    510.0   20.0     27.1    887.5    887.4   0.724
20260407024932    119    130.0    145.0   20.0    117.5    886.0   1120.8   0.915
20260407024932    121    855.0    870.0   20.0     35.3   1525.5   1465.1   0.825
20260407024932    123   1600.0   1615.0   20.0     58.4    878.6    880.6   0.723
20260407024932    129    750.0    770.0   20.0     50.2    885.6    886.3   0.754
20260407024932    129   1665.0   1685.0   20.0     73.4    896.1    894.5   0.776
20260407024932    130      0.0     50.0   20.0     74.8      0.0   1529.0   0.839
20260407024932    130    100.0    125.0   20.0     69.1   1525.4   1527.0   0.781
20260407024932    130    310.0    345.0   20.0     77.1   1528.6   1532.7   0.823
20260407024932    130    425.0    875.0   20.0     74.8   1532.5   1581.6   0.824
20260407024932    131    170.0    195.0   20.0    290.2    900.6    899.9   0.831
20260407024932    131    990.0   1005.0   20.0     71.5    901.6    903.3   0.833
20260407024932    133   1740.0   1755.0   20.0    123.6    911.8   1158.2   0.883
20260407024932    136   1000.0   1015.0   20.0     21.2    912.4    961.0   0.770
20260407024932    136   1050.0   1065.0   20.0    129.4    973.3    912.7   0.703
20260407024932    141      0.0     15.0   20.0     47.2      0.0   1363.6   0.864
20260407024932    143    625.0    640.0   20.0    297.0    901.9   1446.1   0.844
20260407024932    145    585.0    600.0   20.0    125.0    967.0   1267.8   0.828
20260407024932    145    645.0    660.0   20.0     25.9   1290.4   1279.5   0.674
20260407024932    145    725.0    775.0   20.0     38.1   1288.6   1284.7   0.738
20260407024932    145    820.0    835.0   20.0     21.8   1282.8   1276.3   0.669
20260407024932    145    925.0    940.0   20.0     27.1   1282.9   1270.6   0.592
20260407024932    145    990.0   1005.0   20.0     25.0   1263.8   1275.3   0.562
20260407024932    145   1205.0   1220.0   20.0     43.2   1295.4   1303.4   0.483
20260407024932    145   1295.0   1310.0   20.0     30.3   1297.6   1242.8   0.659
20260407024932    146   1300.0   1315.0   20.0     21.4   1053.0   1064.5   0.717
20260407024932    147    520.0    535.0   20.0     67.9    919.8   1010.3   0.735
20260407024932    147    580.0    595.0   14.3     36.4   1008.3   1019.8   0.523
20260407024932    147    965.0   1000.0   20.0     33.3   1015.6   1012.5   0.768
20260407024932    147   1120.0   1135.0   20.0     67.9   1033.4   1018.3   0.667
20260407024932    147   1245.0   1260.0   20.0     49.7   1037.7    974.9   0.778
20260407024932    147   1595.0   1615.0   20.0     60.4    970.1   1015.4   0.663
20260407024932    149   1150.0   1165.0   20.0     66.2    901.9   1080.4   0.861
20260407024932    151    810.0    830.0   20.0     91.8    935.5   1108.6   0.795
20260407024932    151    880.0    895.0   20.0     38.5   1127.3   1157.8   0.709
20260407024932    151   1140.0   1155.0   20.0     84.9   1316.8   1044.5   0.937
20260407024932    154    225.0    240.0   20.0     20.2   1344.9   1348.5   0.829
20260407024932    154    470.0    485.0   20.0     55.0   1297.8   1172.4   0.855
20260407024932    157     65.0     85.0   20.0    277.9    918.9    929.0   0.879
20260407024932    157    250.0    265.0   20.0     41.6    930.9    930.6   0.580
20260407024932    157    690.0    710.0   20.0     63.8    939.9    945.9   0.709
20260407024932    157   1580.0   1710.0   20.0     64.9    944.5   1179.4   0.882
20260407024932    160   1600.0   1620.0   20.0     46.1   1035.5   1039.6   0.836
20260407024932    162    120.0    135.0   20.0     31.1   1011.3   1042.0   0.756
20260407024932    162    400.0    415.0   20.0     39.0   1055.9   1010.7   0.812
20260407024932    163     55.0     70.0   20.0     75.7    912.2    913.2   0.749
20260407024932    165   1410.0   1440.0   20.0    109.7    938.5    936.5   0.770
20260407024932    165   1485.0   1505.0   20.0    255.3    943.0    941.2   0.848
20260407024932    165   1755.0   1770.0   20.0     45.8    945.6    940.1   0.619
20260407024932    166      0.0     10.0   20.0     47.8      0.0    933.2   0.773
20260407024932    166    965.0   1005.0   20.0     82.0    949.2   1197.4   0.833
20260407024932    166   1120.0   1135.0   20.0     86.9   1198.6    940.6   0.873
20260407024932    167   1560.0   1575.0   20.0     47.5    946.5   1125.5   0.806
20260407024932    170    940.0    985.0   20.0     28.1   1129.1   1026.8   0.839
20260407024932    170   1070.0   1085.0   20.0     55.5   1081.6   1071.5   0.776
20260407024932    170   1175.0   1185.0   20.0     22.3   1103.0   1106.5   0.493
20260407024932    170   1230.0   1260.0   20.0     35.3   1104.6   1097.9   0.835
20260407024932    170   1540.0   1560.0   20.0     48.8   1136.1   1150.1   0.873
20260407024932    173    165.0    190.0   20.0    204.3    933.1    963.2   0.897
20260407024932    173    660.0    675.0   20.0    228.0    935.1   1431.9   0.899
20260407024932    177    800.0    950.0   20.0     47.3    959.0   1145.9   0.824
20260407024932    177   1010.0   1030.0   20.0     49.5   1163.4   1186.8   0.835
20260407024932    177   1135.0   1170.0   20.0    137.2   1199.9    957.2   0.923
20260407024932    182     65.0     80.0   20.0     31.0   1068.1   1061.4   0.729
20260407024932    182    120.0    215.0   20.0     47.8   1064.4   1143.7   0.836
20260407024932    182    435.0    450.0   20.0     66.1   1206.5   1214.1   0.821
20260407024932    182    730.0    750.0   20.0     64.8    968.6    967.0   0.849
20260407024932    182   1055.0   1070.0   20.0     33.0    967.3   1010.7   0.758
20260407024932    182   1105.0   1225.0   20.0     40.3   1016.3   1257.2   0.837
20260407024932    182   1450.0   1465.0   20.0     34.2   1205.9   1194.1   0.720
20260407024932    182   1670.0   1685.0   20.0     27.7    964.2   1022.1   0.766
20260407024932    183    610.0    625.0   20.0    117.0    981.0    981.7   0.784
20260407024932    191    260.0    275.0   20.0     32.7    979.6   1023.1   0.730
20260407024932    191    315.0    355.0   20.0     29.6   1064.3   1159.7   0.797
20260407024932    193    275.0    290.0   20.0     20.1   1002.4    976.5   0.626
20260407024932    193    920.0    945.0   20.0    111.0    981.4    980.0   0.754
20260407024932    195    105.0    120.0   20.0     25.8   1563.4   1583.5   0.796
20260407024932    202    230.0    335.0   20.0     44.9   1889.7   1883.0   0.759
20260407024932    202    380.0    420.0   20.0     40.5   1884.0   1880.9   0.689
20260407024932    202    500.0    515.0   20.0     34.4   1884.0   1882.2   0.693
20260407024932    202    560.0    575.0   20.0     41.0   1883.6   1884.2   0.645
20260407024932    202    615.0   1005.0   20.0     41.3   1884.5   1896.5   0.747
20260407024932    202   1150.0   1205.0   20.0     27.6   1897.2   1899.0   0.814
20260407024932    203    330.0    345.0   20.0    246.6    992.4   1468.0   0.910
20260407024932    204    210.0    240.0   20.0     86.0   1081.7   1082.8   0.770
20260407024932    206     20.0     40.0   20.0     28.1   1308.3   1380.3   0.881
20260407024932    207      0.0     15.0   20.0    136.0      0.0    996.7   0.700
20260407024932    207    145.0    160.0   20.0    170.4    997.2    998.8   0.820
20260407024932    209    610.0    645.0   20.0    203.9    995.3    997.7   0.876
20260407024932    209   1310.0   1330.0   20.0     82.6   1011.6   1012.4   0.737
20260407024932    209   1710.0   1720.0   20.0     20.4   1013.7   1010.6   0.757
20260407024932    211   1125.0   1255.0   20.0    121.4   1004.9   1208.7   0.884
20260407024932    211   1350.0   1430.0   20.0     45.8   1187.0   1269.9   0.747
20260407024932    211   1485.0   1500.0   20.0     23.1   1301.8   1271.7   0.769
20260407024932    213    135.0    155.0   20.0     75.0   1005.9   1008.4   0.815
20260407024932    213   1315.0   1330.0   20.0     44.9   1049.3   1015.4   0.718
20260407024932    215    130.0    145.0   20.0     45.3   1008.0   1011.6   0.607
20260407024932    215   1460.0   1475.0   20.0    190.8   1043.7   1029.0   0.900
20260407024932    217    160.0    200.0   20.0    140.1   1031.4   1030.9   0.736
20260407024932    217   1695.0   1710.0   20.0     70.0   1025.9   1027.9   0.753
20260407024932    225    465.0    480.0   20.0    149.2   1055.8   1322.3   0.745
20260407024932    225    620.0    635.0   20.0     26.5   1365.7   1453.4   0.854
20260407024932    227    125.0    140.0   20.0     73.7   1031.4   1029.8   0.750
20260407024932    227   1735.0   1750.0   20.0     27.4   1043.6   1055.2   0.846
20260407024932    231    905.0    920.0   20.0     20.7   1135.9   1139.1   0.630
20260407024932    233    960.0   1105.0   20.0     84.6   1046.2   1295.4   0.857
20260407024932    233   1260.0   1320.0   20.0     34.7   1282.5   1399.5   0.817
20260407024932    233   1355.0   1380.0   20.0     34.5   1402.2   1449.7   0.778
20260407024932    233   1675.0   1690.0   20.0     53.3   1587.7   1648.4   0.792
20260407024932    235    475.0    495.0   20.0     37.1   1063.8   1062.9   0.846
20260407024932    235    965.0    980.0   20.0    189.2   1063.5   1062.0   0.800
20260407024932    240    865.0    880.0   20.0     23.1   1525.5   1528.3   0.635
20260407024932    241     60.0     75.0   20.0     63.6   1070.4   1071.0   0.589
20260407024932    241    600.0    615.0   20.0     71.4   1082.1   1079.0   0.629
20260407024932    245    380.0    395.0   20.0     63.5   1086.2   1086.2   0.713
20260407024932    245   1030.0   1040.0   20.0     27.4   1087.3   1087.2   0.443
20260407024932    245   1480.0   1500.0   20.0     41.0   1087.2   1087.2   0.761
20260407024932    247   1525.0   1540.0   20.0    197.2   1076.6   1158.2   0.682
20260407024932    247   1580.0   1595.0   20.0     40.3   1174.5   1186.0   0.508
20260407024932    251   1435.0   1485.0   20.0    120.0   1161.9   1415.6   0.830
20260407024932    251   1535.0   1550.0   20.0     22.0   1441.9   1406.1   0.774
20260407024932    252    110.0    125.0   20.0     57.0   1293.9   1370.2   0.806
20260407024932    252    165.0    185.0   20.0     37.7   1386.2   1480.3   0.835
20260407024932    252    315.0    330.0   20.0     20.1   1503.2   1536.4   0.798
20260407024932    252    525.0    540.0   20.0     39.7   1673.0   1431.4   0.951
20260407024932    252    805.0    820.0   20.0     21.6   1327.4   1338.3   0.726
20260407024932    254    965.0    980.0   20.0     20.6   1589.8   1627.8   0.852
20260407024932    255    235.0    360.0   20.0    265.0   1127.0   1534.1   0.841
20260407024932    255    425.0    440.0   20.0     46.8   1514.4   1533.0   0.722
20260407024932    255    505.0    520.0   20.0     37.2   1531.8   1585.5   0.775
20260407024932    255    640.0    655.0   20.0     27.3   1569.0   1603.3   0.819
20260407024932    255    770.0    785.0   20.0     23.1   1619.7   1570.6   0.865

========================================================================
  End of report
========================================================================
